task_id,task_type,zone,volume_m3,estimated_buckets,weather,operator_id,operator_skill,machine_id,machine_age,estimated_time_min,actual_time_min,start_time
T001,trenching,zone_a,97.5,65,clear,OP1001,expert,EXC001,5.5,32.5,30.6,2026-06-01 07:00:00.000000
T002,trenching,zone_a,77.6,52,clear,OP1014,expert,EXC001,5.5,26.0,29.4,2026-06-01 07:37:48.613316
T003,excavation,zone_a,88.2,59,clear,OP1011,intermediate,EXC001,5.5,29.5,35.1,2026-06-01 08:18:28.274703
T004,excavation,zone_a,159.9,107,clear,OP1019,expert,EXC001,5.5,53.5,55.5,2026-06-01 08:58:57.209970
T005,excavation,zone_a,87.8,59,rain,OP1010,intermediate,EXC001,5.5,34.8,36.3,2026-06-01 10:08:05.100888
T006,hauling,zone_b,64.2,43,clear,OP1012,expert,EXC002,7.7,21.5,55.3,2026-06-01 07:00:00.000000
T007,excavation,zone_b,151.4,101,clear,OP1010,intermediate,EXC002,7.7,50.5,50.3,2026-06-01 08:05:57.029668
T008,grading,zone_b,129.3,87,clear,OP1010,intermediate,EXC002,7.7,43.5,45.6,2026-06-01 09:08:44.982965
T009,grading,zone_b,124.2,83,rain,OP1017,intermediate,EXC002,7.7,48.9,57.0,2026-06-01 10:02:43.151604
T010,trenching,zone_c,127.0,85,clear,OP1003,expert,EXC003,7.2,42.5,35.3,2026-06-01 07:00:00.000000
T011,trenching,zone_c,87.5,59,clear,OP1005,novice,EXC003,7.2,29.5,53.1,2026-06-01 07:41:49.873867
T012,excavation,zone_c,105.1,71,clear,OP1001,expert,EXC003,7.2,35.5,37.9,2026-06-01 08:47:47.708005
T013,excavation,zone_c,202.6,136,clear,OP1014,expert,EXC003,7.2,68.0,68.8,2026-06-01 09:39:14.141313
T014,loading,zone_c,49.8,34,clear,OP1010,intermediate,EXC003,7.2,17.0,43.3,2026-06-01 11:00:57.621442
T015,grading,zone_c,134.2,90,clear,OP1010,intermediate,EXC003,7.2,45.0,52.8,2026-06-01 11:58:08.248094
T016,trenching,zone_d,57.6,39,clear,OP1002,intermediate,EXC004,8.0,19.5,26.3,2026-06-01 07:00:00.000000
T017,hauling,zone_d,61.0,41,clear,OP1010,intermediate,EXC004,8.0,20.5,49.8,2026-06-01 07:35:56.811851
T018,loading,zone_d,41.2,28,clear,OP1008,expert,EXC004,8.0,14.0,48.5,2026-06-01 08:36:29.434553
T019,hauling,zone_d,70.7,48,clear,OP1010,intermediate,EXC004,8.0,24.0,43.2,2026-06-01 09:30:15.066024
T020,excavation,zone_d,216.5,145,rain,OP1008,expert,EXC004,8.0,85.2,82.0,2026-06-01 10:27:34.348227
T021,loading,zone_a,42.2,29,clear,OP1011,intermediate,EXC005,1.5,14.5,60.3,2026-06-01 07:00:00.000000
T022,grading,zone_a,80.5,54,clear,OP1008,expert,EXC005,1.5,27.0,32.1,2026-06-01 08:13:15.994391
T023,hauling,zone_a,65.1,44,clear,OP1019,expert,EXC005,1.5,22.0,61.6,2026-06-01 08:51:50.395151
T024,grading,zone_a,62.0,42,rain,OP1010,intermediate,EXC005,1.5,24.8,32.4,2026-06-01 10:00:24.474664
T025,trenching,zone_a,82.2,55,rain,OP1018,novice,EXC005,1.5,32.1,44.3,2026-06-01 10:47:37.797589
T026,excavation,zone_a,142.8,96,clear,OP1013,intermediate,EXC005,1.5,48.0,57.5,2026-06-01 11:42:18.421180
T027,loading,zone_a,114.4,77,clear,OP1010,intermediate,EXC005,1.5,38.5,84.8,2026-06-01 12:45:10.532104
T028,hauling,zone_b,42.7,29,clear,OP1012,expert,EXC006,5.3,14.5,50.1,2026-06-01 07:00:00.000000
T029,excavation,zone_b,85.4,57,clear,OP1012,expert,EXC006,5.3,28.5,32.4,2026-06-01 07:59:55.266432
T030,grading,zone_b,62.2,42,clear,OP1005,novice,EXC006,5.3,21.0,46.6,2026-06-01 08:42:20.633179
T031,loading,zone_b,49.0,33,clear,OP1011,intermediate,EXC006,5.3,16.5,57.4,2026-06-01 09:39:15.802253
T032,excavation,zone_b,151.8,102,rain,OP1006,expert,EXC006,5.3,59.3,62.9,2026-06-01 10:51:38.694053
T033,trenching,zone_b,82.1,55,clear,OP1016,novice,EXC006,5.3,27.5,37.9,2026-06-01 12:01:17.017577
T034,grading,zone_b,137.7,92,clear,OP1020,intermediate,EXC006,5.3,46.0,51.1,2026-06-01 12:48:33.691257
T035,grading,zone_c,78.0,52,clear,OP1018,novice,EXC007,1.0,26.0,44.7,2026-06-01 07:00:00.000000
T036,loading,zone_c,103.2,69,clear,OP1013,intermediate,EXC007,1.0,34.5,60.7,2026-06-01 07:59:34.722433
T037,trenching,zone_c,92.8,62,clear,OP1010,intermediate,EXC007,1.0,31.0,34.2,2026-06-01 09:12:20.400886
T038,loading,zone_c,84.6,57,clear,OP1016,novice,EXC007,1.0,28.5,64.3,2026-06-01 09:58:28.112659
T039,grading,zone_c,80.9,54,clear,OP1010,intermediate,EXC007,1.0,27.0,36.3,2026-06-01 11:09:07.308045
T040,loading,zone_d,53.6,36,clear,OP1002,intermediate,EXC008,6.2,18.0,62.4,2026-06-01 07:00:00.000000
T041,trenching,zone_d,64.4,43,clear,OP1019,expert,EXC008,6.2,21.5,27.1,2026-06-01 08:16:42.932796
T042,hauling,zone_d,84.2,57,clear,OP1001,expert,EXC008,6.2,28.5,66.2,2026-06-01 08:53:13.004698
T043,excavation,zone_d,167.5,112,rain,OP1009,novice,EXC008,6.2,65.6,79.7,2026-06-01 10:13:27.357857
T044,trenching,zone_d,82.1,55,clear,OP1001,expert,EXC008,6.2,27.5,27.6,2026-06-01 11:39:12.782434
T045,excavation,zone_d,88.9,60,clear,OP1015,intermediate,EXC008,6.2,30.0,36.0,2026-06-01 12:12:10.707753
T046,grading,zone_d,93.6,63,cloudy,OP1014,expert,EXC008,6.2,32.4,38.4,2026-06-01 13:02:11.312931
T047,hauling,zone_d,70.9,48,cloudy,OP1016,novice,EXC008,6.2,24.7,64.3,2026-06-01 13:52:42.858450
T048,loading,zone_a,103.5,69,clear,OP1008,expert,EXC001,5.5,34.5,68.2,2026-06-02 07:00:00.000000
T049,grading,zone_a,127.1,85,clear,OP1011,intermediate,EXC001,5.5,42.5,45.2,2026-06-02 08:16:37.141983
T050,trenching,zone_a,102.0,68,clear,OP1020,intermediate,EXC001,5.5,34.0,35.9,2026-06-02 09:14:32.838925
T051,grading,zone_a,61.3,41,clear,OP1001,expert,EXC001,5.5,20.5,21.6,2026-06-02 09:59:22.268704
T052,excavation,zone_a,171.9,115,clear,OP1018,novice,EXC001,5.5,57.5,81.1,2026-06-02 10:35:12.475128
T053,grading,zone_b,131.0,88,clear,OP1015,intermediate,EXC002,7.7,44.0,50.5,2026-06-02 07:00:00.000000
T054,excavation,zone_b,207.3,139,clear,OP1006,expert,EXC002,7.7,69.5,74.6,2026-06-02 07:55:44.185871
T055,loading,zone_b,96.5,65,clear,OP1012,expert,EXC002,7.7,32.5,54.1,2026-06-02 09:15:41.822204
T056,grading,zone_b,86.6,58,clear,OP1003,expert,EXC002,7.7,29.0,30.4,2026-06-02 10:19:16.999489
T057,grading,zone_b,127.4,85,cloudy,OP1010,intermediate,EXC002,7.7,43.8,53.0,2026-06-02 11:02:56.947366
T058,excavation,zone_b,89.2,60,rain,OP1008,expert,EXC002,7.7,35.3,38.4,2026-06-02 12:07:01.347139
T059,trenching,zone_c,93.3,63,clear,OP1019,expert,EXC003,7.2,31.5,35.6,2026-06-02 07:00:00.000000
T060,trenching,zone_c,83.6,56,clear,OP1001,expert,EXC003,7.2,28.0,32.2,2026-06-02 07:41:32.185683
T061,trenching,zone_c,60.0,40,clear,OP1019,expert,EXC003,7.2,20.0,24.1,2026-06-02 08:22:42.548054
T062,loading,zone_c,79.9,54,clear,OP1006,expert,EXC003,7.2,27.0,52.8,2026-06-02 08:54:15.718268
T063,hauling,zone_c,53.5,36,clear,OP1005,novice,EXC003,7.2,18.0,62.0,2026-06-02 09:57:27.278445
T064,excavation,zone_d,183.7,123,clear,OP1016,novice,EXC004,8.0,61.5,71.9,2026-06-02 07:00:00.000000
T065,hauling,zone_d,77.1,52,clear,OP1010,intermediate,EXC004,8.0,26.0,63.3,2026-06-02 08:22:33.019522
T066,loading,zone_d,58.8,40,clear,OP1011,intermediate,EXC004,8.0,20.0,54.6,2026-06-02 09:32:25.373997
T067,hauling,zone_d,85.0,57,clear,OP1005,novice,EXC004,8.0,28.5,60.9,2026-06-02 10:35:04.465756
T068,hauling,zone_d,79.5,53,cloudy,OP1012,expert,EXC004,8.0,27.3,65.2,2026-06-02 11:41:36.584917
T069,excavation,zone_d,192.1,129,rain,OP1011,intermediate,EXC004,8.0,75.8,75.1,2026-06-02 12:56:23.196265
T070,trenching,zone_d,64.1,43,clear,OP1017,intermediate,EXC004,8.0,21.5,30.1,2026-06-02 14:20:15.249063
T071,grading,zone_d,93.7,63,clear,OP1004,intermediate,EXC004,8.0,31.5,41.1,2026-06-02 15:02:17.314394
T072,hauling,zone_a,40.5,27,clear,OP1007,expert,EXC005,1.5,13.5,42.1,2026-06-02 07:00:00.000000
T073,trenching,zone_a,91.5,61,clear,OP1005,novice,EXC005,1.5,30.5,60.5,2026-06-02 07:53:41.480060
T074,trenching,zone_a,52.7,36,clear,OP1015,intermediate,EXC005,1.5,18.0,22.9,2026-06-02 09:08:54.493886
T075,excavation,zone_a,142.5,95,clear,OP1005,novice,EXC005,1.5,47.5,80.4,2026-06-02 09:44:15.245649
T076,hauling,zone_a,72.3,49,cloudy,OP1020,intermediate,EXC005,1.5,25.2,62.0,2026-06-02 11:13:56.228955
T077,hauling,zone_a,51.6,35,rain,OP1010,intermediate,EXC005,1.5,20.6,47.1,2026-06-02 12:30:24.591599
T078,grading,zone_a,131.2,88,rain,OP1006,expert,EXC005,1.5,51.2,52.2,2026-06-02 13:25:54.667935
T079,excavation,zone_b,178.6,120,clear,OP1001,expert,EXC006,5.3,60.0,60.4,2026-06-02 07:00:00.000000
T080,loading,zone_b,75.1,51,clear,OP1002,intermediate,EXC006,5.3,25.5,48.6,2026-06-02 08:12:06.781910
T081,grading,zone_b,143.7,96,clear,OP1018,novice,EXC006,5.3,48.0,69.7,2026-06-02 09:15:01.548737
T082,loading,zone_b,117.3,79,clear,OP1020,intermediate,EXC006,5.3,39.5,56.4,2026-06-02 10:34:54.499255
T083,grading,zone_b,99.0,66,cloudy,OP1015,intermediate,EXC006,5.3,34.0,43.3,2026-06-02 11:36:58.581513
T084,hauling,zone_b,36.6,25,rain,OP1002,intermediate,EXC006,5.3,14.6,52.5,2026-06-02 12:34:53.868945
T085,loading,zone_b,60.9,41,rain,OP1007,expert,EXC006,5.3,23.8,61.2,2026-06-02 13:40:08.083024
T086,hauling,zone_b,48.6,33,clear,OP1011,intermediate,EXC006,5.3,16.5,59.1,2026-06-02 14:55:15.752758
T087,hauling,zone_c,80.8,54,clear,OP1008,expert,EXC007,1.0,27.0,45.0,2026-06-02 07:00:00.000000
T088,grading,zone_c,74.4,50,clear,OP1016,novice,EXC007,1.0,25.0,33.0,2026-06-02 07:58:21.316142
T089,hauling,zone_c,61.4,41,clear,OP1006,expert,EXC007,1.0,20.5,50.0,2026-06-02 08:45:43.954721
T090,trenching,zone_c,69.5,47,clear,OP1009,novice,EXC007,1.0,23.5,36.5,2026-06-02 09:48:29.228151
T091,hauling,zone_c,76.0,51,clear,OP1005,novice,EXC007,1.0,25.5,73.9,2026-06-02 10:31:02.717682
T092,hauling,zone_c,43.1,29,cloudy,OP1008,expert,EXC007,1.0,14.9,50.9,2026-06-02 11:54:51.845727
T093,loading,zone_c,110.7,74,rain,OP1016,novice,EXC007,1.0,42.8,81.2,2026-06-02 12:57:14.339153
T094,hauling,zone_c,65.4,44,clear,OP1011,intermediate,EXC007,1.0,22.0,58.4,2026-06-02 14:29:20.586057
T095,grading,zone_d,72.5,49,clear,OP1003,expert,EXC008,6.2,24.5,25.9,2026-06-02 07:00:00.000000
T096,excavation,zone_d,82.5,55,clear,OP1005,novice,EXC008,6.2,27.5,52.4,2026-06-02 07:36:53.853029
T097,trenching,zone_d,61.0,41,clear,OP1019,expert,EXC008,6.2,20.5,24.0,2026-06-02 08:41:52.132441
T098,loading,zone_d,65.5,44,clear,OP1013,intermediate,EXC008,6.2,22.0,66.9,2026-06-02 09:11:21.933207
T099,excavation,zone_d,85.0,57,clear,OP1002,intermediate,EXC008,6.2,28.5,33.5,2026-06-02 10:27:24.952245
T100,excavation,zone_a,205.7,138,clear,OP1017,intermediate,EXC001,5.5,69.0,77.2,2026-06-03 07:00:00.000000
T101,hauling,zone_a,30.3,21,clear,OP1002,intermediate,EXC001,5.5,10.5,47.4,2026-06-03 08:22:43.950401
T102,grading,zone_a,60.3,41,rain,OP1007,expert,EXC001,5.5,23.9,30.8,2026-06-03 09:18:08.978616
T103,loading,zone_a,95.7,64,clear,OP1013,intermediate,EXC001,5.5,32.6,62.0,2026-06-03 10:02:25.129220
T104,excavation,zone_a,80.5,54,cloudy,OP1016,novice,EXC001,5.5,27.8,35.2,2026-06-03 11:13:21.006668
T105,grading,zone_b,107.5,72,clear,OP1017,intermediate,EXC002,7.7,36.0,44.2,2026-06-03 07:00:00.000000
T106,hauling,zone_b,37.1,25,clear,OP1012,expert,EXC002,7.7,12.5,43.1,2026-06-03 07:51:15.745663
T107,trenching,zone_b,118.8,80,clear,OP1010,intermediate,EXC002,7.7,40.0,51.9,2026-06-03 08:42:27.745513
T108,grading,zone_b,120.6,81,rain,OP1014,expert,EXC002,7.7,47.0,55.6,2026-06-03 09:46:45.800308
T109,hauling,zone_b,43.0,29,clear,OP1017,intermediate,EXC002,7.7,14.8,50.9,2026-06-03 10:55:12.413816
T110,hauling,zone_b,73.9,50,cloudy,OP1001,expert,EXC002,7.7,25.8,46.8,2026-06-03 11:58:31.337399
T111,loading,zone_c,115.3,77,clear,OP1015,intermediate,EXC003,7.2,38.5,59.9,2026-06-03 07:00:00.000000
T112,excavation,zone_c,124.6,84,clear,OP1003,expert,EXC003,7.2,42.0,41.8,2026-06-03 08:12:36.019730
T113,excavation,zone_c,134.9,90,rain,OP1004,intermediate,EXC003,7.2,52.3,60.4,2026-06-03 09:09:18.024662
T114,loading,zone_c,44.5,30,clear,OP1019,expert,EXC003,7.2,15.2,37.9,2026-06-03 10:16:13.081042
T115,excavation,zone_c,104.4,70,cloudy,OP1003,expert,EXC003,7.2,36.1,33.9,2026-06-03 11:03:01.083214
T116,trenching,zone_d,90.0,60,clear,OP1018,novice,EXC004,8.0,30.0,41.9,2026-06-03 07:00:00.000000
T117,loading,zone_d,115.5,77,clear,OP1019,expert,EXC004,8.0,38.5,68.8,2026-06-03 07:54:15.327061
T118,trenching,zone_d,90.3,61,rain,OP1001,expert,EXC004,8.0,35.4,37.9,2026-06-03 09:10:23.549860
T119,excavation,zone_d,132.5,89,rain,OP1009,novice,EXC004,8.0,52.2,69.0,2026-06-03 09:57:03.283504
T120,trenching,zone_d,52.6,36,cloudy,OP1016,novice,EXC004,8.0,18.5,29.5,2026-06-03 11:13:12.621355
T121,grading,zone_a,136.9,92,clear,OP1020,intermediate,EXC005,1.5,46.0,48.1,2026-06-03 07:00:00.000000
T122,hauling,zone_a,51.0,34,clear,OP1004,intermediate,EXC005,1.5,17.0,46.0,2026-06-03 08:00:33.685068
T123,hauling,zone_a,71.0,48,clear,OP1005,novice,EXC005,1.5,24.0,86.4,2026-06-03 08:54:41.965404
T124,hauling,zone_a,47.5,32,clear,OP1005,novice,EXC005,1.5,16.3,75.4,2026-06-03 10:31:51.067614
T125,excavation,zone_a,125.6,84,cloudy,OP1003,expert,EXC005,1.5,43.3,40.1,2026-06-03 11:53:32.011624
T126,loading,zone_a,116.2,78,cloudy,OP1011,intermediate,EXC005,1.5,40.2,65.7,2026-06-03 12:40:42.071662
T127,trenching,zone_b,117.9,79,clear,OP1018,novice,EXC006,5.3,39.5,60.7,2026-06-03 07:00:00.000000
T128,loading,zone_b,64.0,43,clear,OP1010,intermediate,EXC006,5.3,21.5,53.3,2026-06-03 08:11:02.748880
T129,trenching,zone_b,105.2,71,rain,OP1017,intermediate,EXC006,5.3,41.9,46.5,2026-06-03 09:11:39.920560
T130,excavation,zone_b,195.8,131,clear,OP1018,novice,EXC006,5.3,66.5,95.7,2026-06-03 10:03:11.294282
T131,grading,zone_b,102.0,68,cloudy,OP1003,expert,EXC006,5.3,35.0,34.7,2026-06-03 11:45:43.839968
T132,trenching,zone_b,108.1,73,cloudy,OP1017,intermediate,EXC006,5.3,37.6,44.5,2026-06-03 12:30:47.718133
T133,excavation,zone_c,111.6,75,clear,OP1013,intermediate,EXC007,1.0,37.5,46.7,2026-06-03 07:00:00.000000
T134,excavation,zone_c,121.5,81,clear,OP1010,intermediate,EXC007,1.0,40.5,49.0,2026-06-03 07:59:28.813363
T135,trenching,zone_c,124.9,84,clear,OP1016,novice,EXC007,1.0,42.0,56.7,2026-06-03 08:53:50.533176
T136,loading,zone_c,66.1,45,rain,OP1018,novice,EXC007,1.0,26.3,49.5,2026-06-03 09:58:51.020971
T137,trenching,zone_c,115.9,78,clear,OP1004,intermediate,EXC007,1.0,39.8,46.0,2026-06-03 10:55:13.929702
T138,excavation,zone_c,117.3,79,cloudy,OP1010,intermediate,EXC007,1.0,40.7,51.4,2026-06-03 11:56:00.539531
T139,hauling,zone_c,50.6,34,cloudy,OP1009,novice,EXC007,1.0,17.5,38.0,2026-06-03 12:55:39.027140
T140,trenching,zone_c,82.5,55,clear,OP1007,expert,EXC007,1.0,28.2,35.5,2026-06-03 13:39:57.428470
T141,excavation,zone_d,181.1,121,clear,OP1003,expert,EXC008,6.2,60.5,49.4,2026-06-03 07:00:00.000000
T142,loading,zone_d,90.7,61,clear,OP1007,expert,EXC008,6.2,30.5,60.9,2026-06-03 07:58:06.687983
T143,trenching,zone_d,98.5,66,rain,OP1015,intermediate,EXC008,6.2,38.1,42.0,2026-06-03 09:07:55.712439
T144,loading,zone_d,56.7,38,rain,OP1012,expert,EXC008,6.2,22.2,44.6,2026-06-03 09:56:07.047200
T145,grading,zone_d,91.0,61,clear,OP1010,intermediate,EXC008,6.2,30.9,37.1,2026-06-03 10:53:15.689129
T146,hauling,zone_a,76.1,51,rain,OP1019,expert,EXC001,5.5,29.5,46.9,2026-06-04 07:00:00.000000
T147,hauling,zone_a,80.3,54,rain,OP1003,expert,EXC001,5.5,31.9,41.3,2026-06-04 07:52:29.260800
T148,trenching,zone_a,69.1,47,clear,OP1007,expert,EXC001,5.5,23.5,28.9,2026-06-04 08:42:41.884077
T149,hauling,zone_a,75.4,51,cloudy,OP1008,expert,EXC001,5.5,26.3,61.6,2026-06-04 09:22:34.912878
T150,loading,zone_a,109.2,73,cloudy,OP1009,novice,EXC001,5.5,37.6,79.0,2026-06-04 10:38:11.946166
T151,loading,zone_a,110.2,74,clear,OP1006,expert,EXC001,5.5,37.8,51.9,2026-06-04 12:05:26.381926
T152,hauling,zone_a,54.2,37,cloudy,OP1003,expert,EXC001,5.5,19.7,43.0,2026-06-04 13:11:09.836923
T153,hauling,zone_b,68.2,46,rain,OP1007,expert,EXC002,7.7,26.8,47.6,2026-06-04 07:00:00.000000
T154,hauling,zone_b,66.9,45,rain,OP1004,intermediate,EXC002,7.7,26.1,61.0,2026-06-04 07:56:56.296524
T155,hauling,zone_b,72.5,49,cloudy,OP1009,novice,EXC002,7.7,25.2,64.7,2026-06-04 09:09:55.253900
T156,hauling,zone_b,67.3,45,cloudy,OP1004,intermediate,EXC002,7.7,23.2,66.1,2026-06-04 10:24:30.147257
T157,hauling,zone_b,88.8,60,clear,OP1013,intermediate,EXC002,7.7,30.7,62.5,2026-06-04 11:38:17.664929
T158,hauling,zone_c,78.9,53,rain,OP1017,intermediate,EXC003,7.2,31.2,70.9,2026-06-04 07:00:00.000000
T159,excavation,zone_c,107.9,72,clear,OP1002,intermediate,EXC003,7.2,36.0,45.4,2026-06-04 08:21:47.137887
T160,hauling,zone_c,78.1,53,cloudy,OP1007,expert,EXC003,7.2,27.3,41.0,2026-06-04 09:20:59.047309
T161,loading,zone_c,45.5,31,cloudy,OP1013,intermediate,EXC003,7.2,16.0,47.9,2026-06-04 10:13:45.168276
T162,loading,zone_c,108.4,73,clear,OP1017,intermediate,EXC003,7.2,37.3,60.2,2026-06-04 11:13:30.329116
T163,loading,zone_c,105.4,71,clear,OP1004,intermediate,EXC003,7.2,36.2,77.3,2026-06-04 12:26:27.977665
T164,loading,zone_d,110.0,74,rain,OP1007,expert,EXC004,8.0,43.0,56.9,2026-06-04 07:00:00.000000
T165,excavation,zone_d,201.7,135,clear,OP1018,novice,EXC004,8.0,67.5,97.5,2026-06-04 08:07:32.579473
T166,loading,zone_d,92.0,62,cloudy,OP1003,expert,EXC004,8.0,31.9,60.2,2026-06-04 09:51:59.849807
T167,grading,zone_d,139.6,94,clear,OP1014,expert,EXC004,8.0,48.2,51.9,2026-06-04 11:04:54.751796
T168,grading,zone_d,125.1,84,clear,OP1019,expert,EXC004,8.0,42.5,50.3,2026-06-04 12:09:35.013827
T169,excavation,zone_d,139.5,93,cloudy,OP1019,expert,EXC004,8.0,48.7,48.9,2026-06-04 13:14:28.623262
T170,grading,zone_a,140.5,94,rain,OP1006,expert,EXC005,1.5,54.6,51.0,2026-06-04 07:00:00.000000
T171,grading,zone_a,129.9,87,clear,OP1004,intermediate,EXC005,1.5,43.5,50.6,2026-06-04 08:02:44.279700
T172,grading,zone_a,80.7,54,cloudy,OP1003,expert,EXC005,1.5,27.8,29.8,2026-06-04 09:04:02.760882
T173,trenching,zone_a,104.5,70,cloudy,OP1017,intermediate,EXC005,1.5,36.1,41.1,2026-06-04 09:44:50.328464
T174,loading,zone_a,57.3,39,cloudy,OP1008,expert,EXC005,1.5,20.1,50.7,2026-06-04 10:37:36.263320
T175,hauling,zone_a,49.1,33,clear,OP1013,intermediate,EXC005,1.5,16.9,43.0,2026-06-04 11:40:52.821457
T176,hauling,zone_b,79.7,54,rain,OP1019,expert,EXC006,5.3,31.3,49.4,2026-06-04 07:00:00.000000
T177,grading,zone_b,65.7,44,rain,OP1020,intermediate,EXC006,5.3,25.7,30.2,2026-06-04 07:57:03.207249
T178,excavation,zone_b,134.7,90,clear,OP1020,intermediate,EXC006,5.3,45.0,49.8,2026-06-04 08:41:40.002691
T179,grading,zone_b,91.4,61,cloudy,OP1001,expert,EXC006,5.3,31.4,37.5,2026-06-04 09:46:23.447640
T180,excavation,zone_b,196.0,131,cloudy,OP1020,intermediate,EXC006,5.3,67.5,69.3,2026-06-04 10:35:42.969407
T181,grading,zone_c,108.3,73,rain,OP1019,expert,EXC007,1.0,42.3,46.6,2026-06-04 07:00:00.000000
T182,hauling,zone_c,67.5,45,rain,OP1005,novice,EXC007,1.0,26.0,62.0,2026-06-04 07:59:36.974641
T183,excavation,zone_c,84.5,57,cloudy,OP1001,expert,EXC007,1.0,29.4,30.2,2026-06-04 09:16:21.869965
T184,loading,zone_c,76.4,51,cloudy,OP1015,intermediate,EXC007,1.0,26.3,51.9,2026-06-04 09:54:34.175131
T185,hauling,zone_c,74.4,50,clear,OP1012,expert,EXC007,1.0,25.5,40.1,2026-06-04 11:00:48.298624
T186,grading,zone_c,99.2,67,clear,OP1011,intermediate,EXC007,1.0,34.3,38.3,2026-06-04 11:54:08.472357
T187,excavation,zone_d,172.1,115,rain,OP1020,intermediate,EXC008,6.2,67.3,67.0,2026-06-04 07:00:00.000000
T188,grading,zone_d,93.3,63,clear,OP1019,expert,EXC008,6.2,31.5,36.6,2026-06-04 08:20:14.865137
T189,hauling,zone_d,84.3,57,cloudy,OP1018,novice,EXC008,6.2,29.4,81.7,2026-06-04 09:06:45.049982
T190,hauling,zone_d,76.9,52,cloudy,OP1006,expert,EXC008,6.2,26.8,67.7,2026-06-04 10:36:12.558371
T191,loading,zone_d,118.8,80,clear,OP1016,novice,EXC008,6.2,40.9,88.0,2026-06-04 11:52:54.449881
T192,excavation,zone_a,82.1,55,cloudy,OP1007,expert,EXC001,5.5,28.3,28.1,2026-06-05 07:00:00.000000
T193,trenching,zone_a,101.9,68,cloudy,OP1010,intermediate,EXC001,5.5,35.0,49.0,2026-06-05 07:34:15.053619
T194,hauling,zone_a,55.9,38,clear,OP1014,expert,EXC001,5.5,19.0,62.8,2026-06-05 08:29:49.621101
T195,trenching,zone_a,94.7,64,cloudy,OP1009,novice,EXC001,5.5,33.0,48.5,2026-06-05 09:40:03.376172
T196,grading,zone_a,64.8,44,cloudy,OP1013,intermediate,EXC001,5.5,22.7,30.3,2026-06-05 10:41:18.901946
T197,hauling,zone_a,35.2,24,rain,OP1001,expert,EXC001,5.5,13.9,39.5,2026-06-05 11:23:28.759254
T198,loading,zone_b,82.4,55,cloudy,OP1003,expert,EXC002,7.7,28.3,62.0,2026-06-05 07:00:00.000000
T199,hauling,zone_b,31.2,21,clear,OP1012,expert,EXC002,7.7,10.5,48.5,2026-06-05 08:13:50.534186
T200,grading,zone_b,68.5,46,cloudy,OP1012,expert,EXC002,7.7,23.7,29.5,2026-06-05 09:14:19.294631
T201,loading,zone_b,73.8,50,cloudy,OP1011,intermediate,EXC002,7.7,25.8,68.0,2026-06-05 09:56:48.345544
T202,trenching,zone_b,100.3,67,rain,OP1010,intermediate,EXC002,7.7,39.5,52.1,2026-06-05 11:18:32.519936
T203,grading,zone_b,138.7,93,clear,OP1011,intermediate,EXC002,7.7,46.5,53.6,2026-06-05 12:24:35.634126
T204,loading,zone_b,102.3,69,clear,OP1011,intermediate,EXC002,7.7,34.7,65.2,2026-06-05 13:23:13.824530
T205,loading,zone_b,90.0,60,cloudy,OP1014,expert,EXC002,7.7,30.9,70.2,2026-06-05 14:42:38.832634
T206,trenching,zone_c,108.9,73,cloudy,OP1019,expert,EXC003,7.2,37.6,42.0,2026-06-05 07:00:00.000000
T207,hauling,zone_c,74.1,50,cloudy,OP1007,expert,EXC003,7.2,25.8,42.6,2026-06-05 07:49:42.522911
T208,trenching,zone_c,69.2,47,clear,OP1006,expert,EXC003,7.2,23.5,29.7,2026-06-05 08:43:46.327116
T209,trenching,zone_c,60.9,41,cloudy,OP1005,novice,EXC003,7.2,21.1,43.1,2026-06-05 09:21:57.330986
T210,excavation,zone_c,212.3,142,cloudy,OP1018,novice,EXC003,7.2,73.1,100.5,2026-06-05 10:13:28.047795
T211,excavation,zone_d,146.5,98,cloudy,OP1015,intermediate,EXC004,8.0,50.5,57.9,2026-06-05 07:00:00.000000
T212,loading,zone_d,45.4,31,clear,OP1014,expert,EXC004,8.0,15.5,38.9,2026-06-05 08:08:41.881676
T213,hauling,zone_d,54.3,37,clear,OP1006,expert,EXC004,8.0,18.5,51.4,2026-06-05 08:59:15.074611
T214,trenching,zone_d,58.1,39,cloudy,OP1005,novice,EXC004,8.0,20.1,41.6,2026-06-05 09:59:02.642711
T215,trenching,zone_d,127.0,85,cloudy,OP1010,intermediate,EXC004,8.0,43.8,53.1,2026-06-05 10:54:55.339799
T216,trenching,zone_d,52.2,35,rain,OP1013,intermediate,EXC004,8.0,20.7,31.7,2026-06-05 11:59:29.879804
T217,hauling,zone_a,79.9,54,cloudy,OP1006,expert,EXC005,1.5,27.8,70.9,2026-06-05 07:00:00.000000
T218,trenching,zone_a,100.4,67,clear,OP1018,novice,EXC005,1.5,33.5,48.3,2026-06-05 08:19:36.694622
T219,hauling,zone_a,81.0,54,cloudy,OP1020,intermediate,EXC005,1.5,27.8,46.8,2026-06-05 09:20:58.696221
T220,grading,zone_a,63.7,43,cloudy,OP1003,expert,EXC005,1.5,22.1,23.9,2026-06-05 10:15:44.535070
T221,excavation,zone_b,91.1,61,cloudy,OP1001,expert,EXC006,5.3,31.4,37.6,2026-06-05 07:00:00.000000
T222,hauling,zone_b,47.4,32,cloudy,OP1013,intermediate,EXC006,5.3,16.5,54.7,2026-06-05 07:46:25.787038
T223,excavation,zone_b,91.5,61,clear,OP1006,expert,EXC006,5.3,30.5,35.3,2026-06-05 08:48:54.480765
T224,loading,zone_b,117.2,79,cloudy,OP1006,expert,EXC006,5.3,40.7,55.8,2026-06-05 09:35:55.019660
T225,grading,zone_b,137.3,92,cloudy,OP1014,expert,EXC006,5.3,47.4,50.4,2026-06-05 10:42:09.147600
T226,excavation,zone_b,120.5,81,rain,OP1005,novice,EXC006,5.3,46.8,76.2,2026-06-05 11:43:10.886540
T227,hauling,zone_b,66.7,45,clear,OP1014,expert,EXC006,5.3,22.6,59.6,2026-06-05 13:09:15.366643
T228,grading,zone_b,124.0,83,cloudy,OP1011,intermediate,EXC006,5.3,42.7,53.8,2026-06-05 14:16:08.021623
T229,trenching,zone_c,87.7,59,cloudy,OP1005,novice,EXC007,1.0,30.4,58.3,2026-06-05 07:00:00.000000
T230,loading,zone_c,82.0,55,clear,OP1005,novice,EXC007,1.0,27.5,75.1,2026-06-05 08:05:53.944236
T231,grading,zone_c,64.8,44,cloudy,OP1001,expert,EXC007,1.0,22.7,25.5,2026-06-05 09:26:41.297047
T232,excavation,zone_c,95.9,64,cloudy,OP1001,expert,EXC007,1.0,33.0,38.5,2026-06-05 10:04:01.216122
T233,excavation,zone_c,131.0,88,cloudy,OP1007,expert,EXC007,1.0,45.3,48.4,2026-06-05 10:55:07.570970
T234,grading,zone_c,73.0,49,rain,OP1018,novice,EXC007,1.0,28.6,45.1,2026-06-05 11:50:11.967435
T235,trenching,zone_c,91.2,61,clear,OP1008,expert,EXC007,1.0,30.5,28.7,2026-06-05 12:44:56.693547
T236,excavation,zone_d,145.7,98,cloudy,OP1009,novice,EXC008,6.2,50.5,69.8,2026-06-05 07:00:00.000000
T237,grading,zone_d,64.7,44,clear,OP1011,intermediate,EXC008,6.2,22.0,29.9,2026-06-05 08:23:27.594332
T238,hauling,zone_d,48.6,33,cloudy,OP1006,expert,EXC008,6.2,17.0,39.5,2026-06-05 09:05:34.041439
T239,grading,zone_d,141.9,95,cloudy,OP1003,expert,EXC008,6.2,48.9,49.5,2026-06-05 09:55:03.789794
T240,hauling,zone_d,32.8,22,cloudy,OP1007,expert,EXC008,6.2,11.3,46.4,2026-06-05 10:55:22.134771
T241,grading,zone_d,99.2,67,rain,OP1004,intermediate,EXC008,6.2,38.9,48.0,2026-06-05 11:54:35.974690
T242,trenching,zone_a,98.3,66,cloudy,OP1017,intermediate,EXC001,5.5,34.0,42.7,2026-06-06 07:00:00.000000
T243,hauling,zone_a,84.8,57,cloudy,OP1014,expert,EXC001,5.5,29.4,48.2,2026-06-06 07:56:21.719883
T244,hauling,zone_a,71.8,48,clear,OP1007,expert,EXC001,5.5,24.0,51.9,2026-06-06 08:51:51.608361
T245,excavation,zone_a,179.1,120,clear,OP1003,expert,EXC001,5.5,60.0,51.4,2026-06-06 09:56:29.303484
T246,loading,zone_a,63.7,43,clear,OP1013,intermediate,EXC001,5.5,21.5,45.8,2026-06-06 10:54:52.315489
T247,trenching,zone_a,128.2,86,rain,OP1019,expert,EXC001,5.5,49.8,57.6,2026-06-06 11:53:29.031989
T248,excavation,zone_a,90.2,61,cloudy,OP1017,intermediate,EXC001,5.5,31.9,50.1,2026-06-06 13:02:46.300948
T249,hauling,zone_b,68.5,46,cloudy,OP1019,expert,EXC002,7.7,23.7,49.7,2026-06-06 07:00:00.000000
T250,trenching,zone_b,88.4,59,clear,OP1012,expert,EXC002,7.7,29.5,41.1,2026-06-06 08:01:28.219472
T251,grading,zone_b,127.5,85,clear,OP1002,intermediate,EXC002,7.7,42.5,58.7,2026-06-06 08:49:34.195124
T252,grading,zone_b,63.2,43,clear,OP1011,intermediate,EXC002,7.7,21.5,31.6,2026-06-06 10:01:34.994347
T253,excavation,zone_c,201.5,135,cloudy,OP1002,intermediate,EXC003,7.2,69.5,84.5,2026-06-06 07:00:00.000000
T254,trenching,zone_c,73.4,49,clear,OP1019,expert,EXC003,7.2,24.5,28.0,2026-06-06 08:30:54.661334
T255,loading,zone_c,100.4,67,clear,OP1016,novice,EXC003,7.2,33.5,54.4,2026-06-06 09:07:57.721040
T256,hauling,zone_c,58.6,40,clear,OP1019,expert,EXC003,7.2,20.0,61.6,2026-06-06 10:07:50.725853
T257,trenching,zone_c,123.2,83,rain,OP1013,intermediate,EXC003,7.2,49.0,65.8,2026-06-06 11:16:53.234864
T258,hauling,zone_c,33.7,23,cloudy,OP1004,intermediate,EXC003,7.2,12.0,32.2,2026-06-06 12:28:48.107585
T259,hauling,zone_c,55.1,37,cloudy,OP1011,intermediate,EXC003,7.2,19.4,49.0,2026-06-06 13:09:49.286441
T260,loading,zone_d,44.3,30,cloudy,OP1017,intermediate,EXC004,8.0,15.4,45.5,2026-06-06 07:00:00.000000
T261,excavation,zone_d,114.8,77,cloudy,OP1003,expert,EXC004,8.0,39.7,44.8,2026-06-06 07:55:05.285091
T262,grading,zone_d,66.4,45,clear,OP1006,expert,EXC004,8.0,22.5,29.1,2026-06-06 08:52:01.850865
T263,loading,zone_d,118.3,79,clear,OP1020,intermediate,EXC004,8.0,39.5,76.5,2026-06-06 09:26:53.348305
T264,hauling,zone_d,70.9,48,clear,OP1010,intermediate,EXC004,8.0,24.0,51.3,2026-06-06 10:48:39.611249
T265,excavation,zone_d,127.5,85,rain,OP1010,intermediate,EXC004,8.0,50.2,59.3,2026-06-06 11:52:25.352426
T266,grading,zone_d,147.5,99,cloudy,OP1006,expert,EXC004,8.0,51.8,57.3,2026-06-06 13:03:25.997789
T267,hauling,zone_a,45.0,30,cloudy,OP1010,intermediate,EXC005,1.5,15.4,64.1,2026-06-06 07:00:00.000000
T268,loading,zone_a,102.7,69,clear,OP1017,intermediate,EXC005,1.5,34.5,78.5,2026-06-06 08:13:57.210038
T269,hauling,zone_a,81.9,55,clear,OP1004,intermediate,EXC005,1.5,27.5,46.3,2026-06-06 09:37:59.925247
T270,hauling,zone_a,35.4,24,clear,OP1012,expert,EXC005,1.5,12.0,53.8,2026-06-06 10:31:59.506094
T271,grading,zone_a,127.9,86,rain,OP1003,expert,EXC005,1.5,50.8,49.9,2026-06-06 11:40:12.730699
T272,excavation,zone_a,102.7,69,cloudy,OP1016,novice,EXC005,1.5,35.9,49.8,2026-06-06 12:42:21.901880
T273,grading,zone_a,102.9,69,cloudy,OP1015,intermediate,EXC005,1.5,36.1,43.0,2026-06-06 13:39:51.231595
T274,excavation,zone_a,204.2,137,cloudy,OP1019,expert,EXC005,1.5,70.6,78.5,2026-06-06 14:36:09.824277
T275,hauling,zone_b,60.3,41,cloudy,OP1004,intermediate,EXC006,5.3,21.1,46.4,2026-06-06 07:00:00.000000
T276,loading,zone_b,66.0,44,cloudy,OP1009,novice,EXC006,5.3,22.7,74.3,2026-06-06 07:54:18.889195
T277,trenching,zone_b,70.6,48,clear,OP1001,expert,EXC006,5.3,24.0,28.2,2026-06-06 09:20:52.207836
T278,grading,zone_b,96.6,65,clear,OP1017,intermediate,EXC006,5.3,32.5,46.8,2026-06-06 10:00:38.226232
T279,grading,zone_b,138.0,92,rain,OP1005,novice,EXC006,5.3,53.1,98.6,2026-06-06 11:00:10.126732
T280,hauling,zone_b,58.8,40,cloudy,OP1005,novice,EXC006,5.3,20.8,75.5,2026-06-06 12:51:21.881953
T281,grading,zone_b,104.4,70,cloudy,OP1017,intermediate,EXC006,5.3,36.1,50.8,2026-06-06 14:20:35.839799
T282,grading,zone_b,122.3,82,clear,OP1006,expert,EXC006,5.3,41.0,44.0,2026-06-06 15:18:17.425511
T283,hauling,zone_c,50.1,34,cloudy,OP1014,expert,EXC007,1.0,17.5,36.7,2026-06-06 07:00:00.000000
T284,excavation,zone_c,125.3,84,cloudy,OP1004,intermediate,EXC007,1.0,43.3,55.1,2026-06-06 07:48:48.255125
T285,trenching,zone_c,119.4,80,clear,OP1019,expert,EXC007,1.0,40.0,43.2,2026-06-06 08:58:25.957316
T286,trenching,zone_c,86.4,58,clear,OP1001,expert,EXC007,1.0,29.0,29.8,2026-06-06 09:53:03.713631
T287,grading,zone_c,93.7,63,clear,OP1009,novice,EXC007,1.0,31.5,46.5,2026-06-06 10:37:40.177433
T288,grading,zone_c,106.6,72,rain,OP1013,intermediate,EXC007,1.0,42.5,50.6,2026-06-06 11:32:32.129850
T289,loading,zone_c,113.9,76,cloudy,OP1002,intermediate,EXC007,1.0,39.4,86.9,2026-06-06 12:32:41.584256
T290,hauling,zone_d,82.4,55,cloudy,OP1007,expert,EXC008,6.2,28.3,50.5,2026-06-06 07:00:00.000000
T291,loading,zone_d,45.9,31,cloudy,OP1006,expert,EXC008,6.2,16.0,58.2,2026-06-06 07:57:37.114811
T292,grading,zone_d,135.6,91,clear,OP1003,expert,EXC008,6.2,45.5,46.4,2026-06-06 09:07:45.384348
T293,grading,zone_d,103.2,69,clear,OP1018,novice,EXC008,6.2,34.5,47.9,2026-06-06 10:00:03.165349
T294,trenching,zone_a,99.1,67,clear,OP1004,intermediate,EXC001,5.5,33.5,41.3,2026-06-07 07:00:00.000000
T295,grading,zone_a,128.2,86,clear,OP1003,expert,EXC001,5.5,43.0,40.1,2026-06-07 07:52:38.355323
T296,loading,zone_a,68.3,46,clear,OP1018,novice,EXC001,5.5,23.0,51.4,2026-06-07 08:44:43.314824
T297,loading,zone_a,100.5,67,clear,OP1006,expert,EXC001,5.5,33.5,70.4,2026-06-07 09:48:27.129490
T298,loading,zone_a,102.3,69,clear,OP1012,expert,EXC001,5.5,34.5,72.5,2026-06-07 11:05:13.455371
T299,hauling,zone_a,60.2,41,clear,OP1016,novice,EXC001,5.5,20.5,47.1,2026-06-07 12:27:12.127301
T300,trenching,zone_a,104.5,70,rain,OP1001,expert,EXC001,5.5,40.6,44.4,2026-06-07 13:26:40.272976
T301,grading,zone_a,143.0,96,cloudy,OP1020,intermediate,EXC001,5.5,49.4,62.0,2026-06-07 14:21:20.385852
T302,trenching,zone_b,101.0,68,clear,OP1018,novice,EXC002,7.7,34.0,65.3,2026-06-07 07:00:00.000000
T303,excavation,zone_b,90.9,61,clear,OP1004,intermediate,EXC002,7.7,30.5,42.4,2026-06-07 08:13:55.103872
T304,hauling,zone_b,33.1,23,clear,OP1017,intermediate,EXC002,7.7,11.5,52.5,2026-06-07 09:05:15.972757
T305,hauling,zone_b,85.0,57,storm,OP1010,intermediate,EXC002,7.7,38.8,87.1,2026-06-07 10:03:44.117115
T306,loading,zone_b,102.4,69,clear,OP1019,expert,EXC002,7.7,34.5,68.6,2026-06-07 11:36:14.631857
T307,excavation,zone_c,133.7,90,clear,OP1005,novice,EXC003,7.2,45.0,82.1,2026-06-07 07:00:00.000000
T308,trenching,zone_c,126.2,85,clear,OP1013,intermediate,EXC003,7.2,42.5,51.7,2026-06-07 08:28:50.183378
T309,loading,zone_c,45.8,31,clear,OP1013,intermediate,EXC003,7.2,15.5,56.3,2026-06-07 09:27:06.494401
T310,trenching,zone_c,51.0,34,storm,OP1007,expert,EXC003,7.2,22.5,26.9,2026-06-07 10:35:50.087353
T311,loading,zone_d,109.6,74,clear,OP1011,intermediate,EXC004,8.0,37.0,59.4,2026-06-07 07:00:00.000000
T312,hauling,zone_d,64.5,43,clear,OP1013,intermediate,EXC004,8.0,21.5,51.5,2026-06-07 08:07:56.210266
T313,trenching,zone_d,128.5,86,clear,OP1006,expert,EXC004,8.0,43.0,41.0,2026-06-07 09:07:27.525881
T314,grading,zone_d,146.2,98,storm,OP1007,expert,EXC004,8.0,65.0,67.7,2026-06-07 10:02:17.301687
T315,trenching,zone_a,71.4,48,clear,OP1016,novice,EXC005,1.5,24.0,35.3,2026-06-07 07:00:00.000000
T316,grading,zone_a,102.6,69,clear,OP1013,intermediate,EXC005,1.5,34.5,48.1,2026-06-07 07:47:26.884331
T317,loading,zone_a,45.5,31,clear,OP1018,novice,EXC005,1.5,15.5,46.7,2026-06-07 08:49:52.200881
T318,loading,zone_a,86.7,58,clear,OP1016,novice,EXC005,1.5,29.0,74.4,2026-06-07 09:47:05.935983
T319,grading,zone_a,97.9,66,clear,OP1001,expert,EXC005,1.5,33.0,33.5,2026-06-07 11:11:57.544407
T320,trenching,zone_a,129.5,87,clear,OP1015,intermediate,EXC005,1.5,43.5,44.4,2026-06-07 11:58:37.860466
T321,grading,zone_a,117.4,79,clear,OP1002,intermediate,EXC005,1.5,39.5,50.7,2026-06-07 12:56:22.255704
T322,hauling,zone_a,43.5,29,rain,OP1016,novice,EXC005,1.5,16.8,62.1,2026-06-07 13:55:25.251971
T323,loading,zone_b,60.1,41,clear,OP1002,intermediate,EXC006,5.3,20.5,69.6,2026-06-07 07:00:00.000000
T324,trenching,zone_b,104.7,70,clear,OP1003,expert,EXC006,5.3,35.0,36.1,2026-06-07 08:22:27.955810
T325,hauling,zone_b,66.3,45,clear,OP1002,intermediate,EXC006,5.3,22.5,49.5,2026-06-07 09:10:55.091514
T326,loading,zone_b,63.1,43,storm,OP1002,intermediate,EXC006,5.3,28.7,63.6,2026-06-07 10:11:01.244706
T327,trenching,zone_c,129.0,86,clear,OP1009,novice,EXC007,1.0,43.0,60.3,2026-06-07 07:00:00.000000
T328,excavation,zone_c,140.3,94,clear,OP1015,intermediate,EXC007,1.0,47.0,55.9,2026-06-07 08:15:04.330829
T329,hauling,zone_c,82.6,56,clear,OP1006,expert,EXC007,1.0,28.0,65.6,2026-06-07 09:16:50.960984
T330,grading,zone_c,118.4,79,storm,OP1011,intermediate,EXC007,1.0,53.4,58.0,2026-06-07 10:32:13.801134
T331,loading,zone_c,98.9,66,clear,OP1003,expert,EXC007,1.0,33.0,56.1,2026-06-07 11:39:53.196076
T332,grading,zone_d,104.5,70,clear,OP1014,expert,EXC008,6.2,35.0,37.7,2026-06-07 07:00:00.000000
T333,hauling,zone_d,49.6,34,clear,OP1012,expert,EXC008,6.2,17.0,40.3,2026-06-07 07:45:12.579602
T334,hauling,zone_d,76.4,51,clear,OP1012,expert,EXC008,6.2,25.5,68.3,2026-06-07 08:34:56.770281
T335,loading,zone_d,48.7,33,clear,OP1015,intermediate,EXC008,6.2,16.5,37.7,2026-06-07 09:55:18.232863
T336,loading,zone_d,55.8,38,storm,OP1014,expert,EXC008,6.2,25.0,49.1,2026-06-07 10:40:17.841884
T337,loading,zone_d,106.9,72,clear,OP1015,intermediate,EXC008,6.2,36.0,51.7,2026-06-07 11:43:36.647643
T338,trenching,zone_d,115.2,77,clear,OP1019,expert,EXC008,6.2,38.5,43.2,2026-06-07 12:41:07.820267
T339,trenching,zone_a,93.4,63,cloudy,OP1015,intermediate,EXC001,5.5,32.4,37.8,2026-06-08 07:00:00.000000
T340,hauling,zone_a,89.4,60,cloudy,OP1002,intermediate,EXC001,5.5,30.9,66.7,2026-06-08 07:49:11.914386
T341,grading,zone_a,77.5,52,clear,OP1007,expert,EXC001,5.5,26.0,27.4,2026-06-08 09:06:11.616160
T342,grading,zone_a,87.9,59,clear,OP1005,novice,EXC001,5.5,29.5,54.7,2026-06-08 09:44:45.057067
T343,hauling,zone_a,75.8,51,cloudy,OP1011,intermediate,EXC001,5.5,26.3,67.3,2026-06-08 10:52:35.543151
T344,loading,zone_a,95.9,64,clear,OP1013,intermediate,EXC001,5.5,32.2,83.0,2026-06-08 12:14:43.839926
T345,excavation,zone_b,82.0,55,cloudy,OP1013,intermediate,EXC002,7.7,28.3,43.4,2026-06-08 07:00:00.000000
T346,trenching,zone_b,101.3,68,cloudy,OP1005,novice,EXC002,7.7,35.0,82.6,2026-06-08 07:52:42.325116
T347,loading,zone_b,40.6,28,clear,OP1016,novice,EXC002,7.7,14.0,59.6,2026-06-08 09:24:49.667457
T348,hauling,zone_b,41.7,28,cloudy,OP1012,expert,EXC002,7.7,14.4,61.5,2026-06-08 10:36:16.412293
T349,excavation,zone_b,101.1,68,clear,OP1006,expert,EXC002,7.7,34.0,44.6,2026-06-08 11:50:39.583812
T350,grading,zone_b,62.8,42,clear,OP1016,novice,EXC002,7.7,21.1,37.3,2026-06-08 12:42:34.410985
T351,grading,zone_c,122.9,82,cloudy,OP1008,expert,EXC003,7.2,42.2,40.2,2026-06-08 07:00:00.000000
T352,loading,zone_c,87.5,59,cloudy,OP1006,expert,EXC003,7.2,30.4,54.5,2026-06-08 07:47:32.026007
T353,trenching,zone_c,115.4,77,rain,OP1012,expert,EXC003,7.2,44.9,51.8,2026-06-08 08:52:32.774496
T354,loading,zone_c,93.3,63,clear,OP1009,novice,EXC003,7.2,31.5,69.1,2026-06-08 09:52:13.871358
T355,grading,zone_c,72.1,49,clear,OP1008,expert,EXC003,7.2,24.5,31.9,2026-06-08 11:10:53.195622
T356,trenching,zone_c,74.3,50,clear,OP1014,expert,EXC003,7.2,25.0,29.6,2026-06-08 11:54:05.842074
T357,grading,zone_c,146.9,98,clear,OP1018,novice,EXC003,7.2,49.3,74.5,2026-06-08 12:38:08.055648
T358,grading,zone_d,102.8,69,cloudy,OP1005,novice,EXC004,8.0,35.5,64.4,2026-06-08 07:00:00.000000
T359,hauling,zone_d,40.3,27,rain,OP1008,expert,EXC004,8.0,15.9,56.6,2026-06-08 08:09:31.635930
T360,hauling,zone_d,37.6,26,clear,OP1010,intermediate,EXC004,8.0,13.0,32.2,2026-06-08 09:13:35.981324
T361,loading,zone_d,114.1,77,clear,OP1018,novice,EXC004,8.0,38.5,88.9,2026-06-08 09:55:01.836279
T362,grading,zone_d,123.5,83,clear,OP1009,novice,EXC004,8.0,41.5,57.3,2026-06-08 11:36:10.139775
T363,trenching,zone_d,50.2,34,clear,OP1001,expert,EXC004,8.0,17.1,25.9,2026-06-08 12:40:06.329156
T364,grading,zone_d,138.9,93,cloudy,OP1007,expert,EXC004,8.0,47.9,54.5,2026-06-08 13:15:17.398638
T365,hauling,zone_d,89.7,60,rain,OP1016,novice,EXC004,8.0,34.7,87.2,2026-06-08 14:19:49.075455
T366,loading,zone_a,97.0,65,cloudy,OP1008,expert,EXC005,1.5,33.5,57.9,2026-06-08 07:00:00.000000
T367,loading,zone_a,58.5,39,rain,OP1011,intermediate,EXC005,1.5,22.9,41.1,2026-06-08 08:07:56.004265
T368,excavation,zone_a,196.1,131,clear,OP1010,intermediate,EXC005,1.5,65.5,77.8,2026-06-08 09:03:57.953387
T369,excavation,zone_a,149.6,100,cloudy,OP1013,intermediate,EXC005,1.5,51.5,63.5,2026-06-08 10:36:42.912405
T370,trenching,zone_a,94.7,64,clear,OP1019,expert,EXC005,1.5,32.0,37.6,2026-06-08 11:51:44.932844
T371,loading,zone_a,57.4,39,clear,OP1010,intermediate,EXC005,1.5,19.6,60.3,2026-06-08 12:35:05.591910
T372,loading,zone_b,75.6,51,cloudy,OP1014,expert,EXC006,5.3,26.3,55.4,2026-06-08 07:00:00.000000
T373,loading,zone_b,78.5,53,rain,OP1003,expert,EXC006,5.3,31.3,45.0,2026-06-08 08:08:41.087276
T374,grading,zone_b,78.0,52,clear,OP1004,intermediate,EXC006,5.3,26.0,38.0,2026-06-08 09:07:51.053757
T375,loading,zone_b,81.5,55,clear,OP1010,intermediate,EXC006,5.3,27.5,58.7,2026-06-08 09:52:52.711482
T376,hauling,zone_b,33.3,23,clear,OP1008,expert,EXC006,5.3,11.5,42.9,2026-06-08 11:01:46.493658
T377,hauling,zone_b,41.9,28,clear,OP1008,expert,EXC006,5.3,14.0,49.2,2026-06-08 11:52:17.555648
T378,grading,zone_b,111.4,75,clear,OP1006,expert,EXC006,5.3,37.8,42.6,2026-06-08 12:51:57.989475
T379,loading,zone_c,73.2,49,cloudy,OP1010,intermediate,EXC007,1.0,25.2,59.5,2026-06-08 07:00:00.000000
T380,trenching,zone_c,62.1,42,rain,OP1020,intermediate,EXC007,1.0,24.6,32.6,2026-06-08 08:13:51.016082
T381,loading,zone_c,43.6,30,rain,OP1002,intermediate,EXC007,1.0,17.5,42.2,2026-06-08 08:59:23.006909
T382,loading,zone_c,74.7,50,clear,OP1001,expert,EXC007,1.0,25.0,58.8,2026-06-08 09:53:48.275597
T383,loading,zone_c,93.4,63,clear,OP1017,intermediate,EXC007,1.0,31.5,63.9,2026-06-08 11:01:21.161832
T384,excavation,zone_d,137.0,92,cloudy,OP1013,intermediate,EXC008,6.2,47.4,58.1,2026-06-08 07:00:00.000000
T385,trenching,zone_d,75.1,51,rain,OP1007,expert,EXC008,6.2,29.7,36.0,2026-06-08 08:08:58.288125
T386,trenching,zone_d,118.7,80,rain,OP1007,expert,EXC008,6.2,46.5,48.7,2026-06-08 08:52:26.173008
T387,loading,zone_d,105.7,71,clear,OP1008,expert,EXC008,6.2,35.5,74.1,2026-06-08 09:55:42.959133
T388,trenching,zone_d,87.0,58,clear,OP1008,expert,EXC008,6.2,29.0,32.6,2026-06-08 11:17:19.957824
T389,hauling,zone_d,90.0,60,clear,OP1015,intermediate,EXC008,6.2,30.2,76.3,2026-06-08 12:02:57.166811
T390,trenching,zone_a,117.8,79,clear,OP1012,expert,EXC001,5.5,39.5,39.4,2026-06-09 07:00:00.000000
T391,loading,zone_a,68.4,46,clear,OP1020,intermediate,EXC001,5.5,23.0,45.5,2026-06-09 07:53:24.332725
T392,trenching,zone_a,105.8,71,cloudy,OP1017,intermediate,EXC001,5.5,36.6,50.0,2026-06-09 08:45:27.444928
T393,loading,zone_a,109.4,73,clear,OP1010,intermediate,EXC001,5.5,36.5,83.1,2026-06-09 09:49:15.433860
T394,grading,zone_a,97.2,65,clear,OP1016,novice,EXC001,5.5,32.5,44.8,2026-06-09 11:22:40.503990
T395,grading,zone_a,70.5,47,cloudy,OP1014,expert,EXC001,5.5,24.2,28.2,2026-06-09 12:17:33.076373
T396,trenching,zone_a,129.0,86,cloudy,OP1009,novice,EXC001,5.5,44.3,59.6,2026-06-09 12:53:20.725753
T397,grading,zone_b,145.6,98,clear,OP1012,expert,EXC002,7.7,49.0,64.0,2026-06-09 07:00:00.000000
T398,grading,zone_b,89.5,60,cloudy,OP1007,expert,EXC002,7.7,30.9,42.8,2026-06-09 08:15:43.449670
T399,hauling,zone_b,42.6,29,clear,OP1013,intermediate,EXC002,7.7,14.5,54.9,2026-06-09 09:12:34.940085
T400,grading,zone_b,89.6,60,rain,OP1020,intermediate,EXC002,7.7,35.1,54.7,2026-06-09 10:14:11.756219
T401,hauling,zone_b,71.5,48,clear,OP1017,intermediate,EXC002,7.7,24.0,66.3,2026-06-09 11:23:21.752462
T402,trenching,zone_b,56.2,38,cloudy,OP1020,intermediate,EXC002,7.7,19.6,33.6,2026-06-09 12:39:33.291627
T403,trenching,zone_b,104.5,70,clear,OP1019,expert,EXC002,7.7,35.0,50.1,2026-06-09 13:20:19.554982
T404,trenching,zone_b,70.5,47,clear,OP1001,expert,EXC002,7.7,23.5,35.7,2026-06-09 14:17:31.124274
T405,loading,zone_c,67.0,45,clear,OP1006,expert,EXC003,7.2,22.5,54.7,2026-06-09 07:00:00.000000
T406,excavation,zone_c,207.0,138,cloudy,OP1019,expert,EXC003,7.2,71.1,73.4,2026-06-09 08:08:32.356622
T407,excavation,zone_c,168.2,113,clear,OP1002,intermediate,EXC003,7.2,56.5,68.3,2026-06-09 09:31:05.411847
T408,hauling,zone_c,44.1,30,rain,OP1012,expert,EXC003,7.2,17.5,43.4,2026-06-09 10:51:23.700925
T409,grading,zone_c,94.9,64,clear,OP1017,intermediate,EXC003,7.2,32.0,38.0,2026-06-09 11:47:55.036421
T410,hauling,zone_c,39.6,27,cloudy,OP1015,intermediate,EXC003,7.2,13.9,44.8,2026-06-09 12:32:16.212395
T411,excavation,zone_c,113.7,76,clear,OP1016,novice,EXC003,7.2,38.0,57.5,2026-06-09 13:26:07.092352
T412,loading,zone_d,43.1,29,clear,OP1017,intermediate,EXC004,8.0,14.5,33.3,2026-06-09 07:00:00.000000
T413,excavation,zone_d,193.8,130,clear,OP1013,intermediate,EXC004,8.0,65.0,78.0,2026-06-09 07:46:54.163259
T414,hauling,zone_d,30.6,21,clear,OP1001,expert,EXC004,8.0,10.5,32.9,2026-06-09 09:19:34.820494
T415,grading,zone_d,103.3,69,rain,OP1001,expert,EXC004,8.0,40.0,42.2,2026-06-09 10:04:11.293648
T416,hauling,zone_d,88.2,59,rain,OP1008,expert,EXC004,8.0,34.7,74.8,2026-06-09 10:57:12.520779
T417,excavation,zone_d,193.0,129,cloudy,OP1020,intermediate,EXC004,8.0,66.4,75.5,2026-06-09 12:23:20.580424
T418,grading,zone_a,136.6,92,clear,OP1010,intermediate,EXC005,1.5,46.0,55.3,2026-06-09 07:00:00.000000
T419,loading,zone_a,78.8,53,cloudy,OP1019,expert,EXC005,1.5,27.3,48.3,2026-06-09 08:02:39.212524
T420,hauling,zone_a,72.9,49,clear,OP1008,expert,EXC005,1.5,24.5,53.7,2026-06-09 09:03:30.055691
T421,hauling,zone_a,34.8,24,rain,OP1002,intermediate,EXC005,1.5,14.0,46.1,2026-06-09 10:08:53.574023
T422,trenching,zone_b,74.1,50,clear,OP1016,novice,EXC006,5.3,25.0,33.2,2026-06-09 07:00:00.000000
T423,loading,zone_b,91.1,61,clear,OP1013,intermediate,EXC006,5.3,30.5,83.9,2026-06-09 07:40:38.620534
T424,excavation,zone_b,171.0,114,clear,OP1003,expert,EXC006,5.3,57.0,58.6,2026-06-09 09:14:09.745730
T425,hauling,zone_b,72.9,49,rain,OP1004,intermediate,EXC006,5.3,28.4,69.6,2026-06-09 10:18:23.982311
T426,trenching,zone_c,100.2,67,clear,OP1012,expert,EXC007,1.0,33.5,39.2,2026-06-09 07:00:00.000000
T427,excavation,zone_c,168.2,113,clear,OP1012,expert,EXC007,1.0,56.5,63.5,2026-06-09 07:44:44.600598
T428,grading,zone_c,138.6,93,cloudy,OP1005,novice,EXC007,1.0,47.9,81.3,2026-06-09 08:53:54.528637
T429,grading,zone_c,94.2,63,rain,OP1011,intermediate,EXC007,1.0,37.0,40.9,2026-06-09 10:25:05.180200
T430,grading,zone_c,146.6,98,clear,OP1007,expert,EXC007,1.0,49.0,48.9,2026-06-09 11:18:07.733289
T431,hauling,zone_d,69.2,47,clear,OP1004,intermediate,EXC008,6.2,23.5,57.4,2026-06-09 07:00:00.000000
T432,loading,zone_d,54.0,36,cloudy,OP1006,expert,EXC008,6.2,18.5,43.2,2026-06-09 08:10:49.196394
T433,hauling,zone_d,82.7,56,clear,OP1005,novice,EXC008,6.2,28.0,71.8,2026-06-09 09:08:39.835393
T434,excavation,zone_d,108.3,73,rain,OP1017,intermediate,EXC008,6.2,43.0,56.9,2026-06-09 10:34:08.240793
T435,loading,zone_d,68.0,46,clear,OP1013,intermediate,EXC008,6.2,23.0,45.8,2026-06-09 11:44:47.536130
T436,hauling,zone_a,85.7,58,clear,OP1010,intermediate,EXC001,5.5,29.0,69.1,2026-06-10 07:00:00.000000
T437,hauling,zone_a,48.6,33,clear,OP1003,expert,EXC001,5.5,16.5,51.2,2026-06-10 08:21:22.210227
T438,loading,zone_a,101.7,68,clear,OP1003,expert,EXC001,5.5,34.0,64.3,2026-06-10 09:26:20.916343
T439,loading,zone_a,109.2,73,cloudy,OP1004,intermediate,EXC001,5.5,37.6,72.3,2026-06-10 10:43:09.840843
T440,loading,zone_b,74.1,50,clear,OP1018,novice,EXC002,7.7,25.0,90.7,2026-06-10 07:00:00.000000
T441,trenching,zone_b,67.0,45,clear,OP1011,intermediate,EXC002,7.7,22.5,30.5,2026-06-10 08:43:10.443517
T442,loading,zone_b,69.9,47,clear,OP1010,intermediate,EXC002,7.7,23.5,67.4,2026-06-10 09:28:38.859640
T443,hauling,zone_b,75.6,51,cloudy,OP1017,intermediate,EXC002,7.7,26.3,74.2,2026-06-10 10:48:05.495394
T444,trenching,zone_b,120.0,80,clear,OP1017,intermediate,EXC002,7.7,40.0,60.1,2026-06-10 12:09:57.106798
T445,trenching,zone_b,87.0,58,cloudy,OP1006,expert,EXC002,7.7,29.9,43.6,2026-06-10 13:24:24.237212
T446,loading,zone_b,60.6,41,clear,OP1009,novice,EXC002,7.7,20.5,72.9,2026-06-10 14:22:04.470852
T447,grading,zone_b,120.9,81,rain,OP1010,intermediate,EXC002,7.7,47.8,75.1,2026-06-10 15:47:12.757129
T448,loading,zone_c,47.0,32,clear,OP1009,novice,EXC003,7.2,16.0,41.8,2026-06-10 07:00:00.000000
T449,loading,zone_c,94.4,63,clear,OP1007,expert,EXC003,7.2,31.5,71.1,2026-06-10 07:50:28.359933
T450,hauling,zone_c,72.7,49,clear,OP1007,expert,EXC003,7.2,24.5,39.8,2026-06-10 09:11:42.152271
T451,excavation,zone_c,214.9,144,cloudy,OP1011,intermediate,EXC003,7.2,74.2,73.6,2026-06-10 10:04:44.175295
T452,grading,zone_d,79.4,53,clear,OP1010,intermediate,EXC004,8.0,26.5,34.4,2026-06-10 07:00:00.000000
T453,grading,zone_d,147.1,99,clear,OP1011,intermediate,EXC004,8.0,49.5,54.0,2026-06-10 07:39:50.822115
T454,trenching,zone_d,103.7,70,clear,OP1006,expert,EXC004,8.0,35.0,38.7,2026-06-10 08:47:25.448942
T455,trenching,zone_d,91.8,62,clear,OP1014,expert,EXC004,8.0,31.0,39.2,2026-06-10 09:36:37.965845
T456,grading,zone_d,79.7,54,cloudy,OP1009,novice,EXC004,8.0,27.8,40.5,2026-06-10 10:26:50.295277
T457,trenching,zone_d,129.1,87,cloudy,OP1011,intermediate,EXC004,8.0,44.8,46.7,2026-06-10 11:17:44.964015
T458,loading,zone_a,101.6,68,clear,OP1018,novice,EXC005,1.5,34.0,87.6,2026-06-10 07:00:00.000000
T459,hauling,zone_a,89.0,60,clear,OP1003,expert,EXC005,1.5,30.0,62.6,2026-06-10 08:36:58.204444
T460,trenching,zone_a,83.8,56,clear,OP1005,novice,EXC005,1.5,28.0,58.3,2026-06-10 09:50:09.882282
T461,hauling,zone_a,79.7,54,cloudy,OP1008,expert,EXC005,1.5,27.8,59.9,2026-06-10 10:58:14.153151
T462,trenching,zone_a,116.9,78,clear,OP1015,intermediate,EXC005,1.5,39.0,44.8,2026-06-10 12:12:20.937766
T463,excavation,zone_a,213.3,143,cloudy,OP1011,intermediate,EXC005,1.5,73.6,72.8,2026-06-10 13:03:37.595126
T464,grading,zone_a,97.8,66,clear,OP1003,expert,EXC005,1.5,33.0,38.4,2026-06-10 14:28:03.647258
T465,trenching,zone_b,88.0,59,clear,OP1016,novice,EXC006,5.3,29.5,44.2,2026-06-10 07:00:00.000000
T466,trenching,zone_b,69.4,47,clear,OP1017,intermediate,EXC006,5.3,23.5,39.2,2026-06-10 07:58:57.199722
T467,excavation,zone_b,111.0,74,clear,OP1005,novice,EXC006,5.3,37.0,69.0,2026-06-10 08:45:01.348604
T468,grading,zone_b,132.4,89,cloudy,OP1008,expert,EXC006,5.3,45.8,47.1,2026-06-10 10:07:07.839307
T469,hauling,zone_c,44.3,30,clear,OP1019,expert,EXC007,1.0,15.0,49.0,2026-06-10 07:00:00.000000
T470,grading,zone_c,103.0,69,clear,OP1001,expert,EXC007,1.0,34.5,41.7,2026-06-10 08:02:20.938721
T471,trenching,zone_c,91.3,61,clear,OP1001,expert,EXC007,1.0,30.5,35.6,2026-06-10 08:56:50.154725
T472,excavation,zone_c,114.9,77,clear,OP1019,expert,EXC007,1.0,38.5,44.9,2026-06-10 09:40:27.427743
T473,excavation,zone_d,178.5,119,clear,OP1009,novice,EXC008,6.2,59.5,79.3,2026-06-10 07:00:00.000000
T474,excavation,zone_d,97.0,65,clear,OP1004,intermediate,EXC008,6.2,32.5,41.1,2026-06-10 08:32:31.476674
T475,hauling,zone_d,50.9,34,clear,OP1020,intermediate,EXC008,6.2,17.0,47.8,2026-06-10 09:28:32.609520
T476,excavation,zone_d,80.5,54,cloudy,OP1001,expert,EXC008,6.2,27.8,33.1,2026-06-10 10:26:42.815293
T477,hauling,zone_d,30.7,21,cloudy,OP1011,intermediate,EXC008,6.2,10.8,39.1,2026-06-10 11:09:11.065113
T478,grading,zone_d,96.5,65,cloudy,OP1015,intermediate,EXC008,6.2,33.5,38.6,2026-06-10 11:59:55.211492
T479,excavation,zone_a,167.2,112,clear,OP1005,novice,EXC001,5.5,56.0,90.7,2026-06-11 07:00:00.000000
T480,loading,zone_a,79.6,54,cloudy,OP1014,expert,EXC001,5.5,27.8,56.9,2026-06-11 08:35:53.354348
T481,grading,zone_a,147.9,99,storm,OP1004,intermediate,EXC001,5.5,65.4,75.2,2026-06-11 09:46:55.521438
T482,hauling,zone_a,53.0,36,clear,OP1008,expert,EXC001,5.5,18.0,43.8,2026-06-11 11:12:07.599274
T483,hauling,zone_a,78.6,53,cloudy,OP1013,intermediate,EXC001,5.5,27.3,61.4,2026-06-11 12:06:21.903012
T484,loading,zone_a,78.7,53,rain,OP1004,intermediate,EXC001,5.5,30.8,54.8,2026-06-11 13:16:30.733936
T485,excavation,zone_b,189.2,127,clear,OP1008,expert,EXC002,7.7,63.5,80.6,2026-06-11 07:00:00.000000
T486,loading,zone_b,98.9,66,cloudy,OP1010,intermediate,EXC002,7.7,34.0,91.4,2026-06-11 08:32:29.372605
T487,grading,zone_b,126.8,85,storm,OP1007,expert,EXC002,7.7,56.4,73.6,2026-06-11 10:15:57.286491
T488,excavation,zone_b,84.6,57,clear,OP1016,novice,EXC002,7.7,28.5,50.0,2026-06-11 11:35:39.363255
T489,hauling,zone_b,77.3,52,cloudy,OP1004,intermediate,EXC002,7.7,26.8,60.9,2026-06-11 12:35:40.371700
T490,loading,zone_c,109.4,73,clear,OP1002,intermediate,EXC003,7.2,36.5,67.0,2026-06-11 07:00:00.000000
T491,excavation,zone_c,81.7,55,cloudy,OP1019,expert,EXC003,7.2,28.3,32.0,2026-06-11 08:18:09.133090
T492,excavation,zone_c,133.4,89,cloudy,OP1018,novice,EXC003,7.2,45.8,66.3,2026-06-11 08:56:53.491023
T493,grading,zone_c,112.6,76,storm,OP1010,intermediate,EXC003,7.2,51.7,61.9,2026-06-11 10:16:58.670495
T494,loading,zone_c,98.4,66,clear,OP1006,expert,EXC003,7.2,33.0,69.8,2026-06-11 11:33:16.179032
T495,hauling,zone_c,40.1,27,cloudy,OP1004,intermediate,EXC003,7.2,13.9,31.2,2026-06-11 12:48:19.734264
T496,trenching,zone_c,123.5,83,rain,OP1008,expert,EXC003,7.2,48.8,50.6,2026-06-11 13:32:01.801341
T497,loading,zone_d,97.4,65,clear,OP1001,expert,EXC004,8.0,32.5,63.2,2026-06-11 07:00:00.000000
T498,hauling,zone_d,39.1,27,cloudy,OP1018,novice,EXC004,8.0,13.9,44.7,2026-06-11 08:08:16.380090
T499,loading,zone_d,115.3,77,cloudy,OP1004,intermediate,EXC004,8.0,39.7,72.0,2026-06-11 08:58:52.601130
T500,excavation,zone_d,123.9,83,storm,OP1011,intermediate,EXC004,8.0,56.1,59.0,2026-06-11 10:22:13.146967
T501,grading,zone_d,146.1,98,clear,OP1019,expert,EXC004,8.0,49.0,57.0,2026-06-11 11:26:58.639771
T502,excavation,zone_a,129.7,87,clear,OP1001,expert,EXC005,1.5,43.5,49.5,2026-06-11 07:00:00.000000
T503,trenching,zone_a,52.2,35,cloudy,OP1005,novice,EXC005,1.5,18.0,49.1,2026-06-11 08:02:02.911809
T504,excavation,zone_a,119.7,80,storm,OP1008,expert,EXC005,1.5,54.1,52.5,2026-06-11 09:04:13.151203
T505,trenching,zone_a,91.9,62,storm,OP1014,expert,EXC005,1.5,40.8,45.9,2026-06-11 10:10:38.566025
T506,grading,zone_a,91.6,62,clear,OP1009,novice,EXC005,1.5,31.0,47.9,2026-06-11 11:08:50.872092
T507,excavation,zone_a,125.4,84,cloudy,OP1018,novice,EXC005,1.5,43.3,70.2,2026-06-11 12:06:29.563647
T508,excavation,zone_a,129.1,87,rain,OP1016,novice,EXC005,1.5,50.3,72.9,2026-06-11 13:22:26.979464
T509,loading,zone_a,88.7,60,rain,OP1015,intermediate,EXC005,1.5,34.6,70.9,2026-06-11 14:45:24.044701
T510,loading,zone_b,81.9,55,clear,OP1015,intermediate,EXC006,5.3,27.5,54.1,2026-06-11 07:00:00.000000
T511,loading,zone_b,55.8,38,cloudy,OP1019,expert,EXC006,5.3,19.6,62.7,2026-06-11 08:05:01.101674
T512,excavation,zone_b,217.7,146,storm,OP1002,intermediate,EXC006,5.3,97.4,121.6,2026-06-11 09:22:35.542079
T513,excavation,zone_b,97.4,65,clear,OP1003,expert,EXC006,5.3,32.5,31.4,2026-06-11 11:35:20.464419
T514,hauling,zone_b,64.6,44,cloudy,OP1015,intermediate,EXC006,5.3,22.7,67.9,2026-06-11 12:14:17.841568
T515,loading,zone_c,89.8,60,clear,OP1003,expert,EXC007,1.0,30.0,72.9,2026-06-11 07:00:00.000000
T516,hauling,zone_c,85.2,57,cloudy,OP1016,novice,EXC007,1.0,29.4,67.7,2026-06-11 08:27:06.037251
T517,excavation,zone_c,93.0,62,storm,OP1012,expert,EXC007,1.0,41.4,44.1,2026-06-11 09:42:35.466788
T518,excavation,zone_c,136.7,92,storm,OP1017,intermediate,EXC007,1.0,62.4,78.8,2026-06-11 10:34:26.047156
T519,loading,zone_d,93.8,63,clear,OP1010,intermediate,EXC008,6.2,31.5,51.7,2026-06-11 07:00:00.000000
T520,loading,zone_d,73.5,49,cloudy,OP1007,expert,EXC008,6.2,25.2,49.9,2026-06-11 08:05:59.990082
T521,hauling,zone_d,31.3,21,storm,OP1004,intermediate,EXC008,6.2,13.9,51.3,2026-06-11 09:01:03.852759
T522,loading,zone_d,44.6,30,storm,OP1008,expert,EXC008,6.2,20.3,49.3,2026-06-11 10:00:45.398121
T523,hauling,zone_d,49.6,34,storm,OP1007,expert,EXC008,6.2,22.5,55.1,2026-06-11 10:55:28.890147
T524,loading,zone_d,70.2,47,clear,OP1016,novice,EXC008,6.2,23.5,67.3,2026-06-11 11:58:54.436923
T525,hauling,zone_d,67.0,45,rain,OP1010,intermediate,EXC008,6.2,26.6,61.6,2026-06-11 13:15:53.746994
T526,loading,zone_d,104.4,70,rain,OP1015,intermediate,EXC008,6.2,40.4,73.0,2026-06-11 14:24:10.534222
T527,grading,zone_a,60.3,41,cloudy,OP1015,intermediate,EXC001,5.5,21.1,32.1,2026-06-12 07:00:00.000000
T528,hauling,zone_a,79.7,54,cloudy,OP1002,intermediate,EXC001,5.5,27.8,70.6,2026-06-12 07:46:49.098893
T529,trenching,zone_a,129.6,87,clear,OP1015,intermediate,EXC001,5.5,43.5,50.1,2026-06-12 09:08:46.332352
T530,grading,zone_a,81.4,55,clear,OP1006,expert,EXC001,5.5,27.5,30.1,2026-06-12 10:13:32.100498
T531,loading,zone_b,52.7,36,cloudy,OP1020,intermediate,EXC002,7.7,18.5,58.4,2026-06-12 07:00:00.000000
T532,excavation,zone_b,192.0,128,clear,OP1013,intermediate,EXC002,7.7,64.0,115.4,2026-06-12 08:09:00.088376
T533,trenching,zone_b,98.6,66,clear,OP1017,intermediate,EXC002,7.7,33.0,59.1,2026-06-12 10:12:09.562639
T534,grading,zone_b,135.4,91,clear,OP1018,novice,EXC002,7.7,45.5,94.9,2026-06-12 11:24:42.308532
T535,trenching,zone_b,81.3,55,clear,OP1017,intermediate,EXC002,7.7,27.5,51.5,2026-06-12 13:12:19.306035
T536,excavation,zone_b,81.4,55,clear,OP1011,intermediate,EXC002,7.7,27.5,43.5,2026-06-12 14:14:15.025888
T537,excavation,zone_c,107.6,72,cloudy,OP1009,novice,EXC003,7.2,37.1,55.9,2026-06-12 07:00:00.000000
T538,hauling,zone_c,89.7,60,clear,OP1009,novice,EXC003,7.2,30.0,75.0,2026-06-12 08:08:55.256681
T539,excavation,zone_c,172.4,115,clear,OP1011,intermediate,EXC003,7.2,57.5,53.6,2026-06-12 09:29:25.276682
T540,hauling,zone_c,81.4,55,clear,OP1009,novice,EXC003,7.2,27.5,65.5,2026-06-12 10:28:43.842507
T541,loading,zone_c,92.9,62,clear,OP1017,intermediate,EXC003,7.2,31.0,76.8,2026-06-12 11:41:12.862617
T542,grading,zone_c,113.8,76,clear,OP1005,novice,EXC003,7.2,38.0,73.4,2026-06-12 13:08:37.561738
T543,trenching,zone_d,116.2,78,cloudy,OP1015,intermediate,EXC004,8.0,40.2,51.3,2026-06-12 07:00:00.000000
T544,grading,zone_d,129.7,87,cloudy,OP1001,expert,EXC004,8.0,44.8,51.2,2026-06-12 07:58:57.312051
T545,loading,zone_d,98.5,66,clear,OP1002,intermediate,EXC004,8.0,33.0,66.3,2026-06-12 08:55:17.520944
T546,loading,zone_d,41.6,28,clear,OP1001,expert,EXC004,8.0,14.0,48.0,2026-06-12 10:10:55.085557
T547,hauling,zone_d,73.0,49,clear,OP1007,expert,EXC004,8.0,24.5,39.6,2026-06-12 11:08:33.879230
T548,loading,zone_a,77.0,52,cloudy,OP1010,intermediate,EXC005,1.5,26.8,46.2,2026-06-12 07:00:00.000000
T549,grading,zone_a,109.5,73,cloudy,OP1003,expert,EXC005,1.5,37.6,41.8,2026-06-12 07:55:26.299784
T550,grading,zone_a,67.3,45,clear,OP1001,expert,EXC005,1.5,22.5,30.3,2026-06-12 08:42:37.118635
T551,trenching,zone_a,92.2,62,clear,OP1001,expert,EXC005,1.5,31.0,32.8,2026-06-12 09:25:52.783641
T552,trenching,zone_a,70.3,47,clear,OP1020,intermediate,EXC005,1.5,23.5,34.8,2026-06-12 10:08:32.793710
T553,excavation,zone_a,86.3,58,clear,OP1001,expert,EXC005,1.5,29.0,30.6,2026-06-12 10:52:53.504587
T554,loading,zone_b,63.4,43,cloudy,OP1012,expert,EXC006,5.3,22.1,66.8,2026-06-12 07:00:00.000000
T555,grading,zone_b,132.7,89,clear,OP1011,intermediate,EXC006,5.3,44.5,51.0,2026-06-12 08:17:29.756408
T556,grading,zone_b,111.8,75,clear,OP1011,intermediate,EXC006,5.3,37.5,45.9,2026-06-12 09:15:13.912105
T557,hauling,zone_b,80.7,54,clear,OP1015,intermediate,EXC006,5.3,27.0,68.0,2026-06-12 10:10:17.974212
T558,excavation,zone_c,201.1,135,cloudy,OP1019,expert,EXC007,1.0,69.5,78.4,2026-06-12 07:00:00.000000
T559,trenching,zone_c,50.4,34,clear,OP1007,expert,EXC007,1.0,17.0,24.3,2026-06-12 08:25:55.138619
T560,loading,zone_c,111.4,75,clear,OP1018,novice,EXC007,1.0,37.5,89.7,2026-06-12 08:59:34.800352
T561,loading,zone_c,69.7,47,clear,OP1010,intermediate,EXC007,1.0,23.5,52.9,2026-06-12 10:35:57.711009
T562,excavation,zone_c,152.4,102,clear,OP1017,intermediate,EXC007,1.0,51.0,65.9,2026-06-12 11:37:37.191434
T563,grading,zone_d,112.6,76,cloudy,OP1003,expert,EXC008,6.2,39.1,45.3,2026-06-12 07:00:00.000000
T564,trenching,zone_d,88.7,60,cloudy,OP1016,novice,EXC008,6.2,30.9,45.2,2026-06-12 07:59:12.920144
T565,trenching,zone_d,89.7,60,clear,OP1019,expert,EXC008,6.2,30.0,35.9,2026-06-12 08:57:00.047739
T566,hauling,zone_d,67.5,45,clear,OP1001,expert,EXC008,6.2,22.5,58.7,2026-06-12 09:41:35.999741
T567,trenching,zone_d,108.1,73,clear,OP1005,novice,EXC008,6.2,36.5,74.3,2026-06-12 10:46:25.736552
T568,grading,zone_d,111.8,75,rain,OP1003,expert,EXC008,6.2,44.3,47.1,2026-06-12 12:09:38.143054
T569,excavation,zone_d,81.9,55,clear,OP1020,intermediate,EXC008,6.2,27.5,41.4,2026-06-12 13:10:50.461561
T570,excavation,zone_d,200.8,134,clear,OP1001,expert,EXC008,6.2,67.0,70.4,2026-06-12 14:06:33.288435
T571,grading,zone_a,70.7,48,clear,OP1013,intermediate,EXC001,5.5,24.0,32.6,2026-06-13 07:00:00.000000
T572,trenching,zone_a,85.5,57,clear,OP1013,intermediate,EXC001,5.5,28.5,36.1,2026-06-13 07:41:23.821501
T573,excavation,zone_a,125.4,84,rain,OP1014,expert,EXC001,5.5,48.7,58.7,2026-06-13 08:23:40.849602
T574,loading,zone_a,90.6,61,rain,OP1011,intermediate,EXC001,5.5,35.9,77.5,2026-06-13 09:29:47.251553
T575,loading,zone_b,115.4,77,clear,OP1009,novice,EXC002,7.7,38.5,89.3,2026-06-13 07:00:00.000000
T576,hauling,zone_b,89.0,60,rain,OP1006,expert,EXC002,7.7,34.9,71.4,2026-06-13 08:41:30.227689
T577,hauling,zone_b,87.5,59,rain,OP1019,expert,EXC002,7.7,34.2,83.5,2026-06-13 09:58:05.667006
T578,grading,zone_b,93.7,63,clear,OP1002,intermediate,EXC002,7.7,31.5,60.2,2026-06-13 11:32:46.978328
T579,excavation,zone_b,103.5,69,rain,OP1013,intermediate,EXC002,7.7,40.7,70.2,2026-06-13 12:44:50.237169
T580,loading,zone_b,85.3,57,clear,OP1009,novice,EXC002,7.7,28.5,69.1,2026-06-13 14:08:23.252031
T581,excavation,zone_b,201.1,135,clear,OP1009,novice,EXC002,7.7,67.5,133.6,2026-06-13 15:29:19.186804
T582,hauling,zone_c,68.8,46,clear,OP1014,expert,EXC003,7.2,23.0,50.3,2026-06-13 07:00:00.000000
T583,grading,zone_c,125.3,84,clear,OP1006,expert,EXC003,7.2,42.0,44.3,2026-06-13 07:59:15.140685
T584,grading,zone_c,126.5,85,rain,OP1013,intermediate,EXC003,7.2,50.2,59.1,2026-06-13 08:49:45.798481
T585,hauling,zone_c,44.6,30,rain,OP1016,novice,EXC003,7.2,17.3,42.1,2026-06-13 09:55:40.701409
T586,trenching,zone_d,125.1,84,clear,OP1015,intermediate,EXC004,8.0,42.0,50.6,2026-06-13 07:00:00.000000
T587,trenching,zone_d,72.5,49,rain,OP1002,intermediate,EXC004,8.0,28.6,42.9,2026-06-13 08:04:06.861957
T588,trenching,zone_d,96.5,65,rain,OP1017,intermediate,EXC004,8.0,38.3,54.3,2026-06-13 08:59:35.644974
T589,grading,zone_d,75.5,51,clear,OP1001,expert,EXC004,8.0,25.5,33.7,2026-06-13 10:05:33.449433
T590,loading,zone_d,65.8,44,clear,OP1017,intermediate,EXC004,8.0,22.0,63.3,2026-06-13 10:51:47.269933
T591,excavation,zone_d,183.3,123,rain,OP1014,expert,EXC004,8.0,71.3,81.3,2026-06-13 12:08:57.606451
T592,loading,zone_d,115.6,78,clear,OP1013,intermediate,EXC004,8.0,39.0,67.3,2026-06-13 13:45:06.968639
T593,loading,zone_a,103.2,69,clear,OP1010,intermediate,EXC005,1.5,34.5,62.7,2026-06-13 07:00:00.000000
T594,hauling,zone_a,85.9,58,rain,OP1014,expert,EXC005,1.5,33.6,58.2,2026-06-13 08:17:12.517208
T595,trenching,zone_a,93.6,63,rain,OP1017,intermediate,EXC005,1.5,37.1,50.6,2026-06-13 09:29:39.748202
T596,loading,zone_a,106.6,72,clear,OP1001,expert,EXC005,1.5,36.0,59.2,2026-06-13 10:35:08.136870
T597,loading,zone_a,73.2,49,clear,OP1007,expert,EXC005,1.5,24.5,46.9,2026-06-13 11:46:19.935200
T598,hauling,zone_b,67.0,45,clear,OP1019,expert,EXC006,5.3,22.5,53.0,2026-06-13 07:00:00.000000
T599,loading,zone_b,110.1,74,rain,OP1017,intermediate,EXC006,5.3,43.6,93.8,2026-06-13 08:06:51.255362
T600,loading,zone_b,63.6,43,rain,OP1009,novice,EXC006,5.3,25.2,68.6,2026-06-13 09:51:39.150268
T601,excavation,zone_b,129.3,87,clear,OP1004,intermediate,EXC006,5.3,43.5,61.4,2026-06-13 11:13:51.314067
T602,grading,zone_b,121.6,82,rain,OP1018,novice,EXC006,5.3,47.9,79.4,2026-06-13 12:24:59.115762
T603,hauling,zone_c,55.5,37,clear,OP1012,expert,EXC007,1.0,18.5,61.1,2026-06-13 07:00:00.000000
T604,grading,zone_c,137.1,92,rain,OP1010,intermediate,EXC007,1.0,54.3,66.2,2026-06-13 08:15:46.793798
T605,hauling,zone_c,62.5,42,rain,OP1013,intermediate,EXC007,1.0,24.8,56.9,2026-06-13 09:34:19.408543
T606,hauling,zone_c,56.2,38,clear,OP1013,intermediate,EXC007,1.0,19.0,42.0,2026-06-13 10:44:50.449418
T607,loading,zone_c,73.6,50,clear,OP1002,intermediate,EXC007,1.0,25.0,64.2,2026-06-13 11:36:46.839767
T608,loading,zone_c,58.6,40,rain,OP1007,expert,EXC007,1.0,23.3,47.0,2026-06-13 12:54:24.946927
T609,hauling,zone_d,51.8,35,clear,OP1009,novice,EXC008,6.2,17.5,59.3,2026-06-13 07:00:00.000000
T610,grading,zone_d,87.8,59,rain,OP1014,expert,EXC008,6.2,34.2,40.7,2026-06-13 08:07:23.006519
T611,hauling,zone_d,83.1,56,rain,OP1004,intermediate,EXC008,6.2,32.5,67.5,2026-06-13 08:53:26.344409
T612,hauling,zone_d,65.2,44,clear,OP1007,expert,EXC008,6.2,22.0,64.7,2026-06-13 10:11:27.899019
T613,excavation,zone_d,186.9,125,clear,OP1003,expert,EXC008,6.2,62.5,60.2,2026-06-13 11:27:50.998257
T614,grading,zone_a,125.3,84,cloudy,OP1012,expert,EXC001,5.5,43.3,50.5,2026-06-14 07:00:00.000000
T615,excavation,zone_a,180.5,121,cloudy,OP1017,intermediate,EXC001,5.5,62.3,84.4,2026-06-14 08:01:44.997437
T616,trenching,zone_a,107.9,72,rain,OP1015,intermediate,EXC001,5.5,41.5,53.7,2026-06-14 09:31:24.751018
T617,hauling,zone_a,74.3,50,cloudy,OP1002,intermediate,EXC001,5.5,25.8,76.1,2026-06-14 10:40:02.329265
T618,loading,zone_b,105.8,71,cloudy,OP1015,intermediate,EXC002,7.7,36.6,86.3,2026-06-14 07:00:00.000000
T619,trenching,zone_b,71.1,48,cloudy,OP1019,expert,EXC002,7.7,24.7,42.4,2026-06-14 08:34:27.729092
T620,loading,zone_b,54.8,37,rain,OP1013,intermediate,EXC002,7.7,21.8,72.7,2026-06-14 09:31:34.452916
T621,excavation,zone_b,94.8,64,cloudy,OP1015,intermediate,EXC002,7.7,33.0,49.0,2026-06-14 10:49:29.025063
T622,loading,zone_c,113.6,76,cloudy,OP1003,expert,EXC003,7.2,39.1,71.7,2026-06-14 07:00:00.000000
T623,hauling,zone_c,62.5,42,cloudy,OP1011,intermediate,EXC003,7.2,21.6,62.1,2026-06-14 08:26:27.635996
T624,trenching,zone_c,123.4,83,rain,OP1010,intermediate,EXC003,7.2,49.0,59.1,2026-06-14 09:42:12.037191
T625,excavation,zone_c,92.4,62,cloudy,OP1013,intermediate,EXC003,7.2,31.9,41.6,2026-06-14 10:48:30.970509
T626,trenching,zone_c,111.9,75,clear,OP1015,intermediate,EXC003,7.2,37.5,41.1,2026-06-14 11:36:48.868125
T627,excavation,zone_c,81.4,55,clear,OP1003,expert,EXC003,7.2,27.5,28.3,2026-06-14 12:30:09.970379
T628,loading,zone_c,65.8,44,cloudy,OP1003,expert,EXC003,7.2,22.7,55.3,2026-06-14 13:08:23.995317
T629,loading,zone_d,111.9,75,cloudy,OP1012,expert,EXC004,8.0,38.6,73.0,2026-06-14 07:00:00.000000
T630,grading,zone_d,125.9,84,cloudy,OP1018,novice,EXC004,8.0,43.3,66.1,2026-06-14 08:24:27.680037
T631,loading,zone_d,46.0,31,rain,OP1005,novice,EXC004,8.0,17.9,61.4,2026-06-14 09:45:32.061327
T632,hauling,zone_d,68.3,46,clear,OP1010,intermediate,EXC004,8.0,23.0,60.6,2026-06-14 11:01:28.415170
T633,hauling,zone_d,45.2,31,clear,OP1016,novice,EXC004,8.0,15.5,45.9,2026-06-14 12:10:06.593393
T634,excavation,zone_d,139.2,93,cloudy,OP1008,expert,EXC004,8.0,47.9,54.5,2026-06-14 13:02:07.960702
T635,excavation,zone_a,188.4,126,cloudy,OP1010,intermediate,EXC005,1.5,64.9,68.4,2026-06-14 07:00:00.000000
T636,loading,zone_a,116.7,78,cloudy,OP1013,intermediate,EXC005,1.5,40.2,79.0,2026-06-14 08:23:13.800010
T637,grading,zone_a,88.0,59,rain,OP1019,expert,EXC005,1.5,34.2,41.3,2026-06-14 09:51:48.117945
T638,grading,zone_a,82.1,55,cloudy,OP1003,expert,EXC005,1.5,28.3,29.1,2026-06-14 10:42:14.772216
T639,grading,zone_b,83.5,56,cloudy,OP1015,intermediate,EXC006,5.3,28.8,38.8,2026-06-14 07:00:00.000000
T640,hauling,zone_b,89.7,60,cloudy,OP1018,novice,EXC006,5.3,30.9,73.9,2026-06-14 07:47:23.635826
T641,loading,zone_b,86.8,58,rain,OP1014,expert,EXC006,5.3,33.6,67.5,2026-06-14 09:13:42.232297
T642,trenching,zone_b,63.6,43,cloudy,OP1003,expert,EXC006,5.3,22.1,23.0,2026-06-14 10:33:38.693514
T643,hauling,zone_b,30.3,21,clear,OP1018,novice,EXC006,5.3,10.5,41.0,2026-06-14 11:03:22.532990
T644,grading,zone_c,89.4,60,cloudy,OP1010,intermediate,EXC007,1.0,30.9,42.5,2026-06-14 07:00:00.000000
T645,loading,zone_c,62.9,42,cloudy,OP1007,expert,EXC007,1.0,21.6,54.6,2026-06-14 07:48:00.203404
T646,loading,zone_c,113.8,76,cloudy,OP1011,intermediate,EXC007,1.0,39.1,53.7,2026-06-14 08:51:27.692646
T647,excavation,zone_c,116.4,78,rain,OP1010,intermediate,EXC007,1.0,46.0,57.1,2026-06-14 09:52:13.066302
T648,grading,zone_c,105.9,71,clear,OP1013,intermediate,EXC007,1.0,35.5,44.4,2026-06-14 11:00:56.291150
T649,loading,zone_c,82.9,56,clear,OP1017,intermediate,EXC007,1.0,28.0,65.9,2026-06-14 11:55:13.065824
T650,grading,zone_c,112.2,75,cloudy,OP1005,novice,EXC007,1.0,38.6,71.6,2026-06-14 13:14:48.498439
T651,loading,zone_d,99.9,67,cloudy,OP1004,intermediate,EXC008,6.2,34.5,72.6,2026-06-14 07:00:00.000000
T652,loading,zone_d,66.0,44,cloudy,OP1004,intermediate,EXC008,6.2,22.7,58.9,2026-06-14 08:22:37.345466
T653,grading,zone_d,74.1,50,rain,OP1016,novice,EXC008,6.2,28.9,41.3,2026-06-14 09:35:16.321521
T654,trenching,zone_d,57.5,39,cloudy,OP1001,expert,EXC008,6.2,20.1,23.2,2026-06-14 10:26:11.810257
T655,trenching,zone_d,64.5,43,cloudy,OP1012,expert,EXC008,6.2,22.1,27.2,2026-06-14 10:56:09.311247
T656,grading,zone_d,83.8,56,clear,OP1012,expert,EXC008,6.2,28.0,37.2,2026-06-14 11:29:01.268758
T657,loading,zone_a,58.5,39,storm,OP1008,expert,EXC001,5.5,26.4,57.2,2026-06-15 07:00:00.000000
T658,trenching,zone_a,68.0,46,cloudy,OP1016,novice,EXC001,5.5,23.7,37.3,2026-06-15 08:05:32.228284
T659,grading,zone_a,147.8,99,cloudy,OP1006,expert,EXC001,5.5,51.0,59.7,2026-06-15 08:50:32.349726
T660,hauling,zone_a,41.4,28,clear,OP1017,intermediate,EXC001,5.5,14.0,54.3,2026-06-15 09:55:50.762122
T661,loading,zone_a,83.2,56,cloudy,OP1001,expert,EXC001,5.5,29.0,55.4,2026-06-15 11:01:23.773485
T662,excavation,zone_a,211.1,141,cloudy,OP1011,intermediate,EXC001,5.5,72.6,74.1,2026-06-15 12:06:54.385683
T663,hauling,zone_b,73.2,49,storm,OP1001,expert,EXC002,7.7,32.4,83.1,2026-06-15 07:00:00.000000
T664,trenching,zone_b,123.4,83,cloudy,OP1009,novice,EXC002,7.7,42.7,93.3,2026-06-15 08:31:13.437919
T665,excavation,zone_b,136.0,91,rain,OP1002,intermediate,EXC002,7.7,53.1,97.8,2026-06-15 10:10:48.332087
T666,hauling,zone_b,65.8,44,cloudy,OP1003,expert,EXC002,7.7,22.9,63.6,2026-06-15 11:56:57.952655
T667,trenching,zone_b,88.2,59,clear,OP1001,expert,EXC002,7.7,29.5,46.2,2026-06-15 13:13:21.731089
T668,hauling,zone_c,41.8,28,storm,OP1019,expert,EXC003,7.2,18.4,41.5,2026-06-15 07:00:00.000000
T669,hauling,zone_c,50.8,34,storm,OP1003,expert,EXC003,7.2,23.2,40.8,2026-06-15 07:52:37.094257
T670,trenching,zone_c,58.1,39,cloudy,OP1013,intermediate,EXC003,7.2,20.1,25.6,2026-06-15 08:42:43.640254
T671,excavation,zone_c,116.8,78,clear,OP1005,novice,EXC003,7.2,39.0,76.0,2026-06-15 09:16:59.329564
T672,excavation,zone_d,175.3,117,storm,OP1020,intermediate,EXC004,8.0,78.4,90.7,2026-06-15 07:00:00.000000
T673,trenching,zone_d,63.6,43,cloudy,OP1012,expert,EXC004,8.0,22.1,30.9,2026-06-15 08:40:44.249738
T674,hauling,zone_d,61.5,41,clear,OP1005,novice,EXC004,8.0,20.5,65.2,2026-06-15 09:22:29.955799
T675,grading,zone_d,113.3,76,rain,OP1008,expert,EXC004,8.0,44.7,48.1,2026-06-15 10:36:22.344447
T676,trenching,zone_d,103.7,70,cloudy,OP1001,expert,EXC004,8.0,36.3,44.0,2026-06-15 11:36:36.176899
T677,excavation,zone_d,133.6,90,cloudy,OP1011,intermediate,EXC004,8.0,46.4,53.1,2026-06-15 12:32:44.651191
T678,loading,zone_d,54.3,37,clear,OP1017,intermediate,EXC004,8.0,18.5,45.4,2026-06-15 13:30:52.264962
T679,trenching,zone_a,87.9,59,storm,OP1014,expert,EXC005,1.5,38.9,46.6,2026-06-15 07:00:00.000000
T680,loading,zone_a,76.5,51,storm,OP1007,expert,EXC005,1.5,33.8,55.4,2026-06-15 07:56:36.202869
T681,loading,zone_a,117.7,79,clear,OP1002,intermediate,EXC005,1.5,39.5,83.3,2026-06-15 09:01:08.500601
T682,loading,zone_a,104.4,70,rain,OP1020,intermediate,EXC005,1.5,41.0,83.0,2026-06-15 10:32:02.970282
T683,grading,zone_b,118.4,79,storm,OP1006,expert,EXC006,5.3,52.4,60.5,2026-06-15 07:00:00.000000
T684,hauling,zone_b,34.3,23,cloudy,OP1019,expert,EXC006,5.3,11.8,40.8,2026-06-15 08:15:28.292951
T685,trenching,zone_b,102.7,69,clear,OP1019,expert,EXC006,5.3,34.5,48.9,2026-06-15 09:09:22.799172
T686,loading,zone_b,87.2,59,rain,OP1001,expert,EXC006,5.3,34.2,66.5,2026-06-15 10:13:04.179346
T687,loading,zone_b,91.8,62,cloudy,OP1002,intermediate,EXC006,5.3,32.1,62.9,2026-06-15 11:30:12.101611
T688,hauling,zone_b,81.0,54,cloudy,OP1014,expert,EXC006,5.3,27.8,53.5,2026-06-15 12:41:29.148031
T689,trenching,zone_c,88.6,60,storm,OP1005,novice,EXC007,1.0,39.3,77.2,2026-06-15 07:00:00.000000
T690,trenching,zone_c,111.8,75,cloudy,OP1014,expert,EXC007,1.0,38.6,45.8,2026-06-15 08:22:43.428731
T691,loading,zone_c,107.1,72,clear,OP1013,intermediate,EXC007,1.0,36.0,76.4,2026-06-15 09:14:57.485411
T692,loading,zone_c,98.1,66,rain,OP1011,intermediate,EXC007,1.0,38.8,81.1,2026-06-15 10:37:14.260863
T693,grading,zone_c,72.5,49,cloudy,OP1007,expert,EXC007,1.0,25.2,27.8,2026-06-15 12:06:39.677545
T694,excavation,zone_d,174.2,117,storm,OP1005,novice,EXC008,6.2,76.6,116.9,2026-06-15 07:00:00.000000
T695,hauling,zone_d,38.6,26,clear,OP1012,expert,EXC008,6.2,13.0,56.6,2026-06-15 09:10:21.333155
T696,hauling,zone_d,81.2,55,rain,OP1014,expert,EXC008,6.2,31.9,77.6,2026-06-15 10:12:18.675495
T697,hauling,zone_d,76.1,51,cloudy,OP1014,expert,EXC008,6.2,26.5,58.3,2026-06-15 11:44:12.268858
T698,loading,zone_a,100.3,67,clear,OP1019,expert,EXC001,5.5,33.5,75.8,2026-06-16 07:00:00.000000
T699,trenching,zone_a,75.2,51,rain,OP1006,expert,EXC001,5.5,29.7,35.2,2026-06-16 08:25:29.265638
T700,grading,zone_a,113.0,76,clear,OP1012,expert,EXC001,5.5,38.0,43.1,2026-06-16 09:06:07.459596
T701,grading,zone_a,147.8,99,rain,OP1020,intermediate,EXC001,5.5,57.9,65.8,2026-06-16 10:04:07.344676
T702,loading,zone_a,87.6,59,clear,OP1012,expert,EXC001,5.5,29.5,60.2,2026-06-16 11:22:26.269341
T703,excavation,zone_a,132.5,89,cloudy,OP1008,expert,EXC001,5.5,45.8,51.2,2026-06-16 12:33:02.913606
T704,hauling,zone_a,88.4,59,rain,OP1001,expert,EXC001,5.5,34.2,78.6,2026-06-16 13:33:00.802694
T705,hauling,zone_b,36.1,25,clear,OP1002,intermediate,EXC002,7.7,12.5,40.1,2026-06-16 07:00:00.000000
T706,trenching,zone_b,114.2,77,clear,OP1007,expert,EXC002,7.7,38.5,63.4,2026-06-16 07:50:34.510656
T707,grading,zone_b,128.3,86,clear,OP1014,expert,EXC002,7.7,43.0,69.1,2026-06-16 09:05:43.609676
T708,trenching,zone_b,107.2,72,rain,OP1002,intermediate,EXC002,7.7,42.0,81.8,2026-06-16 10:20:00.856914
T709,hauling,zone_c,61.4,41,clear,OP1019,expert,EXC003,7.2,20.5,58.3,2026-06-16 07:00:00.000000
T710,hauling,zone_c,31.2,21,rain,OP1019,expert,EXC003,7.2,12.2,48.9,2026-06-16 08:09:23.310242
T711,trenching,zone_c,67.4,45,clear,OP1001,expert,EXC003,7.2,22.5,28.6,2026-06-16 09:10:54.243717
T712,hauling,zone_c,72.9,49,clear,OP1002,intermediate,EXC003,7.2,24.5,51.4,2026-06-16 09:50:47.010644
T713,excavation,zone_c,195.6,131,rain,OP1016,novice,EXC003,7.2,75.7,98.2,2026-06-16 10:47:15.416422
T714,hauling,zone_c,72.3,49,cloudy,OP1020,intermediate,EXC003,7.2,25.2,52.1,2026-06-16 12:34:46.543786
T715,trenching,zone_d,78.7,53,clear,OP1015,intermediate,EXC004,8.0,26.5,38.3,2026-06-16 07:00:00.000000
T716,excavation,zone_d,151.1,101,clear,OP1005,novice,EXC004,8.0,50.5,93.8,2026-06-16 07:49:22.037248
T717,loading,zone_d,102.5,69,clear,OP1006,expert,EXC004,8.0,34.5,62.6,2026-06-16 09:31:06.561483
T718,loading,zone_d,74.9,50,rain,OP1001,expert,EXC004,8.0,29.0,75.1,2026-06-16 10:45:15.936944
T719,grading,zone_d,125.2,84,cloudy,OP1004,intermediate,EXC004,8.0,43.3,55.2,2026-06-16 12:11:49.991367
T720,hauling,zone_d,34.1,23,rain,OP1006,expert,EXC004,8.0,13.4,39.5,2026-06-16 13:19:44.658242
T721,grading,zone_d,92.3,62,clear,OP1012,expert,EXC004,8.0,31.3,36.3,2026-06-16 14:11:12.086334
T722,trenching,zone_d,89.3,60,clear,OP1001,expert,EXC004,8.0,30.2,34.8,2026-06-16 14:54:25.175017
T723,excavation,zone_a,104.4,70,clear,OP1018,novice,EXC005,1.5,35.0,56.3,2026-06-16 07:00:00.000000
T724,loading,zone_a,106.5,71,rain,OP1012,expert,EXC005,1.5,41.4,61.2,2026-06-16 08:10:39.035508
T725,excavation,zone_a,195.2,131,clear,OP1006,expert,EXC005,1.5,65.5,69.2,2026-06-16 09:24:32.482600
T726,trenching,zone_a,113.4,76,rain,OP1003,expert,EXC005,1.5,44.9,43.6,2026-06-16 10:42:31.304766
T727,excavation,zone_a,144.6,97,clear,OP1008,expert,EXC005,1.5,48.5,51.2,2026-06-16 11:33:01.321889
T728,excavation,zone_a,120.0,80,cloudy,OP1018,novice,EXC005,1.5,41.2,63.7,2026-06-16 12:38:57.525035
T729,hauling,zone_b,53.4,36,clear,OP1010,intermediate,EXC006,5.3,18.0,42.6,2026-06-16 07:00:00.000000
T730,hauling,zone_b,66.7,45,clear,OP1002,intermediate,EXC006,5.3,22.5,63.0,2026-06-16 07:50:48.970111
T731,hauling,zone_b,87.9,59,clear,OP1014,expert,EXC006,5.3,29.5,69.3,2026-06-16 09:02:19.683747
T732,loading,zone_b,55.3,37,rain,OP1016,novice,EXC006,5.3,21.4,53.6,2026-06-16 10:24:26.425795
T733,trenching,zone_b,68.0,46,clear,OP1001,expert,EXC006,5.3,23.0,31.6,2026-06-16 11:25:03.478101
T734,hauling,zone_b,86.5,58,cloudy,OP1015,intermediate,EXC006,5.3,29.9,76.5,2026-06-16 12:04:17.195565
T735,grading,zone_c,107.4,72,clear,OP1001,expert,EXC007,1.0,36.0,41.1,2026-06-16 07:00:00.000000
T736,trenching,zone_c,120.3,81,clear,OP1019,expert,EXC007,1.0,40.5,44.7,2026-06-16 07:48:16.066635
T737,grading,zone_c,62.6,42,rain,OP1010,intermediate,EXC007,1.0,24.8,36.4,2026-06-16 08:40:41.667906
T738,trenching,zone_c,82.2,55,clear,OP1002,intermediate,EXC007,1.0,27.5,38.1,2026-06-16 09:24:22.467871
T739,hauling,zone_c,86.6,58,rain,OP1004,intermediate,EXC007,1.0,33.7,84.1,2026-06-16 10:11:38.498490
T740,grading,zone_c,74.6,50,clear,OP1002,intermediate,EXC007,1.0,25.0,33.3,2026-06-16 11:45:46.218853
T741,grading,zone_d,132.6,89,clear,OP1020,intermediate,EXC008,6.2,44.5,57.6,2026-06-16 07:00:00.000000
T742,loading,zone_d,108.1,73,rain,OP1012,expert,EXC008,6.2,42.6,77.7,2026-06-16 08:07:47.143961
T743,trenching,zone_d,109.1,73,clear,OP1016,novice,EXC008,6.2,36.5,53.6,2026-06-16 09:36:06.666423
T744,hauling,zone_d,66.1,45,rain,OP1004,intermediate,EXC008,6.2,26.1,70.3,2026-06-16 10:43:27.609763
T745,excavation,zone_a,201.3,135,cloudy,OP1011,intermediate,EXC001,5.5,69.5,73.8,2026-06-17 07:00:00.000000
T746,hauling,zone_a,42.3,29,clear,OP1007,expert,EXC001,5.5,14.5,59.3,2026-06-17 08:23:45.886577
T747,hauling,zone_a,39.4,27,rain,OP1015,intermediate,EXC001,5.5,15.6,51.3,2026-06-17 09:35:43.349646
T748,hauling,zone_a,50.7,34,clear,OP1011,intermediate,EXC001,5.5,17.1,47.3,2026-06-17 10:37:40.691155
T749,grading,zone_a,87.7,59,clear,OP1016,novice,EXC001,5.5,29.5,39.9,2026-06-17 11:38:41.597070
T750,hauling,zone_a,34.7,24,clear,OP1006,expert,EXC001,5.5,12.0,43.1,2026-06-17 12:28:42.894508
T751,grading,zone_a,115.3,77,cloudy,OP1019,expert,EXC001,5.5,40.1,47.0,2026-06-17 13:23:47.857649
T752,grading,zone_b,79.5,53,cloudy,OP1016,novice,EXC002,7.7,27.3,54.1,2026-06-17 07:00:00.000000
T753,loading,zone_b,50.4,34,clear,OP1014,expert,EXC002,7.7,17.0,67.3,2026-06-17 08:03:13.548223
T754,hauling,zone_b,34.6,24,rain,OP1018,novice,EXC002,7.7,14.0,57.3,2026-06-17 09:17:16.494490
T755,excavation,zone_b,186.9,125,clear,OP1001,expert,EXC002,7.7,62.7,102.6,2026-06-17 10:26:32.332750
T756,trenching,zone_c,64.5,43,cloudy,OP1004,intermediate,EXC003,7.2,22.1,36.8,2026-06-17 07:00:00.000000
T757,trenching,zone_c,120.7,81,cloudy,OP1013,intermediate,EXC003,7.2,41.7,56.6,2026-06-17 07:45:58.350880
T758,trenching,zone_c,83.8,56,clear,OP1012,expert,EXC003,7.2,28.0,33.3,2026-06-17 08:52:42.711572
T759,grading,zone_c,94.0,63,rain,OP1008,expert,EXC003,7.2,37.0,38.5,2026-06-17 09:31:13.085849
T760,grading,zone_c,134.1,90,clear,OP1008,expert,EXC003,7.2,45.2,49.6,2026-06-17 10:17:20.740664
T761,trenching,zone_d,98.0,66,cloudy,OP1013,intermediate,EXC004,8.0,34.0,45.1,2026-06-17 07:00:00.000000
T762,excavation,zone_d,138.6,93,cloudy,OP1003,expert,EXC004,8.0,47.9,50.2,2026-06-17 07:56:33.127296
T763,grading,zone_d,118.1,79,clear,OP1016,novice,EXC004,8.0,39.5,51.0,2026-06-17 08:58:07.439899
T764,excavation,zone_d,200.7,134,rain,OP1011,intermediate,EXC004,8.0,78.8,85.6,2026-06-17 09:58:28.137017
T765,loading,zone_d,92.7,62,clear,OP1004,intermediate,EXC004,8.0,31.0,72.1,2026-06-17 11:30:58.754502
T766,grading,zone_d,107.3,72,clear,OP1009,novice,EXC004,8.0,36.1,53.3,2026-06-17 12:57:13.860726
T767,loading,zone_a,117.0,78,cloudy,OP1016,novice,EXC005,1.5,40.2,89.1,2026-06-17 07:00:00.000000
T768,loading,zone_a,74.8,50,clear,OP1003,expert,EXC005,1.5,25.0,68.3,2026-06-17 08:39:36.827673
T769,grading,zone_a,85.6,58,rain,OP1012,expert,EXC005,1.5,33.8,41.7,2026-06-17 09:59:14.203407
T770,hauling,zone_a,56.0,38,clear,OP1018,novice,EXC005,1.5,19.1,58.3,2026-06-17 10:47:36.864905
T771,hauling,zone_a,61.5,41,clear,OP1007,expert,EXC005,1.5,20.5,40.6,2026-06-17 11:59:44.063191
T772,excavation,zone_a,128.2,86,clear,OP1009,novice,EXC005,1.5,43.1,61.9,2026-06-17 12:47:56.723169
T773,hauling,zone_a,46.2,31,clear,OP1003,expert,EXC005,1.5,15.5,47.6,2026-06-17 14:01:56.479228
T774,hauling,zone_b,60.2,41,cloudy,OP1020,intermediate,EXC006,5.3,21.1,64.6,2026-06-17 07:00:00.000000
T775,excavation,zone_b,172.4,115,clear,OP1007,expert,EXC006,5.3,57.5,63.9,2026-06-17 08:12:50.354053
T776,hauling,zone_b,38.9,26,rain,OP1004,intermediate,EXC006,5.3,15.1,57.8,2026-06-17 09:26:10.713793
T777,trenching,zone_b,97.5,65,clear,OP1013,intermediate,EXC006,5.3,32.7,50.6,2026-06-17 10:33:56.115177
T778,excavation,zone_b,218.8,146,clear,OP1010,intermediate,EXC006,5.3,73.0,94.3,2026-06-17 11:36:08.142507
T779,trenching,zone_b,57.8,39,cloudy,OP1020,intermediate,EXC006,5.3,20.4,36.0,2026-06-17 13:15:26.899541
T780,grading,zone_b,64.8,44,cloudy,OP1008,expert,EXC006,5.3,23.1,33.2,2026-06-17 13:59:03.526211
T781,trenching,zone_b,122.8,82,clear,OP1001,expert,EXC006,5.3,41.0,47.0,2026-06-17 14:44:28.037406
T782,trenching,zone_c,78.3,53,cloudy,OP1020,intermediate,EXC007,1.0,27.3,39.9,2026-06-17 07:00:00.000000
T783,excavation,zone_c,121.8,82,cloudy,OP1010,intermediate,EXC007,1.0,42.2,48.3,2026-06-17 07:47:37.263432
T784,excavation,zone_c,133.2,89,clear,OP1011,intermediate,EXC007,1.0,44.5,52.9,2026-06-17 08:47:30.944425
T785,excavation,zone_c,177.9,119,rain,OP1003,expert,EXC007,1.0,70.4,70.8,2026-06-17 09:49:49.344230
T786,hauling,zone_c,82.0,55,clear,OP1018,novice,EXC007,1.0,27.5,75.3,2026-06-17 11:05:57.104436
T787,trenching,zone_d,82.2,55,cloudy,OP1004,intermediate,EXC008,6.2,28.3,43.0,2026-06-17 07:00:00.000000
T788,hauling,zone_d,78.7,53,cloudy,OP1019,expert,EXC008,6.2,27.3,74.5,2026-06-17 07:56:07.992257
T789,hauling,zone_d,43.5,29,rain,OP1015,intermediate,EXC008,6.2,16.7,55.5,2026-06-17 09:20:15.406117
T790,excavation,zone_d,82.4,55,clear,OP1016,novice,EXC008,6.2,27.6,44.6,2026-06-17 10:25:14.945558
T791,hauling,zone_d,45.8,31,clear,OP1015,intermediate,EXC008,6.2,15.5,58.4,2026-06-17 11:23:43.403849
T792,trenching,zone_a,100.4,67,clear,OP1013,intermediate,EXC001,5.5,33.5,46.8,2026-06-18 07:00:00.000000
T793,hauling,zone_a,78.3,53,clear,OP1017,intermediate,EXC001,5.5,26.5,67.1,2026-06-18 08:01:00.565137
T794,trenching,zone_a,129.7,87,cloudy,OP1019,expert,EXC001,5.5,44.8,49.1,2026-06-18 09:18:01.295223
T795,hauling,zone_a,68.5,46,clear,OP1017,intermediate,EXC001,5.5,23.0,59.8,2026-06-18 10:12:46.423520
T796,hauling,zone_a,67.2,45,clear,OP1010,intermediate,EXC001,5.5,22.7,56.0,2026-06-18 11:25:45.882496
T797,hauling,zone_b,58.8,40,clear,OP1010,intermediate,EXC002,7.7,20.0,75.9,2026-06-18 07:00:00.000000
T798,trenching,zone_b,89.0,60,clear,OP1020,intermediate,EXC002,7.7,30.0,58.9,2026-06-18 08:23:57.001665
T799,excavation,zone_b,167.3,112,cloudy,OP1020,intermediate,EXC002,7.7,57.7,103.8,2026-06-18 09:33:58.277113
T800,loading,zone_b,57.1,39,clear,OP1009,novice,EXC002,7.7,19.7,58.9,2026-06-18 11:32:05.082908
T801,excavation,zone_b,176.3,118,clear,OP1009,novice,EXC002,7.7,59.4,135.5,2026-06-18 12:41:43.403112
T802,loading,zone_b,104.8,70,cloudy,OP1018,novice,EXC002,7.7,36.1,130.9,2026-06-18 15:04:06.044946
T803,trenching,zone_c,85.0,57,clear,OP1004,intermediate,EXC003,7.2,28.5,39.1,2026-06-18 07:00:00.000000
T804,hauling,zone_c,81.9,55,clear,OP1019,expert,EXC003,7.2,27.5,63.7,2026-06-18 07:51:27.918834
T805,trenching,zone_c,127.4,85,cloudy,OP1003,expert,EXC003,7.2,43.8,47.0,2026-06-18 09:04:13.297867
T806,hauling,zone_c,84.9,57,cloudy,OP1001,expert,EXC003,7.2,29.4,63.7,2026-06-18 09:59:58.921607
T807,excavation,zone_c,159.4,107,clear,OP1017,intermediate,EXC003,7.2,54.1,68.0,2026-06-18 11:15:14.663177
T808,loading,zone_c,98.3,66,clear,OP1009,novice,EXC003,7.2,33.2,67.8,2026-06-18 12:34:56.388025
T809,grading,zone_c,138.7,93,clear,OP1010,intermediate,EXC003,7.2,47.6,54.8,2026-06-18 13:49:15.259329
T810,grading,zone_d,110.6,74,clear,OP1016,novice,EXC004,8.0,37.0,51.5,2026-06-18 07:00:00.000000
T811,trenching,zone_d,124.1,83,clear,OP1009,novice,EXC004,8.0,41.5,65.5,2026-06-18 07:59:01.234230
T812,grading,zone_d,67.0,45,cloudy,OP1006,expert,EXC004,8.0,23.2,30.8,2026-06-18 09:16:48.326246
T813,excavation,zone_d,154.1,103,cloudy,OP1019,expert,EXC004,8.0,53.0,66.2,2026-06-18 09:54:12.945139
T814,hauling,zone_d,37.3,25,clear,OP1020,intermediate,EXC004,8.0,12.6,57.8,2026-06-18 11:12:52.516562
T815,excavation,zone_d,134.9,90,clear,OP1011,intermediate,EXC004,8.0,45.5,52.5,2026-06-18 12:24:08.061710
T816,excavation,zone_d,199.9,134,clear,OP1010,intermediate,EXC004,8.0,68.6,87.5,2026-06-18 13:28:27.838444
T817,excavation,zone_d,216.8,145,cloudy,OP1010,intermediate,EXC004,8.0,74.7,94.0,2026-06-18 15:01:14.972019
T818,trenching,zone_a,78.4,53,clear,OP1013,intermediate,EXC005,1.5,26.5,37.2,2026-06-18 07:00:00.000000
T819,loading,zone_a,60.8,41,clear,OP1006,expert,EXC005,1.5,20.5,55.9,2026-06-18 07:44:18.391929
T820,loading,zone_a,53.5,36,clear,OP1011,intermediate,EXC005,1.5,18.0,52.6,2026-06-18 08:49:20.747111
T821,grading,zone_a,129.0,86,cloudy,OP1009,novice,EXC005,1.5,44.3,63.3,2026-06-18 09:51:57.429927
T822,excavation,zone_a,84.5,57,clear,OP1020,intermediate,EXC005,1.5,28.8,36.0,2026-06-18 11:07:36.335672
T823,loading,zone_a,88.4,59,clear,OP1005,novice,EXC005,1.5,29.9,73.1,2026-06-18 11:55:43.946676
T824,grading,zone_b,110.7,74,clear,OP1014,expert,EXC006,5.3,37.0,48.0,2026-06-18 07:00:00.000000
T825,trenching,zone_b,100.2,67,clear,OP1001,expert,EXC006,5.3,33.5,39.2,2026-06-18 08:00:06.334770
T826,loading,zone_b,57.4,39,clear,OP1012,expert,EXC006,5.3,19.5,44.6,2026-06-18 08:45:41.769763
T827,hauling,zone_b,38.2,26,cloudy,OP1012,expert,EXC006,5.3,13.4,46.4,2026-06-18 09:36:56.837708
T828,grading,zone_c,124.0,83,clear,OP1015,intermediate,EXC007,1.0,41.5,53.1,2026-06-18 07:00:00.000000
T829,excavation,zone_c,170.3,114,clear,OP1001,expert,EXC007,1.0,57.0,64.8,2026-06-18 07:58:50.949801
T830,loading,zone_c,116.7,78,cloudy,OP1007,expert,EXC007,1.0,40.2,85.9,2026-06-18 09:14:11.379475
T831,trenching,zone_c,118.7,80,clear,OP1007,expert,EXC007,1.0,40.0,50.1,2026-06-18 10:53:20.270319
T832,hauling,zone_c,70.5,47,clear,OP1006,expert,EXC007,1.0,23.8,71.1,2026-06-18 11:55:08.813813
T833,loading,zone_c,84.5,57,clear,OP1009,novice,EXC007,1.0,29.2,81.6,2026-06-18 13:20:23.858195
T834,loading,zone_c,99.4,67,clear,OP1011,intermediate,EXC007,1.0,33.5,67.1,2026-06-18 14:55:43.431388
T835,grading,zone_c,107.1,72,rain,OP1005,novice,EXC007,1.0,41.6,82.7,2026-06-18 16:14:01.303910
T836,trenching,zone_d,107.5,72,clear,OP1019,expert,EXC008,6.2,36.0,41.7,2026-06-18 07:00:00.000000
T837,hauling,zone_d,48.2,33,clear,OP1001,expert,EXC008,6.2,16.5,59.7,2026-06-18 07:54:00.027840
T838,grading,zone_d,136.1,91,cloudy,OP1019,expert,EXC008,6.2,46.9,56.8,2026-06-18 09:01:34.912091
T839,hauling,zone_d,58.0,39,clear,OP1013,intermediate,EXC008,6.2,19.5,40.1,2026-06-18 10:05:38.606412
T840,grading,zone_d,73.3,49,clear,OP1012,expert,EXC008,6.2,24.5,33.8,2026-06-18 10:51:53.697131
T841,grading,zone_d,122.2,82,clear,OP1006,expert,EXC008,6.2,41.5,47.4,2026-06-18 11:32:13.613522
T842,trenching,zone_a,110.5,74,clear,OP1011,intermediate,EXC001,5.5,37.0,44.8,2026-06-19 07:00:00.000000
T843,loading,zone_a,96.5,65,clear,OP1013,intermediate,EXC001,5.5,32.5,62.7,2026-06-19 07:55:10.619167
T844,loading,zone_a,58.9,40,rain,OP1015,intermediate,EXC001,5.5,23.1,58.8,2026-06-19 09:07:25.321089
T845,excavation,zone_a,110.8,74,clear,OP1006,expert,EXC001,5.5,37.0,43.2,2026-06-19 10:18:25.508990
T846,hauling,zone_a,88.3,59,clear,OP1015,intermediate,EXC001,5.5,29.5,59.2,2026-06-19 11:09:52.631520
T847,grading,zone_a,138.3,93,storm,OP1012,expert,EXC001,5.5,63.8,70.4,2026-06-19 12:14:55.454254
T848,excavation,zone_b,166.9,112,clear,OP1016,novice,EXC002,7.7,56.0,111.5,2026-06-19 07:00:00.000000
T849,grading,zone_b,81.3,55,rain,OP1018,novice,EXC002,7.7,32.1,79.0,2026-06-19 09:01:36.236957
T850,excavation,zone_b,217.6,146,clear,OP1011,intermediate,EXC002,7.7,73.0,120.3,2026-06-19 10:32:45.791986
T851,loading,zone_b,105.1,71,storm,OP1012,expert,EXC002,7.7,48.7,119.9,2026-06-19 12:46:59.426839
T852,grading,zone_c,109.0,73,clear,OP1020,intermediate,EXC003,7.2,36.5,46.6,2026-06-19 07:00:00.000000
T853,grading,zone_c,83.0,56,clear,OP1004,intermediate,EXC003,7.2,28.0,35.2,2026-06-19 08:00:56.522424
T854,loading,zone_c,56.6,38,clear,OP1006,expert,EXC003,7.2,19.0,61.1,2026-06-19 08:48:34.570445
T855,trenching,zone_c,84.2,57,rain,OP1013,intermediate,EXC003,7.2,33.7,46.8,2026-06-19 09:57:45.778103
T856,grading,zone_c,101.7,68,clear,OP1016,novice,EXC003,7.2,34.0,47.8,2026-06-19 10:54:14.007203
T857,excavation,zone_c,95.1,64,clear,OP1016,novice,EXC003,7.2,32.0,46.6,2026-06-19 11:52:50.790954
T858,excavation,zone_d,152.0,102,clear,OP1019,expert,EXC004,8.0,51.0,62.0,2026-06-19 07:00:00.000000
T859,trenching,zone_d,63.1,43,clear,OP1015,intermediate,EXC004,8.0,21.5,32.0,2026-06-19 08:07:23.758944
T860,grading,zone_d,107.3,72,clear,OP1003,expert,EXC004,8.0,36.0,38.6,2026-06-19 08:51:11.168304
T861,trenching,zone_d,107.4,72,rain,OP1005,novice,EXC004,8.0,41.6,77.9,2026-06-19 09:43:14.804598
T862,grading,zone_d,84.6,57,clear,OP1005,novice,EXC004,8.0,28.5,62.4,2026-06-19 11:07:51.032650
T863,trenching,zone_a,117.9,79,clear,OP1020,intermediate,EXC005,1.5,39.5,46.1,2026-06-19 07:00:00.000000
T864,excavation,zone_a,80.2,54,clear,OP1008,expert,EXC005,1.5,27.0,34.3,2026-06-19 08:01:02.830869
T865,trenching,zone_a,115.4,77,clear,OP1001,expert,EXC005,1.5,38.5,44.1,2026-06-19 08:42:00.161695
T866,hauling,zone_a,42.5,29,rain,OP1009,novice,EXC005,1.5,17.0,42.7,2026-06-19 09:32:36.448238
T867,excavation,zone_a,146.2,98,clear,OP1009,novice,EXC005,1.5,49.0,62.1,2026-06-19 10:28:21.256736
T868,grading,zone_a,78.0,52,clear,OP1006,expert,EXC005,1.5,26.0,35.0,2026-06-19 11:39:38.561622
T869,excavation,zone_a,120.6,81,storm,OP1005,novice,EXC005,1.5,54.9,83.4,2026-06-19 12:28:23.979158
T870,trenching,zone_a,113.3,76,clear,OP1001,expert,EXC005,1.5,38.0,43.3,2026-06-19 14:03:25.516658
T871,trenching,zone_b,84.5,57,clear,OP1008,expert,EXC006,5.3,28.5,36.3,2026-06-19 07:00:00.000000
T872,trenching,zone_b,106.7,72,clear,OP1009,novice,EXC006,5.3,36.0,60.8,2026-06-19 07:41:22.662870
T873,loading,zone_b,92.8,62,clear,OP1005,novice,EXC006,5.3,31.0,104.2,2026-06-19 08:48:22.880504
T874,trenching,zone_b,61.8,42,clear,OP1013,intermediate,EXC006,5.3,21.0,36.3,2026-06-19 10:45:22.372031
T875,loading,zone_b,98.2,66,clear,OP1001,expert,EXC006,5.3,33.0,59.5,2026-06-19 11:31:21.950213
T876,grading,zone_c,79.4,53,clear,OP1020,intermediate,EXC007,1.0,26.5,39.7,2026-06-19 07:00:00.000000
T877,loading,zone_c,101.3,68,clear,OP1017,intermediate,EXC007,1.0,34.0,60.4,2026-06-19 07:44:57.392667
T878,grading,zone_c,85.7,58,clear,OP1017,intermediate,EXC007,1.0,29.0,40.2,2026-06-19 08:58:28.284620
T879,loading,zone_c,104.2,70,rain,OP1003,expert,EXC007,1.0,41.4,75.4,2026-06-19 09:52:39.388291
T880,grading,zone_c,76.7,52,clear,OP1018,novice,EXC007,1.0,26.0,51.5,2026-06-19 11:16:53.248089
T881,loading,zone_d,51.4,35,clear,OP1003,expert,EXC008,6.2,17.5,47.0,2026-06-19 07:00:00.000000
T882,grading,zone_d,91.7,62,clear,OP1007,expert,EXC008,6.2,31.0,36.6,2026-06-19 07:55:59.795770
T883,loading,zone_d,119.0,80,clear,OP1006,expert,EXC008,6.2,40.0,79.1,2026-06-19 08:45:49.163257
T884,hauling,zone_d,88.5,59,clear,OP1001,expert,EXC008,6.2,29.5,52.2,2026-06-19 10:11:07.402383
T885,excavation,zone_d,189.1,127,clear,OP1002,intermediate,EXC008,6.2,63.5,88.0,2026-06-19 11:17:01.399246
T886,loading,zone_d,43.5,29,storm,OP1004,intermediate,EXC008,6.2,19.8,45.3,2026-06-19 12:54:09.106267
T887,grading,zone_d,130.8,88,clear,OP1009,novice,EXC008,6.2,44.8,70.4,2026-06-19 13:52:49.681534
T888,hauling,zone_a,63.7,43,clear,OP1012,expert,EXC001,5.5,21.5,60.4,2026-06-20 07:00:00.000000
T889,excavation,zone_a,110.5,74,storm,OP1012,expert,EXC001,5.5,49.4,56.9,2026-06-20 08:12:05.586626
T890,hauling,zone_a,79.0,53,clear,OP1010,intermediate,EXC001,5.5,26.5,63.4,2026-06-20 09:20:44.477825
T891,trenching,zone_a,117.9,79,clear,OP1003,expert,EXC001,5.5,39.5,42.4,2026-06-20 10:31:19.076509
T892,hauling,zone_a,74.4,50,clear,OP1005,novice,EXC001,5.5,25.0,97.7,2026-06-20 11:21:47.158130
T893,excavation,zone_a,100.5,67,clear,OP1019,expert,EXC001,5.5,33.5,42.8,2026-06-20 13:13:40.890516
T894,loading,zone_a,90.9,61,cloudy,OP1015,intermediate,EXC001,5.5,31.9,56.7,2026-06-20 14:11:17.279578
T895,hauling,zone_b,32.0,22,clear,OP1001,expert,EXC002,7.7,11.0,37.3,2026-06-20 07:00:00.000000
T896,trenching,zone_b,108.5,73,clear,OP1004,intermediate,EXC002,7.7,36.5,77.3,2026-06-20 07:46:48.398582
T897,grading,zone_b,96.8,65,clear,OP1002,intermediate,EXC002,7.7,32.5,73.4,2026-06-20 09:11:33.162972
T898,grading,zone_b,93.5,63,clear,OP1003,expert,EXC002,7.7,31.5,50.1,2026-06-20 10:34:30.797396
T899,excavation,zone_b,129.3,87,clear,OP1009,novice,EXC002,7.7,43.5,102.9,2026-06-20 11:38:34.763314
T900,grading,zone_b,121.8,82,clear,OP1019,expert,EXC002,7.7,41.0,75.4,2026-06-20 13:33:50.552201
T901,trenching,zone_c,96.1,65,clear,OP1016,novice,EXC003,7.2,32.5,45.7,2026-06-20 07:00:00.000000
T902,hauling,zone_c,80.4,54,clear,OP1002,intermediate,EXC003,7.2,27.0,73.5,2026-06-20 07:51:13.908828
T903,trenching,zone_c,114.3,77,clear,OP1015,intermediate,EXC003,7.2,38.5,49.5,2026-06-20 09:11:06.256312
T904,excavation,zone_c,156.1,105,clear,OP1018,novice,EXC003,7.2,52.5,84.3,2026-06-20 10:09:10.084935
T905,loading,zone_c,70.0,47,clear,OP1017,intermediate,EXC003,7.2,23.5,63.4,2026-06-20 11:39:54.384031
T906,trenching,zone_d,78.9,53,clear,OP1009,novice,EXC004,8.0,26.5,46.2,2026-06-20 07:00:00.000000
T907,loading,zone_d,44.3,30,clear,OP1008,expert,EXC004,8.0,15.0,38.7,2026-06-20 07:55:32.571708
T908,loading,zone_d,70.9,48,storm,OP1006,expert,EXC004,8.0,31.8,70.7,2026-06-20 08:40:18.373961
T909,hauling,zone_d,88.2,59,clear,OP1005,novice,EXC004,8.0,29.5,95.4,2026-06-20 09:58:56.199913
T910,loading,zone_d,93.7,63,clear,OP1016,novice,EXC004,8.0,31.5,62.0,2026-06-20 11:48:20.912832
T911,excavation,zone_d,173.5,116,clear,OP1002,intermediate,EXC004,8.0,58.0,79.9,2026-06-20 13:05:12.761678
T912,hauling,zone_d,70.2,47,cloudy,OP1015,intermediate,EXC004,8.0,24.6,54.6,2026-06-20 14:34:54.534414
T913,trenching,zone_a,100.8,68,clear,OP1015,intermediate,EXC005,1.5,34.0,42.4,2026-06-20 07:00:00.000000
T914,hauling,zone_a,54.4,37,clear,OP1004,intermediate,EXC005,1.5,18.5,41.6,2026-06-20 07:51:46.968462
T915,loading,zone_a,112.1,75,storm,OP1015,intermediate,EXC005,1.5,49.0,84.5,2026-06-20 08:45:00.661329
T916,grading,zone_a,101.5,68,clear,OP1011,intermediate,EXC005,1.5,34.0,38.3,2026-06-20 10:16:30.417519
T917,hauling,zone_a,33.4,23,clear,OP1008,expert,EXC005,1.5,11.5,33.8,2026-06-20 11:02:53.650029
T918,grading,zone_a,148.1,99,clear,OP1001,expert,EXC005,1.5,49.5,50.0,2026-06-20 11:45:59.075094
T919,loading,zone_a,96.0,64,clear,OP1010,intermediate,EXC005,1.5,32.4,64.5,2026-06-20 12:42:36.644585
T920,loading,zone_b,103.7,70,clear,OP1016,novice,EXC006,5.3,35.0,88.9,2026-06-20 07:00:00.000000
T921,hauling,zone_b,54.3,37,storm,OP1019,expert,EXC006,5.3,24.4,57.3,2026-06-20 08:39:09.437853
T922,loading,zone_b,44.5,30,clear,OP1010,intermediate,EXC006,5.3,15.0,65.0,2026-06-20 09:46:32.678270
T923,trenching,zone_b,108.4,73,clear,OP1015,intermediate,EXC006,5.3,36.5,53.3,2026-06-20 10:58:02.618373
T924,hauling,zone_b,51.7,35,clear,OP1018,novice,EXC006,5.3,17.7,63.1,2026-06-20 12:05:52.040955
T925,grading,zone_b,106.3,71,clear,OP1005,novice,EXC006,5.3,35.5,79.3,2026-06-20 13:16:59.418521
T926,excavation,zone_c,90.6,61,clear,OP1001,expert,EXC007,1.0,30.5,41.3,2026-06-20 07:00:00.000000
T927,hauling,zone_c,48.2,33,clear,OP1008,expert,EXC007,1.0,16.5,62.6,2026-06-20 07:50:49.316384
T928,excavation,zone_c,89.5,60,clear,OP1015,intermediate,EXC007,1.0,30.0,41.2,2026-06-20 09:03:45.445495
T929,excavation,zone_c,203.0,136,clear,OP1019,expert,EXC007,1.0,68.0,82.4,2026-06-20 09:54:40.925306
T930,hauling,zone_c,33.2,23,clear,OP1014,expert,EXC007,1.0,11.5,50.4,2026-06-20 11:26:17.551957
T931,hauling,zone_d,83.1,56,clear,OP1013,intermediate,EXC008,6.2,28.0,64.7,2026-06-20 07:00:00.000000
T932,trenching,zone_d,91.3,61,storm,OP1009,novice,EXC008,6.2,41.0,60.7,2026-06-20 08:14:16.086001
T933,excavation,zone_d,168.5,113,clear,OP1008,expert,EXC008,6.2,56.5,60.6,2026-06-20 09:22:35.644870
T934,loading,zone_d,73.0,49,clear,OP1004,intermediate,EXC008,6.2,24.5,74.6,2026-06-20 10:28:56.934052
T935,loading,zone_d,66.3,45,clear,OP1016,novice,EXC008,6.2,22.5,63.3,2026-06-20 11:54:30.641383
T936,grading,zone_d,135.5,91,clear,OP1018,novice,EXC008,6.2,45.5,79.6,2026-06-20 13:03:33.436478
T937,excavation,zone_d,182.6,122,cloudy,OP1016,novice,EXC008,6.2,63.7,96.1,2026-06-20 14:33:39.068646
T938,trenching,zone_d,94.5,63,cloudy,OP1010,intermediate,EXC008,6.2,32.4,45.2,2026-06-20 16:21:19.357530
T939,trenching,zone_a,86.9,58,clear,OP1002,intermediate,EXC001,5.5,29.0,41.2,2026-06-21 07:00:00.000000
T940,loading,zone_a,51.1,35,clear,OP1019,expert,EXC001,5.5,17.5,48.6,2026-06-21 07:52:55.510422
T941,excavation,zone_a,145.4,97,cloudy,OP1020,intermediate,EXC001,5.5,50.0,62.1,2026-06-21 08:47:40.341679
T942,grading,zone_a,147.1,99,rain,OP1016,novice,EXC001,5.5,57.2,79.6,2026-06-21 10:03:19.759474
T943,grading,zone_a,131.3,88,rain,OP1002,intermediate,EXC001,5.5,51.4,68.9,2026-06-21 11:27:59.913845
T944,trenching,zone_b,75.7,51,clear,OP1016,novice,EXC002,7.7,25.5,58.8,2026-06-21 07:00:00.000000
T945,trenching,zone_b,87.9,59,cloudy,OP1014,expert,EXC002,7.7,30.4,63.3,2026-06-21 08:07:05.674720
T946,loading,zone_b,72.7,49,clear,OP1015,intermediate,EXC002,7.7,24.5,70.4,2026-06-21 09:20:28.369695
T947,hauling,zone_b,68.2,46,rain,OP1011,intermediate,EXC002,7.7,27.0,80.4,2026-06-21 10:36:15.402588
T948,excavation,zone_c,131.4,88,clear,OP1015,intermediate,EXC003,7.2,44.0,51.8,2026-06-21 07:00:00.000000
T949,grading,zone_c,132.4,89,cloudy,OP1004,intermediate,EXC003,7.2,45.8,62.1,2026-06-21 08:00:25.218588
T950,loading,zone_c,62.2,42,clear,OP1016,novice,EXC003,7.2,21.0,69.4,2026-06-21 09:13:20.079214
T951,grading,zone_c,73.1,49,rain,OP1008,expert,EXC003,7.2,28.8,38.5,2026-06-21 10:33:15.573811
T952,hauling,zone_c,68.0,46,rain,OP1018,novice,EXC003,7.2,26.9,80.2,2026-06-21 11:23:58.684092
T953,excavation,zone_c,185.1,124,cloudy,OP1017,intermediate,EXC003,7.2,64.5,79.9,2026-06-21 12:53:22.750776
T954,loading,zone_c,82.4,55,cloudy,OP1011,intermediate,EXC003,7.2,28.3,64.6,2026-06-21 14:20:53.267212
T955,hauling,zone_c,59.3,40,storm,OP1009,novice,EXC003,7.2,26.9,65.8,2026-06-21 15:33:05.041261
T956,excavation,zone_d,173.8,116,clear,OP1015,intermediate,EXC004,8.0,58.0,72.8,2026-06-21 07:00:00.000000
T957,loading,zone_d,58.8,40,cloudy,OP1002,intermediate,EXC004,8.0,20.6,52.3,2026-06-21 08:27:33.331054
T958,excavation,zone_d,136.8,92,clear,OP1011,intermediate,EXC004,8.0,46.0,54.6,2026-06-21 09:34:43.209938
T959,hauling,zone_d,43.7,30,rain,OP1010,intermediate,EXC004,8.0,17.7,38.4,2026-06-21 10:36:11.283699
T960,excavation,zone_d,152.1,102,rain,OP1007,expert,EXC004,8.0,59.3,66.3,2026-06-21 11:22:49.381057
T961,loading,zone_d,87.0,58,cloudy,OP1017,intermediate,EXC004,8.0,30.2,85.1,2026-06-21 12:36:54.328494
T962,trenching,zone_d,74.6,50,cloudy,OP1007,expert,EXC004,8.0,25.8,33.8,2026-06-21 14:07:42.228071
T963,loading,zone_d,105.9,71,cloudy,OP1011,intermediate,EXC004,8.0,36.6,67.1,2026-06-21 14:48:31.979617
T964,trenching,zone_a,90.6,61,clear,OP1015,intermediate,EXC005,1.5,30.5,40.5,2026-06-21 07:00:00.000000
T965,loading,zone_a,40.9,28,clear,OP1015,intermediate,EXC005,1.5,14.0,53.1,2026-06-21 07:50:33.431967
T966,loading,zone_a,69.1,47,cloudy,OP1013,intermediate,EXC005,1.5,24.2,72.6,2026-06-21 08:51:07.335000
T967,grading,zone_a,67.6,46,rain,OP1013,intermediate,EXC005,1.5,27.2,37.1,2026-06-21 10:17:02.352700
T968,grading,zone_a,129.1,87,rain,OP1007,expert,EXC005,1.5,50.6,49.4,2026-06-21 11:06:30.047693
T969,grading,zone_a,132.3,89,cloudy,OP1018,novice,EXC005,1.5,46.2,76.8,2026-06-21 12:03:28.459328
T970,hauling,zone_a,83.4,56,cloudy,OP1018,novice,EXC005,1.5,28.8,70.0,2026-06-21 13:31:19.572910
T971,grading,zone_a,121.6,82,cloudy,OP1014,expert,EXC005,1.5,42.2,54.6,2026-06-21 14:54:20.717994
T972,trenching,zone_b,66.0,44,clear,OP1008,expert,EXC006,5.3,22.0,29.3,2026-06-21 07:00:00.000000
T973,grading,zone_b,121.4,81,clear,OP1013,intermediate,EXC006,5.3,40.5,62.1,2026-06-21 07:36:42.069037
T974,loading,zone_b,118.4,79,cloudy,OP1007,expert,EXC006,5.3,40.7,83.1,2026-06-21 08:53:02.113829
T975,excavation,zone_b,85.9,58,rain,OP1011,intermediate,EXC006,5.3,34.1,45.0,2026-06-21 10:29:14.447795
T976,hauling,zone_b,58.4,39,rain,OP1002,intermediate,EXC006,5.3,22.8,50.8,2026-06-21 11:26:44.978907
T977,trenching,zone_b,118.1,79,cloudy,OP1020,intermediate,EXC006,5.3,41.0,52.3,2026-06-21 12:24:58.001752
T978,loading,zone_c,90.6,61,clear,OP1020,intermediate,EXC007,1.0,30.5,78.8,2026-06-21 07:00:00.000000
T979,trenching,zone_c,73.9,50,cloudy,OP1003,expert,EXC007,1.0,25.8,29.1,2026-06-21 08:30:12.781693
T980,hauling,zone_c,81.3,55,clear,OP1013,intermediate,EXC007,1.0,27.5,77.1,2026-06-21 09:12:05.637394
T981,loading,zone_c,53.4,36,rain,OP1009,novice,EXC007,1.0,21.1,57.4,2026-06-21 10:40:18.999233
T982,trenching,zone_c,55.9,38,rain,OP1017,intermediate,EXC007,1.0,22.4,35.3,2026-06-21 11:49:55.292008
T983,trenching,zone_d,114.5,77,clear,OP1018,novice,EXC008,6.2,38.5,60.6,2026-06-21 07:00:00.000000
T984,grading,zone_d,67.9,46,cloudy,OP1010,intermediate,EXC008,6.2,23.7,32.6,2026-06-21 08:08:01.703175
T985,hauling,zone_d,86.7,58,cloudy,OP1009,novice,EXC008,6.2,29.9,85.7,2026-06-21 08:54:31.120817
T986,hauling,zone_d,68.9,46,rain,OP1010,intermediate,EXC008,6.2,27.1,78.0,2026-06-21 10:32:17.122298
T987,loading,zone_d,57.5,39,cloudy,OP1011,intermediate,EXC008,6.2,20.3,60.0,2026-06-21 12:02:31.206705
T988,hauling,zone_a,62.9,42,clear,OP1005,novice,EXC001,5.5,21.0,88.8,2026-06-22 07:00:00.000000
T989,grading,zone_a,96.5,65,clear,OP1004,intermediate,EXC001,5.5,32.5,46.9,2026-06-22 08:39:38.798687
T990,excavation,zone_a,202.6,136,clear,OP1006,expert,EXC001,5.5,68.0,72.8,2026-06-22 09:33:51.703582
T991,trenching,zone_a,96.9,65,clear,OP1016,novice,EXC001,5.5,32.5,48.2,2026-06-22 10:52:17.314567
T992,grading,zone_a,137.2,92,clear,OP1006,expert,EXC001,5.5,46.0,54.7,2026-06-22 11:48:34.865006
T993,excavation,zone_a,170.2,114,clear,OP1015,intermediate,EXC001,5.5,57.0,66.7,2026-06-22 12:56:43.220959
T994,grading,zone_a,74.2,50,clear,OP1001,expert,EXC001,5.5,25.1,28.2,2026-06-22 14:11:58.098803
T995,excavation,zone_a,86.1,58,clear,OP1019,expert,EXC001,5.5,29.1,42.9,2026-06-22 14:49:03.310202
T996,trenching,zone_b,97.0,65,clear,OP1003,expert,EXC002,7.7,32.5,52.5,2026-06-22 07:00:00.000000
T997,excavation,zone_b,200.6,134,clear,OP1008,expert,EXC002,7.7,67.0,109.4,2026-06-22 07:58:42.664069
T998,grading,zone_b,69.2,47,clear,OP1006,expert,EXC002,7.7,23.5,45.1,2026-06-22 09:58:39.315415
T999,grading,zone_b,127.8,86,clear,OP1005,novice,EXC002,7.7,43.0,125.0,2026-06-22 10:52:30.930016
T1000,loading,zone_b,59.5,40,clear,OP1001,expert,EXC002,7.7,20.0,76.4,2026-06-22 13:05:44.820765
T1001,grading,zone_b,119.8,80,clear,OP1011,intermediate,EXC002,7.7,40.3,83.5,2026-06-22 14:32:46.550531
T1002,loading,zone_b,96.5,65,storm,OP1007,expert,EXC002,7.7,43.1,117.7,2026-06-22 16:09:17.032418
T1003,trenching,zone_c,104.2,70,clear,OP1008,expert,EXC003,7.2,35.0,39.9,2026-06-22 07:00:00.000000
T1004,excavation,zone_c,186.8,125,clear,OP1006,expert,EXC003,7.2,62.5,68.4,2026-06-22 07:52:10.256113
T1005,excavation,zone_c,84.5,57,clear,OP1010,intermediate,EXC003,7.2,28.5,39.4,2026-06-22 09:12:42.944026
T1006,excavation,zone_c,110.1,74,clear,OP1003,expert,EXC003,7.2,37.0,42.4,2026-06-22 10:06:04.465646
T1007,grading,zone_c,144.2,97,clear,OP1019,expert,EXC003,7.2,48.5,60.4,2026-06-22 10:59:25.803249
T1008,hauling,zone_c,61.9,42,clear,OP1013,intermediate,EXC003,7.2,21.0,66.7,2026-06-22 12:09:25.413367
T1009,excavation,zone_c,177.1,119,clear,OP1007,expert,EXC003,7.2,59.5,70.6,2026-06-22 13:26:38.004949
T1010,loading,zone_c,102.4,69,clear,OP1013,intermediate,EXC003,7.2,34.7,68.2,2026-06-22 14:48:06.705205
T1011,grading,zone_d,116.0,78,clear,OP1019,expert,EXC004,8.0,39.0,52.5,2026-06-22 07:00:00.000000
T1012,hauling,zone_d,50.8,34,clear,OP1017,intermediate,EXC004,8.0,17.0,48.9,2026-06-22 08:00:51.155127
T1013,hauling,zone_d,82.4,55,clear,OP1008,expert,EXC004,8.0,27.5,67.2,2026-06-22 08:56:18.965575
T1014,trenching,zone_d,111.4,75,clear,OP1010,intermediate,EXC004,8.0,37.5,49.3,2026-06-22 10:09:01.474180
T1015,hauling,zone_a,51.8,35,clear,OP1013,intermediate,EXC005,1.5,17.5,51.3,2026-06-22 07:00:00.000000
T1016,trenching,zone_a,88.2,59,clear,OP1020,intermediate,EXC005,1.5,29.5,38.1,2026-06-22 07:59:29.224526
T1017,hauling,zone_a,62.1,42,clear,OP1020,intermediate,EXC005,1.5,21.0,56.7,2026-06-22 08:51:29.400124
T1018,trenching,zone_a,98.6,66,clear,OP1001,expert,EXC005,1.5,33.0,42.0,2026-06-22 09:54:13.631529
T1019,loading,zone_a,56.0,38,clear,OP1005,novice,EXC005,1.5,19.0,88.8,2026-06-22 10:45:39.191581
T1020,grading,zone_b,118.7,80,clear,OP1002,intermediate,EXC006,5.3,40.0,60.9,2026-06-22 07:00:00.000000
T1021,grading,zone_b,134.7,90,clear,OP1015,intermediate,EXC006,5.3,45.0,62.0,2026-06-22 08:09:38.725446
T1022,hauling,zone_b,76.9,52,clear,OP1013,intermediate,EXC006,5.3,26.0,66.7,2026-06-22 09:23:04.012843
T1023,loading,zone_b,107.7,72,clear,OP1011,intermediate,EXC006,5.3,36.0,69.1,2026-06-22 10:34:51.990538
T1024,trenching,zone_b,103.8,70,clear,OP1007,expert,EXC006,5.3,35.0,43.9,2026-06-22 11:53:45.980337
T1025,loading,zone_c,54.5,37,clear,OP1018,novice,EXC007,1.0,18.5,65.0,2026-06-22 07:00:00.000000
T1026,grading,zone_c,110.3,74,clear,OP1006,expert,EXC007,1.0,37.0,42.9,2026-06-22 08:19:13.308628
T1027,excavation,zone_c,120.6,81,clear,OP1016,novice,EXC007,1.0,40.5,58.0,2026-06-22 09:09:41.070174
T1028,loading,zone_c,77.6,52,clear,OP1008,expert,EXC007,1.0,26.0,62.1,2026-06-22 10:12:46.605547
T1029,hauling,zone_d,52.1,35,clear,OP1002,intermediate,EXC008,6.2,17.5,61.4,2026-06-22 07:00:00.000000
T1030,trenching,zone_d,82.2,55,clear,OP1018,novice,EXC008,6.2,27.5,42.7,2026-06-22 08:13:39.577653
T1031,grading,zone_d,140.0,94,clear,OP1006,expert,EXC008,6.2,47.0,58.3,2026-06-22 09:02:03.270611
T1032,loading,zone_d,98.2,66,clear,OP1001,expert,EXC008,6.2,33.0,60.6,2026-06-22 10:14:54.968169
T1033,loading,zone_a,50.4,34,storm,OP1014,expert,EXC001,5.5,22.4,45.2,2026-06-23 07:00:00.000000
T1034,excavation,zone_a,110.9,74,storm,OP1014,expert,EXC001,5.5,48.7,59.2,2026-06-23 07:59:46.895214
T1035,grading,zone_a,99.6,67,clear,OP1002,intermediate,EXC001,5.5,33.5,48.4,2026-06-23 09:10:52.787976
T1036,loading,zone_a,80.8,54,cloudy,OP1008,expert,EXC001,5.5,27.8,53.8,2026-06-23 10:13:16.823037
T1037,trenching,zone_a,85.4,57,clear,OP1016,novice,EXC001,5.5,28.5,41.5,2026-06-23 11:22:00.990918
T1038,trenching,zone_a,82.1,55,cloudy,OP1016,novice,EXC001,5.5,28.3,40.6,2026-06-23 12:15:31.594239
T1039,grading,zone_a,137.1,92,cloudy,OP1014,expert,EXC001,5.5,47.4,59.0,2026-06-23 13:02:00.284453
T1040,loading,zone_b,86.1,58,storm,OP1015,intermediate,EXC002,7.7,37.9,108.4,2026-06-23 07:00:00.000000
T1041,hauling,zone_b,46.2,31,cloudy,OP1011,intermediate,EXC002,7.7,16.0,58.4,2026-06-23 08:55:55.590752
T1042,grading,zone_b,109.5,73,cloudy,OP1004,intermediate,EXC002,7.7,37.6,84.8,2026-06-23 10:04:19.391319
T1043,grading,zone_b,123.6,83,clear,OP1008,expert,EXC002,7.7,41.5,74.2,2026-06-23 11:36:26.366052
T1044,excavation,zone_b,160.6,108,cloudy,OP1017,intermediate,EXC002,7.7,55.6,131.3,2026-06-23 13:01:30.353454
T1045,trenching,zone_c,117.6,79,storm,OP1012,expert,EXC003,7.2,52.7,60.2,2026-06-23 07:00:00.000000
T1046,excavation,zone_c,165.4,111,cloudy,OP1004,intermediate,EXC003,7.2,57.2,72.5,2026-06-23 08:11:29.422196
T1047,hauling,zone_c,44.0,30,clear,OP1007,expert,EXC003,7.2,15.0,47.1,2026-06-23 09:29:53.668301
T1048,loading,zone_c,57.3,39,cloudy,OP1020,intermediate,EXC003,7.2,20.1,43.2,2026-06-23 10:27:58.424989
T1049,excavation,zone_c,216.4,145,clear,OP1020,intermediate,EXC003,7.2,72.5,82.1,2026-06-23 11:23:34.347401
T1050,trenching,zone_c,73.7,50,cloudy,OP1014,expert,EXC003,7.2,25.8,33.4,2026-06-23 12:59:21.604269
T1051,grading,zone_c,101.1,68,cloudy,OP1008,expert,EXC003,7.2,35.0,46.1,2026-06-23 13:43:23.891554
T1052,grading,zone_d,115.3,77,storm,OP1017,intermediate,EXC004,8.0,52.2,71.4,2026-06-23 07:00:00.000000
T1053,loading,zone_d,108.1,73,cloudy,OP1010,intermediate,EXC004,8.0,37.6,80.3,2026-06-23 08:24:36.897825
T1054,grading,zone_d,142.7,96,clear,OP1004,intermediate,EXC004,8.0,48.0,70.4,2026-06-23 09:52:28.328358
T1055,excavation,zone_d,200.3,134,clear,OP1017,intermediate,EXC004,8.0,67.0,87.3,2026-06-23 11:11:42.909252
T1056,hauling,zone_d,57.9,39,cloudy,OP1009,novice,EXC004,8.0,20.1,56.8,2026-06-23 12:46:34.171687
T1057,hauling,zone_a,60.1,41,storm,OP1003,expert,EXC005,1.5,28.0,43.8,2026-06-23 07:00:00.000000
T1058,grading,zone_a,94.5,63,storm,OP1014,expert,EXC005,1.5,41.5,48.0,2026-06-23 07:49:11.066358
T1059,excavation,zone_a,109.6,74,cloudy,OP1005,novice,EXC005,1.5,38.1,67.4,2026-06-23 08:49:19.865841
T1060,grading,zone_a,123.3,83,cloudy,OP1010,intermediate,EXC005,1.5,42.7,58.2,2026-06-23 10:05:39.580721
T1061,hauling,zone_a,65.6,44,clear,OP1001,expert,EXC005,1.5,22.0,59.8,2026-06-23 11:13:44.233651
T1062,loading,zone_b,106.3,71,storm,OP1013,intermediate,EXC006,5.3,48.4,107.1,2026-06-23 07:00:00.000000
T1063,hauling,zone_b,67.6,46,clear,OP1007,expert,EXC006,5.3,23.0,45.6,2026-06-23 09:01:48.958963
T1064,trenching,zone_b,53.6,36,clear,OP1006,expert,EXC006,5.3,18.0,28.8,2026-06-23 09:58:11.804444
T1065,trenching,zone_b,99.5,67,cloudy,OP1016,novice,EXC006,5.3,34.5,52.3,2026-06-23 10:38:19.785929
T1066,loading,zone_b,42.0,28,clear,OP1005,novice,EXC006,5.3,14.0,64.4,2026-06-23 11:45:35.660998
T1067,excavation,zone_b,123.8,83,cloudy,OP1007,expert,EXC006,5.3,42.7,52.6,2026-06-23 13:04:12.984309
T1068,trenching,zone_c,120.0,80,storm,OP1019,expert,EXC007,1.0,52.7,71.9,2026-06-23 07:00:00.000000
T1069,excavation,zone_c,190.3,127,cloudy,OP1010,intermediate,EXC007,1.0,65.4,85.7,2026-06-23 08:22:36.432650
T1070,trenching,zone_c,128.9,86,clear,OP1003,expert,EXC007,1.0,43.0,45.3,2026-06-23 09:58:58.370781
T1071,grading,zone_c,98.1,66,cloudy,OP1008,expert,EXC007,1.0,34.0,39.0,2026-06-23 10:50:12.063326
T1072,grading,zone_c,141.2,95,clear,OP1020,intermediate,EXC007,1.0,47.5,60.6,2026-06-23 11:44:05.504921
T1073,excavation,zone_c,155.6,104,cloudy,OP1013,intermediate,EXC007,1.0,53.6,74.5,2026-06-23 12:54:16.031390
T1074,loading,zone_c,49.5,33,cloudy,OP1012,expert,EXC007,1.0,17.0,53.0,2026-06-23 14:18:49.131441
T1075,excavation,zone_d,217.3,145,storm,OP1016,novice,EXC008,6.2,95.1,130.9,2026-06-23 07:00:00.000000
T1076,grading,zone_d,113.3,76,clear,OP1002,intermediate,EXC008,6.2,38.0,53.4,2026-06-23 09:17:42.954142
T1077,loading,zone_d,111.4,75,cloudy,OP1008,expert,EXC008,6.2,38.6,72.8,2026-06-23 10:24:33.925736
T1078,excavation,zone_d,157.1,105,clear,OP1002,intermediate,EXC008,6.2,52.5,74.8,2026-06-23 11:50:35.086772
T1079,grading,zone_a,82.1,55,clear,OP1010,intermediate,EXC001,5.5,27.5,38.1,2026-06-24 07:00:00.000000
T1080,trenching,zone_a,114.2,77,clear,OP1009,novice,EXC001,5.5,38.5,57.2,2026-06-24 07:49:14.286483
T1081,hauling,zone_a,61.7,42,clear,OP1012,expert,EXC001,5.5,21.0,47.7,2026-06-24 08:59:21.718110
T1082,trenching,zone_a,125.7,84,clear,OP1018,novice,EXC001,5.5,42.0,68.6,2026-06-24 10:01:35.685808
T1083,loading,zone_a,101.8,68,cloudy,OP1002,intermediate,EXC001,5.5,35.0,62.2,2026-06-24 11:17:30.208460
T1084,loading,zone_a,56.4,38,clear,OP1006,expert,EXC001,5.5,19.0,35.5,2026-06-24 12:27:30.581309
T1085,loading,zone_a,57.8,39,rain,OP1012,expert,EXC001,5.5,22.8,60.6,2026-06-24 13:14:35.933536
T1086,trenching,zone_a,120.7,81,clear,OP1020,intermediate,EXC001,5.5,40.5,64.9,2026-06-24 14:20:43.191201
T1087,trenching,zone_b,62.7,42,clear,OP1012,expert,EXC002,7.7,21.0,45.0,2026-06-24 07:00:00.000000
T1088,loading,zone_b,111.3,75,clear,OP1013,intermediate,EXC002,7.7,37.5,125.9,2026-06-24 07:53:15.239370
T1089,excavation,zone_b,94.0,63,clear,OP1016,novice,EXC002,7.7,31.5,78.6,2026-06-24 10:11:28.760586
T1090,hauling,zone_b,43.8,30,cloudy,OP1004,intermediate,EXC002,7.7,15.4,65.3,2026-06-24 11:42:56.379387
T1091,trenching,zone_b,118.9,80,rain,OP1018,novice,EXC002,7.7,46.8,128.2,2026-06-24 13:01:33.141789
T1092,trenching,zone_c,70.0,47,clear,OP1015,intermediate,EXC003,7.2,23.5,37.1,2026-06-24 07:00:00.000000
T1093,grading,zone_c,115.5,77,clear,OP1006,expert,EXC003,7.2,38.5,47.0,2026-06-24 07:48:16.463439
T1094,trenching,zone_c,52.0,35,clear,OP1011,intermediate,EXC003,7.2,17.5,24.1,2026-06-24 08:41:48.399871
T1095,hauling,zone_c,83.4,56,clear,OP1004,intermediate,EXC003,7.2,28.0,70.0,2026-06-24 09:13:57.058008
T1096,grading,zone_c,140.6,94,clear,OP1016,novice,EXC003,7.2,47.0,68.7,2026-06-24 10:33:35.097416
T1097,trenching,zone_c,93.7,63,cloudy,OP1013,intermediate,EXC003,7.2,32.4,49.8,2026-06-24 11:56:49.237755
T1098,excavation,zone_d,203.1,136,clear,OP1006,expert,EXC004,8.0,68.0,79.4,2026-06-24 07:00:00.000000
T1099,trenching,zone_d,78.9,53,clear,OP1010,intermediate,EXC004,8.0,26.5,37.8,2026-06-24 08:29:41.214034
T1100,grading,zone_d,134.6,90,clear,OP1006,expert,EXC004,8.0,45.0,59.3,2026-06-24 09:15:26.310672
T1101,trenching,zone_d,98.0,66,clear,OP1010,intermediate,EXC004,8.0,33.0,46.4,2026-06-24 10:29:13.507554
T1102,excavation,zone_d,201.9,135,cloudy,OP1020,intermediate,EXC004,8.0,69.5,85.2,2026-06-24 11:22:44.879262
T1103,excavation,zone_d,124.3,83,rain,OP1015,intermediate,EXC004,8.0,47.9,64.1,2026-06-24 13:02:12.933629
T1104,hauling,zone_d,67.5,45,clear,OP1002,intermediate,EXC004,8.0,22.5,72.5,2026-06-24 14:17:41.586989
T1105,excavation,zone_d,132.8,89,storm,OP1020,intermediate,EXC004,8.0,59.7,88.8,2026-06-24 15:42:20.382699
T1106,excavation,zone_a,174.9,117,clear,OP1011,intermediate,EXC005,1.5,58.5,66.5,2026-06-24 07:00:00.000000
T1107,trenching,zone_a,54.1,37,clear,OP1009,novice,EXC005,1.5,18.5,27.5,2026-06-24 08:11:40.257925
T1108,excavation,zone_a,161.0,108,clear,OP1006,expert,EXC005,1.5,54.0,56.2,2026-06-24 08:50:03.816351
T1109,hauling,zone_a,36.0,24,clear,OP1007,expert,EXC005,1.5,12.0,55.6,2026-06-24 09:52:25.629528
T1110,loading,zone_a,67.8,46,cloudy,OP1012,expert,EXC005,1.5,23.7,61.3,2026-06-24 11:00:52.326056
T1111,hauling,zone_a,85.9,58,clear,OP1006,expert,EXC005,1.5,29.0,56.1,2026-06-24 12:11:04.265209
T1112,hauling,zone_a,38.8,26,rain,OP1020,intermediate,EXC005,1.5,15.2,57.7,2026-06-24 13:21:20.310467
T1113,grading,zone_b,81.1,55,clear,OP1013,intermediate,EXC006,5.3,27.5,50.3,2026-06-24 07:00:00.000000
T1114,hauling,zone_b,37.5,25,clear,OP1014,expert,EXC006,5.3,12.5,44.2,2026-06-24 08:05:02.952377
T1115,loading,zone_b,76.0,51,clear,OP1018,novice,EXC006,5.3,25.5,65.3,2026-06-24 08:55:06.920634
T1116,trenching,zone_b,100.2,67,clear,OP1015,intermediate,EXC006,5.3,33.5,48.3,2026-06-24 10:07:46.813565
T1117,trenching,zone_b,118.7,80,cloudy,OP1017,intermediate,EXC006,5.3,41.2,62.8,2026-06-24 11:05:48.477099
T1118,trenching,zone_b,75.4,51,clear,OP1020,intermediate,EXC006,5.3,25.5,41.9,2026-06-24 12:17:38.700251
T1119,trenching,zone_c,109.8,74,clear,OP1009,novice,EXC007,1.0,37.0,60.8,2026-06-24 07:00:00.000000
T1120,excavation,zone_c,195.4,131,clear,OP1012,expert,EXC007,1.0,65.5,80.5,2026-06-24 08:08:25.835694
T1121,loading,zone_c,69.7,47,clear,OP1001,expert,EXC007,1.0,23.5,60.1,2026-06-24 09:35:45.114367
T1122,loading,zone_c,46.3,31,clear,OP1001,expert,EXC007,1.0,15.5,44.6,2026-06-24 10:49:25.020466
T1123,grading,zone_c,108.1,73,cloudy,OP1017,intermediate,EXC007,1.0,37.6,54.2,2026-06-24 11:44:36.517997
T1124,excavation,zone_c,194.7,130,clear,OP1001,expert,EXC007,1.0,65.0,79.7,2026-06-24 12:45:09.413744
T1125,hauling,zone_d,42.6,29,clear,OP1012,expert,EXC008,6.2,14.5,55.4,2026-06-24 07:00:00.000000
T1126,grading,zone_d,88.7,60,clear,OP1017,intermediate,EXC008,6.2,30.0,42.3,2026-06-24 08:02:59.543555
T1127,trenching,zone_d,77.0,52,clear,OP1007,expert,EXC008,6.2,26.0,27.5,2026-06-24 08:50:27.662503
T1128,hauling,zone_d,31.5,21,clear,OP1020,intermediate,EXC008,6.2,10.5,36.2,2026-06-24 09:24:21.164863
T1129,loading,zone_d,61.3,41,clear,OP1013,intermediate,EXC008,6.2,20.5,43.0,2026-06-24 10:12:30.202377
T1130,excavation,zone_d,95.4,64,cloudy,OP1004,intermediate,EXC008,6.2,33.0,47.2,2026-06-24 11:05:30.481223
T1131,trenching,zone_a,68.7,46,rain,OP1009,novice,EXC001,5.5,27.0,41.7,2026-06-25 07:00:00.000000
T1132,grading,zone_a,141.3,95,rain,OP1007,expert,EXC001,5.5,55.3,66.3,2026-06-25 07:47:28.792011
T1133,trenching,zone_a,101.6,68,clear,OP1007,expert,EXC001,5.5,34.0,40.5,2026-06-25 09:05:40.622120
T1134,hauling,zone_a,88.0,59,clear,OP1008,expert,EXC001,5.5,29.5,72.1,2026-06-25 09:54:24.732730
T1135,excavation,zone_a,160.2,107,cloudy,OP1019,expert,EXC001,5.5,55.1,66.9,2026-06-25 11:14:59.192051
T1136,grading,zone_b,141.2,95,rain,OP1008,expert,EXC002,7.7,55.9,99.8,2026-06-25 07:00:00.000000
T1137,trenching,zone_b,121.4,81,clear,OP1004,intermediate,EXC002,7.7,40.5,91.7,2026-06-25 08:47:07.714335
T1138,excavation,zone_b,114.2,77,clear,OP1016,novice,EXC002,7.7,38.5,96.0,2026-06-25 10:26:08.842240
T1139,excavation,zone_b,213.6,143,clear,OP1003,expert,EXC002,7.7,71.5,119.6,2026-06-25 12:15:54.575901
T1140,excavation,zone_c,161.7,108,rain,OP1009,novice,EXC003,7.2,63.3,86.8,2026-06-25 07:00:00.000000
T1141,trenching,zone_c,62.0,42,clear,OP1013,intermediate,EXC003,7.2,21.0,30.9,2026-06-25 08:35:42.441297
T1142,hauling,zone_c,88.0,59,clear,OP1016,novice,EXC003,7.2,29.5,62.1,2026-06-25 09:21:34.080573
T1143,loading,zone_c,70.2,47,clear,OP1018,novice,EXC003,7.2,23.5,70.4,2026-06-25 10:29:11.886263
T1144,hauling,zone_c,64.5,43,cloudy,OP1004,intermediate,EXC003,7.2,22.1,45.3,2026-06-25 11:45:54.560540
T1145,grading,zone_c,122.6,82,clear,OP1013,intermediate,EXC003,7.2,41.0,57.2,2026-06-25 12:45:29.395697
T1146,excavation,zone_d,145.3,97,rain,OP1017,intermediate,EXC004,8.0,57.1,73.5,2026-06-25 07:00:00.000000
T1147,hauling,zone_d,55.1,37,clear,OP1012,expert,EXC004,8.0,18.5,67.2,2026-06-25 08:26:05.704482
T1148,loading,zone_d,110.4,74,clear,OP1009,novice,EXC004,8.0,37.0,92.8,2026-06-25 09:46:35.039031
T1149,excavation,zone_d,188.9,126,cloudy,OP1005,novice,EXC004,8.0,64.9,123.2,2026-06-25 11:27:52.063703
T1150,grading,zone_d,86.2,58,rain,OP1020,intermediate,EXC004,8.0,33.9,53.5,2026-06-25 13:43:41.664884
T1151,loading,zone_d,84.0,56,rain,OP1009,novice,EXC004,8.0,32.8,94.2,2026-06-25 14:42:13.734782
T1152,grading,zone_a,112.9,76,rain,OP1001,expert,EXC005,1.5,44.1,47.4,2026-06-25 07:00:00.000000
T1153,loading,zone_a,65.7,44,rain,OP1012,expert,EXC005,1.5,25.7,62.9,2026-06-25 07:57:51.860732
T1154,trenching,zone_a,124.0,83,clear,OP1004,intermediate,EXC005,1.5,41.5,55.2,2026-06-25 09:11:27.557696
T1155,grading,zone_a,85.2,57,clear,OP1007,expert,EXC005,1.5,28.5,35.4,2026-06-25 10:20:19.845948
T1156,loading,zone_a,61.9,42,cloudy,OP1014,expert,EXC005,1.5,21.6,61.2,2026-06-25 11:03:33.708895
T1157,loading,zone_a,60.0,40,clear,OP1017,intermediate,EXC005,1.5,20.0,65.7,2026-06-25 12:12:23.942064
T1158,excavation,zone_a,212.1,142,rain,OP1005,novice,EXC005,1.5,82.0,130.4,2026-06-25 13:30:09.397729
T1159,grading,zone_a,100.6,68,clear,OP1018,novice,EXC005,1.5,34.0,62.0,2026-06-25 15:53:07.922078
T1160,excavation,zone_b,155.3,104,rain,OP1015,intermediate,EXC006,5.3,60.0,83.1,2026-06-25 07:00:00.000000
T1161,hauling,zone_b,56.9,38,clear,OP1003,expert,EXC006,5.3,19.0,46.3,2026-06-25 08:32:35.344276
T1162,loading,zone_b,86.9,58,clear,OP1009,novice,EXC006,5.3,29.0,64.8,2026-06-25 09:24:24.862688
T1163,hauling,zone_b,59.7,40,clear,OP1019,expert,EXC006,5.3,20.0,72.4,2026-06-25 10:40:25.512170
T1164,grading,zone_c,144.5,97,rain,OP1012,expert,EXC007,1.0,56.6,65.0,2026-06-25 07:00:00.000000
T1165,trenching,zone_c,75.1,51,clear,OP1013,intermediate,EXC007,1.0,25.5,35.0,2026-06-25 08:19:51.195185
T1166,excavation,zone_c,180.2,121,clear,OP1020,intermediate,EXC007,1.0,60.5,77.7,2026-06-25 09:01:52.823327
T1167,excavation,zone_c,118.4,79,clear,OP1006,expert,EXC007,1.0,39.5,49.9,2026-06-25 10:25:43.588865
T1168,excavation,zone_d,92.6,62,rain,OP1008,expert,EXC008,6.2,36.4,44.4,2026-06-25 07:00:00.000000
T1169,grading,zone_d,149.8,100,rain,OP1011,intermediate,EXC008,6.2,58.8,63.2,2026-06-25 07:57:47.402684
T1170,hauling,zone_d,58.4,39,clear,OP1001,expert,EXC008,6.2,19.5,65.4,2026-06-25 09:15:35.877037
T1171,hauling,zone_d,89.6,60,clear,OP1006,expert,EXC008,6.2,30.0,49.3,2026-06-25 10:26:21.028247
T1172,grading,zone_d,64.6,44,cloudy,OP1019,expert,EXC008,6.2,22.7,31.1,2026-06-25 11:30:03.155349
T1173,loading,zone_d,66.5,45,clear,OP1018,novice,EXC008,6.2,22.5,53.7,2026-06-25 12:06:11.426163
T1174,grading,zone_a,141.2,95,clear,OP1014,expert,EXC001,5.5,47.5,63.2,2026-06-26 07:00:00.000000
T1175,grading,zone_a,77.1,52,clear,OP1012,expert,EXC001,5.5,26.0,32.2,2026-06-26 08:10:19.077183
T1176,loading,zone_a,65.5,44,clear,OP1002,intermediate,EXC001,5.5,22.0,63.9,2026-06-26 08:49:35.552595
T1177,grading,zone_a,105.0,70,clear,OP1017,intermediate,EXC001,5.5,35.0,52.4,2026-06-26 09:58:43.778683
T1178,excavation,zone_a,191.2,128,clear,OP1007,expert,EXC001,5.5,64.0,70.6,2026-06-26 10:56:32.199992
T1179,loading,zone_a,46.5,31,rain,OP1013,intermediate,EXC001,5.5,18.3,57.2,2026-06-26 12:13:12.767517
T1180,loading,zone_a,41.2,28,clear,OP1017,intermediate,EXC001,5.5,14.0,57.7,2026-06-26 13:17:45.943927
T1181,grading,zone_a,86.2,58,cloudy,OP1018,novice,EXC001,5.5,29.9,52.9,2026-06-26 14:28:40.215687
T1182,excavation,zone_b,142.1,95,clear,OP1011,intermediate,EXC002,7.7,47.5,91.1,2026-06-26 07:00:00.000000
T1183,trenching,zone_b,51.4,35,clear,OP1005,novice,EXC002,7.7,17.5,72.8,2026-06-26 08:45:15.729721
T1184,excavation,zone_b,82.7,56,clear,OP1004,intermediate,EXC002,7.7,28.0,68.3,2026-06-26 10:06:11.727412
T1185,hauling,zone_b,80.0,54,clear,OP1011,intermediate,EXC002,7.7,27.0,71.6,2026-06-26 11:20:26.164848
T1186,loading,zone_b,80.8,54,rain,OP1019,expert,EXC002,7.7,31.3,92.4,2026-06-26 12:41:07.316735
T1187,trenching,zone_b,76.3,51,cloudy,OP1004,intermediate,EXC002,7.7,26.3,64.4,2026-06-26 14:21:18.277919
T1188,grading,zone_b,63.7,43,clear,OP1005,novice,EXC002,7.7,21.5,74.8,2026-06-26 15:38:07.031611
T1189,hauling,zone_b,57.4,39,clear,OP1009,novice,EXC002,7.7,19.5,85.0,2026-06-26 16:58:05.384511
T1190,excavation,zone_c,216.9,145,clear,OP1001,expert,EXC003,7.2,72.5,75.6,2026-06-26 07:00:00.000000
T1191,hauling,zone_c,56.4,38,clear,OP1006,expert,EXC003,7.2,19.0,58.7,2026-06-26 08:25:20.543104
T1192,grading,zone_c,127.9,86,clear,OP1020,intermediate,EXC003,7.2,43.0,51.9,2026-06-26 09:33:03.884961
T1193,grading,zone_c,116.4,78,clear,OP1014,expert,EXC003,7.2,39.0,44.3,2026-06-26 10:36:07.780056
T1194,excavation,zone_c,150.2,101,clear,OP1001,expert,EXC003,7.2,50.5,57.7,2026-06-26 11:35:06.296470
T1195,trenching,zone_c,129.1,87,rain,OP1012,expert,EXC003,7.2,50.8,62.6,2026-06-26 12:45:28.791554
T1196,grading,zone_c,128.9,86,cloudy,OP1015,intermediate,EXC003,7.2,44.3,54.0,2026-06-26 14:02:55.822469
T1197,loading,zone_d,93.4,63,clear,OP1009,novice,EXC004,8.0,31.5,68.1,2026-06-26 07:00:00.000000
T1198,grading,zone_d,125.4,84,clear,OP1003,expert,EXC004,8.0,42.0,48.5,2026-06-26 08:13:59.345963
T1199,hauling,zone_d,31.8,22,clear,OP1006,expert,EXC004,8.0,11.0,54.8,2026-06-26 09:09:50.009767
T1200,trenching,zone_d,63.6,43,clear,OP1007,expert,EXC004,8.0,21.5,32.1,2026-06-26 10:13:13.097753
T1201,excavation,zone_d,82.3,55,clear,OP1007,expert,EXC004,8.0,27.5,36.5,2026-06-26 10:56:42.697753
T1202,grading,zone_d,82.7,56,clear,OP1007,expert,EXC004,8.0,28.0,35.7,2026-06-26 11:41:57.854515
T1203,excavation,zone_d,160.3,107,rain,OP1012,expert,EXC004,8.0,62.4,79.9,2026-06-26 12:28:47.774002
T1204,trenching,zone_d,118.0,79,cloudy,OP1017,intermediate,EXC004,8.0,40.7,63.2,2026-06-26 14:01:47.737671
T1205,trenching,zone_a,123.1,83,clear,OP1002,intermediate,EXC005,1.5,41.5,55.2,2026-06-26 07:00:00.000000
T1206,grading,zone_a,129.7,87,clear,OP1006,expert,EXC005,1.5,43.5,55.4,2026-06-26 08:08:15.435747
T1207,trenching,zone_a,114.1,77,clear,OP1003,expert,EXC005,1.5,38.5,46.1,2026-06-26 09:13:56.420736
T1208,excavation,zone_a,133.9,90,clear,OP1017,intermediate,EXC005,1.5,45.0,63.1,2026-06-26 10:06:09.502794
T1209,excavation,zone_a,138.9,93,clear,OP1015,intermediate,EXC005,1.5,46.5,62.7,2026-06-26 11:18:41.370419
T1210,grading,zone_a,77.1,52,rain,OP1016,novice,EXC005,1.5,30.1,46.7,2026-06-26 12:31:11.425320
T1211,trenching,zone_a,128.1,86,clear,OP1005,novice,EXC005,1.5,43.0,77.7,2026-06-26 13:25:24.543079
T1212,grading,zone_b,142.6,96,clear,OP1003,expert,EXC006,5.3,48.0,57.5,2026-06-26 07:00:00.000000
T1213,loading,zone_b,57.7,39,clear,OP1015,intermediate,EXC006,5.3,19.5,43.8,2026-06-26 08:10:22.945779
T1214,excavation,zone_b,152.7,102,clear,OP1001,expert,EXC006,5.3,51.0,64.3,2026-06-26 09:08:06.664561
T1215,grading,zone_b,87.2,59,clear,OP1017,intermediate,EXC006,5.3,29.5,47.7,2026-06-26 10:20:20.992645
T1216,loading,zone_b,76.0,51,clear,OP1019,expert,EXC006,5.3,25.5,70.7,2026-06-26 11:13:27.187452
T1217,hauling,zone_b,86.1,58,rain,OP1018,novice,EXC006,5.3,33.9,94.3,2026-06-26 12:36:01.716097
T1218,hauling,zone_c,31.6,22,clear,OP1014,expert,EXC007,1.0,11.0,49.7,2026-06-26 07:00:00.000000
T1219,excavation,zone_c,215.9,144,clear,OP1009,novice,EXC007,1.0,72.0,106.6,2026-06-26 08:03:50.999177
T1220,grading,zone_c,137.0,92,clear,OP1012,expert,EXC007,1.0,46.0,58.7,2026-06-26 09:59:38.469847
T1221,trenching,zone_c,112.1,75,clear,OP1020,intermediate,EXC007,1.0,37.5,52.1,2026-06-26 11:12:49.195811
T1222,hauling,zone_c,56.8,38,rain,OP1007,expert,EXC007,1.0,22.1,59.2,2026-06-26 12:18:23.003161
T1223,grading,zone_c,93.0,62,clear,OP1017,intermediate,EXC007,1.0,31.0,46.6,2026-06-26 13:26:12.753837
T1224,hauling,zone_c,31.7,22,cloudy,OP1007,expert,EXC007,1.0,11.3,54.3,2026-06-26 14:20:16.072292
T1225,trenching,zone_c,64.8,44,clear,OP1013,intermediate,EXC007,1.0,22.0,44.7,2026-06-26 15:27:34.520802
T1226,grading,zone_d,105.2,71,clear,OP1007,expert,EXC008,6.2,35.5,47.1,2026-06-26 07:00:00.000000
T1227,loading,zone_d,103.2,69,clear,OP1009,novice,EXC008,6.2,34.5,68.2,2026-06-26 07:55:51.670972
T1228,trenching,zone_d,109.2,73,clear,OP1014,expert,EXC008,6.2,36.5,46.9,2026-06-26 09:16:26.653592
T1229,grading,zone_d,71.3,48,clear,OP1014,expert,EXC008,6.2,24.0,34.7,2026-06-26 10:11:52.912465
T1230,grading,zone_d,146.6,98,clear,OP1006,expert,EXC008,6.2,49.0,57.9,2026-06-26 10:54:15.882176
T1231,trenching,zone_d,125.1,84,rain,OP1017,intermediate,EXC008,6.2,49.5,71.9,2026-06-26 12:01:44.268712
T1232,trenching,zone_d,126.7,85,clear,OP1006,expert,EXC008,6.2,42.5,49.7,2026-06-26 13:20:56.613084
T1233,grading,zone_a,138.2,93,clear,OP1011,intermediate,EXC001,5.5,46.5,54.0,2026-06-27 07:00:00.000000
T1234,hauling,zone_a,32.7,22,clear,OP1002,intermediate,EXC001,5.5,11.0,32.1,2026-06-27 08:05:02.070265
T1235,hauling,zone_a,65.0,44,clear,OP1014,expert,EXC001,5.5,22.0,62.5,2026-06-27 08:45:50.239556
T1236,grading,zone_a,135.5,91,clear,OP1020,intermediate,EXC001,5.5,45.5,60.6,2026-06-27 09:56:10.216763
T1237,trenching,zone_a,127.0,85,cloudy,OP1006,expert,EXC001,5.5,43.8,54.6,2026-06-27 11:06:20.845990
T1238,excavation,zone_a,96.2,65,clear,OP1019,expert,EXC001,5.5,32.5,44.7,2026-06-27 12:13:46.488221
T1239,grading,zone_b,103.2,69,clear,OP1005,novice,EXC002,7.7,34.5,109.2,2026-06-27 07:00:00.000000
T1240,hauling,zone_b,57.9,39,clear,OP1012,expert,EXC002,7.7,19.5,72.6,2026-06-27 08:54:26.008094
T1241,excavation,zone_b,214.1,143,clear,OP1012,expert,EXC002,7.7,71.5,137.9,2026-06-27 10:17:33.740715
T1242,grading,zone_b,91.6,62,clear,OP1008,expert,EXC002,7.7,31.0,59.4,2026-06-27 12:48:32.166086
T1243,loading,zone_b,59.5,40,clear,OP1009,novice,EXC002,7.7,20.0,67.1,2026-06-27 13:53:07.598954
T1244,hauling,zone_b,56.7,38,cloudy,OP1001,expert,EXC002,7.7,19.6,76.1,2026-06-27 15:14:29.624191
T1245,excavation,zone_b,166.2,111,clear,OP1015,intermediate,EXC002,7.7,55.5,126.3,2026-06-27 16:42:53.645739
T1246,loading,zone_c,113.9,76,clear,OP1001,expert,EXC003,7.2,38.0,56.9,2026-06-27 07:00:00.000000
T1247,loading,zone_c,47.3,32,clear,OP1005,novice,EXC003,7.2,16.0,71.0,2026-06-27 08:09:20.427386
T1248,trenching,zone_c,67.4,45,clear,OP1013,intermediate,EXC003,7.2,22.5,35.2,2026-06-27 09:33:39.049815
T1249,hauling,zone_c,47.8,32,clear,OP1020,intermediate,EXC003,7.2,16.0,56.4,2026-06-27 10:18:52.264303
T1250,grading,zone_c,120.9,81,cloudy,OP1009,novice,EXC003,7.2,41.7,63.5,2026-06-27 11:22:12.346701
T1251,grading,zone_d,89.4,60,clear,OP1011,intermediate,EXC004,8.0,30.0,36.3,2026-06-27 07:00:00.000000
T1252,trenching,zone_d,57.1,39,clear,OP1005,novice,EXC004,8.0,19.5,48.2,2026-06-27 07:43:28.938217
T1253,hauling,zone_d,50.9,34,clear,OP1018,novice,EXC004,8.0,17.0,70.9,2026-06-27 08:44:22.593857
T1254,loading,zone_d,99.6,67,clear,OP1004,intermediate,EXC004,8.0,33.5,91.2,2026-06-27 10:09:55.757493
T1255,trenching,zone_d,90.9,61,cloudy,OP1013,intermediate,EXC004,8.0,31.4,46.8,2026-06-27 11:53:20.644895
T1256,hauling,zone_a,48.2,33,clear,OP1019,expert,EXC005,1.5,16.5,40.1,2026-06-27 07:00:00.000000
T1257,loading,zone_a,56.0,38,clear,OP1019,expert,EXC005,1.5,19.0,59.7,2026-06-27 07:46:57.426210
T1258,trenching,zone_a,84.7,57,clear,OP1008,expert,EXC005,1.5,28.5,38.2,2026-06-27 08:59:15.488103
T1259,grading,zone_a,130.0,87,clear,OP1007,expert,EXC005,1.5,43.5,48.1,2026-06-27 09:46:57.445115
T1260,trenching,zone_a,50.6,34,clear,OP1020,intermediate,EXC005,1.5,17.0,24.0,2026-06-27 10:43:51.151925
T1261,trenching,zone_a,97.4,65,cloudy,OP1018,novice,EXC005,1.5,33.5,53.4,2026-06-27 11:16:13.299192
T1262,trenching,zone_a,75.2,51,clear,OP1012,expert,EXC005,1.5,25.5,35.6,2026-06-27 12:24:07.388015
T1263,grading,zone_b,143.1,96,clear,OP1013,intermediate,EXC006,5.3,48.0,72.6,2026-06-27 07:00:00.000000
T1264,excavation,zone_b,215.4,144,clear,OP1015,intermediate,EXC006,5.3,72.0,93.5,2026-06-27 08:18:04.738837
T1265,excavation,zone_b,191.0,128,clear,OP1006,expert,EXC006,5.3,64.0,89.3,2026-06-27 10:04:32.356574
T1266,hauling,zone_b,62.0,42,cloudy,OP1005,novice,EXC006,5.3,21.6,61.4,2026-06-27 11:39:02.151545
T1267,hauling,zone_c,59.7,40,clear,OP1002,intermediate,EXC007,1.0,20.0,72.9,2026-06-27 07:00:00.000000
T1268,excavation,zone_c,107.5,72,clear,OP1011,intermediate,EXC007,1.0,36.0,48.4,2026-06-27 08:23:50.227170
T1269,grading,zone_c,101.9,68,clear,OP1016,novice,EXC007,1.0,34.0,52.9,2026-06-27 09:26:45.646028
T1270,trenching,zone_c,70.2,47,clear,OP1010,intermediate,EXC007,1.0,23.5,34.3,2026-06-27 10:26:21.242193
T1271,excavation,zone_c,107.5,72,cloudy,OP1002,intermediate,EXC007,1.0,37.1,55.9,2026-06-27 11:05:39.306477
T1272,excavation,zone_c,190.0,127,clear,OP1019,expert,EXC007,1.0,63.5,81.5,2026-06-27 12:10:52.232589
T1273,grading,zone_c,132.3,89,clear,OP1013,intermediate,EXC007,1.0,44.5,67.9,2026-06-27 13:46:10.838773
T1274,hauling,zone_d,63.6,43,clear,OP1014,expert,EXC008,6.2,21.5,45.5,2026-06-27 07:00:00.000000
T1275,grading,zone_d,87.6,59,clear,OP1006,expert,EXC008,6.2,29.5,36.5,2026-06-27 07:58:16.258696
T1276,grading,zone_d,87.5,59,clear,OP1013,intermediate,EXC008,6.2,29.5,42.6,2026-06-27 08:47:44.703621
T1277,excavation,zone_d,111.0,74,clear,OP1009,novice,EXC008,6.2,37.0,61.8,2026-06-27 09:37:05.853019
T1278,excavation,zone_d,191.8,128,clear,OP1008,expert,EXC008,6.2,64.0,71.5,2026-06-27 10:47:33.163799
T1279,excavation,zone_a,150.4,101,clear,OP1014,expert,EXC001,5.5,50.5,63.4,2026-06-28 07:00:00.000000
T1280,grading,zone_a,92.1,62,cloudy,OP1016,novice,EXC001,5.5,31.9,48.5,2026-06-28 08:13:32.224243
T1281,loading,zone_a,68.0,46,rain,OP1013,intermediate,EXC001,5.5,27.2,61.3,2026-06-28 09:16:09.529947
T1282,hauling,zone_a,74.3,50,cloudy,OP1016,novice,EXC001,5.5,25.8,73.5,2026-06-28 10:26:13.636307
T1283,hauling,zone_a,41.1,28,cloudy,OP1014,expert,EXC001,5.5,14.4,40.3,2026-06-28 11:50:35.400074
T1284,excavation,zone_a,152.9,102,cloudy,OP1004,intermediate,EXC001,5.5,52.5,73.6,2026-06-28 12:36:11.089079
T1285,hauling,zone_b,83.4,56,clear,OP1009,novice,EXC002,7.7,28.0,111.8,2026-06-28 07:00:00.000000
T1286,grading,zone_b,133.5,89,rain,OP1002,intermediate,EXC002,7.7,51.9,132.6,2026-06-28 09:05:26.557581
T1287,excavation,zone_b,164.0,110,cloudy,OP1006,expert,EXC002,7.7,56.6,118.4,2026-06-28 11:23:40.973979
T1288,hauling,zone_b,49.6,34,rain,OP1016,novice,EXC002,7.7,19.7,93.1,2026-06-28 13:33:51.916256
T1289,grading,zone_b,147.9,99,clear,OP1018,novice,EXC002,7.7,49.5,161.6,2026-06-28 15:17:08.714838
T1290,excavation,zone_c,206.0,138,clear,OP1008,expert,EXC003,7.2,69.0,75.0,2026-06-28 07:00:00.000000
T1291,excavation,zone_c,90.2,61,cloudy,OP1017,intermediate,EXC003,7.2,31.4,43.4,2026-06-28 08:24:10.912498
T1292,excavation,zone_c,200.0,134,rain,OP1012,expert,EXC003,7.2,78.2,85.6,2026-06-28 09:16:31.886159
T1293,hauling,zone_c,76.6,52,cloudy,OP1019,expert,EXC003,7.2,26.8,75.2,2026-06-28 10:49:40.212592
T1294,hauling,zone_c,52.5,35,cloudy,OP1010,intermediate,EXC003,7.2,18.0,48.2,2026-06-28 12:12:01.479275
T1295,loading,zone_c,64.6,44,rain,OP1015,intermediate,EXC003,7.2,25.4,54.9,2026-06-28 13:11:58.814963
T1296,loading,zone_d,90.1,61,clear,OP1011,intermediate,EXC004,8.0,30.5,78.9,2026-06-28 07:00:00.000000
T1297,grading,zone_d,118.9,80,cloudy,OP1007,expert,EXC004,8.0,41.2,49.6,2026-06-28 08:29:47.065618
T1298,hauling,zone_d,78.7,53,rain,OP1019,expert,EXC004,8.0,30.7,71.8,2026-06-28 09:29:26.557966
T1299,excavation,zone_d,154.5,103,cloudy,OP1018,novice,EXC004,8.0,53.0,94.1,2026-06-28 10:54:27.165810
T1300,excavation,zone_d,80.5,54,cloudy,OP1006,expert,EXC004,8.0,27.8,38.4,2026-06-28 12:40:17.787507
T1301,excavation,zone_a,174.6,117,clear,OP1002,intermediate,EXC005,1.5,58.5,77.2,2026-06-28 07:00:00.000000
T1302,trenching,zone_a,79.4,53,cloudy,OP1001,expert,EXC005,1.5,27.3,32.4,2026-06-28 08:25:27.786704
T1303,loading,zone_a,42.4,29,rain,OP1004,intermediate,EXC005,1.5,16.8,61.7,2026-06-28 09:02:53.753578
T1304,hauling,zone_a,49.5,33,cloudy,OP1015,intermediate,EXC005,1.5,17.0,61.5,2026-06-28 10:13:04.030262
T1305,trenching,zone_a,53.3,36,cloudy,OP1008,expert,EXC005,1.5,18.5,28.2,2026-06-28 11:27:53.024308
T1306,trenching,zone_a,112.6,76,cloudy,OP1011,intermediate,EXC005,1.5,39.1,50.2,2026-06-28 12:02:26.374252
T1307,hauling,zone_b,47.6,32,clear,OP1013,intermediate,EXC006,5.3,16.0,45.0,2026-06-28 07:00:00.000000
T1308,trenching,zone_b,103.2,69,clear,OP1002,intermediate,EXC006,5.3,34.5,59.0,2026-06-28 07:56:25.628405
T1309,grading,zone_b,124.4,83,rain,OP1013,intermediate,EXC006,5.3,49.0,76.7,2026-06-28 09:01:08.815541
T1310,trenching,zone_b,89.3,60,cloudy,OP1005,novice,EXC006,5.3,30.9,79.5,2026-06-28 10:28:58.530817
T1311,hauling,zone_c,31.1,21,clear,OP1005,novice,EXC007,1.0,10.5,74.1,2026-06-28 07:00:00.000000
T1312,excavation,zone_c,92.3,62,cloudy,OP1009,novice,EXC007,1.0,31.9,54.8,2026-06-28 08:20:13.347700
T1313,trenching,zone_c,65.9,44,rain,OP1001,expert,EXC007,1.0,25.5,31.5,2026-06-28 09:26:42.725545
T1314,trenching,zone_c,50.5,34,cloudy,OP1014,expert,EXC007,1.0,17.5,25.6,2026-06-28 10:04:09.529109
T1315,grading,zone_c,115.3,77,cloudy,OP1006,expert,EXC007,1.0,39.7,48.6,2026-06-28 10:34:50.305937
T1316,hauling,zone_c,63.7,43,cloudy,OP1014,expert,EXC007,1.0,22.1,71.5,2026-06-28 11:36:43.096444
T1317,loading,zone_c,97.9,66,cloudy,OP1017,intermediate,EXC007,1.0,34.0,73.8,2026-06-28 12:55:26.128919
T1318,loading,zone_c,96.6,65,rain,OP1006,expert,EXC007,1.0,37.8,81.1,2026-06-28 14:16:40.883445
T1319,trenching,zone_d,95.7,64,clear,OP1008,expert,EXC008,6.2,32.0,35.7,2026-06-28 07:00:00.000000
T1320,loading,zone_d,51.4,35,clear,OP1008,expert,EXC008,6.2,17.5,43.8,2026-06-28 07:42:06.952309
T1321,grading,zone_d,77.1,52,cloudy,OP1003,expert,EXC008,6.2,26.8,32.9,2026-06-28 08:40:02.631494
T1322,excavation,zone_d,82.9,56,rain,OP1010,intermediate,EXC008,6.2,33.0,49.2,2026-06-28 09:20:19.888354
T1323,excavation,zone_d,150.1,101,cloudy,OP1014,expert,EXC008,6.2,52.0,63.6,2026-06-28 10:20:36.748636
T1324,loading,zone_a,57.2,39,cloudy,OP1014,expert,EXC001,5.5,20.1,50.9,2026-06-29 07:00:00.000000
T1325,excavation,zone_a,107.6,72,cloudy,OP1005,novice,EXC001,5.5,37.1,81.5,2026-06-29 07:59:01.387499
T1326,grading,zone_a,83.3,56,clear,OP1010,intermediate,EXC001,5.5,28.0,39.0,2026-06-29 09:29:18.099972
T1327,trenching,zone_a,116.0,78,clear,OP1008,expert,EXC001,5.5,39.0,49.1,2026-06-29 10:15:18.993798
T1328,trenching,zone_a,69.9,47,clear,OP1005,novice,EXC001,5.5,23.5,61.0,2026-06-29 11:12:18.052517
T1329,grading,zone_a,95.6,64,cloudy,OP1012,expert,EXC001,5.5,33.0,41.6,2026-06-29 12:20:39.241229
T1330,excavation,zone_a,121.1,81,clear,OP1011,intermediate,EXC001,5.5,40.5,50.0,2026-06-29 13:16:34.341084
T1331,grading,zone_a,138.4,93,clear,OP1018,novice,EXC001,5.5,46.5,84.6,2026-06-29 14:20:07.670191
T1332,excavation,zone_b,166.2,111,cloudy,OP1002,intermediate,EXC002,7.7,57.2,135.8,2026-06-29 07:00:00.000000
T1333,grading,zone_b,102.1,69,clear,OP1012,expert,EXC002,7.7,34.5,76.4,2026-06-29 09:29:36.645097
T1334,hauling,zone_b,69.7,47,clear,OP1008,expert,EXC002,7.7,23.5,57.7,2026-06-29 10:56:51.363385
T1335,grading,zone_b,119.5,80,cloudy,OP1005,novice,EXC002,7.7,41.2,134.9,2026-06-29 12:07:48.691822
T1336,grading,zone_b,109.8,74,clear,OP1017,intermediate,EXC002,7.7,37.0,102.8,2026-06-29 14:31:00.009162
T1337,hauling,zone_c,35.0,24,cloudy,OP1017,intermediate,EXC003,7.2,12.4,57.9,2026-06-29 07:00:00.000000
T1338,loading,zone_c,62.7,42,cloudy,OP1008,expert,EXC003,7.2,21.6,43.4,2026-06-29 08:10:16.012007
T1339,trenching,zone_c,115.0,77,clear,OP1009,novice,EXC003,7.2,38.5,54.2,2026-06-29 09:04:16.899213
T1340,grading,zone_c,66.2,45,clear,OP1017,intermediate,EXC003,7.2,22.5,34.3,2026-06-29 10:09:33.309353
T1341,trenching,zone_d,84.1,57,cloudy,OP1012,expert,EXC004,8.0,29.4,41.1,2026-06-29 07:00:00.000000
T1342,trenching,zone_d,72.3,49,cloudy,OP1020,intermediate,EXC004,8.0,25.2,40.4,2026-06-29 07:47:33.362951
T1343,hauling,zone_d,76.4,51,cloudy,OP1003,expert,EXC004,8.0,26.3,55.0,2026-06-29 08:34:29.105292
T1344,loading,zone_d,73.0,49,clear,OP1012,expert,EXC004,8.0,24.5,47.4,2026-06-29 09:36:18.685160
T1345,excavation,zone_d,117.3,79,clear,OP1010,intermediate,EXC004,8.0,39.5,53.9,2026-06-29 10:33:39.722338
T1346,loading,zone_d,94.0,63,clear,OP1009,novice,EXC004,8.0,31.5,67.0,2026-06-29 11:37:52.853677
T1347,trenching,zone_a,91.2,61,cloudy,OP1010,intermediate,EXC005,1.5,31.4,43.2,2026-06-29 07:00:00.000000
T1348,grading,zone_a,96.3,65,cloudy,OP1010,intermediate,EXC005,1.5,33.5,42.9,2026-06-29 07:50:02.052337
T1349,hauling,zone_a,36.9,25,cloudy,OP1015,intermediate,EXC005,1.5,12.9,43.8,2026-06-29 08:39:15.834234
T1350,excavation,zone_a,143.1,96,clear,OP1001,expert,EXC005,1.5,48.0,53.1,2026-06-29 09:36:52.761154
T1351,loading,zone_a,96.4,65,clear,OP1002,intermediate,EXC005,1.5,32.5,57.8,2026-06-29 10:36:18.255477
T1352,loading,zone_a,46.8,32,clear,OP1019,expert,EXC005,1.5,16.0,56.4,2026-06-29 11:45:56.673947
T1353,hauling,zone_b,77.6,52,cloudy,OP1010,intermediate,EXC006,5.3,26.8,79.9,2026-06-29 07:00:00.000000
T1354,excavation,zone_b,149.8,100,cloudy,OP1002,intermediate,EXC006,5.3,51.5,86.6,2026-06-29 08:32:05.628241
T1355,loading,zone_b,56.9,38,clear,OP1010,intermediate,EXC006,5.3,19.0,72.1,2026-06-29 10:08:09.122438
T1356,loading,zone_b,43.9,30,clear,OP1002,intermediate,EXC006,5.3,15.0,52.3,2026-06-29 11:29:28.834756
T1357,loading,zone_c,81.7,55,cloudy,OP1019,expert,EXC007,1.0,28.3,65.7,2026-06-29 07:00:00.000000
T1358,grading,zone_c,149.0,100,cloudy,OP1002,intermediate,EXC007,1.0,51.5,74.2,2026-06-29 08:17:27.055207
T1359,loading,zone_c,75.1,51,clear,OP1004,intermediate,EXC007,1.0,25.5,58.2,2026-06-29 09:38:16.915384
T1360,grading,zone_c,78.3,53,clear,OP1004,intermediate,EXC007,1.0,26.5,44.9,2026-06-29 10:44:43.214535
T1361,trenching,zone_c,114.8,77,clear,OP1020,intermediate,EXC007,1.0,38.5,54.2,2026-06-29 11:36:23.440400
T1362,loading,zone_c,114.4,77,cloudy,OP1002,intermediate,EXC007,1.0,39.7,78.2,2026-06-29 12:44:22.771837
T1363,grading,zone_c,146.3,98,clear,OP1004,intermediate,EXC007,1.0,49.0,68.2,2026-06-29 14:10:03.828796
T1364,grading,zone_d,124.9,84,cloudy,OP1013,intermediate,EXC008,6.2,43.3,62.9,2026-06-29 07:00:00.000000
T1365,hauling,zone_d,53.7,36,cloudy,OP1011,intermediate,EXC008,6.2,18.5,59.5,2026-06-29 08:15:13.333100
T1366,hauling,zone_d,30.5,21,clear,OP1010,intermediate,EXC008,6.2,10.5,49.4,2026-06-29 09:22:31.161854
T1367,excavation,zone_d,97.3,65,clear,OP1016,novice,EXC008,6.2,32.5,52.0,2026-06-29 10:19:41.660430
T1368,grading,zone_d,118.2,79,clear,OP1001,expert,EXC008,6.2,39.5,47.5,2026-06-29 11:23:15.014111
T1369,grading,zone_d,66.4,45,cloudy,OP1011,intermediate,EXC008,6.2,23.2,27.8,2026-06-29 12:18:51.941196
T1370,loading,zone_d,85.5,57,clear,OP1012,expert,EXC008,6.2,28.5,55.1,2026-06-29 13:00:38.230471
T1371,trenching,zone_a,54.3,37,clear,OP1007,expert,EXC001,5.5,18.5,25.8,2026-06-30 07:00:00.000000
T1372,grading,zone_a,133.0,89,clear,OP1006,expert,EXC001,5.5,44.5,58.0,2026-06-30 07:36:23.444882
T1373,grading,zone_a,95.5,64,clear,OP1018,novice,EXC001,5.5,32.0,58.7,2026-06-30 08:46:25.568596
T1374,excavation,zone_a,189.4,127,cloudy,OP1007,expert,EXC001,5.5,65.4,68.9,2026-06-30 09:50:58.563040
T1375,loading,zone_a,51.1,35,rain,OP1020,intermediate,EXC001,5.5,20.5,48.7,2026-06-30 11:05:55.984438
T1376,excavation,zone_b,143.7,96,clear,OP1017,intermediate,EXC002,7.7,48.0,117.0,2026-06-30 07:00:00.000000
T1377,excavation,zone_b,191.6,128,cloudy,OP1005,novice,EXC002,7.7,65.9,208.0,2026-06-30 09:10:59.872507
T1378,excavation,zone_b,171.8,115,clear,OP1004,intermediate,EXC002,7.7,57.6,146.1,2026-06-30 12:53:53.428521
T1379,hauling,zone_b,72.7,49,clear,OP1002,intermediate,EXC002,7.7,24.5,100.7,2026-06-30 15:32:03.377187
T1380,hauling,zone_c,76.5,51,clear,OP1019,expert,EXC003,7.2,25.5,55.3,2026-06-30 07:00:00.000000
T1381,grading,zone_c,85.0,57,clear,OP1016,novice,EXC003,7.2,28.5,44.7,2026-06-30 08:02:45.472266
T1382,hauling,zone_c,63.0,42,clear,OP1018,novice,EXC003,7.2,21.0,58.4,2026-06-30 08:56:24.860389
T1383,grading,zone_c,137.8,92,clear,OP1011,intermediate,EXC003,7.2,46.0,53.2,2026-06-30 10:04:16.522895
T1384,trenching,zone_d,119.5,80,clear,OP1008,expert,EXC004,8.0,40.0,51.8,2026-06-30 07:00:00.000000
T1385,grading,zone_d,101.1,68,clear,OP1016,novice,EXC004,8.0,34.0,54.0,2026-06-30 08:00:32.273418
T1386,loading,zone_d,75.7,51,cloudy,OP1002,intermediate,EXC004,8.0,26.3,71.0,2026-06-30 09:06:36.144041
T1387,hauling,zone_d,47.7,32,clear,OP1015,intermediate,EXC004,8.0,16.0,51.9,2026-06-30 10:25:40.163392
T1388,hauling,zone_a,79.8,54,clear,OP1008,expert,EXC005,1.5,27.0,74.4,2026-06-30 07:00:00.000000
T1389,excavation,zone_a,157.9,106,clear,OP1010,intermediate,EXC005,1.5,53.0,64.8,2026-06-30 08:23:22.523947
T1390,loading,zone_a,73.3,49,cloudy,OP1009,novice,EXC005,1.5,25.2,56.8,2026-06-30 09:42:45.414453
T1391,loading,zone_a,80.6,54,clear,OP1015,intermediate,EXC005,1.5,27.0,67.1,2026-06-30 10:46:34.896981
T1392,hauling,zone_a,67.3,45,clear,OP1017,intermediate,EXC005,1.5,22.5,66.1,2026-06-30 12:07:27.074798
T1393,grading,zone_a,129.4,87,clear,OP1007,expert,EXC005,1.5,43.5,57.4,2026-06-30 13:21:12.301374
T1394,excavation,zone_b,199.8,134,clear,OP1007,expert,EXC006,5.3,67.0,85.3,2026-06-30 07:00:00.000000
T1395,grading,zone_b,147.2,99,clear,OP1020,intermediate,EXC006,5.3,49.5,72.3,2026-06-30 08:33:33.961675
T1396,trenching,zone_b,111.5,75,cloudy,OP1016,novice,EXC006,5.3,38.6,64.6,2026-06-30 09:52:26.524681
T1397,hauling,zone_b,60.5,41,rain,OP1011,intermediate,EXC006,5.3,24.1,57.1,2026-06-30 11:02:54.718843
T1398,grading,zone_b,126.2,85,clear,OP1019,expert,EXC006,5.3,42.6,61.4,2026-06-30 12:09:10.774211
T1399,hauling,zone_b,68.8,46,clear,OP1008,expert,EXC006,5.3,23.0,71.1,2026-06-30 13:24:01.399891
T1400,loading,zone_c,54.9,37,clear,OP1013,intermediate,EXC007,1.0,18.5,61.5,2026-06-30 07:00:00.000000
T1401,grading,zone_c,92.6,62,clear,OP1003,expert,EXC007,1.0,31.0,38.2,2026-06-30 08:06:42.946372
T1402,excavation,zone_c,142.3,95,clear,OP1004,intermediate,EXC007,1.0,47.5,69.2,2026-06-30 08:51:59.373187
T1403,excavation,zone_c,181.9,122,clear,OP1003,expert,EXC007,1.0,61.0,66.5,2026-06-30 10:09:27.405446
T1404,loading,zone_c,113.2,76,rain,OP1012,expert,EXC007,1.0,44.3,87.4,2026-06-30 11:26:00.878548
T1405,trenching,zone_d,125.7,84,clear,OP1020,intermediate,EXC008,6.2,42.0,55.0,2026-06-30 07:00:00.000000
T1406,trenching,zone_d,92.6,62,clear,OP1009,novice,EXC008,6.2,31.0,50.5,2026-06-30 08:08:45.098331
T1407,loading,zone_d,54.2,37,cloudy,OP1011,intermediate,EXC008,6.2,19.1,54.8,2026-06-30 09:07:17.760696
T1408,loading,zone_d,46.9,32,clear,OP1017,intermediate,EXC008,6.2,16.0,51.4,2026-06-30 10:07:41.801611
T1409,excavation,zone_d,193.0,129,rain,OP1016,novice,EXC008,6.2,74.6,99.1,2026-06-30 11:13:33.300397
T1410,grading,zone_d,98.7,66,clear,OP1020,intermediate,EXC008,6.2,33.1,45.8,2026-06-30 12:59:04.327714
T1411,trenching,zone_d,117.6,79,clear,OP1020,intermediate,EXC008,6.2,39.5,55.8,2026-06-30 13:50:39.377028
T1412,hauling,zone_d,84.8,57,clear,OP1017,intermediate,EXC008,6.2,28.5,87.9,2026-06-30 15:01:18.564913
T1413,excavation,zone_a,185.9,124,clear,OP1001,expert,EXC001,5.5,62.0,75.0,2026-07-01 07:00:00.000000
T1414,excavation,zone_a,213.1,143,clear,OP1007,expert,EXC001,5.5,71.5,81.8,2026-07-01 08:27:31.024581
T1415,excavation,zone_a,88.5,59,cloudy,OP1002,intermediate,EXC001,5.5,30.4,48.2,2026-07-01 10:01:26.590221
T1416,loading,zone_a,115.7,78,clear,OP1010,intermediate,EXC001,5.5,39.0,92.5,2026-07-01 11:01:13.565798
T1417,excavation,zone_b,148.4,99,clear,OP1011,intermediate,EXC002,7.7,49.5,100.1,2026-07-01 07:00:00.000000
T1418,trenching,zone_b,71.8,48,clear,OP1013,intermediate,EXC002,7.7,24.0,62.8,2026-07-01 08:45:07.653978
T1419,excavation,zone_b,120.0,80,clear,OP1011,intermediate,EXC002,7.7,40.0,87.6,2026-07-01 09:53:34.951641
T1420,loading,zone_b,107.4,72,clear,OP1017,intermediate,EXC002,7.7,36.0,126.3,2026-07-01 11:29:58.727749
T1421,trenching,zone_b,50.1,34,clear,OP1011,intermediate,EXC002,7.7,17.0,44.8,2026-07-01 13:49:09.032745
T1422,grading,zone_b,83.5,56,rain,OP1016,novice,EXC002,7.7,32.4,97.1,2026-07-01 14:45:16.305662
T1423,hauling,zone_c,77.5,52,clear,OP1016,novice,EXC003,7.2,26.0,59.3,2026-07-01 07:00:00.000000
T1424,excavation,zone_c,179.4,120,clear,OP1002,intermediate,EXC003,7.2,60.0,85.3,2026-07-01 08:08:45.321198
T1425,excavation,zone_c,167.0,112,clear,OP1015,intermediate,EXC003,7.2,56.0,69.8,2026-07-01 09:44:46.438314
T1426,hauling,zone_c,70.1,47,clear,OP1020,intermediate,EXC003,7.2,23.5,47.4,2026-07-01 11:08:25.705155
T1427,excavation,zone_c,102.3,69,cloudy,OP1004,intermediate,EXC003,7.2,35.5,44.0,2026-07-01 12:06:07.115823
T1428,hauling,zone_c,70.5,47,clear,OP1011,intermediate,EXC003,7.2,23.5,54.5,2026-07-01 13:01:25.407052
T1429,excavation,zone_c,177.1,119,rain,OP1007,expert,EXC003,7.2,69.2,78.2,2026-07-01 14:03:46.921973
T1430,loading,zone_d,110.9,74,clear,OP1010,intermediate,EXC004,8.0,37.0,90.2,2026-07-01 07:00:00.000000
T1431,hauling,zone_d,73.8,50,clear,OP1017,intermediate,EXC004,8.0,25.0,59.6,2026-07-01 08:36:37.531889
T1432,excavation,zone_d,196.6,132,clear,OP1018,novice,EXC004,8.0,66.0,111.3,2026-07-01 09:43:37.917301
T1433,hauling,zone_d,86.6,58,clear,OP1013,intermediate,EXC004,8.0,29.0,59.1,2026-07-01 11:44:25.857917
T1434,trenching,zone_d,102.5,69,cloudy,OP1011,intermediate,EXC004,8.0,35.5,44.1,2026-07-01 12:57:32.848312
T1435,trenching,zone_d,99.2,67,clear,OP1005,novice,EXC004,8.0,33.5,73.1,2026-07-01 13:49:53.587684
T1436,hauling,zone_d,70.1,47,rain,OP1007,expert,EXC004,8.0,27.3,53.5,2026-07-01 15:10:18.567574
T1437,grading,zone_d,66.5,45,clear,OP1009,novice,EXC004,8.0,22.5,43.6,2026-07-01 16:13:46.730078
T1438,grading,zone_a,132.4,89,clear,OP1018,novice,EXC005,1.5,44.5,75.8,2026-07-01 07:00:00.000000
T1439,grading,zone_a,104.8,70,clear,OP1002,intermediate,EXC005,1.5,35.0,51.6,2026-07-01 08:25:03.759342
T1440,loading,zone_a,76.7,52,clear,OP1019,expert,EXC005,1.5,26.0,54.9,2026-07-01 09:23:06.171296
T1441,grading,zone_a,80.7,54,cloudy,OP1017,intermediate,EXC005,1.5,27.8,39.2,2026-07-01 10:30:57.099422
T1442,excavation,zone_a,173.5,116,clear,OP1005,novice,EXC005,1.5,58.0,107.8,2026-07-01 11:21:24.619517
T1443,hauling,zone_a,73.9,50,clear,OP1018,novice,EXC005,1.5,25.0,75.4,2026-07-01 13:16:05.685809
T1444,excavation,zone_b,90.7,61,clear,OP1015,intermediate,EXC006,5.3,30.5,47.8,2026-07-01 07:00:00.000000
T1445,loading,zone_b,117.6,79,clear,OP1001,expert,EXC006,5.3,39.5,78.6,2026-07-01 07:55:40.977219
T1446,grading,zone_b,86.8,58,clear,OP1018,novice,EXC006,5.3,29.0,62.8,2026-07-01 09:25:02.866197
T1447,grading,zone_b,69.6,47,cloudy,OP1009,novice,EXC006,5.3,24.2,47.1,2026-07-01 10:36:50.205775
T1448,grading,zone_b,89.8,60,clear,OP1008,expert,EXC006,5.3,30.0,42.6,2026-07-01 11:30:56.029507
T1449,excavation,zone_b,203.5,136,cloudy,OP1016,novice,EXC006,5.3,70.0,117.5,2026-07-01 12:27:38.950275
T1450,loading,zone_c,61.8,42,clear,OP1016,novice,EXC007,1.0,21.0,64.6,2026-07-01 07:00:00.000000
T1451,hauling,zone_c,34.9,24,clear,OP1013,intermediate,EXC007,1.0,12.0,39.9,2026-07-01 08:18:13.400597
T1452,excavation,zone_c,159.0,106,clear,OP1008,expert,EXC007,1.0,53.0,64.6,2026-07-01 09:08:39.570438
T1453,loading,zone_c,47.8,32,cloudy,OP1010,intermediate,EXC007,1.0,16.5,56.9,2026-07-01 10:27:07.126586
T1454,excavation,zone_d,123.9,83,clear,OP1020,intermediate,EXC008,6.2,41.5,53.6,2026-07-01 07:00:00.000000
T1455,trenching,zone_d,87.2,59,clear,OP1017,intermediate,EXC008,6.2,29.5,46.6,2026-07-01 08:01:49.163241
T1456,loading,zone_d,100.8,68,clear,OP1011,intermediate,EXC008,6.2,34.0,68.2,2026-07-01 08:58:15.077416
T1457,hauling,zone_d,85.6,58,cloudy,OP1016,novice,EXC008,6.2,29.9,68.8,2026-07-01 10:18:44.005989
T1458,loading,zone_d,80.6,54,clear,OP1001,expert,EXC008,6.2,27.0,54.6,2026-07-01 11:42:22.824447
T1459,hauling,zone_d,81.5,55,cloudy,OP1002,intermediate,EXC008,6.2,28.3,70.4,2026-07-01 12:45:58.957943
T1460,grading,zone_d,83.6,56,rain,OP1016,novice,EXC008,6.2,32.4,57.1,2026-07-01 14:07:17.701180
T1461,trenching,zone_a,62.1,42,rain,OP1005,novice,EXC001,5.5,24.3,56.9,2026-07-02 07:00:00.000000
T1462,excavation,zone_a,128.8,86,cloudy,OP1014,expert,EXC001,5.5,44.3,55.2,2026-07-02 08:04:30.994228
T1463,loading,zone_a,59.6,40,cloudy,OP1004,intermediate,EXC001,5.5,20.6,62.4,2026-07-02 09:09:25.266846
T1464,trenching,zone_a,66.3,45,clear,OP1019,expert,EXC001,5.5,22.5,30.9,2026-07-02 10:17:57.281391
T1465,grading,zone_a,60.6,41,clear,OP1011,intermediate,EXC001,5.5,20.5,29.6,2026-07-02 10:55:38.970400
T1466,trenching,zone_b,52.2,35,rain,OP1015,intermediate,EXC002,7.7,20.2,57.3,2026-07-02 07:00:00.000000
T1467,trenching,zone_b,70.3,47,cloudy,OP1004,intermediate,EXC002,7.7,24.2,67.0,2026-07-02 08:04:06.102666
T1468,loading,zone_b,107.2,72,cloudy,OP1012,expert,EXC002,7.7,37.1,99.8,2026-07-02 09:23:13.125406
T1469,hauling,zone_b,62.5,42,clear,OP1003,expert,EXC002,7.7,21.0,80.8,2026-07-02 11:15:48.362178
T1470,trenching,zone_b,74.8,50,clear,OP1005,novice,EXC002,7.7,25.0,106.4,2026-07-02 12:48:42.337860
T1471,trenching,zone_b,74.8,50,clear,OP1014,expert,EXC002,7.7,25.0,62.9,2026-07-02 14:49:13.537131
T1472,excavation,zone_b,147.7,99,clear,OP1016,novice,EXC002,7.7,49.5,142.9,2026-07-02 16:01:35.641912
T1473,excavation,zone_c,95.0,64,rain,OP1012,expert,EXC003,7.2,37.3,40.2,2026-07-02 07:00:00.000000
T1474,grading,zone_c,67.6,46,rain,OP1019,expert,EXC003,7.2,26.6,40.2,2026-07-02 07:51:41.510056
T1475,loading,zone_c,70.1,47,cloudy,OP1006,expert,EXC003,7.2,24.2,68.9,2026-07-02 08:36:59.745337
T1476,loading,zone_c,90.9,61,cloudy,OP1012,expert,EXC003,7.2,31.4,70.5,2026-07-02 09:53:52.022475
T1477,loading,zone_d,47.8,32,rain,OP1018,novice,EXC004,8.0,18.7,61.9,2026-07-02 07:00:00.000000
T1478,trenching,zone_d,115.7,78,cloudy,OP1010,intermediate,EXC004,8.0,40.2,57.6,2026-07-02 08:09:17.821052
T1479,grading,zone_d,137.3,92,cloudy,OP1007,expert,EXC004,8.0,47.4,59.9,2026-07-02 09:19:04.817408
T1480,trenching,zone_d,55.7,38,clear,OP1020,intermediate,EXC004,8.0,19.0,32.0,2026-07-02 10:26:25.188014
T1481,hauling,zone_a,46.8,32,rain,OP1005,novice,EXC005,1.5,18.5,84.5,2026-07-02 07:00:00.000000
T1482,hauling,zone_a,36.7,25,cloudy,OP1018,novice,EXC005,1.5,12.9,34.4,2026-07-02 08:33:44.768427
T1483,trenching,zone_a,108.3,73,cloudy,OP1001,expert,EXC005,1.5,37.6,43.8,2026-07-02 09:20:38.546780
T1484,loading,zone_a,68.0,46,clear,OP1018,novice,EXC005,1.5,23.0,78.9,2026-07-02 10:13:20.350421
T1485,grading,zone_a,141.9,95,clear,OP1020,intermediate,EXC005,1.5,47.5,65.5,2026-07-02 11:46:34.956453
T1486,grading,zone_a,146.5,98,clear,OP1002,intermediate,EXC005,1.5,49.0,72.9,2026-07-02 13:02:19.947852
T1487,hauling,zone_a,65.9,44,clear,OP1015,intermediate,EXC005,1.5,22.0,60.6,2026-07-02 14:21:19.499640
T1488,loading,zone_b,52.6,36,rain,OP1018,novice,EXC006,5.3,21.0,72.9,2026-07-02 07:00:00.000000
T1489,excavation,zone_b,157.4,105,cloudy,OP1012,expert,EXC006,5.3,54.1,74.7,2026-07-02 08:20:33.332350
T1490,trenching,zone_b,106.5,71,cloudy,OP1002,intermediate,EXC006,5.3,36.6,67.8,2026-07-02 09:45:02.623968
T1491,hauling,zone_b,57.6,39,clear,OP1020,intermediate,EXC006,5.3,19.5,46.0,2026-07-02 11:02:27.538996
T1492,excavation,zone_b,99.5,67,clear,OP1016,novice,EXC006,5.3,33.5,59.6,2026-07-02 12:02:58.476919
T1493,loading,zone_c,84.9,57,rain,OP1013,intermediate,EXC007,1.0,33.7,84.7,2026-07-02 07:00:00.000000
T1494,trenching,zone_c,59.4,40,cloudy,OP1017,intermediate,EXC007,1.0,20.6,34.7,2026-07-02 08:33:58.485060
T1495,hauling,zone_c,75.6,51,cloudy,OP1001,expert,EXC007,1.0,26.3,55.6,2026-07-02 09:15:27.376920
T1496,loading,zone_c,102.6,69,clear,OP1010,intermediate,EXC007,1.0,34.5,69.8,2026-07-02 10:25:50.577868
T1497,excavation,zone_c,153.7,103,clear,OP1002,intermediate,EXC007,1.0,51.5,79.0,2026-07-02 11:48:06.509496
T1498,loading,zone_d,71.1,48,rain,OP1015,intermediate,EXC008,6.2,27.7,69.3,2026-07-02 07:00:00.000000
T1499,trenching,zone_d,104.7,70,cloudy,OP1007,expert,EXC008,6.2,36.1,41.9,2026-07-02 08:23:41.943180
T1500,trenching,zone_d,111.5,75,cloudy,OP1015,intermediate,EXC008,6.2,38.6,53.0,2026-07-02 09:13:57.658084
T1501,hauling,zone_d,44.5,30,clear,OP1012,expert,EXC008,6.2,15.0,48.0,2026-07-02 10:12:49.543616
T1502,excavation,zone_d,188.2,126,clear,OP1019,expert,EXC008,6.2,63.0,75.2,2026-07-02 11:06:35.343523
T1503,loading,zone_d,113.7,76,clear,OP1008,expert,EXC008,6.2,38.0,70.0,2026-07-02 12:31:50.882407
T1504,hauling,zone_a,74.9,50,clear,OP1011,intermediate,EXC001,5.5,25.0,54.1,2026-07-03 07:00:00.000000
T1505,grading,zone_a,92.6,62,cloudy,OP1012,expert,EXC001,5.5,31.9,39.7,2026-07-03 08:06:22.726435
T1506,loading,zone_a,103.3,69,cloudy,OP1004,intermediate,EXC001,5.5,35.5,94.5,2026-07-03 08:53:43.550182
T1507,hauling,zone_a,89.5,60,cloudy,OP1018,novice,EXC001,5.5,30.9,70.6,2026-07-03 10:39:37.516484
T1508,hauling,zone_b,40.5,27,clear,OP1001,expert,EXC002,7.7,13.5,64.7,2026-07-03 07:00:00.000000
T1509,grading,zone_b,104.5,70,cloudy,OP1011,intermediate,EXC002,7.7,36.1,78.8,2026-07-03 08:10:35.406631
T1510,excavation,zone_b,193.9,130,clear,OP1002,intermediate,EXC002,7.7,65.0,172.6,2026-07-03 09:42:29.655154
T1511,grading,zone_b,149.6,100,clear,OP1014,expert,EXC002,7.7,50.8,119.1,2026-07-03 12:48:07.718557
T1512,loading,zone_b,119.5,80,cloudy,OP1015,intermediate,EXC002,7.7,41.6,126.8,2026-07-03 14:56:57.303491
T1513,excavation,zone_c,142.8,96,clear,OP1012,expert,EXC003,7.2,48.0,52.9,2026-07-03 07:00:00.000000
T1514,trenching,zone_c,84.7,57,cloudy,OP1009,novice,EXC003,7.2,29.4,46.6,2026-07-03 08:00:36.991969
T1515,grading,zone_c,81.7,55,clear,OP1012,expert,EXC003,7.2,27.5,36.8,2026-07-03 09:01:12.998037
T1516,excavation,zone_c,123.6,83,clear,OP1016,novice,EXC003,7.2,41.5,59.5,2026-07-03 09:52:25.750156
T1517,trenching,zone_c,74.6,50,cloudy,OP1004,intermediate,EXC003,7.2,25.8,40.3,2026-07-03 10:59:44.804971
T1518,grading,zone_c,74.5,50,cloudy,OP1019,expert,EXC003,7.2,25.9,31.0,2026-07-03 11:52:02.109290
T1519,excavation,zone_c,130.6,88,clear,OP1013,intermediate,EXC003,7.2,44.6,64.0,2026-07-03 12:29:27.114853
T1520,hauling,zone_c,60.1,41,clear,OP1007,expert,EXC003,7.2,20.5,66.1,2026-07-03 13:47:55.356248
T1521,trenching,zone_d,65.1,44,clear,OP1004,intermediate,EXC004,8.0,22.0,35.6,2026-07-03 07:00:00.000000
T1522,grading,zone_d,115.5,77,clear,OP1016,novice,EXC004,8.0,38.5,68.8,2026-07-03 07:45:51.507738
T1523,excavation,zone_d,192.0,128,clear,OP1007,expert,EXC004,8.0,64.0,77.4,2026-07-03 09:02:35.152170
T1524,loading,zone_d,64.9,44,cloudy,OP1007,expert,EXC004,8.0,22.7,66.2,2026-07-03 10:29:22.890112
T1525,trenching,zone_d,123.7,83,cloudy,OP1020,intermediate,EXC004,8.0,43.1,60.5,2026-07-03 11:48:47.245200
T1526,trenching,zone_d,123.9,83,clear,OP1009,novice,EXC004,8.0,41.5,68.5,2026-07-03 13:00:53.397717
T1527,loading,zone_a,53.4,36,clear,OP1001,expert,EXC005,1.5,18.0,59.8,2026-07-03 07:00:00.000000
T1528,grading,zone_a,148.7,100,cloudy,OP1001,expert,EXC005,1.5,51.5,60.3,2026-07-03 08:06:16.468133
T1529,grading,zone_a,88.4,59,clear,OP1007,expert,EXC005,1.5,29.5,38.3,2026-07-03 09:18:08.469195
T1530,trenching,zone_a,60.9,41,cloudy,OP1012,expert,EXC005,1.5,21.1,29.8,2026-07-03 10:10:36.547187
T1531,hauling,zone_b,31.5,21,clear,OP1020,intermediate,EXC006,5.3,10.5,60.4,2026-07-03 07:00:00.000000
T1532,excavation,zone_b,138.9,93,cloudy,OP1017,intermediate,EXC006,5.3,47.9,73.5,2026-07-03 08:09:40.965605
T1533,grading,zone_b,127.3,85,clear,OP1006,expert,EXC006,5.3,42.5,59.3,2026-07-03 09:28:12.736768
T1534,loading,zone_b,53.6,36,cloudy,OP1002,intermediate,EXC006,5.3,18.5,63.9,2026-07-03 10:35:50.863029
T1535,trenching,zone_b,98.4,66,cloudy,OP1008,expert,EXC006,5.3,34.3,50.1,2026-07-03 11:45:01.164466
T1536,excavation,zone_b,110.7,74,clear,OP1004,intermediate,EXC006,5.3,37.6,61.4,2026-07-03 12:45:42.177919
T1537,hauling,zone_b,46.5,31,clear,OP1007,expert,EXC006,5.3,15.5,61.5,2026-07-03 13:54:56.566558
T1538,loading,zone_b,43.0,29,storm,OP1008,expert,EXC006,5.3,19.6,60.1,2026-07-03 15:10:54.708925
T1539,trenching,zone_c,115.8,78,clear,OP1010,intermediate,EXC007,1.0,39.0,59.3,2026-07-03 07:00:00.000000
T1540,trenching,zone_c,53.7,36,cloudy,OP1015,intermediate,EXC007,1.0,18.5,28.4,2026-07-03 08:04:43.987109
T1541,hauling,zone_c,47.3,32,cloudy,OP1013,intermediate,EXC007,1.0,16.5,46.6,2026-07-03 08:39:19.423836
T1542,grading,zone_c,146.2,98,clear,OP1015,intermediate,EXC007,1.0,49.0,68.2,2026-07-03 09:32:06.299768
T1543,loading,zone_c,53.2,36,cloudy,OP1019,expert,EXC007,1.0,18.5,60.7,2026-07-03 10:54:08.951343
T1544,excavation,zone_c,136.6,92,clear,OP1014,expert,EXC007,1.0,46.8,63.7,2026-07-03 12:09:01.297797
T1545,trenching,zone_d,99.2,67,clear,OP1009,novice,EXC008,6.2,33.5,57.4,2026-07-03 07:00:00.000000
T1546,trenching,zone_d,72.9,49,cloudy,OP1005,novice,EXC008,6.2,25.2,57.7,2026-07-03 08:08:40.862455
T1547,trenching,zone_d,84.9,57,clear,OP1008,expert,EXC008,6.2,28.5,38.0,2026-07-03 09:14:05.233245
T1548,grading,zone_d,136.5,91,clear,OP1011,intermediate,EXC008,6.2,45.5,54.7,2026-07-03 09:57:05.744616
T1549,trenching,zone_d,113.3,76,cloudy,OP1008,expert,EXC008,6.2,39.5,50.5,2026-07-03 11:03:35.962338
T1550,grading,zone_a,96.3,65,storm,OP1002,intermediate,EXC001,5.5,43.4,65.0,2026-07-04 07:00:00.000000
T1551,hauling,zone_a,81.0,54,clear,OP1006,expert,EXC001,5.5,27.0,50.6,2026-07-04 08:11:16.423922
T1552,grading,zone_a,144.4,97,clear,OP1003,expert,EXC001,5.5,48.8,55.1,2026-07-04 09:07:22.505594
T1553,loading,zone_a,53.9,36,clear,OP1004,intermediate,EXC001,5.5,18.0,64.2,2026-07-04 10:12:35.780411
T1554,trenching,zone_b,73.6,50,storm,OP1003,expert,EXC002,7.7,34.1,70.3,2026-07-04 07:00:00.000000
T1555,hauling,zone_b,72.4,49,clear,OP1014,expert,EXC002,7.7,24.5,76.1,2026-07-04 08:19:41.035015
T1556,excavation,zone_b,170.8,114,clear,OP1001,expert,EXC002,7.7,57.2,129.8,2026-07-04 09:45:03.819293
T1557,trenching,zone_b,124.3,83,clear,OP1013,intermediate,EXC002,7.7,41.5,117.9,2026-07-04 12:07:04.748561
T1558,hauling,zone_b,70.9,48,clear,OP1007,expert,EXC002,7.7,24.3,94.7,2026-07-04 14:15:38.030753
T1559,trenching,zone_b,69.2,47,clear,OP1005,novice,EXC002,7.7,23.5,99.9,2026-07-04 16:02:12.417733
T1560,grading,zone_c,68.9,46,storm,OP1018,novice,EXC003,7.2,30.8,52.3,2026-07-04 07:00:00.000000
T1561,hauling,zone_c,65.6,44,storm,OP1020,intermediate,EXC003,7.2,29.5,55.7,2026-07-04 07:58:07.624818
T1562,excavation,zone_c,87.5,59,clear,OP1009,novice,EXC003,7.2,29.5,52.6,2026-07-04 08:59:54.303130
T1563,trenching,zone_c,125.8,84,clear,OP1008,expert,EXC003,7.2,42.0,52.8,2026-07-04 10:00:55.459585
T1564,grading,zone_c,104.1,70,clear,OP1011,intermediate,EXC003,7.2,35.6,46.3,2026-07-04 11:06:12.260872
T1565,grading,zone_c,137.9,92,clear,OP1015,intermediate,EXC003,7.2,46.0,58.7,2026-07-04 12:02:12.817642
T1566,loading,zone_c,61.8,42,clear,OP1005,novice,EXC003,7.2,21.1,93.5,2026-07-04 13:12:43.199449
T1567,hauling,zone_c,56.7,38,clear,OP1018,novice,EXC003,7.2,19.2,47.5,2026-07-04 14:53:36.445928
T1568,grading,zone_d,99.4,67,storm,OP1018,novice,EXC004,8.0,44.8,84.3,2026-07-04 07:00:00.000000
T1569,hauling,zone_d,80.4,54,clear,OP1010,intermediate,EXC004,8.0,27.0,77.9,2026-07-04 08:37:23.837730
T1570,trenching,zone_d,87.9,59,clear,OP1007,expert,EXC004,8.0,29.5,40.6,2026-07-04 10:09:18.079044
T1571,excavation,zone_d,154.5,103,clear,OP1007,expert,EXC004,8.0,52.2,66.8,2026-07-04 11:04:17.637751
T1572,hauling,zone_a,62.5,42,storm,OP1010,intermediate,EXC005,1.5,28.6,76.3,2026-07-04 07:00:00.000000
T1573,loading,zone_a,65.7,44,clear,OP1003,expert,EXC005,1.5,22.0,39.9,2026-07-04 08:21:18.220285
T1574,loading,zone_a,84.1,57,clear,OP1016,novice,EXC005,1.5,28.6,73.6,2026-07-04 09:15:11.918655
T1575,excavation,zone_a,135.3,91,clear,OP1001,expert,EXC005,1.5,45.5,54.7,2026-07-04 10:36:01.604009
T1576,grading,zone_b,108.8,73,storm,OP1015,intermediate,EXC006,5.3,47.7,73.2,2026-07-04 07:00:00.000000
T1577,hauling,zone_b,60.4,41,clear,OP1018,novice,EXC006,5.3,20.5,79.3,2026-07-04 08:23:01.100202
T1578,trenching,zone_b,74.0,50,clear,OP1002,intermediate,EXC006,5.3,25.1,48.9,2026-07-04 09:52:22.000367
T1579,excavation,zone_b,161.1,108,clear,OP1009,novice,EXC006,5.3,54.0,95.6,2026-07-04 10:49:38.234392
T1580,hauling,zone_b,67.5,45,clear,OP1001,expert,EXC006,5.3,22.5,49.2,2026-07-04 12:35:23.996461
T1581,loading,zone_b,89.9,60,clear,OP1020,intermediate,EXC006,5.3,30.1,67.5,2026-07-04 13:35:28.390618
T1582,trenching,zone_b,99.7,67,clear,OP1012,expert,EXC006,5.3,33.9,51.0,2026-07-04 14:53:46.541654
T1583,grading,zone_b,91.6,62,rain,OP1007,expert,EXC006,5.3,36.1,54.6,2026-07-04 15:55:33.406270
T1584,excavation,zone_c,81.9,55,storm,OP1011,intermediate,EXC007,1.0,37.2,47.2,2026-07-04 07:00:00.000000
T1585,loading,zone_c,87.0,58,storm,OP1016,novice,EXC007,1.0,38.1,81.7,2026-07-04 07:56:29.722364
T1586,trenching,zone_c,107.3,72,clear,OP1008,expert,EXC007,1.0,36.2,47.6,2026-07-04 09:23:55.223226
T1587,hauling,zone_c,74.0,50,clear,OP1020,intermediate,EXC007,1.0,25.0,75.3,2026-07-04 10:22:50.479817
T1588,excavation,zone_c,145.8,98,clear,OP1002,intermediate,EXC007,1.0,49.5,80.2,2026-07-04 11:51:05.523717
T1589,loading,zone_c,88.9,60,clear,OP1017,intermediate,EXC007,1.0,30.2,72.9,2026-07-04 13:21:10.691539
T1590,loading,zone_c,83.9,56,clear,OP1016,novice,EXC007,1.0,28.3,82.8,2026-07-04 14:47:09.173164
T1591,loading,zone_c,44.0,30,clear,OP1015,intermediate,EXC007,1.0,15.0,40.6,2026-07-04 16:24:11.731278
T1592,excavation,zone_d,86.8,58,storm,OP1016,novice,EXC008,6.2,38.1,57.8,2026-07-04 07:00:00.000000
T1593,trenching,zone_d,70.1,47,clear,OP1005,novice,EXC008,6.2,23.5,66.1,2026-07-04 08:08:07.758136
T1594,grading,zone_d,138.3,93,clear,OP1001,expert,EXC008,6.2,46.7,57.5,2026-07-04 09:24:07.970867
T1595,trenching,zone_d,123.8,83,clear,OP1011,intermediate,EXC008,6.2,41.5,50.6,2026-07-04 10:27:30.511391
T1596,hauling,zone_d,79.3,53,clear,OP1001,expert,EXC008,6.2,26.8,50.3,2026-07-04 11:26:41.222679
T1597,hauling,zone_d,45.2,31,clear,OP1003,expert,EXC008,6.2,15.5,41.9,2026-07-04 12:28:56.353861
T1598,hauling,zone_d,40.1,27,clear,OP1005,novice,EXC008,6.2,13.6,71.1,2026-07-04 13:22:11.848272
T1599,hauling,zone_d,74.1,50,clear,OP1003,expert,EXC008,6.2,25.3,69.2,2026-07-04 14:40:13.507008
T1600,trenching,zone_a,99.3,67,rain,OP1001,expert,EXC001,5.5,38.9,47.0,2026-07-05 07:00:00.000000
T1601,grading,zone_a,102.3,69,cloudy,OP1013,intermediate,EXC001,5.5,35.5,48.9,2026-07-05 08:00:12.619051
T1602,trenching,zone_a,113.7,76,cloudy,OP1001,expert,EXC001,5.5,39.1,50.8,2026-07-05 08:54:44.354910
T1603,grading,zone_a,83.2,56,cloudy,OP1020,intermediate,EXC001,5.5,29.2,39.4,2026-07-05 09:54:25.842916
T1604,trenching,zone_a,73.5,49,clear,OP1004,intermediate,EXC001,5.5,24.5,34.7,2026-07-05 10:39:50.797133
T1605,trenching,zone_a,128.0,86,cloudy,OP1018,novice,EXC001,5.5,44.7,87.2,2026-07-05 11:26:46.153438
T1606,loading,zone_a,101.8,68,clear,OP1006,expert,EXC001,5.5,34.3,85.0,2026-07-05 13:08:40.748653
T1607,grading,zone_b,145.7,98,rain,OP1014,expert,EXC002,7.7,56.8,133.0,2026-07-05 07:00:00.000000
T1608,excavation,zone_b,192.2,129,cloudy,OP1019,expert,EXC002,7.7,67.0,162.1,2026-07-05 09:24:39.628842
T1609,excavation,zone_b,167.1,112,storm,OP1003,expert,EXC002,7.7,79.5,167.1,2026-07-05 12:17:49.359846
T1610,loading,zone_b,78.4,53,clear,OP1009,novice,EXC002,7.7,26.5,112.8,2026-07-05 15:16:44.413361
T1611,grading,zone_c,145.8,98,rain,OP1011,intermediate,EXC003,7.2,57.6,67.0,2026-07-05 07:00:00.000000
T1612,hauling,zone_c,74.9,50,cloudy,OP1006,expert,EXC003,7.2,25.8,48.9,2026-07-05 08:12:18.571757
T1613,grading,zone_c,95.9,64,cloudy,OP1013,intermediate,EXC003,7.2,33.4,49.6,2026-07-05 09:14:35.962998
T1614,excavation,zone_c,200.3,134,clear,OP1007,expert,EXC003,7.2,67.0,73.9,2026-07-05 10:11:29.326620
T1615,grading,zone_c,88.4,59,cloudy,OP1001,expert,EXC003,7.2,30.6,43.6,2026-07-05 11:33:37.154824
T1616,grading,zone_c,146.0,98,storm,OP1014,expert,EXC003,7.2,67.1,83.3,2026-07-05 12:23:36.814055
T1617,grading,zone_c,83.0,56,clear,OP1018,novice,EXC003,7.2,28.2,50.4,2026-07-05 13:58:10.989741
T1618,excavation,zone_d,154.2,103,rain,OP1017,intermediate,EXC004,8.0,60.7,88.3,2026-07-05 07:00:00.000000
T1619,hauling,zone_d,41.0,28,cloudy,OP1005,novice,EXC004,8.0,14.4,57.8,2026-07-05 08:34:12.196029
T1620,trenching,zone_d,90.9,61,cloudy,OP1009,novice,EXC004,8.0,31.7,59.0,2026-07-05 09:45:55.664412
T1621,excavation,zone_d,125.7,84,clear,OP1014,expert,EXC004,8.0,42.0,65.5,2026-07-05 10:50:24.169206
T1622,hauling,zone_d,60.0,40,storm,OP1004,intermediate,EXC004,8.0,27.4,78.5,2026-07-05 12:07:49.524178
T1623,loading,zone_d,111.0,74,clear,OP1008,expert,EXC004,8.0,37.3,77.1,2026-07-05 13:36:43.527905
T1624,grading,zone_d,103.5,69,clear,OP1003,expert,EXC004,8.0,34.5,46.3,2026-07-05 15:02:53.354669
T1625,hauling,zone_a,80.8,54,rain,OP1012,expert,EXC005,1.5,31.5,71.5,2026-07-05 07:00:00.000000
T1626,loading,zone_a,53.8,36,cloudy,OP1007,expert,EXC005,1.5,18.5,41.6,2026-07-05 08:17:10.323439
T1627,trenching,zone_a,56.8,38,cloudy,OP1007,expert,EXC005,1.5,19.8,30.3,2026-07-05 09:04:13.782507
T1628,grading,zone_a,88.8,60,cloudy,OP1012,expert,EXC005,1.5,31.3,44.6,2026-07-05 09:39:40.512514
T1629,loading,zone_a,100.8,68,clear,OP1009,novice,EXC005,1.5,34.0,77.5,2026-07-05 10:33:38.263316
T1630,trenching,zone_a,93.9,63,cloudy,OP1020,intermediate,EXC005,1.5,32.8,43.2,2026-07-05 11:57:14.538055
T1631,loading,zone_b,95.1,64,rain,OP1016,novice,EXC006,5.3,37.0,83.1,2026-07-05 07:00:00.000000
T1632,hauling,zone_b,64.4,43,cloudy,OP1012,expert,EXC006,5.3,22.1,69.2,2026-07-05 08:32:56.988417
T1633,loading,zone_b,83.9,56,cloudy,OP1008,expert,EXC006,5.3,29.2,81.2,2026-07-05 09:47:24.644672
T1634,loading,zone_b,99.2,67,cloudy,OP1010,intermediate,EXC006,5.3,34.8,68.2,2026-07-05 11:20:12.998235
T1635,loading,zone_b,42.6,29,storm,OP1011,intermediate,EXC006,5.3,20.3,70.1,2026-07-05 12:35:18.829900
T1636,loading,zone_b,103.0,69,clear,OP1003,expert,EXC006,5.3,34.5,71.7,2026-07-05 14:00:21.713888
T1637,trenching,zone_c,89.3,60,rain,OP1009,novice,EXC007,1.0,35.2,59.9,2026-07-05 07:00:00.000000
T1638,trenching,zone_c,50.5,34,cloudy,OP1015,intermediate,EXC007,1.0,17.5,29.8,2026-07-05 08:11:29.992604
T1639,trenching,zone_c,96.7,65,cloudy,OP1006,expert,EXC007,1.0,33.5,48.5,2026-07-05 08:46:31.881617
T1640,hauling,zone_c,72.1,49,cloudy,OP1002,intermediate,EXC007,1.0,25.4,67.5,2026-07-05 09:48:37.117052
T1641,trenching,zone_c,86.0,58,cloudy,OP1006,expert,EXC007,1.0,30.3,39.2,2026-07-05 11:04:08.974606
T1642,excavation,zone_c,123.3,83,cloudy,OP1014,expert,EXC007,1.0,43.3,63.1,2026-07-05 11:58:08.457338
T1643,hauling,zone_d,66.7,45,rain,OP1004,intermediate,EXC008,6.2,26.1,51.2,2026-07-05 07:00:00.000000
T1644,loading,zone_d,63.6,43,cloudy,OP1017,intermediate,EXC008,6.2,22.1,54.2,2026-07-05 08:02:53.326607
T1645,grading,zone_d,135.8,91,cloudy,OP1004,intermediate,EXC008,6.2,47.5,69.6,2026-07-05 09:03:23.287174
T1646,grading,zone_d,94.2,63,clear,OP1003,expert,EXC008,6.2,31.5,39.1,2026-07-05 10:18:07.837104
T1647,grading,zone_d,141.3,95,cloudy,OP1011,intermediate,EXC008,6.2,49.5,60.4,2026-07-05 11:05:59.911958
T1648,trenching,zone_d,86.4,58,storm,OP1005,novice,EXC008,6.2,39.4,82.4,2026-07-05 12:16:21.155088
T1649,excavation,zone_d,210.3,141,clear,OP1002,intermediate,EXC008,6.2,70.8,106.2,2026-07-05 13:46:31.093658
T1650,excavation,zone_a,207.3,139,clear,OP1017,intermediate,EXC001,5.5,69.5,95.2,2026-07-06 07:00:00.000000
T1651,trenching,zone_a,77.3,52,rain,OP1001,expert,EXC001,5.5,30.2,40.5,2026-07-06 08:43:32.718193
T1652,trenching,zone_a,125.8,84,cloudy,OP1009,novice,EXC001,5.5,43.3,69.3,2026-07-06 09:35:16.369508
T1653,grading,zone_a,113.1,76,clear,OP1010,intermediate,EXC001,5.5,38.0,54.3,2026-07-06 10:52:45.343628
T1654,trenching,zone_a,125.2,84,clear,OP1015,intermediate,EXC001,5.5,42.4,60.7,2026-07-06 12:01:38.434844
T1655,grading,zone_b,82.3,55,clear,OP1002,intermediate,EXC002,7.7,27.5,78.2,2026-07-06 07:00:00.000000
T1656,hauling,zone_b,83.2,56,rain,OP1003,expert,EXC002,7.7,33.1,101.3,2026-07-06 08:30:29.889942
T1657,grading,zone_b,145.6,98,clear,OP1018,novice,EXC002,7.7,49.0,167.4,2026-07-06 10:23:36.827280
T1658,grading,zone_b,132.8,89,cloudy,OP1011,intermediate,EXC002,7.7,46.2,113.2,2026-07-06 13:19:27.910429
T1659,trenching,zone_b,112.6,76,cloudy,OP1019,expert,EXC002,7.7,39.1,103.9,2026-07-06 15:24:06.686523
T1660,excavation,zone_c,128.2,86,clear,OP1001,expert,EXC003,7.2,43.0,46.9,2026-07-06 07:00:00.000000
T1661,hauling,zone_c,34.6,24,clear,OP1019,expert,EXC003,7.2,12.0,43.1,2026-07-06 07:54:52.312074
T1662,hauling,zone_c,68.7,46,rain,OP1013,intermediate,EXC003,7.2,27.2,58.4,2026-07-06 08:50:24.259945
T1663,hauling,zone_c,65.9,44,cloudy,OP1009,novice,EXC003,7.2,22.7,70.8,2026-07-06 09:55:20.028810
T1664,loading,zone_c,103.5,69,cloudy,OP1017,intermediate,EXC003,7.2,35.9,79.6,2026-07-06 11:13:57.053841
T1665,grading,zone_c,144.1,97,clear,OP1011,intermediate,EXC003,7.2,48.9,55.1,2026-07-06 12:47:46.155691
T1666,loading,zone_d,92.4,62,clear,OP1010,intermediate,EXC004,8.0,31.0,72.6,2026-07-06 07:00:00.000000
T1667,grading,zone_d,121.0,81,rain,OP1018,novice,EXC004,8.0,47.3,85.5,2026-07-06 08:20:35.801532
T1668,loading,zone_d,113.8,76,cloudy,OP1003,expert,EXC004,8.0,39.1,64.6,2026-07-06 09:54:22.400232
T1669,hauling,zone_d,30.2,21,cloudy,OP1013,intermediate,EXC004,8.0,10.9,33.5,2026-07-06 11:13:48.538523
T1670,grading,zone_d,138.1,93,clear,OP1017,intermediate,EXC004,8.0,46.9,72.0,2026-07-06 12:00:50.626207
T1671,hauling,zone_d,87.0,58,cloudy,OP1002,intermediate,EXC004,8.0,30.0,89.2,2026-07-06 13:27:47.565270
T1672,excavation,zone_d,94.5,63,cloudy,OP1010,intermediate,EXC004,8.0,32.4,51.2,2026-07-06 15:06:42.449143
T1673,excavation,zone_a,187.2,125,clear,OP1018,novice,EXC005,1.5,62.5,102.7,2026-07-06 07:00:00.000000
T1674,hauling,zone_a,42.2,29,rain,OP1015,intermediate,EXC005,1.5,16.7,52.9,2026-07-06 08:48:44.872660
T1675,excavation,zone_a,86.9,58,cloudy,OP1010,intermediate,EXC005,1.5,29.9,42.2,2026-07-06 09:55:51.736314
T1676,grading,zone_a,111.6,75,clear,OP1003,expert,EXC005,1.5,37.5,48.5,2026-07-06 10:45:03.268503
T1677,trenching,zone_a,109.5,73,cloudy,OP1012,expert,EXC005,1.5,38.0,50.5,2026-07-06 11:46:53.452921
T1678,loading,zone_a,55.0,37,clear,OP1010,intermediate,EXC005,1.5,18.6,62.0,2026-07-06 12:48:39.086288
T1679,grading,zone_a,102.4,69,rain,OP1012,expert,EXC005,1.5,40.3,49.6,2026-07-06 14:03:26.942373
T1680,trenching,zone_b,118.8,80,clear,OP1013,intermediate,EXC006,5.3,40.0,70.8,2026-07-06 07:00:00.000000
T1681,excavation,zone_b,100.4,67,rain,OP1008,expert,EXC006,5.3,39.4,54.3,2026-07-06 08:23:17.437124
T1682,hauling,zone_b,61.8,42,cloudy,OP1020,intermediate,EXC006,5.3,21.6,67.9,2026-07-06 09:30:57.016646
T1683,grading,zone_b,70.6,48,clear,OP1020,intermediate,EXC006,5.3,24.0,40.1,2026-07-06 10:50:36.143622
T1684,hauling,zone_b,53.6,36,cloudy,OP1005,novice,EXC006,5.3,18.8,79.9,2026-07-06 11:36:45.187151
T1685,trenching,zone_b,111.3,75,cloudy,OP1002,intermediate,EXC006,5.3,38.8,68.0,2026-07-06 13:07:40.705491
T1686,loading,zone_c,87.4,59,clear,OP1011,intermediate,EXC007,1.0,29.5,76.1,2026-07-06 07:00:00.000000
T1687,loading,zone_c,80.6,54,rain,OP1009,novice,EXC007,1.0,31.6,72.1,2026-07-06 08:22:19.657634
T1688,trenching,zone_c,66.5,45,cloudy,OP1020,intermediate,EXC007,1.0,23.2,37.8,2026-07-06 09:47:22.019747
T1689,loading,zone_c,61.1,41,clear,OP1002,intermediate,EXC007,1.0,20.5,58.1,2026-07-06 10:35:31.586914
T1690,hauling,zone_d,36.5,25,clear,OP1009,novice,EXC008,6.2,12.5,37.2,2026-07-06 07:00:00.000000
T1691,loading,zone_d,104.2,70,clear,OP1019,expert,EXC008,6.2,35.0,59.9,2026-07-06 07:45:07.342407
T1692,loading,zone_d,85.6,58,rain,OP1013,intermediate,EXC008,6.2,34.3,72.4,2026-07-06 08:58:29.699788
T1693,excavation,zone_d,162.6,109,clear,OP1006,expert,EXC008,6.2,54.5,70.6,2026-07-06 10:21:28.893511
T1694,hauling,zone_d,88.2,59,cloudy,OP1006,expert,EXC008,6.2,30.8,76.9,2026-07-06 11:37:55.638766
T1695,excavation,zone_d,206.0,138,cloudy,OP1014,expert,EXC008,6.2,71.8,95.1,2026-07-06 13:07:44.307737
T1696,hauling,zone_d,49.6,34,rain,OP1008,expert,EXC008,6.2,20.0,66.4,2026-07-06 14:48:44.920783
T1697,trenching,zone_d,64.0,43,cloudy,OP1007,expert,EXC008,6.2,22.1,36.0,2026-07-06 16:04:09.337595
T1698,loading,zone_a,76.1,51,clear,OP1020,intermediate,EXC001,5.5,25.5,58.1,2026-07-07 07:00:00.000000
T1699,excavation,zone_a,165.8,111,rain,OP1012,expert,EXC001,5.5,64.8,78.3,2026-07-07 08:12:56.168096
T1700,excavation,zone_a,120.5,81,clear,OP1001,expert,EXC001,5.5,40.5,50.2,2026-07-07 09:39:36.573676
T1701,hauling,zone_a,83.9,56,cloudy,OP1005,novice,EXC001,5.5,28.8,90.4,2026-07-07 10:43:45.640026
T1702,excavation,zone_a,106.0,71,clear,OP1019,expert,EXC001,5.5,35.6,48.9,2026-07-07 12:25:59.779079
T1703,loading,zone_a,106.4,71,cloudy,OP1018,novice,EXC001,5.5,36.6,81.8,2026-07-07 13:25:08.335945
T1704,hauling,zone_a,49.9,34,rain,OP1018,novice,EXC001,5.5,19.9,64.6,2026-07-07 14:59:46.840121
T1705,loading,zone_b,88.9,60,clear,OP1015,intermediate,EXC002,7.7,30.0,108.6,2026-07-07 07:00:00.000000
T1706,hauling,zone_b,84.2,57,rain,OP1003,expert,EXC002,7.7,33.7,106.9,2026-07-07 08:55:56.071703
T1707,excavation,zone_b,89.1,60,cloudy,OP1020,intermediate,EXC002,7.7,30.9,83.1,2026-07-07 10:48:34.652719
T1708,excavation,zone_b,110.7,74,clear,OP1017,intermediate,EXC002,7.7,37.2,105.9,2026-07-07 12:24:45.745277
T1709,grading,zone_c,133.4,89,clear,OP1004,intermediate,EXC003,7.2,44.5,58.4,2026-07-07 07:00:00.000000
T1710,trenching,zone_c,120.3,81,rain,OP1014,expert,EXC003,7.2,46.9,57.5,2026-07-07 08:09:52.624133
T1711,grading,zone_c,127.8,86,clear,OP1013,intermediate,EXC003,7.2,43.0,59.7,2026-07-07 09:16:50.528201
T1712,excavation,zone_c,84.1,57,cloudy,OP1019,expert,EXC003,7.2,29.4,43.2,2026-07-07 10:27:28.362258
T1713,loading,zone_c,64.1,43,rain,OP1005,novice,EXC003,7.2,24.8,90.7,2026-07-07 11:15:46.015481
T1714,hauling,zone_d,52.0,35,clear,OP1017,intermediate,EXC004,8.0,17.5,69.4,2026-07-07 07:00:00.000000
T1715,grading,zone_d,89.5,60,rain,OP1005,novice,EXC004,8.0,34.6,75.9,2026-07-07 08:16:22.081895
T1716,loading,zone_d,106.6,72,clear,OP1006,expert,EXC004,8.0,36.0,69.5,2026-07-07 09:44:59.039829
T1717,grading,zone_d,122.4,82,rain,OP1002,intermediate,EXC004,8.0,47.9,74.6,2026-07-07 11:07:41.451737
T1718,excavation,zone_d,219.7,147,clear,OP1012,expert,EXC004,8.0,73.8,103.7,2026-07-07 12:34:21.360528
T1719,grading,zone_d,92.8,62,rain,OP1009,novice,EXC004,8.0,36.3,66.2,2026-07-07 14:24:24.619569
T1720,loading,zone_a,79.6,54,clear,OP1020,intermediate,EXC005,1.5,27.0,64.7,2026-07-07 07:00:00.000000
T1721,loading,zone_a,89.3,60,rain,OP1003,expert,EXC005,1.5,35.5,53.2,2026-07-07 08:12:46.344544
T1722,grading,zone_a,60.0,40,clear,OP1002,intermediate,EXC005,1.5,20.0,31.0,2026-07-07 09:18:06.825401
T1723,trenching,zone_a,121.1,81,cloudy,OP1014,expert,EXC005,1.5,41.7,51.4,2026-07-07 10:03:08.506060
T1724,loading,zone_a,82.7,56,rain,OP1010,intermediate,EXC005,1.5,33.0,84.9,2026-07-07 11:02:08.936066
T1725,trenching,zone_a,107.0,72,clear,OP1006,expert,EXC005,1.5,36.2,48.0,2026-07-07 12:35:26.681164
T1726,excavation,zone_a,100.2,67,cloudy,OP1017,intermediate,EXC005,1.5,34.5,52.2,2026-07-07 13:35:41.318283
T1727,excavation,zone_b,166.3,111,clear,OP1015,intermediate,EXC006,5.3,55.5,88.6,2026-07-07 07:00:00.000000
T1728,excavation,zone_b,100.4,67,rain,OP1011,intermediate,EXC006,5.3,39.4,55.2,2026-07-07 08:35:28.153579
T1729,hauling,zone_b,83.2,56,clear,OP1015,intermediate,EXC006,5.3,28.0,63.2,2026-07-07 09:38:40.241634
T1730,excavation,zone_b,140.8,94,cloudy,OP1018,novice,EXC006,5.3,48.4,104.2,2026-07-07 10:48:55.564344
T1731,trenching,zone_b,72.0,48,clear,OP1016,novice,EXC006,5.3,24.1,45.5,2026-07-07 12:47:34.407328
T1732,excavation,zone_b,94.0,63,cloudy,OP1013,intermediate,EXC006,5.3,32.4,60.7,2026-07-07 13:46:16.660195
T1733,grading,zone_c,68.2,46,clear,OP1001,expert,EXC007,1.0,23.0,30.5,2026-07-07 07:00:00.000000
T1734,excavation,zone_c,194.0,130,clear,OP1016,novice,EXC007,1.0,65.0,107.6,2026-07-07 07:40:14.160473
T1735,hauling,zone_c,31.3,21,clear,OP1002,intermediate,EXC007,1.0,10.5,59.3,2026-07-07 09:42:40.802274
T1736,excavation,zone_c,146.0,98,cloudy,OP1001,expert,EXC007,1.0,50.5,65.3,2026-07-07 10:51:25.636511
T1737,excavation,zone_c,116.3,78,clear,OP1020,intermediate,EXC007,1.0,39.1,60.0,2026-07-07 12:02:31.382841
T1738,hauling,zone_c,68.6,46,cloudy,OP1005,novice,EXC007,1.0,23.7,76.3,2026-07-07 13:10:18.704291
T1739,hauling,zone_c,46.8,32,rain,OP1001,expert,EXC007,1.0,18.6,54.3,2026-07-07 14:32:26.840617
T1740,hauling,zone_d,59.0,40,clear,OP1017,intermediate,EXC008,6.2,20.0,64.3,2026-07-07 07:00:00.000000
T1741,trenching,zone_d,98.5,66,rain,OP1008,expert,EXC008,6.2,38.8,46.9,2026-07-07 08:18:21.547187
T1742,loading,zone_d,63.3,43,clear,OP1011,intermediate,EXC008,6.2,21.5,67.4,2026-07-07 09:19:28.055891
T1743,hauling,zone_d,52.4,35,cloudy,OP1015,intermediate,EXC008,6.2,18.0,67.9,2026-07-07 10:32:51.947989
T1744,excavation,zone_d,195.6,131,rain,OP1014,expert,EXC008,6.2,75.9,94.1,2026-07-07 11:50:34.614064
T1745,hauling,zone_d,80.6,54,cloudy,OP1013,intermediate,EXC008,6.2,27.8,59.3,2026-07-07 13:36:46.620469
T1746,loading,zone_a,70.6,48,rain,OP1011,intermediate,EXC001,5.5,28.2,71.6,2026-07-08 07:00:00.000000
T1747,grading,zone_a,101.3,68,clear,OP1015,intermediate,EXC001,5.5,34.0,46.0,2026-07-08 08:25:21.209323
T1748,excavation,zone_a,105.1,71,cloudy,OP1005,novice,EXC001,5.5,36.6,84.9,2026-07-08 09:26:16.148660
T1749,grading,zone_a,72.4,49,clear,OP1001,expert,EXC001,5.5,24.5,36.5,2026-07-08 11:02:46.481702
T1750,grading,zone_a,71.9,48,clear,OP1005,novice,EXC001,5.5,24.0,62.6,2026-07-08 11:51:43.702447
T1751,hauling,zone_a,78.7,53,clear,OP1020,intermediate,EXC001,5.5,26.5,64.2,2026-07-08 13:02:53.919956
T1752,excavation,zone_b,134.7,90,rain,OP1007,expert,EXC002,7.7,52.3,114.8,2026-07-08 07:00:00.000000
T1753,trenching,zone_b,126.6,85,cloudy,OP1002,intermediate,EXC002,7.7,43.8,121.2,2026-07-08 09:04:00.911751
T1754,loading,zone_b,82.1,55,clear,OP1019,expert,EXC002,7.7,27.5,104.0,2026-07-08 11:17:14.504435
T1755,grading,zone_b,88.5,59,clear,OP1012,expert,EXC002,7.7,29.5,76.4,2026-07-08 13:13:30.064187
T1756,hauling,zone_b,47.2,32,clear,OP1020,intermediate,EXC002,7.7,16.0,79.7,2026-07-08 14:44:36.667373
T1757,loading,zone_b,63.8,43,clear,OP1019,expert,EXC002,7.7,21.5,102.7,2026-07-08 16:17:52.917795
T1758,excavation,zone_c,180.1,121,rain,OP1004,intermediate,EXC003,7.2,70.2,93.2,2026-07-08 07:00:00.000000
T1759,excavation,zone_c,109.7,74,clear,OP1007,expert,EXC003,7.2,37.0,43.1,2026-07-08 08:46:27.056253
T1760,loading,zone_c,101.6,68,cloudy,OP1019,expert,EXC003,7.2,35.0,63.5,2026-07-08 09:42:44.509777
T1761,grading,zone_c,122.8,82,clear,OP1014,expert,EXC003,7.2,41.0,50.3,2026-07-08 10:52:51.746372
T1762,grading,zone_c,131.9,88,clear,OP1002,intermediate,EXC003,7.2,44.0,64.4,2026-07-08 11:57:12.244441
T1763,loading,zone_d,84.6,57,rain,OP1014,expert,EXC004,8.0,33.0,80.5,2026-07-08 07:00:00.000000
T1764,grading,zone_d,114.0,76,clear,OP1002,intermediate,EXC004,8.0,38.0,63.4,2026-07-08 08:26:06.236729
T1765,loading,zone_d,68.4,46,cloudy,OP1003,expert,EXC004,8.0,23.7,68.8,2026-07-08 09:39:48.273628
T1766,grading,zone_d,102.8,69,clear,OP1016,novice,EXC004,8.0,34.5,59.4,2026-07-08 11:01:32.713131
T1767,hauling,zone_d,66.2,45,clear,OP1016,novice,EXC004,8.0,22.5,51.8,2026-07-08 12:10:32.306966
T1768,grading,zone_d,131.2,88,clear,OP1020,intermediate,EXC004,8.0,44.0,72.1,2026-07-08 13:08:02.187468
T1769,grading,zone_d,137.2,92,clear,OP1019,expert,EXC004,8.0,46.0,73.2,2026-07-08 14:30:35.121711
T1770,loading,zone_d,74.4,50,rain,OP1003,expert,EXC004,8.0,29.6,72.7,2026-07-08 15:56:05.127407
T1771,hauling,zone_a,79.5,53,rain,OP1016,novice,EXC005,1.5,30.6,82.4,2026-07-08 07:00:00.000000
T1772,hauling,zone_a,82.0,55,clear,OP1009,novice,EXC005,1.5,27.5,58.1,2026-07-08 08:31:11.433050
T1773,grading,zone_a,141.8,95,cloudy,OP1018,novice,EXC005,1.5,48.9,89.9,2026-07-08 09:38:17.307096
T1774,loading,zone_a,108.9,73,clear,OP1006,expert,EXC005,1.5,36.5,72.7,2026-07-08 11:20:55.812525
T1775,trenching,zone_a,62.0,42,clear,OP1014,expert,EXC005,1.5,21.0,34.3,2026-07-08 12:42:53.192976
T1776,trenching,zone_a,86.0,58,clear,OP1009,novice,EXC005,1.5,29.0,48.9,2026-07-08 13:25:33.564133
T1777,hauling,zone_a,50.0,34,clear,OP1019,expert,EXC005,1.5,17.0,57.7,2026-07-08 14:28:53.563621
T1778,loading,zone_b,77.7,52,rain,OP1002,intermediate,EXC006,5.3,30.3,90.9,2026-07-08 07:00:00.000000
T1779,excavation,zone_b,122.4,82,clear,OP1018,novice,EXC006,5.3,41.0,89.9,2026-07-08 08:36:25.135365
T1780,excavation,zone_b,132.7,89,clear,OP1018,novice,EXC006,5.3,44.5,92.1,2026-07-08 10:15:31.837277
T1781,trenching,zone_b,74.7,50,clear,OP1005,novice,EXC006,5.3,25.0,71.2,2026-07-08 11:56:45.386532
T1782,loading,zone_b,105.6,71,clear,OP1003,expert,EXC006,5.3,35.5,92.1,2026-07-08 13:21:04.034818
T1783,grading,zone_b,96.2,65,rain,OP1018,novice,EXC006,5.3,38.0,80.8,2026-07-08 15:05:02.079060
T1784,excavation,zone_b,99.8,67,clear,OP1002,intermediate,EXC006,5.3,33.5,70.2,2026-07-08 16:38:37.350525
T1785,loading,zone_c,87.9,59,rain,OP1017,intermediate,EXC007,1.0,34.7,86.5,2026-07-08 07:00:00.000000
T1786,excavation,zone_c,191.0,128,clear,OP1011,intermediate,EXC007,1.0,64.0,84.2,2026-07-08 08:35:57.131304
T1787,trenching,zone_c,70.9,48,clear,OP1013,intermediate,EXC007,1.0,24.0,38.3,2026-07-08 10:14:36.267081
T1788,hauling,zone_c,72.5,49,clear,OP1016,novice,EXC007,1.0,24.5,80.3,2026-07-08 11:07:28.559034
T1789,grading,zone_c,109.5,73,clear,OP1005,novice,EXC007,1.0,36.5,79.7,2026-07-08 12:42:37.853280
T1790,hauling,zone_d,63.0,42,rain,OP1006,expert,EXC008,6.2,24.4,70.6,2026-07-08 07:00:00.000000
T1791,trenching,zone_d,99.7,67,clear,OP1019,expert,EXC008,6.2,33.5,45.2,2026-07-08 08:20:46.079886
T1792,loading,zone_d,67.6,46,cloudy,OP1015,intermediate,EXC008,6.2,23.7,61.9,2026-07-08 09:16:24.966568
T1793,hauling,zone_d,85.0,57,clear,OP1015,intermediate,EXC008,6.2,28.5,68.2,2026-07-08 10:29:52.611569
T1794,hauling,zone_d,50.2,34,clear,OP1020,intermediate,EXC008,6.2,17.0,42.4,2026-07-08 11:52:08.244194
T1795,loading,zone_a,69.6,47,cloudy,OP1017,intermediate,EXC001,5.5,24.2,72.2,2026-07-09 07:00:00.000000
T1796,loading,zone_a,109.4,73,cloudy,OP1001,expert,EXC001,5.5,37.6,78.7,2026-07-09 08:18:10.643121
T1797,trenching,zone_a,65.0,44,clear,OP1006,expert,EXC001,5.5,22.0,28.3,2026-07-09 09:41:56.117173
T1798,grading,zone_a,118.1,79,rain,OP1019,expert,EXC001,5.5,45.8,61.0,2026-07-09 10:19:31.597402
T1799,excavation,zone_a,92.9,62,cloudy,OP1001,expert,EXC001,5.5,31.9,42.4,2026-07-09 11:25:32.924252
T1800,excavation,zone_b,81.9,55,cloudy,OP1007,expert,EXC002,7.7,28.3,68.5,2026-07-09 07:00:00.000000
T1801,excavation,zone_b,89.9,60,cloudy,OP1011,intermediate,EXC002,7.7,30.9,70.8,2026-07-09 08:15:24.072818
T1802,hauling,zone_b,32.6,22,clear,OP1010,intermediate,EXC002,7.7,11.0,65.7,2026-07-09 09:32:10.104369
T1803,grading,zone_b,147.9,99,rain,OP1018,novice,EXC002,7.7,57.9,204.4,2026-07-09 10:49:36.638526
T1804,grading,zone_b,118.2,79,clear,OP1016,novice,EXC002,7.7,39.5,139.6,2026-07-09 14:19:46.652983
T1805,grading,zone_c,90.5,61,cloudy,OP1018,novice,EXC003,7.2,31.4,56.4,2026-07-09 07:00:00.000000
T1806,hauling,zone_c,76.1,51,cloudy,OP1017,intermediate,EXC003,7.2,26.3,67.8,2026-07-09 08:07:42.162866
T1807,grading,zone_c,84.7,57,clear,OP1004,intermediate,EXC003,7.2,28.5,41.4,2026-07-09 09:21:46.720222
T1808,hauling,zone_c,84.9,57,rain,OP1001,expert,EXC003,7.2,33.1,58.5,2026-07-09 10:13:32.113476
T1809,excavation,zone_c,98.1,66,cloudy,OP1017,intermediate,EXC003,7.2,34.0,49.3,2026-07-09 11:25:22.148906
T1810,excavation,zone_d,101.6,68,cloudy,OP1020,intermediate,EXC004,8.0,35.0,50.3,2026-07-09 07:00:00.000000
T1811,excavation,zone_d,195.3,131,cloudy,OP1014,expert,EXC004,8.0,67.5,91.3,2026-07-09 08:03:01.274653
T1812,grading,zone_d,81.9,55,clear,OP1009,novice,EXC004,8.0,27.5,54.6,2026-07-09 09:45:14.507453
T1813,trenching,zone_d,67.7,46,rain,OP1013,intermediate,EXC004,8.0,27.2,46.2,2026-07-09 10:47:37.164513
T1814,loading,zone_d,101.4,68,cloudy,OP1012,expert,EXC004,8.0,35.0,77.3,2026-07-09 11:45:22.024233
T1815,grading,zone_d,134.7,90,clear,OP1001,expert,EXC004,8.0,45.0,62.3,2026-07-09 13:10:32.302043
T1816,hauling,zone_d,61.8,42,clear,OP1006,expert,EXC004,8.0,21.0,57.9,2026-07-09 14:26:02.272238
T1817,loading,zone_d,91.4,61,clear,OP1005,novice,EXC004,8.0,30.5,102.3,2026-07-09 15:36:00.535913
T1818,grading,zone_a,112.2,75,cloudy,OP1015,intermediate,EXC005,1.5,38.6,49.3,2026-07-09 07:00:00.000000
T1819,excavation,zone_a,191.6,128,cloudy,OP1004,intermediate,EXC005,1.5,65.9,93.4,2026-07-09 07:55:28.201042
T1820,hauling,zone_a,68.3,46,clear,OP1015,intermediate,EXC005,1.5,23.0,50.9,2026-07-09 09:40:02.832134
T1821,hauling,zone_a,76.1,51,rain,OP1012,expert,EXC005,1.5,29.8,49.4,2026-07-09 10:36:00.487246
T1822,grading,zone_a,76.0,51,cloudy,OP1013,intermediate,EXC005,1.5,26.3,38.6,2026-07-09 11:33:45.611510
T1823,loading,zone_a,110.9,74,cloudy,OP1012,expert,EXC005,1.5,38.1,85.3,2026-07-09 12:23:22.660042
T1824,hauling,zone_a,67.4,45,clear,OP1007,expert,EXC005,1.5,22.5,57.1,2026-07-09 14:02:16.500646
T1825,trenching,zone_a,56.6,38,clear,OP1013,intermediate,EXC005,1.5,19.0,31.1,2026-07-09 15:04:33.072824
T1826,trenching,zone_b,89.7,60,cloudy,OP1012,expert,EXC006,5.3,30.9,47.5,2026-07-09 07:00:00.000000
T1827,grading,zone_b,143.6,96,cloudy,OP1011,intermediate,EXC006,5.3,49.4,71.5,2026-07-09 07:57:08.135293
T1828,grading,zone_b,108.8,73,clear,OP1007,expert,EXC006,5.3,36.5,47.9,2026-07-09 09:23:10.800815
T1829,excavation,zone_b,108.1,73,rain,OP1004,intermediate,EXC006,5.3,42.4,70.0,2026-07-09 10:22:59.978197
T1830,hauling,zone_b,34.9,24,cloudy,OP1005,novice,EXC006,5.3,12.4,88.5,2026-07-09 11:43:59.122922
T1831,loading,zone_b,63.5,43,clear,OP1003,expert,EXC006,5.3,21.5,58.9,2026-07-09 13:24:38.510703
T1832,trenching,zone_c,84.9,57,cloudy,OP1002,intermediate,EXC007,1.0,29.4,51.7,2026-07-09 07:00:00.000000
T1833,excavation,zone_c,129.0,86,cloudy,OP1003,expert,EXC007,1.0,44.3,50.2,2026-07-09 08:04:03.511244
T1834,hauling,zone_c,84.6,57,clear,OP1008,expert,EXC007,1.0,28.5,58.7,2026-07-09 09:06:47.442408
T1835,loading,zone_c,118.1,79,rain,OP1008,expert,EXC007,1.0,46.4,83.9,2026-07-09 10:17:35.531738
T1836,loading,zone_c,68.3,46,cloudy,OP1004,intermediate,EXC007,1.0,23.7,68.8,2026-07-09 11:51:32.376829
T1837,excavation,zone_c,120.0,80,clear,OP1019,expert,EXC007,1.0,40.0,59.3,2026-07-09 13:08:50.477208
T1838,trenching,zone_d,87.3,59,cloudy,OP1012,expert,EXC008,6.2,30.4,40.0,2026-07-09 07:00:00.000000
T1839,hauling,zone_d,65.5,44,cloudy,OP1015,intermediate,EXC008,6.2,22.7,52.5,2026-07-09 07:53:33.005261
T1840,grading,zone_d,70.9,48,cloudy,OP1015,intermediate,EXC008,6.2,24.7,37.3,2026-07-09 08:54:19.798947
T1841,hauling,zone_d,55.7,38,clear,OP1015,intermediate,EXC008,6.2,19.0,45.9,2026-07-09 09:42:17.158008
T1842,loading,zone_a,90.6,61,cloudy,OP1009,novice,EXC001,5.5,31.4,92.4,2026-07-10 07:00:00.000000
T1843,grading,zone_a,126.9,85,clear,OP1006,expert,EXC001,5.5,42.5,55.4,2026-07-10 08:47:20.594711
T1844,hauling,zone_a,48.6,33,clear,OP1006,expert,EXC001,5.5,16.5,41.0,2026-07-10 09:57:11.259087
T1845,grading,zone_a,60.2,41,clear,OP1013,intermediate,EXC001,5.5,20.5,35.0,2026-07-10 10:52:45.885697
T1846,hauling,zone_a,58.1,39,clear,OP1008,expert,EXC001,5.5,19.5,61.4,2026-07-10 11:39:37.845156
T1847,grading,zone_a,92.9,62,cloudy,OP1009,novice,EXC001,5.5,31.9,53.4,2026-07-10 12:48:28.256041
T1848,grading,zone_a,91.6,62,cloudy,OP1013,intermediate,EXC001,5.5,31.9,52.9,2026-07-10 13:53:36.852844
T1849,excavation,zone_a,113.8,76,cloudy,OP1008,expert,EXC001,5.5,39.1,57.6,2026-07-10 14:55:22.523973
T1850,loading,zone_b,96.5,65,cloudy,OP1020,intermediate,EXC002,7.7,33.5,134.4,2026-07-10 07:00:00.000000
T1851,loading,zone_b,45.8,31,clear,OP1018,novice,EXC002,7.7,15.5,91.0,2026-07-10 09:24:32.694437
T1852,trenching,zone_b,83.5,56,clear,OP1011,intermediate,EXC002,7.7,28.0,70.0,2026-07-10 11:02:55.126683
T1853,excavation,zone_b,146.8,98,cloudy,OP1020,intermediate,EXC002,7.7,50.5,142.8,2026-07-10 12:24:36.088097
T1854,grading,zone_b,132.7,89,cloudy,OP1008,expert,EXC002,7.7,45.8,120.1,2026-07-10 14:57:12.628028
T1855,trenching,zone_c,116.1,78,cloudy,OP1012,expert,EXC003,7.2,40.2,51.1,2026-07-10 07:00:00.000000
T1856,trenching,zone_c,104.2,70,cloudy,OP1015,intermediate,EXC003,7.2,36.1,46.9,2026-07-10 07:56:06.838828
T1857,trenching,zone_c,59.3,40,clear,OP1002,intermediate,EXC003,7.2,20.0,34.2,2026-07-10 08:57:11.029089
T1858,grading,zone_c,117.2,79,clear,OP1002,intermediate,EXC003,7.2,39.5,58.9,2026-07-10 09:37:33.358581
T1859,excavation,zone_c,217.5,145,clear,OP1019,expert,EXC003,7.2,72.5,84.0,2026-07-10 10:47:26.967136
T1860,hauling,zone_c,39.9,27,cloudy,OP1020,intermediate,EXC003,7.2,13.9,57.2,2026-07-10 12:19:32.532741
T1861,excavation,zone_c,135.7,91,cloudy,OP1015,intermediate,EXC003,7.2,46.9,59.1,2026-07-10 13:28:39.798015
T1862,loading,zone_d,118.5,79,cloudy,OP1002,intermediate,EXC004,8.0,40.7,84.5,2026-07-10 07:00:00.000000
T1863,excavation,zone_d,185.4,124,clear,OP1017,intermediate,EXC004,8.0,62.0,97.6,2026-07-10 08:33:43.749002
T1864,grading,zone_d,71.1,48,clear,OP1004,intermediate,EXC004,8.0,24.0,39.7,2026-07-10 10:22:51.029030
T1865,excavation,zone_d,176.2,118,clear,OP1008,expert,EXC004,8.0,59.0,77.8,2026-07-10 11:16:37.721767
T1866,loading,zone_d,101.3,68,cloudy,OP1017,intermediate,EXC004,8.0,35.0,69.1,2026-07-10 12:43:37.105292
T1867,excavation,zone_a,199.4,133,cloudy,OP1013,intermediate,EXC005,1.5,68.5,94.1,2026-07-10 07:00:00.000000
T1868,excavation,zone_a,209.6,140,clear,OP1014,expert,EXC005,1.5,70.0,89.8,2026-07-10 08:40:47.722700
T1869,excavation,zone_a,149.7,100,clear,OP1006,expert,EXC005,1.5,50.0,64.7,2026-07-10 10:17:14.435428
T1870,loading,zone_a,76.1,51,clear,OP1016,novice,EXC005,1.5,25.5,58.2,2026-07-10 11:35:01.751939
T1871,excavation,zone_a,160.1,107,cloudy,OP1007,expert,EXC005,1.5,55.1,67.3,2026-07-10 12:38:16.658752
T1872,grading,zone_a,130.1,87,cloudy,OP1013,intermediate,EXC005,1.5,44.8,65.9,2026-07-10 13:59:19.748237
T1873,excavation,zone_b,85.4,57,cloudy,OP1003,expert,EXC006,5.3,29.4,40.2,2026-07-10 07:00:00.000000
T1874,hauling,zone_b,60.6,41,cloudy,OP1014,expert,EXC006,5.3,21.1,55.1,2026-07-10 07:53:46.222805
T1875,excavation,zone_b,188.6,126,clear,OP1016,novice,EXC006,5.3,63.0,104.6,2026-07-10 08:57:50.006865
T1876,grading,zone_b,125.9,84,clear,OP1006,expert,EXC006,5.3,42.0,66.0,2026-07-10 10:51:42.313293
T1877,excavation,zone_b,117.4,79,cloudy,OP1006,expert,EXC006,5.3,40.7,63.5,2026-07-10 12:11:00.523105
T1878,excavation,zone_b,207.8,139,cloudy,OP1014,expert,EXC006,5.3,71.6,107.9,2026-07-10 13:28:41.227269
T1879,excavation,zone_b,80.7,54,clear,OP1015,intermediate,EXC006,5.3,27.0,52.2,2026-07-10 15:29:10.060814
T1880,trenching,zone_b,71.4,48,cloudy,OP1020,intermediate,EXC006,5.3,24.7,49.3,2026-07-10 16:34:07.880374
T1881,grading,zone_c,64.8,44,cloudy,OP1011,intermediate,EXC007,1.0,22.7,35.3,2026-07-10 07:00:00.000000
T1882,hauling,zone_c,67.9,46,cloudy,OP1013,intermediate,EXC007,1.0,23.7,73.6,2026-07-10 07:46:28.522839
T1883,loading,zone_c,91.7,62,clear,OP1005,novice,EXC007,1.0,31.0,106.4,2026-07-10 09:14:40.534254
T1884,grading,zone_c,138.3,93,clear,OP1018,novice,EXC007,1.0,46.5,93.1,2026-07-10 11:09:47.646968
T1885,loading,zone_c,68.7,46,cloudy,OP1014,expert,EXC007,1.0,23.7,54.5,2026-07-10 12:56:15.226687
T1886,excavation,zone_c,109.8,74,cloudy,OP1007,expert,EXC007,1.0,38.1,57.5,2026-07-10 14:01:03.446597
T1887,grading,zone_c,83.4,56,clear,OP1004,intermediate,EXC007,1.0,28.0,51.9,2026-07-10 15:11:18.175160
T1888,loading,zone_c,41.2,28,cloudy,OP1004,intermediate,EXC007,1.0,14.4,60.3,2026-07-10 16:11:33.420447
T1889,excavation,zone_d,139.5,93,cloudy,OP1010,intermediate,EXC008,6.2,47.9,73.2,2026-07-10 07:00:00.000000
T1890,excavation,zone_d,156.4,105,clear,OP1005,novice,EXC008,6.2,52.5,100.8,2026-07-10 08:27:21.278456
T1891,hauling,zone_d,81.8,55,clear,OP1013,intermediate,EXC008,6.2,27.5,85.4,2026-07-10 10:18:07.820731
T1892,trenching,zone_d,81.9,55,clear,OP1009,novice,EXC008,6.2,27.5,51.7,2026-07-10 11:57:47.868485
T1893,hauling,zone_a,63.0,42,rain,OP1011,intermediate,EXC001,5.5,24.7,61.6,2026-07-11 07:00:00.000000
T1894,grading,zone_a,148.5,99,clear,OP1002,intermediate,EXC001,5.5,49.5,74.5,2026-07-11 08:09:31.102701
T1895,trenching,zone_a,89.9,60,rain,OP1020,intermediate,EXC001,5.5,35.1,48.9,2026-07-11 09:34:34.971743
T1896,trenching,zone_a,128.3,86,clear,OP1005,novice,EXC001,5.5,43.0,83.7,2026-07-11 10:36:16.601079
T1897,trenching,zone_a,74.5,50,clear,OP1013,intermediate,EXC001,5.5,25.0,42.5,2026-07-11 12:07:32.205165
T1898,trenching,zone_a,69.6,47,clear,OP1018,novice,EXC001,5.5,23.5,44.2,2026-07-11 13:02:09.200499
T1899,grading,zone_a,110.9,74,clear,OP1012,expert,EXC001,5.5,37.0,50.5,2026-07-11 13:59:28.155922
T1900,excavation,zone_a,132.0,88,clear,OP1013,intermediate,EXC001,5.5,44.0,71.6,2026-07-11 15:00:46.421295
T1901,excavation,zone_b,146.7,98,rain,OP1002,intermediate,EXC002,7.7,57.2,172.4,2026-07-11 07:00:00.000000
T1902,grading,zone_b,123.6,83,clear,OP1004,intermediate,EXC002,7.7,41.5,115.5,2026-07-11 10:06:40.789336
T1903,excavation,zone_b,195.7,131,clear,OP1011,intermediate,EXC002,7.7,65.5,163.0,2026-07-11 12:16:42.500601
T1904,hauling,zone_b,35.7,24,clear,OP1008,expert,EXC002,7.7,12.0,52.2,2026-07-11 15:05:04.084996
T1905,loading,zone_c,107.8,72,rain,OP1002,intermediate,EXC003,7.2,42.0,89.7,2026-07-11 07:00:00.000000
T1906,hauling,zone_c,36.4,25,clear,OP1008,expert,EXC003,7.2,12.5,29.4,2026-07-11 08:43:55.065617
T1907,loading,zone_c,73.5,49,rain,OP1005,novice,EXC003,7.2,28.3,67.7,2026-07-11 09:24:37.882499
T1908,hauling,zone_c,89.6,60,clear,OP1020,intermediate,EXC003,7.2,30.0,64.6,2026-07-11 10:41:44.491369
T1909,trenching,zone_c,123.8,83,clear,OP1010,intermediate,EXC003,7.2,41.5,59.1,2026-07-11 11:51:41.518004
T1910,hauling,zone_c,42.6,29,clear,OP1014,expert,EXC003,7.2,14.5,38.0,2026-07-11 13:00:48.847774
T1911,grading,zone_d,137.2,92,rain,OP1017,intermediate,EXC004,8.0,54.2,82.1,2026-07-11 07:00:00.000000
T1912,hauling,zone_d,50.4,34,clear,OP1018,novice,EXC004,8.0,17.0,56.2,2026-07-11 08:31:56.721325
T1913,hauling,zone_d,53.1,36,rain,OP1007,expert,EXC004,8.0,20.9,43.6,2026-07-11 09:41:27.280648
T1914,hauling,zone_d,59.8,40,clear,OP1014,expert,EXC004,8.0,20.0,63.1,2026-07-11 10:36:45.855776
T1915,hauling,zone_d,42.6,29,clear,OP1001,expert,EXC004,8.0,14.5,43.0,2026-07-11 11:53:01.689604
T1916,excavation,zone_d,181.5,121,clear,OP1002,intermediate,EXC004,8.0,60.5,98.9,2026-07-11 12:44:32.560375
T1917,grading,zone_d,132.7,89,clear,OP1017,intermediate,EXC004,8.0,44.5,82.2,2026-07-11 14:29:46.893442
T1918,excavation,zone_d,183.5,123,clear,OP1001,expert,EXC004,8.0,61.5,92.2,2026-07-11 15:57:03.254585
T1919,excavation,zone_a,213.2,143,rain,OP1015,intermediate,EXC005,1.5,82.5,106.3,2026-07-11 07:00:00.000000
T1920,trenching,zone_a,86.0,58,clear,OP1005,novice,EXC005,1.5,29.0,76.2,2026-07-11 08:55:53.544352
T1921,hauling,zone_a,60.1,41,clear,OP1017,intermediate,EXC005,1.5,20.5,46.0,2026-07-11 10:18:42.871125
T1922,grading,zone_a,79.5,53,clear,OP1008,expert,EXC005,1.5,26.5,34.4,2026-07-11 11:14:10.080743
T1923,trenching,zone_a,103.1,69,clear,OP1009,novice,EXC005,1.5,34.5,58.0,2026-07-11 11:53:35.917994
T1924,hauling,zone_a,52.2,35,clear,OP1013,intermediate,EXC005,1.5,17.5,51.1,2026-07-11 12:57:13.238854
T1925,excavation,zone_a,154.7,104,clear,OP1017,intermediate,EXC005,1.5,52.0,79.7,2026-07-11 13:59:15.940487
T1926,loading,zone_a,101.1,68,clear,OP1020,intermediate,EXC005,1.5,34.0,80.8,2026-07-11 15:27:07.329592
T1927,trenching,zone_b,88.7,60,rain,OP1014,expert,EXC006,5.3,34.8,56.7,2026-07-11 07:00:00.000000
T1928,grading,zone_b,67.4,45,clear,OP1012,expert,EXC006,5.3,22.5,35.4,2026-07-11 08:05:04.945713
T1929,excavation,zone_b,98.7,66,clear,OP1019,expert,EXC006,5.3,33.0,54.1,2026-07-11 08:54:57.896008
T1930,trenching,zone_b,124.9,84,clear,OP1011,intermediate,EXC006,5.3,42.0,62.0,2026-07-11 10:00:49.962644
T1931,trenching,zone_b,125.2,84,clear,OP1013,intermediate,EXC006,5.3,42.0,77.2,2026-07-11 11:09:08.175575
T1932,trenching,zone_b,121.6,82,clear,OP1007,expert,EXC006,5.3,41.0,62.2,2026-07-11 12:36:45.067438
T1933,hauling,zone_c,50.1,34,rain,OP1002,intermediate,EXC007,1.0,19.8,56.2,2026-07-11 07:00:00.000000
T1934,loading,zone_c,41.6,28,clear,OP1018,novice,EXC007,1.0,14.0,56.9,2026-07-11 08:04:17.813462
T1935,loading,zone_c,91.9,62,rain,OP1001,expert,EXC007,1.0,36.0,76.9,2026-07-11 09:14:19.272100
T1936,grading,zone_c,148.8,100,clear,OP1016,novice,EXC007,1.0,50.0,88.4,2026-07-11 10:39:59.566878
T1937,loading,zone_c,54.2,37,clear,OP1015,intermediate,EXC007,1.0,18.5,56.9,2026-07-11 12:17:17.074226
T1938,grading,zone_c,133.2,89,clear,OP1011,intermediate,EXC007,1.0,44.5,59.7,2026-07-11 13:26:32.514982
T1939,loading,zone_c,41.2,28,clear,OP1014,expert,EXC007,1.0,14.0,50.9,2026-07-11 14:31:59.688584
T1940,grading,zone_c,74.9,50,clear,OP1015,intermediate,EXC007,1.0,25.0,48.5,2026-07-11 15:28:20.797214
T1941,hauling,zone_d,59.7,40,rain,OP1008,expert,EXC008,6.2,23.5,61.2,2026-07-11 07:00:00.000000
T1942,hauling,zone_d,40.1,27,clear,OP1018,novice,EXC008,6.2,13.5,50.5,2026-07-11 08:07:14.767526
T1943,loading,zone_d,111.0,74,rain,OP1008,expert,EXC008,6.2,43.5,85.8,2026-07-11 09:12:05.496558
T1944,trenching,zone_d,125.9,84,clear,OP1020,intermediate,EXC008,6.2,42.0,61.6,2026-07-11 10:44:22.227982
T1945,loading,zone_d,44.8,30,clear,OP1006,expert,EXC008,6.2,15.0,53.6,2026-07-11 11:53:08.852002
T1946,loading,zone_d,103.1,69,clear,OP1009,novice,EXC008,6.2,34.5,87.0,2026-07-11 12:54:05.833857
T1947,excavation,zone_d,89.1,60,clear,OP1014,expert,EXC008,6.2,30.0,40.7,2026-07-11 14:33:19.623523
T1948,loading,zone_a,110.0,74,cloudy,OP1015,intermediate,EXC001,5.5,38.1,75.2,2026-07-12 07:00:00.000000
T1949,grading,zone_a,123.5,83,clear,OP1002,intermediate,EXC001,5.5,41.5,62.9,2026-07-12 08:28:19.515781
T1950,grading,zone_a,111.6,75,clear,OP1003,expert,EXC001,5.5,37.5,40.6,2026-07-12 09:40:00.007000
T1951,excavation,zone_a,186.6,125,cloudy,OP1019,expert,EXC001,5.5,64.4,83.6,2026-07-12 10:33:29.861770
T1952,trenching,zone_a,95.9,64,cloudy,OP1007,expert,EXC001,5.5,33.0,36.2,2026-07-12 12:03:24.022423
T1953,hauling,zone_b,54.0,36,cloudy,OP1011,intermediate,EXC002,7.7,18.5,64.7,2026-07-12 07:00:00.000000
T1954,loading,zone_b,92.3,62,clear,OP1002,intermediate,EXC002,7.7,31.0,121.3,2026-07-12 08:17:17.017060
T1955,trenching,zone_b,71.5,48,cloudy,OP1013,intermediate,EXC002,7.7,24.7,76.4,2026-07-12 10:24:49.296526
T1956,trenching,zone_b,80.7,54,clear,OP1013,intermediate,EXC002,7.7,27.0,86.5,2026-07-12 11:46:43.378630
T1957,loading,zone_b,114.6,77,clear,OP1013,intermediate,EXC002,7.7,38.5,137.9,2026-07-12 13:24:16.755523
T1958,excavation,zone_c,156.2,105,cloudy,OP1017,intermediate,EXC003,7.2,54.1,72.9,2026-07-12 07:00:00.000000
T1959,excavation,zone_c,212.1,142,clear,OP1005,novice,EXC003,7.2,71.0,128.4,2026-07-12 08:23:36.440743
T1960,excavation,zone_c,196.4,131,cloudy,OP1014,expert,EXC003,7.2,67.5,80.1,2026-07-12 10:42:56.807121
T1961,trenching,zone_c,113.3,76,cloudy,OP1020,intermediate,EXC003,7.2,39.1,52.5,2026-07-12 12:14:40.493876
T1962,loading,zone_c,93.8,63,clear,OP1007,expert,EXC003,7.2,31.5,68.8,2026-07-12 13:21:13.711204
T1963,hauling,zone_d,66.5,45,cloudy,OP1009,novice,EXC004,8.0,23.2,60.4,2026-07-12 07:00:00.000000
T1964,excavation,zone_d,156.7,105,clear,OP1001,expert,EXC004,8.0,52.5,75.5,2026-07-12 08:12:11.971536
T1965,excavation,zone_d,151.9,102,clear,OP1005,novice,EXC004,8.0,51.0,112.4,2026-07-12 09:36:41.558453
T1966,trenching,zone_d,91.9,62,clear,OP1014,expert,EXC004,8.0,31.0,50.1,2026-07-12 11:38:43.003125
T1967,trenching,zone_d,125.2,84,cloudy,OP1015,intermediate,EXC004,8.0,43.3,65.6,2026-07-12 12:40:16.414910
T1968,trenching,zone_d,126.7,85,clear,OP1015,intermediate,EXC004,8.0,42.5,68.0,2026-07-12 13:52:02.505607
T1969,grading,zone_a,95.4,64,cloudy,OP1011,intermediate,EXC005,1.5,33.0,42.4,2026-07-12 07:00:00.000000
T1970,excavation,zone_a,91.0,61,cloudy,OP1020,intermediate,EXC005,1.5,31.4,42.6,2026-07-12 07:54:05.922831
T1971,excavation,zone_a,207.0,138,clear,OP1007,expert,EXC005,1.5,69.0,78.0,2026-07-12 08:47:44.700103
T1972,grading,zone_a,109.6,74,cloudy,OP1020,intermediate,EXC005,1.5,38.1,55.2,2026-07-12 10:13:44.565973
T1973,hauling,zone_a,39.0,26,clear,OP1001,expert,EXC005,1.5,13.0,56.9,2026-07-12 11:21:35.914293
T1974,trenching,zone_a,112.5,75,cloudy,OP1020,intermediate,EXC005,1.5,38.6,47.6,2026-07-12 12:24:24.777406
T1975,hauling,zone_a,68.5,46,clear,OP1008,expert,EXC005,1.5,23.0,51.5,2026-07-12 13:22:18.430970
T1976,hauling,zone_b,59.5,40,cloudy,OP1006,expert,EXC006,5.3,20.6,65.9,2026-07-12 07:00:00.000000
T1977,loading,zone_b,85.2,57,clear,OP1007,expert,EXC006,5.3,28.5,77.6,2026-07-12 08:19:24.054139
T1978,grading,zone_b,87.5,59,clear,OP1018,novice,EXC006,5.3,29.5,71.7,2026-07-12 09:50:42.376065
T1979,excavation,zone_b,158.8,106,clear,OP1014,expert,EXC006,5.3,53.0,82.5,2026-07-12 11:12:30.890546
T1980,hauling,zone_b,50.9,34,cloudy,OP1019,expert,EXC006,5.3,17.5,44.3,2026-07-12 12:48:48.856860
T1981,hauling,zone_c,41.1,28,cloudy,OP1001,expert,EXC007,1.0,14.4,58.4,2026-07-12 07:00:00.000000
T1982,grading,zone_c,126.2,85,clear,OP1006,expert,EXC007,1.0,42.5,62.3,2026-07-12 08:10:56.903080
T1983,hauling,zone_c,64.9,44,clear,OP1020,intermediate,EXC007,1.0,22.0,75.9,2026-07-12 09:27:28.579275
T1984,trenching,zone_c,100.1,67,cloudy,OP1008,expert,EXC007,1.0,34.5,46.6,2026-07-12 10:50:55.677940
T1985,excavation,zone_d,214.0,143,cloudy,OP1012,expert,EXC008,6.2,73.6,97.7,2026-07-12 07:00:00.000000
T1986,grading,zone_d,115.8,78,clear,OP1017,intermediate,EXC008,6.2,39.0,65.3,2026-07-12 08:44:37.681024
T1987,grading,zone_d,107.4,72,clear,OP1006,expert,EXC008,6.2,36.0,49.2,2026-07-12 09:56:55.641011
T1988,loading,zone_d,50.1,34,cloudy,OP1007,expert,EXC008,6.2,17.5,53.4,2026-07-12 10:57:47.392971
T1989,hauling,zone_d,87.2,59,cloudy,OP1004,intermediate,EXC008,6.2,30.4,80.2,2026-07-12 12:00:46.471863
T1990,hauling,zone_d,37.7,26,clear,OP1010,intermediate,EXC008,6.2,13.0,42.7,2026-07-12 13:31:47.190441
T1991,excavation,zone_d,215.4,144,rain,OP1016,novice,EXC008,6.2,83.2,138.2,2026-07-12 14:28:36.899531
T1992,loading,zone_a,61.9,42,clear,OP1001,expert,EXC001,5.5,21.0,63.8,2026-07-13 07:00:00.000000
T1993,hauling,zone_a,41.1,28,clear,OP1006,expert,EXC001,5.5,14.0,61.6,2026-07-13 08:09:57.239709
T1994,grading,zone_a,97.1,65,clear,OP1020,intermediate,EXC001,5.5,32.5,47.6,2026-07-13 09:24:21.569077
T1995,excavation,zone_a,164.1,110,clear,OP1019,expert,EXC001,5.5,55.0,76.5,2026-07-13 10:23:16.522633
T1996,excavation,zone_a,180.3,121,clear,OP1010,intermediate,EXC001,5.5,60.5,82.4,2026-07-13 11:50:24.065609
T1997,hauling,zone_a,34.2,23,cloudy,OP1012,expert,EXC001,5.5,11.8,42.8,2026-07-13 13:20:44.426025
T1998,grading,zone_a,76.0,51,clear,OP1002,intermediate,EXC001,5.5,25.5,46.6,2026-07-13 14:13:19.885416
T1999,trenching,zone_a,70.0,47,clear,OP1015,intermediate,EXC001,5.5,23.5,42.5,2026-07-13 15:06:28.552281
T2000,trenching,zone_b,53.4,36,clear,OP1018,novice,EXC002,7.7,18.0,67.7,2026-07-13 07:00:00.000000
T2001,trenching,zone_b,127.5,85,clear,OP1019,expert,EXC002,7.7,42.5,118.4,2026-07-13 08:19:09.895330
T2002,hauling,zone_b,46.0,31,clear,OP1017,intermediate,EXC002,7.7,15.5,96.7,2026-07-13 10:32:16.150739
T2003,excavation,zone_b,135.2,91,rain,OP1015,intermediate,EXC002,7.7,52.5,148.9,2026-07-13 12:18:25.494675
T2004,grading,zone_b,95.8,64,clear,OP1017,intermediate,EXC002,7.7,32.0,117.5,2026-07-13 15:00:29.710518
T2005,excavation,zone_c,97.9,66,clear,OP1017,intermediate,EXC003,7.2,33.0,46.3,2026-07-13 07:00:00.000000
T2006,trenching,zone_c,54.1,37,clear,OP1002,intermediate,EXC003,7.2,18.5,31.2,2026-07-13 07:53:25.426016
T2007,loading,zone_c,87.7,59,clear,OP1011,intermediate,EXC003,7.2,29.5,68.7,2026-07-13 08:38:09.490922
T2008,trenching,zone_c,67.1,45,clear,OP1009,novice,EXC003,7.2,22.5,35.5,2026-07-13 09:54:19.679340
T2009,trenching,zone_c,95.5,64,clear,OP1015,intermediate,EXC003,7.2,32.0,43.9,2026-07-13 10:42:10.710498
T2010,grading,zone_c,88.2,59,clear,OP1005,novice,EXC003,7.2,29.5,66.5,2026-07-13 11:37:47.495296
T2011,excavation,zone_c,136.7,92,rain,OP1001,expert,EXC003,7.2,53.4,62.9,2026-07-13 12:58:24.296932
T2012,loading,zone_d,67.7,46,clear,OP1015,intermediate,EXC004,8.0,23.0,66.6,2026-07-13 07:00:00.000000
T2013,hauling,zone_d,73.1,49,clear,OP1001,expert,EXC004,8.0,24.5,68.1,2026-07-13 08:15:30.317042
T2014,excavation,zone_d,157.5,105,clear,OP1001,expert,EXC004,8.0,52.5,74.3,2026-07-13 09:36:41.600266
T2015,excavation,zone_d,81.6,55,clear,OP1020,intermediate,EXC004,8.0,27.5,47.7,2026-07-13 10:59:24.918619
T2016,hauling,zone_d,49.6,34,clear,OP1015,intermediate,EXC004,8.0,17.0,55.6,2026-07-13 11:54:10.063986
T2017,excavation,zone_a,211.8,142,clear,OP1012,expert,EXC005,1.5,71.0,88.6,2026-07-13 07:00:00.000000
T2018,trenching,zone_a,125.6,84,clear,OP1004,intermediate,EXC005,1.5,42.0,59.5,2026-07-13 08:40:59.693760
T2019,grading,zone_a,124.7,84,clear,OP1010,intermediate,EXC005,1.5,42.0,57.1,2026-07-13 09:50:55.135510
T2020,loading,zone_a,111.3,75,clear,OP1020,intermediate,EXC005,1.5,37.5,85.5,2026-07-13 10:54:12.499085
T2021,excavation,zone_a,112.4,75,rain,OP1015,intermediate,EXC005,1.5,43.3,59.1,2026-07-13 12:31:50.590048
T2022,trenching,zone_b,55.4,37,clear,OP1008,expert,EXC006,5.3,18.5,29.7,2026-07-13 07:00:00.000000
T2023,trenching,zone_b,118.1,79,clear,OP1004,intermediate,EXC006,5.3,39.5,75.5,2026-07-13 07:41:50.360762
T2024,trenching,zone_b,121.8,82,clear,OP1013,intermediate,EXC006,5.3,41.0,76.7,2026-07-13 09:05:57.651881
T2025,loading,zone_b,56.8,38,clear,OP1012,expert,EXC006,5.3,19.0,57.7,2026-07-13 10:34:10.816470
T2026,grading,zone_b,99.3,67,clear,OP1013,intermediate,EXC006,5.3,33.5,58.5,2026-07-13 11:43:53.942819
T2027,loading,zone_b,63.2,43,rain,OP1002,intermediate,EXC006,5.3,25.1,62.9,2026-07-13 12:55:55.109654
T2028,excavation,zone_b,132.3,89,clear,OP1019,expert,EXC006,5.3,44.5,71.8,2026-07-13 14:07:09.952526
T2029,loading,zone_b,50.7,34,clear,OP1017,intermediate,EXC006,5.3,17.0,53.6,2026-07-13 15:31:24.596889
T2030,trenching,zone_c,102.7,69,clear,OP1001,expert,EXC007,1.0,34.5,51.2,2026-07-13 07:00:00.000000
T2031,hauling,zone_c,73.6,50,clear,OP1006,expert,EXC007,1.0,25.0,79.6,2026-07-13 08:02:39.080718
T2032,excavation,zone_c,95.2,64,clear,OP1005,novice,EXC007,1.0,32.0,76.1,2026-07-13 09:28:56.423808
T2033,excavation,zone_c,140.9,94,clear,OP1012,expert,EXC007,1.0,47.0,59.3,2026-07-13 10:58:52.162269
T2034,grading,zone_c,144.5,97,rain,OP1004,intermediate,EXC007,1.0,56.3,92.5,2026-07-13 12:07:54.262413
T2035,hauling,zone_c,68.9,46,cloudy,OP1014,expert,EXC007,1.0,23.7,75.8,2026-07-13 13:52:32.562272
T2036,grading,zone_d,68.4,46,clear,OP1003,expert,EXC008,6.2,23.0,29.9,2026-07-13 07:00:00.000000
T2037,grading,zone_d,99.5,67,clear,OP1003,expert,EXC008,6.2,33.5,44.8,2026-07-13 07:44:19.320401
T2038,excavation,zone_d,171.1,115,clear,OP1008,expert,EXC008,6.2,57.5,68.4,2026-07-13 08:38:46.418563
T2039,grading,zone_d,142.2,95,clear,OP1012,expert,EXC008,6.2,47.5,64.7,2026-07-13 09:58:42.154226
T2040,hauling,zone_a,56.2,38,clear,OP1019,expert,EXC001,5.5,19.0,42.1,2026-07-14 07:00:00.000000
T2041,grading,zone_a,126.7,85,clear,OP1012,expert,EXC001,5.5,42.5,61.1,2026-07-14 07:56:05.945914
T2042,hauling,zone_a,48.1,33,cloudy,OP1017,intermediate,EXC001,5.5,17.0,44.4,2026-07-14 09:05:29.450010
T2043,loading,zone_a,79.4,53,clear,OP1011,intermediate,EXC001,5.5,26.5,75.5,2026-07-14 10:03:59.026844
T2044,trenching,zone_b,50.2,34,clear,OP1011,intermediate,EXC002,7.7,17.0,48.8,2026-07-14 07:00:00.000000
T2045,hauling,zone_b,55.6,38,clear,OP1013,intermediate,EXC002,7.7,19.0,100.4,2026-07-14 07:57:03.404651
T2046,hauling,zone_b,67.3,45,cloudy,OP1020,intermediate,EXC002,7.7,23.2,90.5,2026-07-14 09:42:42.921397
T2047,grading,zone_b,106.6,72,rain,OP1012,expert,EXC002,7.7,42.0,114.1,2026-07-14 11:27:14.509583
T2048,hauling,zone_c,65.0,44,clear,OP1003,expert,EXC003,7.2,22.0,40.4,2026-07-14 07:00:00.000000
T2049,excavation,zone_c,188.3,126,clear,OP1012,expert,EXC003,7.2,63.0,76.3,2026-07-14 07:47:51.528638
T2050,loading,zone_c,52.9,36,cloudy,OP1014,expert,EXC003,7.2,18.5,53.5,2026-07-14 09:11:58.817245
T2051,excavation,zone_c,124.4,83,clear,OP1005,novice,EXC003,7.2,41.5,82.4,2026-07-14 10:14:34.589040
T2052,trenching,zone_c,72.0,48,rain,OP1008,expert,EXC003,7.2,28.2,38.3,2026-07-14 11:49:39.237947
T2053,trenching,zone_d,120.0,80,clear,OP1007,expert,EXC004,8.0,40.0,51.9,2026-07-14 07:00:00.000000
T2054,grading,zone_d,82.2,55,rain,OP1013,intermediate,EXC004,8.0,32.5,57.2,2026-07-14 08:06:53.784187
T2055,hauling,zone_d,88.8,60,cloudy,OP1003,expert,EXC004,8.0,30.9,68.8,2026-07-14 09:10:02.260137
T2056,excavation,zone_d,130.1,87,clear,OP1015,intermediate,EXC004,8.0,43.5,66.6,2026-07-14 10:30:40.152845
T2057,loading,zone_d,78.5,53,rain,OP1015,intermediate,EXC004,8.0,30.6,66.4,2026-07-14 11:51:19.747157
T2058,grading,zone_d,95.9,64,cloudy,OP1005,novice,EXC004,8.0,33.0,77.0,2026-07-14 13:10:02.382274
T2059,loading,zone_a,104.7,70,clear,OP1002,intermediate,EXC005,1.5,35.0,75.9,2026-07-14 07:00:00.000000
T2060,loading,zone_a,90.1,61,rain,OP1001,expert,EXC005,1.5,35.4,78.5,2026-07-14 08:28:18.833694
T2061,hauling,zone_a,77.9,52,cloudy,OP1011,intermediate,EXC005,1.5,26.8,72.2,2026-07-14 09:54:33.486317
T2062,loading,zone_a,71.3,48,rain,OP1005,novice,EXC005,1.5,27.7,105.3,2026-07-14 11:19:10.888006
T2063,trenching,zone_b,86.3,58,clear,OP1012,expert,EXC006,5.3,29.0,45.1,2026-07-14 07:00:00.000000
T2064,excavation,zone_b,90.2,61,clear,OP1020,intermediate,EXC006,5.3,30.5,52.5,2026-07-14 07:52:43.565442
T2065,trenching,zone_b,106.9,72,rain,OP1001,expert,EXC006,5.3,41.8,62.0,2026-07-14 08:58:28.235498
T2066,grading,zone_b,97.3,65,clear,OP1013,intermediate,EXC006,5.3,32.5,63.6,2026-07-14 10:14:51.090209
T2067,grading,zone_b,148.2,99,rain,OP1010,intermediate,EXC006,5.3,58.4,96.9,2026-07-14 11:25:36.913068
T2068,loading,zone_c,108.6,73,clear,OP1005,novice,EXC007,1.0,36.5,108.0,2026-07-14 07:00:00.000000
T2069,loading,zone_c,89.8,60,rain,OP1003,expert,EXC007,1.0,35.5,86.4,2026-07-14 08:56:29.075017
T2070,loading,zone_c,61.9,42,clear,OP1014,expert,EXC007,1.0,21.0,54.8,2026-07-14 10:34:03.261018
T2071,hauling,zone_c,78.4,53,rain,OP1001,expert,EXC007,1.0,30.7,82.9,2026-07-14 11:37:25.531578
T2072,grading,zone_c,121.7,82,cloudy,OP1004,intermediate,EXC007,1.0,42.2,68.7,2026-07-14 13:12:54.240427
T2073,loading,zone_d,69.9,47,clear,OP1001,expert,EXC008,6.2,23.5,57.1,2026-07-14 07:00:00.000000
T2074,excavation,zone_d,114.7,77,rain,OP1012,expert,EXC008,6.2,44.9,61.9,2026-07-14 08:05:48.980123
T2075,excavation,zone_d,194.5,130,cloudy,OP1006,expert,EXC008,6.2,67.0,91.6,2026-07-14 09:19:27.183833
T2076,excavation,zone_d,114.5,77,rain,OP1005,novice,EXC008,6.2,44.5,101.9,2026-07-14 11:03:39.430898
T2077,excavation,zone_d,153.0,102,clear,OP1017,intermediate,EXC008,6.2,51.0,73.7,2026-07-14 12:57:30.981885
T2078,excavation,zone_d,182.4,122,clear,OP1013,intermediate,EXC008,6.2,61.0,95.8,2026-07-14 14:17:22.139122
T2079,trenching,zone_d,92.5,62,rain,OP1011,intermediate,EXC008,6.2,36.5,56.2,2026-07-14 16:07:26.484000
T2080,hauling,zone_a,53.7,36,clear,OP1018,novice,EXC001,5.5,18.0,61.3,2026-07-15 07:00:00.000000
T2081,excavation,zone_a,194.9,130,clear,OP1002,intermediate,EXC001,5.5,65.0,90.7,2026-07-15 08:06:18.116580
T2082,loading,zone_a,48.9,33,rain,OP1007,expert,EXC001,5.5,19.2,58.0,2026-07-15 09:45:53.868726
T2083,grading,zone_a,97.5,65,cloudy,OP1010,intermediate,EXC001,5.5,33.5,46.9,2026-07-15 10:52:32.293142
T2084,loading,zone_a,63.9,43,clear,OP1018,novice,EXC001,5.5,21.5,76.6,2026-07-15 11:47:02.311581
T2085,grading,zone_a,76.4,51,rain,OP1019,expert,EXC001,5.5,29.5,41.0,2026-07-15 13:09:50.922844
T2086,excavation,zone_a,158.5,106,clear,OP1009,novice,EXC001,5.5,53.0,94.1,2026-07-15 14:01:16.286576
T2087,excavation,zone_b,156.3,105,clear,OP1018,novice,EXC002,7.7,52.5,191.9,2026-07-15 07:00:00.000000
T2088,trenching,zone_b,72.8,49,cloudy,OP1014,expert,EXC002,7.7,25.2,77.1,2026-07-15 10:25:37.512283
T2089,excavation,zone_b,133.1,89,clear,OP1005,novice,EXC002,7.7,44.5,178.3,2026-07-15 11:49:48.426320
T2090,loading,zone_b,43.6,30,clear,OP1013,intermediate,EXC002,7.7,15.0,71.5,2026-07-15 14:54:01.545124
T2091,hauling,zone_c,89.7,60,clear,OP1015,intermediate,EXC003,7.2,30.0,79.0,2026-07-15 07:00:00.000000
T2092,grading,zone_c,138.1,93,clear,OP1008,expert,EXC003,7.2,46.5,54.7,2026-07-15 08:30:00.293248
T2093,trenching,zone_c,109.1,73,rain,OP1003,expert,EXC003,7.2,43.2,51.3,2026-07-15 09:32:27.159837
T2094,grading,zone_c,72.6,49,cloudy,OP1004,intermediate,EXC003,7.2,25.2,41.3,2026-07-15 10:33:11.335908
T2095,loading,zone_c,72.6,49,clear,OP1015,intermediate,EXC003,7.2,24.5,68.6,2026-07-15 11:24:38.074791
T2096,trenching,zone_c,94.4,63,rain,OP1007,expert,EXC003,7.2,36.6,40.7,2026-07-15 12:42:05.184914
T2097,trenching,zone_c,83.0,56,rain,OP1018,novice,EXC003,7.2,32.7,58.9,2026-07-15 13:35:22.845896
T2098,hauling,zone_d,55.2,37,clear,OP1018,novice,EXC004,8.0,18.5,68.7,2026-07-15 07:00:00.000000
T2099,loading,zone_d,80.0,54,clear,OP1012,expert,EXC004,8.0,27.0,62.1,2026-07-15 08:23:31.029018
T2100,loading,zone_d,68.9,46,rain,OP1001,expert,EXC004,8.0,26.7,57.5,2026-07-15 09:36:01.870825
T2101,loading,zone_d,90.9,61,cloudy,OP1012,expert,EXC004,8.0,31.4,70.9,2026-07-15 10:44:55.766897
T2102,grading,zone_d,73.5,49,rain,OP1006,expert,EXC004,8.0,28.5,45.2,2026-07-15 12:07:12.499784
T2103,trenching,zone_d,105.2,71,rain,OP1020,intermediate,EXC004,8.0,41.5,75.9,2026-07-15 13:05:25.721461
T2104,loading,zone_a,58.0,39,clear,OP1019,expert,EXC005,1.5,19.5,47.3,2026-07-15 07:00:00.000000
T2105,loading,zone_a,59.1,40,clear,OP1015,intermediate,EXC005,1.5,20.0,45.5,2026-07-15 08:01:46.012154
T2106,excavation,zone_a,187.8,126,clear,OP1016,novice,EXC005,1.5,63.0,94.5,2026-07-15 08:56:48.171259
T2107,trenching,zone_a,72.6,49,cloudy,OP1008,expert,EXC005,1.5,25.2,34.3,2026-07-15 10:43:14.445442
T2108,hauling,zone_a,35.6,24,clear,OP1002,intermediate,EXC005,1.5,12.0,39.4,2026-07-15 11:23:43.008907
T2109,trenching,zone_b,121.7,82,clear,OP1007,expert,EXC006,5.3,41.0,62.2,2026-07-15 07:00:00.000000
T2110,excavation,zone_b,99.8,67,clear,OP1018,novice,EXC006,5.3,33.5,69.5,2026-07-15 08:17:06.410693
T2111,excavation,zone_b,171.3,115,rain,OP1007,expert,EXC006,5.3,66.9,99.1,2026-07-15 09:34:38.957396
T2112,excavation,zone_b,173.6,116,clear,OP1010,intermediate,EXC006,5.3,58.0,98.3,2026-07-15 11:25:14.092632
T2113,loading,zone_c,95.1,64,clear,OP1001,expert,EXC007,1.0,32.0,72.3,2026-07-15 07:00:00.000000
T2114,trenching,zone_c,72.8,49,clear,OP1010,intermediate,EXC007,1.0,24.5,40.7,2026-07-15 08:22:27.826037
T2115,excavation,zone_c,92.6,62,rain,OP1002,intermediate,EXC007,1.0,36.2,66.4,2026-07-15 09:13:23.570158
T2116,grading,zone_c,98.8,66,cloudy,OP1018,novice,EXC007,1.0,34.0,71.1,2026-07-15 10:29:56.947976
T2117,trenching,zone_d,60.6,41,clear,OP1002,intermediate,EXC008,6.2,20.5,37.7,2026-07-15 07:00:00.000000
T2118,trenching,zone_d,61.0,41,clear,OP1002,intermediate,EXC008,6.2,20.5,36.6,2026-07-15 07:49:29.244553
T2119,hauling,zone_d,66.2,45,clear,OP1013,intermediate,EXC008,6.2,22.5,81.4,2026-07-15 08:40:26.776776
T2120,hauling,zone_d,74.4,50,cloudy,OP1009,novice,EXC008,6.2,25.8,68.7,2026-07-15 10:14:21.571763
T2121,grading,zone_d,60.0,40,clear,OP1007,expert,EXC008,6.2,20.0,31.3,2026-07-15 11:31:15.598649
T2122,excavation,zone_d,148.3,99,rain,OP1005,novice,EXC008,6.2,57.2,112.3,2026-07-15 12:14:24.678402
T2123,loading,zone_a,62.8,42,rain,OP1009,novice,EXC001,5.5,24.6,69.9,2026-07-16 07:00:00.000000
T2124,trenching,zone_a,91.4,61,cloudy,OP1006,expert,EXC001,5.5,31.4,45.0,2026-07-16 08:18:56.311245
T2125,hauling,zone_a,86.5,58,clear,OP1005,novice,EXC001,5.5,29.0,86.8,2026-07-16 09:17:40.039807
T2126,hauling,zone_a,60.0,40,clear,OP1020,intermediate,EXC001,5.5,20.0,55.9,2026-07-16 10:57:10.171153
T2127,trenching,zone_a,108.3,73,rain,OP1013,intermediate,EXC001,5.5,43.1,66.3,2026-07-16 11:58:57.728177
T2128,hauling,zone_a,58.1,39,clear,OP1004,intermediate,EXC001,5.5,19.5,48.2,2026-07-16 13:14:29.731165
T2129,trenching,zone_b,122.5,82,rain,OP1014,expert,EXC002,7.7,47.5,134.2,2026-07-16 07:00:00.000000
T2130,loading,zone_b,74.0,50,clear,OP1009,novice,EXC002,7.7,25.0,103.9,2026-07-16 09:21:20.254107
T2131,grading,zone_b,144.4,97,rain,OP1003,expert,EXC002,7.7,57.3,138.2,2026-07-16 11:11:00.276277
T2132,grading,zone_b,98.3,66,clear,OP1001,expert,EXC002,7.7,33.0,87.5,2026-07-16 13:38:45.766163
T2133,hauling,zone_b,77.5,52,clear,OP1018,novice,EXC002,7.7,26.0,126.4,2026-07-16 15:15:53.220381
T2134,excavation,zone_c,218.0,146,rain,OP1017,intermediate,EXC003,7.2,86.0,112.2,2026-07-16 07:00:00.000000
T2135,grading,zone_c,93.5,63,clear,OP1019,expert,EXC003,7.2,31.5,44.2,2026-07-16 09:00:33.844920
T2136,loading,zone_c,95.7,64,clear,OP1006,expert,EXC003,7.2,32.0,57.0,2026-07-16 09:52:41.160351
T2137,hauling,zone_c,52.8,36,rain,OP1011,intermediate,EXC003,7.2,21.2,50.3,2026-07-16 11:01:00.111534
T2138,grading,zone_d,80.9,54,rain,OP1003,expert,EXC004,8.0,31.9,44.3,2026-07-16 07:00:00.000000
T2139,loading,zone_d,48.4,33,rain,OP1003,expert,EXC004,8.0,19.5,54.1,2026-07-16 07:54:27.193226
T2140,hauling,zone_d,75.0,50,cloudy,OP1018,novice,EXC004,8.0,25.8,83.2,2026-07-16 08:58:44.595786
T2141,trenching,zone_d,101.7,68,clear,OP1017,intermediate,EXC004,8.0,34.0,57.9,2026-07-16 10:34:41.015144
T2142,excavation,zone_d,108.6,73,rain,OP1009,novice,EXC004,8.0,42.8,81.3,2026-07-16 11:44:47.268678
T2143,hauling,zone_d,68.5,46,clear,OP1002,intermediate,EXC004,8.0,23.0,72.8,2026-07-16 13:11:30.245974
T2144,hauling,zone_d,48.0,32,rain,OP1013,intermediate,EXC004,8.0,18.9,54.9,2026-07-16 14:31:54.207731
T2145,trenching,zone_d,60.8,41,clear,OP1019,expert,EXC004,8.0,20.5,38.4,2026-07-16 15:35:39.721245
T2146,loading,zone_a,113.4,76,rain,OP1009,novice,EXC005,1.5,44.5,112.9,2026-07-16 07:00:00.000000
T2147,hauling,zone_a,67.8,46,clear,OP1011,intermediate,EXC005,1.5,23.0,65.7,2026-07-16 09:02:38.552392
T2148,hauling,zone_a,32.5,22,clear,OP1016,novice,EXC005,1.5,11.0,40.5,2026-07-16 10:21:07.712346
T2149,loading,zone_a,73.5,49,rain,OP1003,expert,EXC005,1.5,29.0,46.4,2026-07-16 11:09:16.665054
T2150,trenching,zone_a,79.8,54,cloudy,OP1004,intermediate,EXC005,1.5,27.8,42.1,2026-07-16 12:01:09.055542
T2151,grading,zone_b,128.5,86,rain,OP1012,expert,EXC006,5.3,50.2,77.3,2026-07-16 07:00:00.000000
T2152,trenching,zone_b,60.1,41,cloudy,OP1007,expert,EXC006,5.3,21.1,37.2,2026-07-16 08:24:19.289598
T2153,grading,zone_b,100.0,67,clear,OP1002,intermediate,EXC006,5.3,33.5,66.2,2026-07-16 09:15:35.837177
T2154,loading,zone_b,47.7,32,clear,OP1009,novice,EXC006,5.3,16.0,58.9,2026-07-16 10:28:19.025915
T2155,loading,zone_b,77.4,52,rain,OP1010,intermediate,EXC006,5.3,30.7,90.4,2026-07-16 11:35:40.631635
T2156,grading,zone_b,83.3,56,clear,OP1019,expert,EXC006,5.3,28.0,51.9,2026-07-16 13:12:59.642105
T2157,hauling,zone_b,66.9,45,rain,OP1017,intermediate,EXC006,5.3,26.5,65.0,2026-07-16 14:11:57.861598
T2158,trenching,zone_c,70.6,48,rain,OP1008,expert,EXC007,1.0,28.2,43.8,2026-07-16 07:00:00.000000
T2159,trenching,zone_c,84.6,57,rain,OP1018,novice,EXC007,1.0,33.3,66.0,2026-07-16 07:57:34.904525
T2160,hauling,zone_c,43.2,29,clear,OP1015,intermediate,EXC007,1.0,14.5,59.9,2026-07-16 09:10:29.009049
T2161,hauling,zone_c,68.2,46,clear,OP1001,expert,EXC007,1.0,23.0,71.4,2026-07-16 10:25:15.092922
T2162,trenching,zone_c,68.5,46,rain,OP1012,expert,EXC007,1.0,26.8,38.1,2026-07-16 11:42:36.171622
T2163,excavation,zone_d,207.8,139,rain,OP1017,intermediate,EXC008,6.2,81.9,127.9,2026-07-16 07:00:00.000000
T2164,hauling,zone_d,48.3,33,clear,OP1002,intermediate,EXC008,6.2,16.5,49.1,2026-07-16 09:14:42.438914
T2165,excavation,zone_d,219.9,147,clear,OP1002,intermediate,EXC008,6.2,73.5,123.1,2026-07-16 10:12:16.365971
T2166,loading,zone_d,106.7,72,cloudy,OP1005,novice,EXC008,6.2,37.1,104.8,2026-07-16 12:23:31.513359
T2167,grading,zone_a,136.8,92,clear,OP1017,intermediate,EXC001,5.5,46.0,68.5,2026-07-17 07:00:00.000000
T2168,trenching,zone_a,54.9,37,clear,OP1019,expert,EXC001,5.5,18.5,27.3,2026-07-17 08:21:22.614115
T2169,loading,zone_a,90.9,61,cloudy,OP1011,intermediate,EXC001,5.5,31.4,67.9,2026-07-17 09:02:31.763213
T2170,grading,zone_a,104.6,70,cloudy,OP1018,novice,EXC001,5.5,36.1,69.0,2026-07-17 10:16:18.235310
T2171,hauling,zone_b,78.7,53,clear,OP1015,intermediate,EXC002,7.7,26.5,98.6,2026-07-17 07:00:00.000000
T2172,excavation,zone_b,141.6,95,clear,OP1014,expert,EXC002,7.7,47.5,135.6,2026-07-17 08:51:10.828764
T2173,trenching,zone_b,85.8,58,clear,OP1014,expert,EXC002,7.7,29.0,79.3,2026-07-17 11:14:20.928720
T2174,grading,zone_b,145.3,97,clear,OP1020,intermediate,EXC002,7.7,48.5,157.6,2026-07-17 12:47:22.837367
T2175,grading,zone_c,133.6,90,clear,OP1006,expert,EXC003,7.2,45.0,53.6,2026-07-17 07:00:00.000000
T2176,trenching,zone_c,66.0,44,clear,OP1013,intermediate,EXC003,7.2,22.0,38.0,2026-07-17 08:03:09.308631
T2177,excavation,zone_c,215.9,144,clear,OP1013,intermediate,EXC003,7.2,72.0,108.0,2026-07-17 08:46:45.316271
T2178,loading,zone_c,66.0,44,cloudy,OP1013,intermediate,EXC003,7.2,22.7,59.5,2026-07-17 10:48:51.418001
T2179,loading,zone_c,83.1,56,clear,OP1013,intermediate,EXC003,7.2,28.0,77.3,2026-07-17 12:01:44.261483
T2180,grading,zone_c,61.8,42,rain,OP1011,intermediate,EXC003,7.2,24.7,35.5,2026-07-17 13:25:05.946476
T2181,trenching,zone_c,71.4,48,clear,OP1017,intermediate,EXC003,7.2,24.0,41.5,2026-07-17 14:08:41.362586
T2182,trenching,zone_d,109.7,74,clear,OP1010,intermediate,EXC004,8.0,37.0,57.7,2026-07-17 07:00:00.000000
T2183,hauling,zone_d,77.2,52,clear,OP1007,expert,EXC004,8.0,26.0,62.6,2026-07-17 08:05:09.375250
T2184,excavation,zone_d,169.4,113,cloudy,OP1005,novice,EXC004,8.0,58.2,135.1,2026-07-17 09:16:09.785639
T2185,hauling,zone_d,43.5,29,clear,OP1020,intermediate,EXC004,8.0,14.5,46.1,2026-07-17 11:39:43.207853
T2186,excavation,zone_d,127.0,85,clear,OP1009,novice,EXC004,8.0,42.5,78.4,2026-07-17 12:40:43.178906
T2187,excavation,zone_d,148.8,100,clear,OP1001,expert,EXC004,8.0,50.0,76.8,2026-07-17 14:08:44.488893
T2188,hauling,zone_d,73.6,50,clear,OP1011,intermediate,EXC004,8.0,25.0,63.7,2026-07-17 15:36:30.382147
T2189,trenching,zone_d,79.6,54,cloudy,OP1020,intermediate,EXC004,8.0,27.8,47.2,2026-07-17 16:54:00.043748
T2190,grading,zone_a,127.6,86,clear,OP1013,intermediate,EXC005,1.5,43.0,61.3,2026-07-17 07:00:00.000000
T2191,loading,zone_a,75.2,51,clear,OP1011,intermediate,EXC005,1.5,25.5,62.9,2026-07-17 08:10:54.273807
T2192,loading,zone_a,95.9,64,cloudy,OP1007,expert,EXC005,1.5,33.0,62.1,2026-07-17 09:24:27.812444
T2193,excavation,zone_a,133.7,90,cloudy,OP1011,intermediate,EXC005,1.5,46.4,54.7,2026-07-17 10:33:40.566674
T2194,excavation,zone_b,177.7,119,clear,OP1018,novice,EXC006,5.3,59.5,133.6,2026-07-17 07:00:00.000000
T2195,excavation,zone_b,111.0,74,cloudy,OP1019,expert,EXC006,5.3,38.1,65.3,2026-07-17 09:21:56.887389
T2196,hauling,zone_b,51.4,35,cloudy,OP1020,intermediate,EXC006,5.3,18.0,64.0,2026-07-17 10:38:32.406420
T2197,excavation,zone_b,166.1,111,clear,OP1018,novice,EXC006,5.3,55.5,123.4,2026-07-17 11:47:49.350043
T2198,trenching,zone_b,107.1,72,rain,OP1002,intermediate,EXC006,5.3,42.0,77.4,2026-07-17 13:58:48.017986
T2199,grading,zone_c,149.9,100,clear,OP1009,novice,EXC007,1.0,50.0,86.7,2026-07-17 07:00:00.000000
T2200,excavation,zone_c,166.6,112,clear,OP1004,intermediate,EXC007,1.0,56.0,90.4,2026-07-17 08:41:08.798735
T2201,excavation,zone_c,86.6,58,cloudy,OP1018,novice,EXC007,1.0,29.9,62.5,2026-07-17 10:23:16.185726
T2202,loading,zone_c,77.9,52,clear,OP1014,expert,EXC007,1.0,26.0,69.2,2026-07-17 11:38:48.695837
T2203,loading,zone_c,106.6,72,clear,OP1005,novice,EXC007,1.0,36.0,116.3,2026-07-17 12:58:26.831263
T2204,hauling,zone_c,56.8,38,clear,OP1014,expert,EXC007,1.0,19.0,61.0,2026-07-17 15:08:25.382892
T2205,hauling,zone_c,58.1,39,cloudy,OP1015,intermediate,EXC007,1.0,20.1,52.5,2026-07-17 16:17:04.872465
T2206,loading,zone_d,105.4,71,clear,OP1014,expert,EXC008,6.2,35.5,85.7,2026-07-17 07:00:00.000000
T2207,grading,zone_d,77.8,52,clear,OP1013,intermediate,EXC008,6.2,26.0,43.1,2026-07-17 08:33:25.179377
T2208,hauling,zone_d,59.6,40,cloudy,OP1016,novice,EXC008,6.2,20.6,66.2,2026-07-17 09:27:58.549840
T2209,excavation,zone_d,217.5,145,cloudy,OP1010,intermediate,EXC008,6.2,74.7,109.2,2026-07-17 10:41:10.793644
T2210,grading,zone_d,146.0,98,clear,OP1018,novice,EXC008,6.2,49.0,89.8,2026-07-17 12:38:49.488935
T2211,excavation,zone_d,104.8,70,clear,OP1002,intermediate,EXC008,6.2,35.0,59.5,2026-07-17 14:18:51.272836
T2212,excavation,zone_d,180.2,121,clear,OP1016,novice,EXC008,6.2,60.5,102.2,2026-07-17 15:28:27.789148
T2213,trenching,zone_a,65.4,44,clear,OP1001,expert,EXC001,5.5,22.0,36.4,2026-07-18 07:00:00.000000
T2214,excavation,zone_a,187.2,125,clear,OP1011,intermediate,EXC001,5.5,62.5,80.3,2026-07-18 07:43:07.124677
T2215,grading,zone_a,125.3,84,clear,OP1015,intermediate,EXC001,5.5,42.0,61.5,2026-07-18 09:09:11.357081
T2216,grading,zone_a,137.2,92,clear,OP1009,novice,EXC001,5.5,46.5,77.7,2026-07-18 10:17:40.839994
T2217,loading,zone_a,116.8,78,cloudy,OP1011,intermediate,EXC001,5.5,41.3,78.9,2026-07-18 11:44:18.010018
T2218,trenching,zone_a,79.1,53,clear,OP1001,expert,EXC001,5.5,26.7,40.3,2026-07-18 13:16:28.217350
T2219,loading,zone_b,85.8,58,clear,OP1002,intermediate,EXC002,7.7,29.0,145.6,2026-07-18 07:00:00.000000
T2220,excavation,zone_b,120.2,81,clear,OP1014,expert,EXC002,7.7,40.5,118.3,2026-07-18 09:39:36.993103
T2221,grading,zone_b,134.8,90,cloudy,OP1002,intermediate,EXC002,7.7,47.1,168.9,2026-07-18 11:46:19.134077
T2222,grading,zone_b,124.0,83,rain,OP1010,intermediate,EXC002,7.7,49.0,158.8,2026-07-18 14:42:37.041457
T2223,excavation,zone_c,180.3,121,clear,OP1014,expert,EXC003,7.2,60.5,71.2,2026-07-18 07:00:00.000000
T2224,grading,zone_c,138.1,93,clear,OP1007,expert,EXC003,7.2,46.5,52.5,2026-07-18 08:22:58.557615
T2225,hauling,zone_c,52.1,35,clear,OP1010,intermediate,EXC003,7.2,17.5,50.4,2026-07-18 09:27:17.395786
T2226,excavation,zone_c,104.7,70,clear,OP1005,novice,EXC003,7.2,35.6,75.4,2026-07-18 10:31:36.820502
T2227,loading,zone_c,93.0,62,cloudy,OP1006,expert,EXC003,7.2,32.9,64.5,2026-07-18 11:53:10.014610
T2228,trenching,zone_c,79.9,54,clear,OP1014,expert,EXC003,7.2,27.3,40.1,2026-07-18 13:10:25.865143
T2229,grading,zone_c,147.5,99,rain,OP1007,expert,EXC003,7.2,57.6,73.1,2026-07-18 14:03:39.368743
T2230,grading,zone_c,123.6,83,cloudy,OP1007,expert,EXC003,7.2,42.7,55.5,2026-07-18 15:30:27.696879
T2231,loading,zone_d,87.2,59,clear,OP1003,expert,EXC004,8.0,29.5,61.7,2026-07-18 07:00:00.000000
T2232,trenching,zone_d,119.8,80,clear,OP1008,expert,EXC004,8.0,40.0,56.9,2026-07-18 08:07:30.128861
T2233,grading,zone_d,86.9,58,clear,OP1020,intermediate,EXC004,8.0,29.0,47.1,2026-07-18 09:18:20.233366
T2234,hauling,zone_d,67.5,45,clear,OP1016,novice,EXC004,8.0,22.9,58.4,2026-07-18 10:18:50.965846
T2235,excavation,zone_d,169.7,114,cloudy,OP1004,intermediate,EXC004,8.0,60.3,102.4,2026-07-18 11:26:05.902821
T2236,excavation,zone_d,82.2,55,clear,OP1012,expert,EXC004,8.0,27.7,47.6,2026-07-18 13:23:01.561643
T2237,hauling,zone_a,44.6,30,clear,OP1004,intermediate,EXC005,1.5,15.0,35.8,2026-07-18 07:00:00.000000
T2238,loading,zone_a,108.9,73,clear,OP1006,expert,EXC005,1.5,36.5,86.1,2026-07-18 07:49:34.571124
T2239,hauling,zone_a,57.7,39,clear,OP1018,novice,EXC005,1.5,19.5,60.3,2026-07-18 09:30:17.195848
T2240,trenching,zone_a,76.4,51,clear,OP1013,intermediate,EXC005,1.5,25.9,38.2,2026-07-18 10:44:48.970985
T2241,loading,zone_a,100.6,68,cloudy,OP1016,novice,EXC005,1.5,35.9,85.4,2026-07-18 11:30:35.707947
T2242,loading,zone_a,81.0,54,clear,OP1015,intermediate,EXC005,1.5,27.2,71.4,2026-07-18 13:01:38.519053
T2243,grading,zone_a,83.8,56,rain,OP1003,expert,EXC005,1.5,33.1,38.6,2026-07-18 14:22:15.089853
T2244,hauling,zone_b,75.8,51,clear,OP1010,intermediate,EXC006,5.3,25.5,68.1,2026-07-18 07:00:00.000000
T2245,trenching,zone_b,64.5,43,clear,OP1013,intermediate,EXC006,5.3,21.5,47.4,2026-07-18 08:14:16.837863
T2246,excavation,zone_b,187.8,126,clear,OP1010,intermediate,EXC006,5.3,63.0,114.7,2026-07-18 09:14:54.712626
T2247,grading,zone_b,82.4,55,cloudy,OP1019,expert,EXC006,5.3,28.8,54.5,2026-07-18 11:23:58.153173
T2248,excavation,zone_b,104.9,70,rain,OP1015,intermediate,EXC006,5.3,40.4,68.3,2026-07-18 12:27:23.094708
T2249,trenching,zone_b,110.7,74,clear,OP1009,novice,EXC006,5.3,37.2,75.5,2026-07-18 13:48:54.970371
T2250,grading,zone_c,90.3,61,clear,OP1018,novice,EXC007,1.0,30.5,68.4,2026-07-18 07:00:00.000000
T2251,loading,zone_c,98.7,66,clear,OP1001,expert,EXC007,1.0,33.0,62.0,2026-07-18 08:17:22.477406
T2252,trenching,zone_c,117.9,79,clear,OP1003,expert,EXC007,1.0,39.5,51.8,2026-07-18 09:32:58.064867
T2253,loading,zone_c,88.9,60,clear,OP1010,intermediate,EXC007,1.0,30.3,89.1,2026-07-18 10:39:19.435723
T2254,hauling,zone_c,38.0,26,rain,OP1012,expert,EXC007,1.0,15.2,68.9,2026-07-18 12:21:13.247912
T2255,hauling,zone_c,87.7,59,clear,OP1007,expert,EXC007,1.0,29.7,69.6,2026-07-18 13:43:54.663210
T2256,excavation,zone_d,160.5,107,clear,OP1001,expert,EXC008,6.2,53.5,72.3,2026-07-18 07:00:00.000000
T2257,grading,zone_d,90.6,61,clear,OP1011,intermediate,EXC008,6.2,30.5,46.0,2026-07-18 08:24:06.803135
T2258,trenching,zone_d,90.7,61,clear,OP1018,novice,EXC008,6.2,30.5,61.7,2026-07-18 09:20:19.131963
T2259,trenching,zone_d,78.9,53,clear,OP1020,intermediate,EXC008,6.2,26.9,42.2,2026-07-18 10:35:58.515279
T2260,excavation,zone_d,80.8,54,cloudy,OP1018,novice,EXC008,6.2,28.4,57.2,2026-07-18 11:29:41.543290
T2261,excavation,zone_a,214.3,143,cloudy,OP1015,intermediate,EXC001,5.5,73.6,103.5,2026-07-19 07:00:00.000000
T2262,trenching,zone_a,60.6,41,rain,OP1006,expert,EXC001,5.5,23.8,38.0,2026-07-19 08:58:08.097728
T2263,excavation,zone_a,104.3,70,clear,OP1002,intermediate,EXC001,5.5,35.0,55.8,2026-07-19 09:51:07.299454
T2264,trenching,zone_a,125.7,84,clear,OP1009,novice,EXC001,5.5,42.6,75.3,2026-07-19 11:01:49.048742
T2265,excavation,zone_b,106.8,72,cloudy,OP1012,expert,EXC002,7.7,37.1,119.2,2026-07-19 07:00:00.000000
T2266,grading,zone_b,114.8,77,clear,OP1010,intermediate,EXC002,7.7,38.5,122.3,2026-07-19 09:09:31.990564
T2267,excavation,zone_b,182.2,122,clear,OP1016,novice,EXC002,7.7,62.2,226.6,2026-07-19 11:19:00.314943
T2268,trenching,zone_b,63.9,43,clear,OP1014,expert,EXC002,7.7,21.5,79.8,2026-07-19 15:13:44.253485
T2269,loading,zone_b,107.4,72,clear,OP1013,intermediate,EXC002,7.7,36.0,172.4,2026-07-19 16:45:34.608662
T2270,excavation,zone_c,116.4,78,cloudy,OP1008,expert,EXC003,7.2,40.2,49.1,2026-07-19 07:00:00.000000
T2271,trenching,zone_c,99.9,67,cloudy,OP1019,expert,EXC003,7.2,34.5,43.6,2026-07-19 07:55:31.944991
T2272,excavation,zone_c,171.8,115,rain,OP1006,expert,EXC003,7.2,66.9,84.6,2026-07-19 08:50:00.250796
T2273,hauling,zone_c,62.3,42,cloudy,OP1017,intermediate,EXC003,7.2,21.6,50.7,2026-07-19 10:23:45.282640
T2274,hauling,zone_c,68.5,46,clear,OP1003,expert,EXC003,7.2,23.5,50.6,2026-07-19 11:25:14.336321
T2275,trenching,zone_d,104.9,70,cloudy,OP1015,intermediate,EXC004,8.0,36.1,65.5,2026-07-19 07:00:00.000000
T2276,hauling,zone_d,34.0,23,rain,OP1001,expert,EXC004,8.0,13.3,38.6,2026-07-19 08:15:41.723592
T2277,excavation,zone_d,167.0,112,clear,OP1001,expert,EXC004,8.0,56.0,78.4,2026-07-19 09:08:35.261673
T2278,excavation,zone_d,181.5,121,cloudy,OP1010,intermediate,EXC004,8.0,62.3,102.3,2026-07-19 10:33:39.706267
T2279,grading,zone_d,71.6,48,cloudy,OP1016,novice,EXC004,8.0,24.7,48.6,2026-07-19 12:30:22.262037
T2280,hauling,zone_a,88.8,60,cloudy,OP1004,intermediate,EXC005,1.5,30.9,80.6,2026-07-19 07:00:00.000000
T2281,trenching,zone_a,113.6,76,rain,OP1002,intermediate,EXC005,1.5,44.3,71.5,2026-07-19 08:28:48.024985
T2282,trenching,zone_a,63.0,42,clear,OP1018,novice,EXC005,1.5,21.0,41.8,2026-07-19 09:50:37.685757
T2283,loading,zone_a,49.1,33,cloudy,OP1004,intermediate,EXC005,1.5,17.0,54.5,2026-07-19 10:39:12.573945
T2284,hauling,zone_b,84.4,57,cloudy,OP1007,expert,EXC006,5.3,29.4,82.7,2026-07-19 07:00:00.000000
T2285,excavation,zone_b,177.9,119,rain,OP1005,novice,EXC006,5.3,68.7,162.9,2026-07-19 08:30:13.709276
T2286,grading,zone_b,149.9,100,clear,OP1015,intermediate,EXC006,5.3,51.0,90.4,2026-07-19 11:22:53.161174
T2287,hauling,zone_b,84.2,57,clear,OP1019,expert,EXC006,5.3,28.5,86.5,2026-07-19 13:04:47.872998
T2288,grading,zone_b,93.3,63,clear,OP1007,expert,EXC006,5.3,31.5,50.9,2026-07-19 14:45:14.974030
T2289,hauling,zone_b,87.3,59,clear,OP1006,expert,EXC006,5.3,29.5,87.4,2026-07-19 15:51:06.975912
T2290,hauling,zone_c,75.2,51,cloudy,OP1013,intermediate,EXC007,1.0,26.3,81.3,2026-07-19 07:00:00.000000
T2291,hauling,zone_c,62.4,42,rain,OP1007,expert,EXC007,1.0,24.4,62.8,2026-07-19 08:29:11.751917
T2292,hauling,zone_c,50.3,34,clear,OP1017,intermediate,EXC007,1.0,17.0,67.2,2026-07-19 09:42:49.985968
T2293,loading,zone_c,109.6,74,clear,OP1016,novice,EXC007,1.0,37.7,80.8,2026-07-19 11:01:44.529665
T2294,trenching,zone_c,107.0,72,cloudy,OP1016,novice,EXC007,1.0,37.1,65.4,2026-07-19 12:36:32.092125
T2295,excavation,zone_d,109.8,74,cloudy,OP1017,intermediate,EXC008,6.2,38.1,58.2,2026-07-19 07:00:00.000000
T2296,hauling,zone_d,68.5,46,rain,OP1002,intermediate,EXC008,6.2,26.8,76.4,2026-07-19 08:09:01.267744
T2297,trenching,zone_d,99.4,67,clear,OP1018,novice,EXC008,6.2,33.5,72.0,2026-07-19 09:37:32.616324
T2298,excavation,zone_d,147.8,99,clear,OP1014,expert,EXC008,6.2,50.6,69.5,2026-07-19 11:01:46.781546
T2299,loading,zone_d,97.2,65,cloudy,OP1006,expert,EXC008,6.2,33.5,66.4,2026-07-19 12:18:32.531064
T2300,hauling,zone_d,44.4,30,clear,OP1009,novice,EXC008,6.2,15.0,64.5,2026-07-19 13:34:49.483961
T2301,grading,zone_d,116.5,78,clear,OP1018,novice,EXC008,6.2,39.0,75.3,2026-07-19 14:51:20.828110
T2302,grading,zone_d,104.6,70,clear,OP1004,intermediate,EXC008,6.2,35.0,57.9,2026-07-19 16:19:13.725951
T2303,grading,zone_a,96.9,65,cloudy,OP1009,novice,EXC001,5.5,33.5,60.0,2026-07-20 07:00:00.000000
T2304,trenching,zone_a,70.7,48,cloudy,OP1002,intermediate,EXC001,5.5,24.7,45.9,2026-07-20 08:07:10.411562
T2305,trenching,zone_a,125.9,84,clear,OP1020,intermediate,EXC001,5.5,42.0,61.2,2026-07-20 09:01:15.355477
T2306,trenching,zone_a,65.2,44,cloudy,OP1006,expert,EXC001,5.5,22.7,33.4,2026-07-20 10:13:48.599855
T2307,excavation,zone_a,82.2,55,cloudy,OP1005,novice,EXC001,5.5,29.1,70.6,2026-07-20 11:00:43.746432
T2308,hauling,zone_a,72.6,49,storm,OP1006,expert,EXC001,5.5,32.5,65.4,2026-07-20 12:17:07.758107
T2309,trenching,zone_a,62.1,42,clear,OP1016,novice,EXC001,5.5,21.0,43.1,2026-07-20 13:29:45.112219
T2310,hauling,zone_a,58.2,39,clear,OP1001,expert,EXC001,5.5,19.5,52.4,2026-07-20 14:23:37.819502
T2311,hauling,zone_b,34.3,23,cloudy,OP1020,intermediate,EXC002,7.7,11.8,83.8,2026-07-20 07:00:00.000000
T2312,hauling,zone_b,41.1,28,cloudy,OP1002,intermediate,EXC002,7.7,14.4,83.8,2026-07-20 08:30:08.642463
T2313,grading,zone_b,107.7,72,cloudy,OP1011,intermediate,EXC002,7.7,37.1,113.7,2026-07-20 10:05:55.094598
T2314,trenching,zone_b,81.3,55,storm,OP1002,intermediate,EXC002,7.7,36.7,123.8,2026-07-20 12:11:09.188112
T2315,loading,zone_c,62.2,42,cloudy,OP1013,intermediate,EXC003,7.2,21.6,59.8,2026-07-20 07:00:00.000000
T2316,grading,zone_c,98.7,66,cloudy,OP1020,intermediate,EXC003,7.2,34.0,45.4,2026-07-20 08:07:07.422609
T2317,loading,zone_c,52.9,36,cloudy,OP1014,expert,EXC003,7.2,18.5,50.2,2026-07-20 08:58:59.439040
T2318,hauling,zone_c,59.7,40,clear,OP1018,novice,EXC003,7.2,20.0,78.0,2026-07-20 09:59:19.560870
T2319,excavation,zone_c,127.0,85,cloudy,OP1017,intermediate,EXC003,7.2,44.8,66.8,2026-07-20 11:30:04.167470
T2320,grading,zone_c,67.0,45,storm,OP1001,expert,EXC003,7.2,29.7,43.4,2026-07-20 12:48:58.624433
T2321,grading,zone_d,87.4,59,cloudy,OP1011,intermediate,EXC004,8.0,30.4,46.1,2026-07-20 07:00:00.000000
T2322,excavation,zone_d,84.1,57,cloudy,OP1020,intermediate,EXC004,8.0,29.4,47.6,2026-07-20 07:58:05.172845
T2323,grading,zone_d,133.3,89,cloudy,OP1009,novice,EXC004,8.0,45.8,88.2,2026-07-20 08:53:48.690838
T2324,grading,zone_d,68.7,46,cloudy,OP1013,intermediate,EXC004,8.0,23.7,43.6,2026-07-20 10:27:27.248615
T2325,trenching,zone_a,102.0,68,cloudy,OP1009,novice,EXC005,1.5,35.0,64.1,2026-07-20 07:00:00.000000
T2326,grading,zone_a,133.9,90,cloudy,OP1015,intermediate,EXC005,1.5,46.4,68.0,2026-07-20 08:10:32.156691
T2327,trenching,zone_a,109.1,73,clear,OP1007,expert,EXC005,1.5,36.5,48.8,2026-07-20 09:29:30.886111
T2328,trenching,zone_a,68.0,46,cloudy,OP1016,novice,EXC005,1.5,23.7,41.3,2026-07-20 10:32:23.486275
T2329,hauling,zone_a,89.0,60,cloudy,OP1008,expert,EXC005,1.5,31.6,70.9,2026-07-20 11:26:57.995181
T2330,grading,zone_a,71.2,48,storm,OP1006,expert,EXC005,1.5,31.8,44.7,2026-07-20 12:50:31.053615
T2331,grading,zone_b,88.2,59,cloudy,OP1001,expert,EXC006,5.3,30.4,51.0,2026-07-20 07:00:00.000000
T2332,loading,zone_b,97.5,65,cloudy,OP1007,expert,EXC006,5.3,33.5,76.6,2026-07-20 07:59:18.349988
T2333,trenching,zone_b,128.2,86,clear,OP1005,novice,EXC006,5.3,43.0,100.8,2026-07-20 09:24:57.881861
T2334,loading,zone_b,73.1,49,cloudy,OP1009,novice,EXC006,5.3,25.7,68.5,2026-07-20 11:11:54.662217
T2335,grading,zone_b,77.1,52,storm,OP1015,intermediate,EXC006,5.3,34.0,63.9,2026-07-20 12:32:12.936997
T2336,loading,zone_b,40.7,28,clear,OP1016,novice,EXC006,5.3,14.0,68.8,2026-07-20 13:49:08.298658
T2337,grading,zone_b,114.7,77,cloudy,OP1019,expert,EXC006,5.3,39.7,69.9,2026-07-20 15:08:24.945254
T2338,trenching,zone_c,110.0,74,cloudy,OP1008,expert,EXC007,1.0,38.1,54.6,2026-07-20 07:00:00.000000
T2339,hauling,zone_c,86.4,58,cloudy,OP1020,intermediate,EXC007,1.0,29.9,84.8,2026-07-20 07:59:43.647225
T2340,grading,zone_c,70.1,47,clear,OP1005,novice,EXC007,1.0,23.5,65.2,2026-07-20 09:31:37.585355
T2341,excavation,zone_c,160.6,108,cloudy,OP1010,intermediate,EXC007,1.0,55.6,88.9,2026-07-20 10:44:25.977714
T2342,hauling,zone_c,45.6,31,storm,OP1015,intermediate,EXC007,1.0,20.3,49.1,2026-07-20 12:19:28.339593
T2343,hauling,zone_c,39.6,27,clear,OP1006,expert,EXC007,1.0,13.5,46.8,2026-07-20 13:15:46.166324
T2344,excavation,zone_c,203.7,136,clear,OP1009,novice,EXC007,1.0,68.0,138.1,2026-07-20 14:11:44.035846
T2345,loading,zone_d,83.5,56,cloudy,OP1013,intermediate,EXC008,6.2,28.8,72.9,2026-07-20 07:00:00.000000
T2346,trenching,zone_d,61.7,42,cloudy,OP1002,intermediate,EXC008,6.2,21.6,40.6,2026-07-20 08:19:20.171428
T2347,grading,zone_d,142.4,95,clear,OP1005,novice,EXC008,6.2,47.5,102.2,2026-07-20 09:11:37.135407
T2348,excavation,zone_d,98.7,66,cloudy,OP1017,intermediate,EXC008,6.2,34.8,57.0,2026-07-20 11:01:55.964859
T2349,excavation,zone_d,165.7,111,storm,OP1017,intermediate,EXC008,6.2,75.2,114.4,2026-07-20 12:09:55.316717
T2350,hauling,zone_d,64.7,44,clear,OP1014,expert,EXC008,6.2,22.0,69.6,2026-07-20 14:16:25.392350
T2351,loading,zone_a,79.8,54,rain,OP1003,expert,EXC001,5.5,31.9,72.4,2026-07-21 07:00:00.000000
T2352,excavation,zone_a,214.1,143,clear,OP1001,expert,EXC001,5.5,71.5,93.5,2026-07-21 08:23:31.675416
T2353,excavation,zone_a,206.6,138,clear,OP1011,intermediate,EXC001,5.5,69.0,95.5,2026-07-21 10:03:15.890685
T2354,excavation,zone_a,110.0,74,rain,OP1005,novice,EXC001,5.5,42.7,101.1,2026-07-21 11:49:38.383021
T2355,loading,zone_a,53.1,36,cloudy,OP1015,intermediate,EXC001,5.5,19.2,68.8,2026-07-21 13:35:52.487604
T2356,trenching,zone_b,86.8,58,rain,OP1002,intermediate,EXC002,7.7,33.8,121.0,2026-07-21 07:00:00.000000
T2357,loading,zone_b,95.5,64,cloudy,OP1012,expert,EXC002,7.7,33.0,116.0,2026-07-21 09:09:14.308133
T2358,hauling,zone_b,40.2,27,rain,OP1015,intermediate,EXC002,7.7,15.6,93.6,2026-07-21 11:14:04.069068
T2359,hauling,zone_b,89.5,60,storm,OP1018,novice,EXC002,7.7,40.1,182.7,2026-07-21 12:59:43.330484
T2360,excavation,zone_b,155.8,104,rain,OP1006,expert,EXC002,7.7,60.5,198.5,2026-07-21 16:08:13.965638
T2361,grading,zone_c,69.0,46,rain,OP1009,novice,EXC003,7.2,27.0,42.1,2026-07-21 07:00:00.000000
T2362,trenching,zone_c,54.0,36,rain,OP1001,expert,EXC003,7.2,20.9,33.7,2026-07-21 07:49:24.165669
T2363,loading,zone_c,99.4,67,clear,OP1016,novice,EXC003,7.2,33.5,82.3,2026-07-21 08:37:05.296634
T2364,loading,zone_c,119.1,80,clear,OP1011,intermediate,EXC003,7.2,40.0,80.9,2026-07-21 10:04:39.775985
T2365,trenching,zone_d,107.5,72,rain,OP1020,intermediate,EXC004,8.0,42.1,64.6,2026-07-21 07:00:00.000000
T2366,grading,zone_d,102.8,69,clear,OP1010,intermediate,EXC004,8.0,34.5,60.7,2026-07-21 08:18:12.861303
T2367,loading,zone_d,62.5,42,cloudy,OP1010,intermediate,EXC004,8.0,21.6,54.3,2026-07-21 09:26:38.404065
T2368,grading,zone_d,104.3,70,clear,OP1007,expert,EXC004,8.0,35.0,49.0,2026-07-21 10:29:01.451664
T2369,grading,zone_d,117.8,79,rain,OP1012,expert,EXC004,8.0,46.1,68.9,2026-07-21 11:30:15.734863
T2370,excavation,zone_d,206.5,138,storm,OP1011,intermediate,EXC004,8.0,93.3,136.5,2026-07-21 12:50:02.882610
T2371,hauling,zone_d,31.4,21,clear,OP1013,intermediate,EXC004,8.0,10.5,53.9,2026-07-21 15:20:47.636754
T2372,grading,zone_a,127.7,86,rain,OP1015,intermediate,EXC005,1.5,49.6,67.9,2026-07-21 07:00:00.000000
T2373,grading,zone_a,110.5,74,clear,OP1006,expert,EXC005,1.5,37.0,49.2,2026-07-21 08:18:56.244283
T2374,trenching,zone_a,58.8,40,cloudy,OP1001,expert,EXC005,1.5,20.6,31.7,2026-07-21 09:17:30.337900
T2375,excavation,zone_a,94.5,63,cloudy,OP1016,novice,EXC005,1.5,32.4,58.0,2026-07-21 09:55:16.719217
T2376,hauling,zone_a,48.9,33,rain,OP1016,novice,EXC005,1.5,19.1,49.3,2026-07-21 11:00:43.282039
T2377,hauling,zone_b,72.7,49,rain,OP1009,novice,EXC006,5.3,28.7,101.0,2026-07-21 07:00:00.000000
T2378,excavation,zone_b,150.1,101,clear,OP1016,novice,EXC006,5.3,50.5,100.4,2026-07-21 08:47:03.104564
T2379,trenching,zone_b,99.3,67,clear,OP1004,intermediate,EXC006,5.3,33.5,71.0,2026-07-21 10:38:26.980085
T2380,loading,zone_b,116.8,78,rain,OP1013,intermediate,EXC006,5.3,46.1,98.0,2026-07-21 11:58:31.491322
T2381,hauling,zone_c,37.4,25,rain,OP1016,novice,EXC007,1.0,14.5,46.7,2026-07-21 07:00:00.000000
T2382,hauling,zone_c,37.2,25,rain,OP1011,intermediate,EXC007,1.0,14.7,52.7,2026-07-21 07:57:17.931607
T2383,hauling,zone_c,48.2,33,cloudy,OP1001,expert,EXC007,1.0,17.0,48.7,2026-07-21 09:00:05.184218
T2384,loading,zone_c,103.9,70,clear,OP1013,intermediate,EXC007,1.0,35.0,89.4,2026-07-21 10:01:59.843291
T2385,trenching,zone_c,69.1,47,rain,OP1007,expert,EXC007,1.0,27.3,36.9,2026-07-21 11:41:14.673263
T2386,hauling,zone_d,48.5,33,rain,OP1002,intermediate,EXC008,6.2,19.3,58.5,2026-07-21 07:00:00.000000
T2387,hauling,zone_d,63.8,43,clear,OP1016,novice,EXC008,6.2,21.5,67.4,2026-07-21 08:09:37.033785
T2388,hauling,zone_d,31.2,21,cloudy,OP1002,intermediate,EXC008,6.2,10.8,38.6,2026-07-21 09:23:02.066657
T2389,hauling,zone_d,61.2,41,clear,OP1018,novice,EXC008,6.2,20.5,65.1,2026-07-21 10:08:40.516612
T2390,trenching,zone_d,127.5,85,rain,OP1011,intermediate,EXC008,6.2,50.0,72.1,2026-07-21 11:21:42.604049
T2391,trenching,zone_d,74.5,50,storm,OP1006,expert,EXC008,6.2,33.1,48.8,2026-07-21 12:47:50.877079
T2392,loading,zone_d,113.1,76,cloudy,OP1001,expert,EXC008,6.2,40.1,66.1,2026-07-21 13:42:50.978372
T2393,hauling,zone_d,69.1,47,clear,OP1008,expert,EXC008,6.2,23.5,60.7,2026-07-21 14:58:05.577525
T2394,trenching,zone_a,112.5,75,clear,OP1020,intermediate,EXC001,5.5,37.5,59.2,2026-07-22 07:00:00.000000
T2395,excavation,zone_a,158.4,106,clear,OP1009,novice,EXC001,5.5,53.0,85.4,2026-07-22 08:13:58.364489
T2396,trenching,zone_a,115.7,78,cloudy,OP1019,expert,EXC001,5.5,40.2,62.7,2026-07-22 09:47:45.042763
T2397,trenching,zone_a,96.5,65,clear,OP1020,intermediate,EXC001,5.5,32.5,51.4,2026-07-22 10:55:36.903278
T2398,hauling,zone_a,54.9,37,clear,OP1001,expert,EXC001,5.5,18.6,43.5,2026-07-22 11:55:36.758377
T2399,loading,zone_a,47.0,32,cloudy,OP1019,expert,EXC001,5.5,16.6,60.0,2026-07-22 12:53:19.276640
T2400,loading,zone_a,111.9,75,clear,OP1017,intermediate,EXC001,5.5,37.5,97.2,2026-07-22 14:04:12.804972
T2401,excavation,zone_b,90.9,61,clear,OP1016,novice,EXC002,7.7,30.5,110.9,2026-07-22 07:00:00.000000
T2402,excavation,zone_b,92.5,62,clear,OP1019,expert,EXC002,7.7,31.0,103.4,2026-07-22 08:59:19.900362
T2403,hauling,zone_b,54.5,37,clear,OP1016,novice,EXC002,7.7,18.5,109.5,2026-07-22 10:50:07.580028
T2404,hauling,zone_b,54.9,37,cloudy,OP1008,expert,EXC002,7.7,19.3,93.9,2026-07-22 12:45:06.454320
T2405,loading,zone_c,59.4,40,clear,OP1007,expert,EXC003,7.2,20.0,46.8,2026-07-22 07:00:00.000000
T2406,grading,zone_c,115.5,77,clear,OP1018,novice,EXC003,7.2,38.5,71.4,2026-07-22 07:57:12.109761
T2407,excavation,zone_c,200.7,134,cloudy,OP1010,intermediate,EXC003,7.2,69.0,92.1,2026-07-22 09:21:29.834838
T2408,hauling,zone_c,30.7,21,clear,OP1003,expert,EXC003,7.2,10.6,54.8,2026-07-22 11:06:44.372069
T2409,excavation,zone_c,179.0,120,cloudy,OP1015,intermediate,EXC003,7.2,62.5,85.5,2026-07-22 12:15:21.950246
T2410,loading,zone_c,105.8,71,clear,OP1020,intermediate,EXC003,7.2,35.6,90.9,2026-07-22 13:55:37.716238
T2411,excavation,zone_c,101.3,68,clear,OP1009,novice,EXC003,7.2,34.0,67.1,2026-07-22 15:34:07.891743
T2412,trenching,zone_c,117.5,79,rain,OP1016,novice,EXC003,7.2,45.7,78.8,2026-07-22 16:52:06.967308
T2413,grading,zone_d,109.5,73,clear,OP1019,expert,EXC004,8.0,36.5,63.7,2026-07-22 07:00:00.000000
T2414,loading,zone_d,91.2,61,clear,OP1003,expert,EXC004,8.0,30.5,57.2,2026-07-22 08:17:58.168482
T2415,loading,zone_d,100.2,67,cloudy,OP1010,intermediate,EXC004,8.0,34.5,80.7,2026-07-22 09:26:52.636799
T2416,grading,zone_d,116.0,78,clear,OP1017,intermediate,EXC004,8.0,39.0,70.6,2026-07-22 10:57:51.126628
T2417,grading,zone_d,136.2,91,cloudy,OP1019,expert,EXC004,8.0,47.2,69.7,2026-07-22 12:20:23.711557
T2418,grading,zone_d,65.5,44,clear,OP1008,expert,EXC004,8.0,22.1,38.4,2026-07-22 13:38:22.719866
T2419,loading,zone_d,107.8,72,clear,OP1013,intermediate,EXC004,8.0,36.0,78.7,2026-07-22 14:26:03.612571
T2420,trenching,zone_a,50.8,34,clear,OP1012,expert,EXC005,1.5,17.0,31.5,2026-07-22 07:00:00.000000
T2421,trenching,zone_a,53.5,36,clear,OP1015,intermediate,EXC005,1.5,18.0,30.2,2026-07-22 07:45:09.943481
T2422,excavation,zone_a,123.6,83,clear,OP1010,intermediate,EXC005,1.5,41.5,62.1,2026-07-22 08:21:41.299398
T2423,trenching,zone_a,77.8,52,cloudy,OP1009,novice,EXC005,1.5,26.8,52.4,2026-07-22 09:35:13.635312
T2424,loading,zone_a,56.5,38,clear,OP1017,intermediate,EXC005,1.5,19.0,73.9,2026-07-22 10:41:25.265581
T2425,grading,zone_a,112.6,76,cloudy,OP1014,expert,EXC005,1.5,39.7,52.4,2026-07-22 12:03:25.716656
T2426,grading,zone_a,120.7,81,clear,OP1018,novice,EXC005,1.5,40.6,69.3,2026-07-22 13:10:40.063099
T2427,hauling,zone_a,53.6,36,clear,OP1009,novice,EXC005,1.5,18.0,47.2,2026-07-22 14:26:53.661961
T2428,grading,zone_b,109.4,73,clear,OP1012,expert,EXC006,5.3,36.5,63.5,2026-07-22 07:00:00.000000
T2429,hauling,zone_b,86.5,58,clear,OP1002,intermediate,EXC006,5.3,29.0,95.5,2026-07-22 08:10:22.840700
T2430,excavation,zone_b,169.2,113,cloudy,OP1007,expert,EXC006,5.3,58.2,92.2,2026-07-22 09:57:37.446610
T2431,excavation,zone_b,151.0,101,clear,OP1017,intermediate,EXC006,5.3,51.0,93.1,2026-07-22 11:35:59.009912
T2432,excavation,zone_b,190.8,128,clear,OP1010,intermediate,EXC006,5.3,64.1,124.6,2026-07-22 13:17:42.118059
T2433,hauling,zone_b,88.0,59,clear,OP1016,novice,EXC006,5.3,29.5,83.8,2026-07-22 15:34:47.479176
T2434,excavation,zone_c,169.7,114,clear,OP1006,expert,EXC007,1.0,57.0,82.8,2026-07-22 07:00:00.000000
T2435,loading,zone_c,84.6,57,clear,OP1002,intermediate,EXC007,1.0,28.5,81.9,2026-07-22 08:35:26.019800
T2436,grading,zone_c,124.4,83,clear,OP1010,intermediate,EXC007,1.0,41.5,65.0,2026-07-22 10:09:23.079199
T2437,hauling,zone_c,69.5,47,clear,OP1001,expert,EXC007,1.0,23.7,57.2,2026-07-22 11:23:07.733579
T2438,grading,zone_c,149.8,100,cloudy,OP1016,novice,EXC007,1.0,52.1,102.4,2026-07-22 12:34:26.170706
T2439,excavation,zone_c,80.5,54,clear,OP1019,expert,EXC007,1.0,27.0,48.1,2026-07-22 14:31:12.052770
T2440,grading,zone_c,140.7,94,clear,OP1010,intermediate,EXC007,1.0,47.0,82.2,2026-07-22 15:25:42.951614
T2441,trenching,zone_c,99.4,67,rain,OP1010,intermediate,EXC007,1.0,39.5,72.8,2026-07-22 16:59:07.296221
T2442,hauling,zone_d,75.2,51,clear,OP1016,novice,EXC008,6.2,25.5,73.0,2026-07-22 07:00:00.000000
T2443,excavation,zone_d,206.4,138,clear,OP1003,expert,EXC008,6.2,69.0,77.3,2026-07-22 08:23:54.853498
T2444,excavation,zone_d,179.1,120,cloudy,OP1018,novice,EXC008,6.2,61.8,127.3,2026-07-22 09:50:46.972313
T2445,grading,zone_d,83.7,56,cloudy,OP1001,expert,EXC008,6.2,29.1,42.3,2026-07-22 12:12:45.270315
T2446,trenching,zone_d,94.4,63,clear,OP1003,expert,EXC008,6.2,31.6,49.0,2026-07-22 13:06:28.038751
T2447,loading,zone_d,48.6,33,clear,OP1004,intermediate,EXC008,6.2,16.5,50.1,2026-07-22 14:08:49.288200
T2448,trenching,zone_d,127.3,85,clear,OP1018,novice,EXC008,6.2,42.5,86.8,2026-07-22 15:04:55.222755
T2449,excavation,zone_d,152.5,102,rain,OP1001,expert,EXC008,6.2,59.2,86.3,2026-07-22 16:41:02.622502
T2450,grading,zone_a,69.5,47,cloudy,OP1017,intermediate,EXC001,5.5,24.2,43.3,2026-07-23 07:00:00.000000
T2451,excavation,zone_a,115.3,77,cloudy,OP1017,intermediate,EXC001,5.5,39.7,69.8,2026-07-23 07:55:39.953455
T2452,trenching,zone_a,55.9,38,clear,OP1006,expert,EXC001,5.5,19.0,29.7,2026-07-23 09:19:51.206054
T2453,loading,zone_a,113.5,76,clear,OP1006,expert,EXC001,5.5,38.0,73.6,2026-07-23 09:59:41.476363
T2454,grading,zone_a,65.7,44,clear,OP1005,novice,EXC001,5.5,22.0,61.1,2026-07-23 11:18:44.990313
T2455,grading,zone_a,103.1,69,clear,OP1011,intermediate,EXC001,5.5,34.5,49.4,2026-07-23 12:33:10.668111
T2456,trenching,zone_b,97.2,65,cloudy,OP1007,expert,EXC002,7.7,33.5,100.1,2026-07-23 07:00:00.000000
T2457,excavation,zone_b,177.4,119,rain,OP1012,expert,EXC002,7.7,69.4,215.0,2026-07-23 08:54:56.417224
T2458,grading,zone_b,118.7,80,clear,OP1004,intermediate,EXC002,7.7,40.0,140.0,2026-07-23 12:41:09.354087
T2459,loading,zone_b,85.6,58,clear,OP1017,intermediate,EXC002,7.7,29.0,143.4,2026-07-23 15:11:23.378592
T2460,excavation,zone_c,147.5,99,cloudy,OP1017,intermediate,EXC003,7.2,51.0,74.9,2026-07-23 07:00:00.000000
T2461,trenching,zone_c,89.9,60,rain,OP1002,intermediate,EXC003,7.2,35.0,55.0,2026-07-23 08:27:00.083320
T2462,hauling,zone_c,32.5,22,clear,OP1014,expert,EXC003,7.2,11.0,54.1,2026-07-23 09:32:30.136297
T2463,trenching,zone_c,111.0,74,cloudy,OP1017,intermediate,EXC003,7.2,38.1,59.2,2026-07-23 10:37:12.893892
T2464,grading,zone_c,106.5,71,clear,OP1002,intermediate,EXC003,7.2,35.5,55.4,2026-07-23 11:43:00.439868
T2465,excavation,zone_c,194.0,130,clear,OP1006,expert,EXC003,7.2,65.0,74.9,2026-07-23 12:49:14.051965
T2466,grading,zone_c,85.4,57,clear,OP1003,expert,EXC003,7.2,28.5,38.0,2026-07-23 14:17:02.883826
T2467,hauling,zone_c,73.1,49,clear,OP1020,intermediate,EXC003,7.2,24.5,71.1,2026-07-23 15:07:21.756689
T2468,excavation,zone_d,174.8,117,cloudy,OP1017,intermediate,EXC004,8.0,60.3,104.2,2026-07-23 07:00:00.000000
T2469,loading,zone_d,112.4,75,rain,OP1014,expert,EXC004,8.0,43.5,83.8,2026-07-23 08:54:29.948011
T2470,grading,zone_d,89.9,60,cloudy,OP1019,expert,EXC004,8.0,30.9,52.8,2026-07-23 10:25:26.516461
T2471,loading,zone_d,58.1,39,clear,OP1015,intermediate,EXC004,8.0,19.5,71.2,2026-07-23 11:24:26.564805
T2472,trenching,zone_d,92.2,62,clear,OP1016,novice,EXC004,8.0,31.0,59.8,2026-07-23 12:46:47.973463
T2473,excavation,zone_d,169.7,114,clear,OP1010,intermediate,EXC004,8.0,57.0,89.2,2026-07-23 13:56:15.488858
T2474,trenching,zone_d,78.4,53,clear,OP1008,expert,EXC004,8.0,26.5,45.0,2026-07-23 15:31:46.018072
T2475,excavation,zone_a,207.6,139,cloudy,OP1013,intermediate,EXC005,1.5,71.6,104.1,2026-07-23 07:00:00.000000
T2476,grading,zone_a,77.3,52,rain,OP1015,intermediate,EXC005,1.5,30.0,42.1,2026-07-23 08:56:01.421834
T2477,loading,zone_a,98.7,66,clear,OP1002,intermediate,EXC005,1.5,33.0,78.6,2026-07-23 09:51:36.136905
T2478,trenching,zone_a,67.8,46,clear,OP1020,intermediate,EXC005,1.5,23.0,34.9,2026-07-23 11:18:37.917414
T2479,excavation,zone_a,195.3,131,clear,OP1007,expert,EXC005,1.5,65.5,81.1,2026-07-23 12:00:20.815293
T2480,loading,zone_b,64.6,44,cloudy,OP1005,novice,EXC006,5.3,22.7,89.2,2026-07-23 07:00:00.000000
T2481,excavation,zone_b,104.2,70,rain,OP1012,expert,EXC006,5.3,40.8,70.3,2026-07-23 08:37:41.726470
T2482,excavation,zone_b,130.9,88,clear,OP1013,intermediate,EXC006,5.3,44.0,85.5,2026-07-23 09:57:55.705894
T2483,grading,zone_b,64.5,43,clear,OP1006,expert,EXC006,5.3,21.5,38.7,2026-07-23 11:35:31.049341
T2484,trenching,zone_c,50.8,34,cloudy,OP1002,intermediate,EXC007,1.0,17.5,35.5,2026-07-23 07:00:00.000000
T2485,excavation,zone_c,93.8,63,cloudy,OP1010,intermediate,EXC007,1.0,32.4,54.0,2026-07-23 07:46:11.127841
T2486,grading,zone_c,105.7,71,rain,OP1011,intermediate,EXC007,1.0,41.7,66.4,2026-07-23 08:45:32.000371
T2487,trenching,zone_c,62.2,42,cloudy,OP1004,intermediate,EXC007,1.0,21.6,37.7,2026-07-23 10:05:15.866227
T2488,trenching,zone_c,114.7,77,cloudy,OP1003,expert,EXC007,1.0,39.7,50.0,2026-07-23 10:52:40.045031
T2489,trenching,zone_d,120.4,81,cloudy,OP1003,expert,EXC008,6.2,41.7,49.7,2026-07-23 07:00:00.000000
T2490,trenching,zone_d,56.4,38,cloudy,OP1008,expert,EXC008,6.2,19.6,35.0,2026-07-23 07:58:04.142686
T2491,hauling,zone_d,54.7,37,rain,OP1007,expert,EXC008,6.2,21.5,45.8,2026-07-23 08:47:19.426236
T2492,excavation,zone_d,103.7,70,clear,OP1008,expert,EXC008,6.2,35.0,49.4,2026-07-23 09:46:21.535853
T2493,loading,zone_a,71.9,48,storm,OP1020,intermediate,EXC001,5.5,32.2,64.7,2026-07-24 07:00:00.000000
T2494,hauling,zone_a,38.1,26,cloudy,OP1012,expert,EXC001,5.5,13.4,36.8,2026-07-24 08:16:00.095395
T2495,hauling,zone_a,88.9,60,cloudy,OP1014,expert,EXC001,5.5,30.9,69.8,2026-07-24 09:05:59.485478
T2496,excavation,zone_a,104.6,70,storm,OP1008,expert,EXC001,5.5,47.3,64.0,2026-07-24 10:25:52.321985
T2497,hauling,zone_a,41.2,28,clear,OP1009,novice,EXC001,5.5,14.0,43.3,2026-07-24 11:38:31.348755
T2498,hauling,zone_a,30.0,20,storm,OP1001,expert,EXC001,5.5,13.2,55.4,2026-07-24 12:34:05.730771
T2499,grading,zone_a,109.0,73,clear,OP1019,expert,EXC001,5.5,36.5,57.9,2026-07-24 13:34:42.766002
T2500,hauling,zone_a,30.7,21,cloudy,OP1004,intermediate,EXC001,5.5,10.8,51.8,2026-07-24 14:45:34.193034
T2501,excavation,zone_b,190.6,128,storm,OP1007,expert,EXC002,7.7,84.9,233.6,2026-07-24 07:00:00.000000
T2502,grading,zone_b,129.1,87,clear,OP1018,novice,EXC002,7.7,43.5,193.4,2026-07-24 11:08:02.735909
T2503,hauling,zone_b,46.2,31,cloudy,OP1001,expert,EXC002,7.7,16.0,82.7,2026-07-24 14:27:34.404069
T2504,grading,zone_b,93.4,63,clear,OP1014,expert,EXC002,7.7,31.5,114.4,2026-07-24 15:59:04.544525
T2505,trenching,zone_c,68.3,46,storm,OP1010,intermediate,EXC003,7.2,31.3,44.5,2026-07-24 07:00:00.000000
T2506,hauling,zone_c,47.5,32,storm,OP1013,intermediate,EXC003,7.2,21.8,63.4,2026-07-24 07:57:54.634251
T2507,trenching,zone_c,85.9,58,cloudy,OP1015,intermediate,EXC003,7.2,29.9,41.9,2026-07-24 09:07:23.414015
T2508,hauling,zone_c,76.7,52,cloudy,OP1008,expert,EXC003,7.2,26.8,45.5,2026-07-24 09:59:08.414921
T2509,loading,zone_c,49.8,34,storm,OP1004,intermediate,EXC003,7.2,22.5,53.8,2026-07-24 10:55:26.663499
T2510,excavation,zone_c,118.1,79,storm,OP1015,intermediate,EXC003,7.2,51.7,72.1,2026-07-24 12:02:21.630902
T2511,hauling,zone_d,63.8,43,storm,OP1011,intermediate,EXC004,8.0,29.1,74.5,2026-07-24 07:00:00.000000
T2512,trenching,zone_d,129.8,87,cloudy,OP1020,intermediate,EXC004,8.0,44.8,67.8,2026-07-24 08:27:59.744713
T2513,loading,zone_d,66.4,45,cloudy,OP1007,expert,EXC004,8.0,23.2,65.9,2026-07-24 09:45:15.506199
T2514,excavation,zone_d,130.9,88,clear,OP1017,intermediate,EXC004,8.0,44.0,77.4,2026-07-24 11:03:22.533293
T2515,trenching,zone_d,70.1,47,storm,OP1004,intermediate,EXC004,8.0,31.1,58.7,2026-07-24 12:34:05.746515
T2516,excavation,zone_a,92.3,62,storm,OP1002,intermediate,EXC005,1.5,41.4,70.1,2026-07-24 07:00:00.000000
T2517,hauling,zone_a,30.9,21,cloudy,OP1004,intermediate,EXC005,1.5,10.8,58.0,2026-07-24 08:20:32.670243
T2518,trenching,zone_a,94.9,64,cloudy,OP1009,novice,EXC005,1.5,33.0,60.8,2026-07-24 09:32:38.968527
T2519,hauling,zone_a,57.4,39,storm,OP1017,intermediate,EXC005,1.5,26.4,74.9,2026-07-24 10:44:25.106163
T2520,excavation,zone_a,144.3,97,storm,OP1020,intermediate,EXC005,1.5,65.1,90.7,2026-07-24 12:05:49.109438
T2521,hauling,zone_b,84.1,57,storm,OP1014,expert,EXC006,5.3,37.5,81.0,2026-07-24 07:00:00.000000
T2522,excavation,zone_b,162.1,109,cloudy,OP1005,novice,EXC006,5.3,56.1,146.8,2026-07-24 08:35:03.555969
T2523,hauling,zone_b,67.3,45,clear,OP1009,novice,EXC006,5.3,22.5,63.4,2026-07-24 11:11:59.394550
T2524,hauling,zone_b,37.1,25,storm,OP1004,intermediate,EXC006,5.3,16.5,67.1,2026-07-24 12:22:28.153511
T2525,grading,zone_b,69.4,47,clear,OP1003,expert,EXC006,5.3,23.5,43.3,2026-07-24 13:35:48.787210
T2526,loading,zone_b,89.3,60,cloudy,OP1006,expert,EXC006,5.3,30.9,85.9,2026-07-24 14:26:45.586594
T2527,hauling,zone_b,44.5,30,clear,OP1017,intermediate,EXC006,5.3,15.0,56.0,2026-07-24 16:01:11.721183
T2528,hauling,zone_c,84.9,57,storm,OP1008,expert,EXC007,1.0,38.5,79.4,2026-07-24 07:00:00.000000
T2529,hauling,zone_c,45.2,31,cloudy,OP1015,intermediate,EXC007,1.0,16.0,64.0,2026-07-24 08:32:50.860569
T2530,hauling,zone_c,72.6,49,cloudy,OP1015,intermediate,EXC007,1.0,25.2,70.5,2026-07-24 09:46:17.647221
T2531,grading,zone_c,147.7,99,clear,OP1001,expert,EXC007,1.0,49.5,74.1,2026-07-24 11:06:59.791156
T2532,trenching,zone_c,63.9,43,storm,OP1007,expert,EXC007,1.0,28.5,44.4,2026-07-24 12:30:03.201494
T2533,excavation,zone_c,194.5,130,clear,OP1015,intermediate,EXC007,1.0,65.0,98.1,2026-07-24 13:24:59.291626
T2534,loading,zone_c,111.4,75,clear,OP1015,intermediate,EXC007,1.0,37.5,94.0,2026-07-24 15:13:37.231685
T2535,hauling,zone_c,74.3,50,clear,OP1010,intermediate,EXC007,1.0,25.0,66.8,2026-07-24 16:59:41.103860
T2536,grading,zone_d,83.3,56,storm,OP1010,intermediate,EXC008,6.2,38.1,57.2,2026-07-24 07:00:00.000000
T2537,loading,zone_d,70.8,48,cloudy,OP1002,intermediate,EXC008,6.2,24.7,62.3,2026-07-24 08:02:20.633568
T2538,trenching,zone_d,121.1,81,cloudy,OP1016,novice,EXC008,6.2,41.7,72.3,2026-07-24 09:16:01.807103
T2539,hauling,zone_d,60.6,41,storm,OP1006,expert,EXC008,6.2,27.2,67.8,2026-07-24 10:40:17.333897
T2540,grading,zone_d,81.4,55,clear,OP1020,intermediate,EXC008,6.2,27.5,46.0,2026-07-24 11:54:37.907972
T2541,trenching,zone_d,50.8,34,storm,OP1018,novice,EXC008,6.2,22.8,45.1,2026-07-24 12:48:43.769620
T2542,trenching,zone_d,51.5,35,clear,OP1015,intermediate,EXC008,6.2,17.5,32.5,2026-07-24 13:42:47.758933
T2543,excavation,zone_a,120.6,81,clear,OP1002,intermediate,EXC001,5.5,40.5,69.8,2026-07-25 07:00:00.000000
T2544,grading,zone_a,124.2,83,clear,OP1017,intermediate,EXC001,5.5,41.5,69.9,2026-07-25 08:20:17.200242
T2545,loading,zone_a,70.3,47,rain,OP1014,expert,EXC001,5.5,27.2,60.7,2026-07-25 09:44:04.784784
T2546,trenching,zone_a,60.3,41,clear,OP1017,intermediate,EXC001,5.5,20.5,37.0,2026-07-25 10:50:37.424631
T2547,loading,zone_a,73.6,50,cloudy,OP1018,novice,EXC001,5.5,25.8,93.3,2026-07-25 11:37:09.882830
T2548,loading,zone_a,43.8,30,clear,OP1002,intermediate,EXC001,5.5,15.0,38.6,2026-07-25 13:19:48.356417
T2549,trenching,zone_a,52.1,35,clear,OP1016,novice,EXC001,5.5,17.5,37.9,2026-07-25 14:08:42.129371
T2550,grading,zone_b,115.9,78,clear,OP1001,expert,EXC002,7.7,39.0,118.3,2026-07-25 07:00:00.000000
T2551,trenching,zone_b,56.8,38,rain,OP1004,intermediate,EXC002,7.7,22.1,79.9,2026-07-25 09:11:38.265938
T2552,excavation,zone_b,144.1,97,clear,OP1012,expert,EXC002,7.7,48.5,148.5,2026-07-25 10:38:28.514354
T2553,hauling,zone_b,59.4,40,clear,OP1012,expert,EXC002,7.7,20.0,94.3,2026-07-25 13:12:47.632816
T2554,excavation,zone_b,177.7,119,clear,OP1012,expert,EXC002,7.7,59.5,178.8,2026-07-25 14:55:26.909337
T2555,hauling,zone_c,45.0,30,clear,OP1012,expert,EXC003,7.2,15.0,45.2,2026-07-25 07:00:00.000000
T2556,hauling,zone_c,84.4,57,clear,OP1015,intermediate,EXC003,7.2,28.5,58.0,2026-07-25 07:59:40.445564
T2557,loading,zone_c,73.0,49,rain,OP1014,expert,EXC003,7.2,28.4,56.7,2026-07-25 09:03:05.110198
T2558,trenching,zone_c,71.9,48,clear,OP1001,expert,EXC003,7.2,24.0,32.2,2026-07-25 10:11:27.865083
T2559,hauling,zone_d,31.2,21,clear,OP1019,expert,EXC004,8.0,10.5,36.8,2026-07-25 07:00:00.000000
T2560,loading,zone_d,89.3,60,clear,OP1008,expert,EXC004,8.0,30.0,59.4,2026-07-25 07:45:55.238682
T2561,hauling,zone_d,65.7,44,clear,OP1009,novice,EXC004,8.0,22.0,86.0,2026-07-25 08:52:23.610906
T2562,hauling,zone_d,87.5,59,clear,OP1004,intermediate,EXC004,8.0,29.5,84.7,2026-07-25 10:26:43.494331
T2563,loading,zone_d,67.0,45,storm,OP1003,expert,EXC004,8.0,30.7,76.4,2026-07-25 12:01:07.543539
T2564,excavation,zone_d,156.5,105,clear,OP1007,expert,EXC004,8.0,52.5,88.2,2026-07-25 13:30:30.235540
T2565,excavation,zone_a,100.0,67,clear,OP1005,novice,EXC005,1.5,33.5,81.8,2026-07-25 07:00:00.000000
T2566,trenching,zone_a,120.8,81,clear,OP1004,intermediate,EXC005,1.5,40.5,57.9,2026-07-25 08:36:44.455191
T2567,loading,zone_a,79.0,53,rain,OP1004,intermediate,EXC005,1.5,30.8,69.1,2026-07-25 09:44:51.209199
T2568,loading,zone_a,112.4,75,cloudy,OP1010,intermediate,EXC005,1.5,38.6,68.4,2026-07-25 11:00:28.135371
T2569,excavation,zone_a,85.5,57,storm,OP1005,novice,EXC005,1.5,37.3,86.4,2026-07-25 12:23:44.430738
T2570,hauling,zone_b,30.8,21,clear,OP1019,expert,EXC006,5.3,10.5,34.8,2026-07-25 07:00:00.000000
T2571,trenching,zone_b,121.6,82,clear,OP1001,expert,EXC006,5.3,41.0,66.6,2026-07-25 07:49:25.307476
T2572,hauling,zone_b,64.9,44,rain,OP1015,intermediate,EXC006,5.3,25.4,68.9,2026-07-25 09:08:55.970233
T2573,trenching,zone_b,88.8,60,clear,OP1011,intermediate,EXC006,5.3,30.0,55.6,2026-07-25 10:31:15.944128
T2574,excavation,zone_b,151.1,101,cloudy,OP1020,intermediate,EXC006,5.3,52.0,95.9,2026-07-25 11:40:04.367619
T2575,grading,zone_c,71.2,48,clear,OP1019,expert,EXC007,1.0,24.0,42.1,2026-07-25 07:00:00.000000
T2576,trenching,zone_c,106.0,71,clear,OP1018,novice,EXC007,1.0,35.5,78.8,2026-07-25 07:48:05.005693
T2577,hauling,zone_c,87.5,59,rain,OP1018,novice,EXC007,1.0,34.5,115.8,2026-07-25 09:17:09.092933
T2578,trenching,zone_c,50.6,34,cloudy,OP1002,intermediate,EXC007,1.0,17.5,32.1,2026-07-25 11:25:55.962803
T2579,excavation,zone_c,148.7,100,storm,OP1020,intermediate,EXC007,1.0,67.0,108.2,2026-07-25 12:10:19.987498
T2580,excavation,zone_c,186.0,124,clear,OP1015,intermediate,EXC007,1.0,62.0,101.0,2026-07-25 14:04:52.757036
T2581,loading,zone_c,77.4,52,cloudy,OP1019,expert,EXC007,1.0,26.8,80.3,2026-07-25 15:55:58.328005
T2582,excavation,zone_d,131.3,88,clear,OP1014,expert,EXC008,6.2,44.0,63.8,2026-07-25 07:00:00.000000
T2583,excavation,zone_d,214.0,143,clear,OP1004,intermediate,EXC008,6.2,71.5,108.5,2026-07-25 08:15:37.658451
T2584,hauling,zone_d,75.3,51,clear,OP1003,expert,EXC008,6.2,25.5,59.7,2026-07-25 10:10:41.113888
T2585,loading,zone_d,109.9,74,cloudy,OP1019,expert,EXC008,6.2,38.1,74.1,2026-07-25 11:22:12.976638
T2586,loading,zone_d,106.0,71,storm,OP1020,intermediate,EXC008,6.2,47.6,113.1,2026-07-25 12:44:19.001600
T2587,trenching,zone_d,83.2,56,clear,OP1007,expert,EXC008,6.2,28.0,44.4,2026-07-25 14:45:59.001085
T2588,loading,zone_d,51.5,35,cloudy,OP1008,expert,EXC008,6.2,18.0,69.0,2026-07-25 15:36:07.340137
T2589,loading,zone_d,93.0,62,clear,OP1007,expert,EXC008,6.2,31.0,62.5,2026-07-25 16:53:18.230720
T2590,grading,zone_a,122.7,82,clear,OP1006,expert,EXC001,5.5,41.0,57.1,2026-07-26 07:00:00.000000
T2591,excavation,zone_a,177.7,119,storm,OP1019,expert,EXC001,5.5,78.4,109.8,2026-07-26 08:04:11.252895
T2592,grading,zone_a,66.9,45,rain,OP1019,expert,EXC001,5.5,26.1,40.5,2026-07-26 10:02:36.790194
T2593,grading,zone_a,130.2,87,rain,OP1019,expert,EXC001,5.5,50.4,73.6,2026-07-26 10:57:54.681476
T2594,grading,zone_a,101.1,68,clear,OP1010,intermediate,EXC001,5.5,34.0,52.7,2026-07-26 12:20:05.660754
T2595,loading,zone_b,116.1,78,clear,OP1010,intermediate,EXC002,7.7,39.0,152.5,2026-07-26 07:00:00.000000
T2596,trenching,zone_b,94.1,63,clear,OP1001,expert,EXC002,7.7,31.5,97.7,2026-07-26 09:42:07.316503
T2597,hauling,zone_b,76.5,51,clear,OP1009,novice,EXC002,7.7,25.5,126.1,2026-07-26 11:28:25.604142
T2598,loading,zone_b,78.4,53,clear,OP1011,intermediate,EXC002,7.7,26.5,96.6,2026-07-26 13:47:40.948781
T2599,loading,zone_b,54.6,37,cloudy,OP1015,intermediate,EXC002,7.7,19.1,95.4,2026-07-26 15:35:03.215124
T2600,trenching,zone_c,73.4,49,clear,OP1006,expert,EXC003,7.2,24.5,32.9,2026-07-26 07:00:00.000000
T2601,trenching,zone_c,70.3,47,clear,OP1004,intermediate,EXC003,7.2,23.5,38.9,2026-07-26 07:43:54.134790
T2602,loading,zone_c,116.6,78,storm,OP1006,expert,EXC003,7.2,51.7,89.4,2026-07-26 08:34:38.038881
T2603,hauling,zone_c,60.6,41,rain,OP1003,expert,EXC003,7.2,24.2,64.2,2026-07-26 10:09:23.227700
T2604,loading,zone_c,41.2,28,clear,OP1010,intermediate,EXC003,7.2,14.0,47.4,2026-07-26 11:26:35.150643
T2605,hauling,zone_c,55.9,38,clear,OP1012,expert,EXC003,7.2,19.0,69.8,2026-07-26 12:21:53.514135
T2606,loading,zone_c,50.1,34,clear,OP1016,novice,EXC003,7.2,17.0,54.5,2026-07-26 13:39:33.390780
T2607,loading,zone_d,99.4,67,clear,OP1018,novice,EXC004,8.0,33.5,102.3,2026-07-26 07:00:00.000000
T2608,excavation,zone_d,131.3,88,storm,OP1015,intermediate,EXC004,8.0,57.5,87.0,2026-07-26 08:51:54.801071
T2609,grading,zone_d,109.6,74,rain,OP1014,expert,EXC004,8.0,42.9,71.9,2026-07-26 10:28:09.589778
T2610,trenching,zone_d,83.6,56,clear,OP1020,intermediate,EXC004,8.0,28.0,47.3,2026-07-26 11:52:06.388522
T2611,loading,zone_a,114.3,77,clear,OP1002,intermediate,EXC005,1.5,38.5,104.3,2026-07-26 07:00:00.000000
T2612,excavation,zone_a,168.6,113,storm,OP1008,expert,EXC005,1.5,76.4,92.4,2026-07-26 08:56:18.266125
T2613,excavation,zone_a,216.8,145,rain,OP1016,novice,EXC005,1.5,83.8,140.1,2026-07-26 10:35:08.768961
T2614,hauling,zone_a,67.8,46,clear,OP1012,expert,EXC005,1.5,23.0,55.3,2026-07-26 13:09:47.389626
T2615,loading,zone_b,40.8,28,clear,OP1013,intermediate,EXC006,5.3,14.0,52.1,2026-07-26 07:00:00.000000
T2616,trenching,zone_b,123.8,83,storm,OP1002,intermediate,EXC006,5.3,55.4,103.1,2026-07-26 08:03:02.233661
T2617,loading,zone_b,78.0,52,clear,OP1006,expert,EXC006,5.3,26.0,79.7,2026-07-26 09:56:56.503209
T2618,trenching,zone_b,110.1,74,clear,OP1014,expert,EXC006,5.3,37.0,65.7,2026-07-26 11:29:18.506744
T2619,excavation,zone_b,173.3,116,clear,OP1010,intermediate,EXC006,5.3,58.0,108.5,2026-07-26 12:46:26.358387
T2620,trenching,zone_b,62.8,42,clear,OP1006,expert,EXC006,5.3,21.0,41.9,2026-07-26 14:40:57.665370
T2621,trenching,zone_c,69.5,47,clear,OP1014,expert,EXC007,1.0,23.5,39.4,2026-07-26 07:00:00.000000
T2622,grading,zone_c,126.3,85,clear,OP1007,expert,EXC007,1.0,42.5,62.4,2026-07-26 07:52:00.164466
T2623,trenching,zone_c,65.2,44,clear,OP1005,novice,EXC007,1.0,22.0,64.4,2026-07-26 09:06:12.149827
T2624,trenching,zone_c,99.9,67,rain,OP1015,intermediate,EXC007,1.0,38.7,67.0,2026-07-26 10:25:21.325814
T2625,excavation,zone_c,140.5,94,clear,OP1014,expert,EXC007,1.0,47.0,74.2,2026-07-26 11:45:04.154700
T2626,grading,zone_d,131.0,88,clear,OP1002,intermediate,EXC008,6.2,44.0,72.9,2026-07-26 07:00:00.000000
T2627,trenching,zone_d,91.9,62,storm,OP1018,novice,EXC008,6.2,41.5,85.3,2026-07-26 08:24:04.107665
T2628,excavation,zone_d,185.8,124,clear,OP1012,expert,EXC008,6.2,62.0,86.7,2026-07-26 09:56:47.108496
T2629,trenching,zone_d,86.1,58,clear,OP1016,novice,EXC008,6.2,29.0,53.7,2026-07-26 11:35:42.859396
T2630,hauling,zone_d,63.8,43,clear,OP1005,novice,EXC008,6.2,21.5,82.9,2026-07-26 12:42:25.003721
T2631,loading,zone_a,92.4,62,cloudy,OP1007,expert,EXC001,5.5,31.9,66.0,2026-07-27 07:00:00.000000
T2632,trenching,zone_a,62.0,42,clear,OP1011,intermediate,EXC001,5.5,21.0,31.1,2026-07-27 08:18:33.694102
T2633,loading,zone_a,116.1,78,clear,OP1004,intermediate,EXC001,5.5,39.0,78.6,2026-07-27 08:54:48.198689
T2634,loading,zone_a,72.5,49,clear,OP1005,novice,EXC001,5.5,24.5,83.6,2026-07-27 10:18:52.540913
T2635,hauling,zone_a,72.1,49,clear,OP1009,novice,EXC001,5.5,24.5,62.8,2026-07-27 11:50:50.678106
T2636,excavation,zone_a,186.9,125,clear,OP1009,novice,EXC001,5.5,62.5,107.1,2026-07-27 13:04:48.635429
T2637,grading,zone_b,139.0,93,cloudy,OP1018,novice,EXC002,7.7,47.9,215.1,2026-07-27 07:00:00.000000
T2638,excavation,zone_b,152.0,102,clear,OP1018,novice,EXC002,7.7,51.0,240.1,2026-07-27 10:42:57.081808
T2639,trenching,zone_b,55.9,38,clear,OP1017,intermediate,EXC002,7.7,19.0,86.6,2026-07-27 14:48:04.194157
T2640,grading,zone_b,61.6,42,clear,OP1006,expert,EXC002,7.7,21.0,78.2,2026-07-27 16:28:10.220722
T2641,grading,zone_c,140.4,94,cloudy,OP1019,expert,EXC003,7.2,48.4,67.3,2026-07-27 07:00:00.000000
T2642,grading,zone_c,81.0,54,clear,OP1008,expert,EXC003,7.2,27.0,34.9,2026-07-27 08:16:09.866837
T2643,hauling,zone_c,52.7,36,clear,OP1008,expert,EXC003,7.2,18.0,46.8,2026-07-27 08:57:31.514986
T2644,loading,zone_c,78.6,53,clear,OP1020,intermediate,EXC003,7.2,26.5,70.9,2026-07-27 09:51:05.531614
T2645,grading,zone_c,146.7,98,clear,OP1016,novice,EXC003,7.2,49.0,75.4,2026-07-27 11:12:57.725592
T2646,excavation,zone_c,92.9,62,cloudy,OP1014,expert,EXC003,7.2,31.9,43.7,2026-07-27 12:39:57.625976
T2647,grading,zone_c,137.7,92,clear,OP1020,intermediate,EXC003,7.2,46.0,74.9,2026-07-27 13:35:07.315807
T2648,loading,zone_c,102.5,69,cloudy,OP1019,expert,EXC003,7.2,35.5,90.2,2026-07-27 15:04:20.396685
T2649,trenching,zone_d,119.3,80,cloudy,OP1001,expert,EXC004,8.0,41.2,63.3,2026-07-27 07:00:00.000000
T2650,excavation,zone_d,116.9,78,clear,OP1011,intermediate,EXC004,8.0,39.0,57.8,2026-07-27 08:12:00.451844
T2651,hauling,zone_d,84.5,57,clear,OP1014,expert,EXC004,8.0,28.5,61.6,2026-07-27 09:21:52.359485
T2652,hauling,zone_d,62.4,42,clear,OP1012,expert,EXC004,8.0,21.0,42.0,2026-07-27 10:37:20.912197
T2653,trenching,zone_a,84.3,57,cloudy,OP1006,expert,EXC005,1.5,29.4,40.5,2026-07-27 07:00:00.000000
T2654,grading,zone_a,104.8,70,cloudy,OP1011,intermediate,EXC005,1.5,36.1,47.7,2026-07-27 07:47:20.966131
T2655,excavation,zone_a,116.3,78,clear,OP1018,novice,EXC005,1.5,39.0,73.3,2026-07-27 08:41:07.862508
T2656,excavation,zone_a,212.0,142,clear,OP1004,intermediate,EXC005,1.5,71.0,105.3,2026-07-27 10:02:28.170615
T2657,grading,zone_a,65.0,44,cloudy,OP1003,expert,EXC005,1.5,22.7,29.7,2026-07-27 12:00:41.586171
T2658,excavation,zone_b,128.2,86,cloudy,OP1019,expert,EXC006,5.3,44.3,73.5,2026-07-27 07:00:00.000000
T2659,loading,zone_b,45.5,31,clear,OP1006,expert,EXC006,5.3,15.5,54.6,2026-07-27 08:20:07.060199
T2660,grading,zone_b,123.6,83,clear,OP1003,expert,EXC006,5.3,41.5,60.5,2026-07-27 09:23:04.604345
T2661,loading,zone_b,107.7,72,clear,OP1002,intermediate,EXC006,5.3,36.0,110.7,2026-07-27 10:31:17.075608
T2662,grading,zone_b,72.8,49,cloudy,OP1010,intermediate,EXC006,5.3,25.2,54.6,2026-07-27 12:28:26.050627
T2663,excavation,zone_b,201.3,135,clear,OP1012,expert,EXC006,5.3,67.5,107.7,2026-07-27 13:33:32.816814
T2664,trenching,zone_b,113.2,76,cloudy,OP1003,expert,EXC006,5.3,39.1,65.2,2026-07-27 15:30:56.516430
T2665,trenching,zone_b,128.7,86,clear,OP1010,intermediate,EXC006,5.3,43.0,87.3,2026-07-27 16:49:54.277747
T2666,trenching,zone_c,94.4,63,cloudy,OP1008,expert,EXC007,1.0,32.4,52.9,2026-07-27 07:00:00.000000
T2667,grading,zone_c,82.5,55,clear,OP1005,novice,EXC007,1.0,27.5,75.6,2026-07-27 08:05:25.490935
T2668,loading,zone_c,58.4,39,clear,OP1004,intermediate,EXC007,1.0,19.5,67.4,2026-07-27 09:27:47.719665
T2669,grading,zone_c,98.3,66,clear,OP1003,expert,EXC007,1.0,33.0,48.9,2026-07-27 10:41:40.228122
T2670,trenching,zone_c,58.6,40,clear,OP1015,intermediate,EXC007,1.0,20.0,34.8,2026-07-27 11:37:10.663371
T2671,trenching,zone_c,91.9,62,cloudy,OP1006,expert,EXC007,1.0,31.9,49.9,2026-07-27 12:25:38.625621
T2672,trenching,zone_c,103.0,69,clear,OP1019,expert,EXC007,1.0,34.5,56.8,2026-07-27 13:21:13.103101
T2673,loading,zone_c,57.1,39,clear,OP1006,expert,EXC007,1.0,19.5,66.0,2026-07-27 14:29:19.641458
T2674,trenching,zone_d,89.6,60,cloudy,OP1013,intermediate,EXC008,6.2,30.9,59.1,2026-07-27 07:00:00.000000
T2675,excavation,zone_d,154.3,103,clear,OP1015,intermediate,EXC008,6.2,51.5,79.2,2026-07-27 08:11:11.387617
T2676,excavation,zone_d,129.1,87,clear,OP1015,intermediate,EXC008,6.2,43.5,74.0,2026-07-27 09:44:42.385211
T2677,trenching,zone_d,89.8,60,clear,OP1013,intermediate,EXC008,6.2,30.0,52.6,2026-07-27 11:09:52.498781
T2678,trenching,zone_d,56.9,38,cloudy,OP1001,expert,EXC008,6.2,19.6,30.4,2026-07-27 12:09:16.599961
T2679,excavation,zone_d,177.7,119,cloudy,OP1015,intermediate,EXC008,6.2,61.3,88.8,2026-07-27 12:47:09.571674
T2680,hauling,zone_d,38.7,26,clear,OP1008,expert,EXC008,6.2,13.0,53.5,2026-07-27 14:25:59.283268
T2681,trenching,zone_a,116.8,78,clear,OP1014,expert,EXC001,5.5,39.0,60.3,2026-07-28 07:00:00.000000
T2682,excavation,zone_a,178.5,119,clear,OP1017,intermediate,EXC001,5.5,59.5,93.5,2026-07-28 08:13:39.800727
T2683,excavation,zone_a,189.7,127,cloudy,OP1012,expert,EXC001,5.5,65.4,87.7,2026-07-28 09:56:16.231472
T2684,trenching,zone_a,121.4,81,rain,OP1014,expert,EXC001,5.5,46.9,68.6,2026-07-28 11:32:31.157496
T2685,loading,zone_a,112.6,76,clear,OP1013,intermediate,EXC001,5.5,38.0,93.1,2026-07-28 12:51:11.778223
T2686,excavation,zone_a,173.4,116,cloudy,OP1020,intermediate,EXC001,5.5,59.7,106.7,2026-07-28 14:33:40.075652
T2687,trenching,zone_a,105.9,71,cloudy,OP1018,novice,EXC001,5.5,36.6,82.1,2026-07-28 16:32:58.597081
T2688,hauling,zone_b,53.4,36,clear,OP1009,novice,EXC002,7.7,18.0,109.2,2026-07-28 07:00:00.000000
T2689,grading,zone_b,82.5,55,cloudy,OP1016,novice,EXC002,7.7,28.3,113.1,2026-07-28 09:01:29.432504
T2690,grading,zone_b,110.1,74,rain,OP1005,novice,EXC002,7.7,42.7,205.8,2026-07-28 11:01:56.673543
T2691,loading,zone_b,92.7,62,cloudy,OP1016,novice,EXC002,7.7,31.9,181.0,2026-07-28 14:35:07.055959
T2692,loading,zone_c,86.3,58,clear,OP1010,intermediate,EXC003,7.2,29.0,58.8,2026-07-28 07:00:00.000000
T2693,trenching,zone_c,104.9,70,clear,OP1019,expert,EXC003,7.2,35.0,43.8,2026-07-28 08:13:16.071086
T2694,grading,zone_c,61.4,41,cloudy,OP1005,novice,EXC003,7.2,21.1,55.2,2026-07-28 09:02:47.832135
T2695,trenching,zone_c,95.7,64,cloudy,OP1011,intermediate,EXC003,7.2,33.0,46.8,2026-07-28 10:07:23.132615
T2696,excavation,zone_c,193.5,129,rain,OP1020,intermediate,EXC003,7.2,75.5,104.1,2026-07-28 11:00:27.086342
T2697,excavation,zone_c,152.8,102,clear,OP1001,expert,EXC003,7.2,51.0,66.6,2026-07-28 12:58:45.303048
T2698,grading,zone_c,149.7,100,cloudy,OP1006,expert,EXC003,7.2,51.5,66.6,2026-07-28 14:14:38.534509
T2699,grading,zone_c,118.4,79,clear,OP1002,intermediate,EXC003,7.2,39.5,65.9,2026-07-28 15:29:31.216401
T2700,grading,zone_d,73.2,49,clear,OP1006,expert,EXC004,8.0,24.5,37.3,2026-07-28 07:00:00.000000
T2701,trenching,zone_d,69.8,47,clear,OP1008,expert,EXC004,8.0,23.5,41.0,2026-07-28 07:51:09.934543
T2702,excavation,zone_d,169.3,113,clear,OP1014,expert,EXC004,8.0,56.5,85.3,2026-07-28 08:43:38.429382
T2703,excavation,zone_d,193.4,129,cloudy,OP1018,novice,EXC004,8.0,66.4,144.9,2026-07-28 10:21:21.512552
T2704,grading,zone_d,130.2,87,clear,OP1006,expert,EXC004,8.0,43.5,70.7,2026-07-28 12:51:19.667824
T2705,hauling,zone_d,56.2,38,cloudy,OP1015,intermediate,EXC004,8.0,19.6,54.3,2026-07-28 14:08:10.932478
T2706,grading,zone_d,63.7,43,clear,OP1002,intermediate,EXC004,8.0,21.5,48.0,2026-07-28 15:11:44.574860
T2707,excavation,zone_a,151.5,101,clear,OP1002,intermediate,EXC005,1.5,50.5,82.3,2026-07-28 07:00:00.000000
T2708,grading,zone_a,108.8,73,clear,OP1018,novice,EXC005,1.5,36.5,67.7,2026-07-28 08:34:05.645696
T2709,trenching,zone_a,103.9,70,cloudy,OP1016,novice,EXC005,1.5,36.1,64.6,2026-07-28 09:53:26.709387
T2710,grading,zone_a,140.7,94,rain,OP1005,novice,EXC005,1.5,54.3,124.9,2026-07-28 11:08:27.853622
T2711,excavation,zone_a,108.2,73,clear,OP1015,intermediate,EXC005,1.5,36.5,62.5,2026-07-28 13:19:06.373408
T2712,grading,zone_a,108.9,73,cloudy,OP1011,intermediate,EXC005,1.5,37.6,54.6,2026-07-28 14:29:01.096970
T2713,excavation,zone_a,153.4,103,clear,OP1005,novice,EXC005,1.5,51.5,113.1,2026-07-28 15:30:38.906981
T2714,grading,zone_b,116.8,78,clear,OP1015,intermediate,EXC006,5.3,39.0,70.3,2026-07-28 07:00:00.000000
T2715,hauling,zone_b,69.6,47,clear,OP1011,intermediate,EXC006,5.3,23.5,57.9,2026-07-28 08:20:03.448768
T2716,loading,zone_b,55.4,37,cloudy,OP1019,expert,EXC006,5.3,19.1,65.4,2026-07-28 09:26:43.732739
T2717,grading,zone_b,122.3,82,cloudy,OP1001,expert,EXC006,5.3,42.2,69.1,2026-07-28 10:44:27.035615
T2718,excavation,zone_b,136.3,91,clear,OP1016,novice,EXC006,5.3,45.5,97.6,2026-07-28 12:07:29.560070
T2719,hauling,zone_b,83.7,56,clear,OP1008,expert,EXC006,5.3,28.0,76.5,2026-07-28 13:53:16.383830
T2720,grading,zone_b,148.1,99,clear,OP1004,intermediate,EXC006,5.3,49.5,110.1,2026-07-28 15:21:35.221449
T2721,trenching,zone_c,112.4,75,clear,OP1012,expert,EXC007,1.0,37.5,63.7,2026-07-28 07:00:00.000000
T2722,loading,zone_c,104.6,70,clear,OP1006,expert,EXC007,1.0,35.0,84.7,2026-07-28 08:18:29.421703
T2723,grading,zone_c,97.9,66,cloudy,OP1002,intermediate,EXC007,1.0,34.0,66.7,2026-07-28 09:52:38.461542
T2724,loading,zone_c,50.3,34,rain,OP1010,intermediate,EXC007,1.0,20.1,61.5,2026-07-28 11:10:39.913293
T2725,trenching,zone_c,74.7,50,clear,OP1002,intermediate,EXC007,1.0,25.0,49.3,2026-07-28 12:26:36.565760
T2726,hauling,zone_d,39.4,27,clear,OP1006,expert,EXC008,6.2,13.5,45.3,2026-07-28 07:00:00.000000
T2727,excavation,zone_d,197.4,132,clear,OP1005,novice,EXC008,6.2,66.0,139.7,2026-07-28 07:56:59.321328
T2728,trenching,zone_d,69.5,47,cloudy,OP1001,expert,EXC008,6.2,24.2,39.2,2026-07-28 10:23:00.145741
T2729,excavation,zone_d,161.4,108,rain,OP1010,intermediate,EXC008,6.2,63.7,100.0,2026-07-28 11:13:57.058927
T2730,loading,zone_a,43.4,29,rain,OP1012,expert,EXC001,5.5,16.9,49.3,2026-07-29 07:00:00.000000
T2731,loading,zone_a,72.5,49,rain,OP1013,intermediate,EXC001,5.5,28.9,87.6,2026-07-29 07:56:48.260673
T2732,loading,zone_a,85.7,58,cloudy,OP1002,intermediate,EXC001,5.5,29.9,87.1,2026-07-29 09:35:06.374864
T2733,loading,zone_a,118.3,79,cloudy,OP1004,intermediate,EXC001,5.5,40.7,98.5,2026-07-29 11:13:30.127864
T2734,excavation,zone_a,134.9,90,clear,OP1017,intermediate,EXC001,5.5,45.0,89.6,2026-07-29 13:05:30.170952
T2735,hauling,zone_a,30.5,21,clear,OP1010,intermediate,EXC001,5.5,10.5,35.2,2026-07-29 14:43:15.762029
T2736,trenching,zone_a,83.1,56,clear,OP1010,intermediate,EXC001,5.5,28.0,55.0,2026-07-29 15:27:09.481248
T2737,trenching,zone_a,126.9,85,clear,OP1004,intermediate,EXC001,5.5,42.5,84.5,2026-07-29 16:32:25.115875
T2738,excavation,zone_b,182.1,122,rain,OP1019,expert,EXC002,7.7,70.7,227.7,2026-07-29 07:00:00.000000
T2739,grading,zone_b,101.1,68,clear,OP1008,expert,EXC002,7.7,34.0,107.6,2026-07-29 10:58:40.809776
T2740,excavation,zone_b,111.3,75,rain,OP1003,expert,EXC002,7.7,44.3,140.0,2026-07-29 12:57:49.369388
T2741,hauling,zone_b,54.6,37,clear,OP1020,intermediate,EXC002,7.7,18.5,100.5,2026-07-29 15:31:39.963726
T2742,trenching,zone_c,107.0,72,rain,OP1005,novice,EXC003,7.2,41.6,88.3,2026-07-29 07:00:00.000000
T2743,trenching,zone_c,57.6,39,cloudy,OP1011,intermediate,EXC003,7.2,20.1,26.4,2026-07-29 08:39:21.629344
T2744,grading,zone_c,118.0,79,cloudy,OP1014,expert,EXC003,7.2,40.7,55.7,2026-07-29 09:17:39.404960
T2745,hauling,zone_c,60.3,41,clear,OP1013,intermediate,EXC003,7.2,20.5,68.2,2026-07-29 10:21:17.248810
T2746,trenching,zone_d,77.1,52,rain,OP1018,novice,EXC004,8.0,30.4,66.2,2026-07-29 07:00:00.000000
T2747,loading,zone_d,63.4,43,cloudy,OP1020,intermediate,EXC004,8.0,22.1,58.8,2026-07-29 08:11:19.353628
T2748,hauling,zone_d,81.3,55,cloudy,OP1019,expert,EXC004,8.0,28.3,82.1,2026-07-29 09:17:07.425943
T2749,hauling,zone_d,46.5,31,clear,OP1017,intermediate,EXC004,8.0,15.5,66.3,2026-07-29 10:52:56.321471
T2750,loading,zone_d,108.6,73,rain,OP1017,intermediate,EXC004,8.0,43.0,91.5,2026-07-29 12:10:24.320446
T2751,loading,zone_d,87.6,59,clear,OP1001,expert,EXC004,8.0,29.5,83.2,2026-07-29 13:53:02.372725
T2752,hauling,zone_a,60.7,41,rain,OP1005,novice,EXC005,1.5,23.7,83.3,2026-07-29 07:00:00.000000
T2753,grading,zone_a,64.7,44,cloudy,OP1002,intermediate,EXC005,1.5,22.7,37.9,2026-07-29 08:30:00.951477
T2754,excavation,zone_a,185.4,124,cloudy,OP1020,intermediate,EXC005,1.5,63.9,94.0,2026-07-29 09:14:46.756413
T2755,trenching,zone_a,84.1,57,clear,OP1010,intermediate,EXC005,1.5,28.5,44.4,2026-07-29 10:59:32.542044
T2756,grading,zone_a,126.7,85,cloudy,OP1003,expert,EXC005,1.5,43.8,53.4,2026-07-29 11:56:42.745491
T2757,grading,zone_a,80.4,54,clear,OP1008,expert,EXC005,1.5,27.0,38.9,2026-07-29 13:02:46.776774
T2758,trenching,zone_a,126.5,85,clear,OP1015,intermediate,EXC005,1.5,42.5,68.3,2026-07-29 13:50:26.482867
T2759,hauling,zone_a,84.8,57,clear,OP1012,expert,EXC005,1.5,28.5,64.2,2026-07-29 15:09:10.214107
T2760,trenching,zone_b,90.7,61,rain,OP1014,expert,EXC006,5.3,35.3,67.6,2026-07-29 07:00:00.000000
T2761,grading,zone_b,144.8,97,cloudy,OP1018,novice,EXC006,5.3,50.0,121.5,2026-07-29 08:15:21.280598
T2762,trenching,zone_b,69.8,47,clear,OP1014,expert,EXC006,5.3,23.5,48.9,2026-07-29 10:31:02.862885
T2763,loading,zone_b,68.2,46,cloudy,OP1009,novice,EXC006,5.3,23.7,83.8,2026-07-29 11:27:44.024353
T2764,grading,zone_b,117.5,79,clear,OP1009,novice,EXC006,5.3,39.5,85.2,2026-07-29 13:02:59.766424
T2765,trenching,zone_c,94.2,63,rain,OP1009,novice,EXC007,1.0,36.9,72.6,2026-07-29 07:00:00.000000
T2766,hauling,zone_c,60.1,41,cloudy,OP1018,novice,EXC007,1.0,21.1,73.3,2026-07-29 08:20:50.131568
T2767,grading,zone_c,95.8,64,cloudy,OP1016,novice,EXC007,1.0,33.0,60.6,2026-07-29 09:41:46.065513
T2768,excavation,zone_c,157.2,105,clear,OP1012,expert,EXC007,1.0,52.5,80.0,2026-07-29 10:53:49.768380
T2769,grading,zone_d,105.8,71,rain,OP1019,expert,EXC008,6.2,41.1,64.7,2026-07-29 07:00:00.000000
T2770,loading,zone_d,48.5,33,cloudy,OP1001,expert,EXC008,6.2,17.0,42.9,2026-07-29 08:13:38.412196
T2771,hauling,zone_d,38.6,26,cloudy,OP1009,novice,EXC008,6.2,13.4,48.8,2026-07-29 09:02:35.437501
T2772,excavation,zone_d,123.1,83,cloudy,OP1018,novice,EXC008,6.2,42.7,87.1,2026-07-29 09:56:30.533105
T2773,excavation,zone_d,110.4,74,cloudy,OP1009,novice,EXC008,6.2,38.1,69.4,2026-07-29 11:38:36.197848
T2774,excavation,zone_a,120.4,81,cloudy,OP1004,intermediate,EXC001,5.5,41.7,75.6,2026-07-30 07:00:00.000000
T2775,trenching,zone_a,72.3,49,cloudy,OP1014,expert,EXC001,5.5,25.2,44.6,2026-07-30 08:27:38.115393
T2776,excavation,zone_a,87.6,59,clear,OP1007,expert,EXC001,5.5,29.5,41.8,2026-07-30 09:17:33.283026
T2777,hauling,zone_a,89.0,60,clear,OP1016,novice,EXC001,5.5,30.0,67.7,2026-07-30 10:12:17.588835
T2778,trenching,zone_b,50.5,34,cloudy,OP1014,expert,EXC002,7.7,17.5,66.3,2026-07-30 07:00:00.000000
T2779,excavation,zone_b,104.1,70,cloudy,OP1013,intermediate,EXC002,7.7,36.1,148.4,2026-07-30 08:20:26.552494
T2780,grading,zone_b,60.1,41,clear,OP1017,intermediate,EXC002,7.7,20.5,81.5,2026-07-30 10:59:55.004408
T2781,trenching,zone_b,86.7,58,clear,OP1019,expert,EXC002,7.7,29.0,102.3,2026-07-30 12:30:54.146059
T2782,loading,zone_c,102.5,69,cloudy,OP1001,expert,EXC003,7.2,35.5,69.4,2026-07-30 07:00:00.000000
T2783,hauling,zone_c,49.4,33,cloudy,OP1007,expert,EXC003,7.2,17.0,41.4,2026-07-30 08:15:11.498696
T2784,excavation,zone_c,127.9,86,clear,OP1013,intermediate,EXC003,7.2,43.0,67.3,2026-07-30 09:05:27.554593
T2785,hauling,zone_c,60.7,41,clear,OP1016,novice,EXC003,7.2,20.5,55.4,2026-07-30 10:20:32.367521
T2786,trenching,zone_c,88.3,59,cloudy,OP1013,intermediate,EXC003,7.2,30.4,45.8,2026-07-30 11:29:16.632397
T2787,grading,zone_c,146.2,98,clear,OP1020,intermediate,EXC003,7.2,49.0,65.6,2026-07-30 12:20:47.311902
T2788,grading,zone_c,100.2,67,rain,OP1015,intermediate,EXC003,7.2,38.7,64.5,2026-07-30 13:41:17.011101
T2789,loading,zone_c,107.5,72,cloudy,OP1005,novice,EXC003,7.2,37.1,99.4,2026-07-30 14:53:37.798555
T2790,hauling,zone_d,76.7,52,cloudy,OP1014,expert,EXC004,8.0,26.8,86.2,2026-07-30 07:00:00.000000
T2791,grading,zone_d,93.2,63,cloudy,OP1004,intermediate,EXC004,8.0,32.4,56.9,2026-07-30 08:34:37.693310
T2792,loading,zone_d,77.2,52,clear,OP1017,intermediate,EXC004,8.0,26.0,64.6,2026-07-30 09:42:54.860522
T2793,loading,zone_d,74.1,50,clear,OP1013,intermediate,EXC004,8.0,25.0,70.0,2026-07-30 10:55:58.974146
T2794,hauling,zone_d,72.1,49,clear,OP1011,intermediate,EXC004,8.0,24.5,49.3,2026-07-30 12:13:37.974140
T2795,grading,zone_d,140.6,94,rain,OP1001,expert,EXC004,8.0,54.5,91.2,2026-07-30 13:12:37.231717
T2796,loading,zone_a,116.4,78,cloudy,OP1012,expert,EXC005,1.5,40.2,86.4,2026-07-30 07:00:00.000000
T2797,loading,zone_a,40.7,28,cloudy,OP1005,novice,EXC005,1.5,14.4,76.6,2026-07-30 08:32:36.251947
T2798,loading,zone_a,87.6,59,clear,OP1003,expert,EXC005,1.5,29.5,68.1,2026-07-30 09:55:08.708474
T2799,loading,zone_a,48.5,33,cloudy,OP1016,novice,EXC005,1.5,17.0,60.9,2026-07-30 11:15:40.695958
T2800,excavation,zone_a,107.6,72,clear,OP1015,intermediate,EXC005,1.5,36.0,55.4,2026-07-30 12:22:44.695471
T2801,grading,zone_a,136.3,91,rain,OP1016,novice,EXC005,1.5,52.6,92.0,2026-07-30 13:31:46.863211
T2802,excavation,zone_a,82.2,55,clear,OP1006,expert,EXC005,1.5,27.5,39.3,2026-07-30 15:13:31.962336
T2803,excavation,zone_b,133.2,89,cloudy,OP1016,novice,EXC006,5.3,45.8,101.0,2026-07-30 07:00:00.000000
T2804,grading,zone_b,133.9,90,cloudy,OP1017,intermediate,EXC006,5.3,46.4,95.6,2026-07-30 08:48:33.460741
T2805,trenching,zone_b,122.3,82,clear,OP1004,intermediate,EXC006,5.3,41.0,79.4,2026-07-30 10:31:17.391262
T2806,trenching,zone_b,127.8,86,clear,OP1020,intermediate,EXC006,5.3,43.0,78.1,2026-07-30 12:04:09.596806
T2807,hauling,zone_b,32.6,22,rain,OP1004,intermediate,EXC006,5.3,12.8,44.0,2026-07-30 13:33:06.391163
T2808,grading,zone_b,75.0,50,cloudy,OP1004,intermediate,EXC006,5.3,25.8,59.9,2026-07-30 14:31:54.871168
T2809,excavation,zone_b,216.8,145,clear,OP1018,novice,EXC006,5.3,72.5,180.0,2026-07-30 15:41:33.877902
T2810,grading,zone_c,104.7,70,cloudy,OP1001,expert,EXC007,1.0,36.1,55.6,2026-07-30 07:00:00.000000
T2811,loading,zone_c,96.7,65,cloudy,OP1002,intermediate,EXC007,1.0,33.5,94.7,2026-07-30 08:06:03.368987
T2812,hauling,zone_c,50.5,34,clear,OP1011,intermediate,EXC007,1.0,17.0,42.2,2026-07-30 09:52:35.060400
T2813,hauling,zone_c,74.5,50,clear,OP1018,novice,EXC007,1.0,25.0,76.1,2026-07-30 10:48:52.696742
T2814,trenching,zone_c,61.8,42,clear,OP1010,intermediate,EXC007,1.0,21.0,38.0,2026-07-30 12:10:46.338295
T2815,loading,zone_c,113.2,76,clear,OP1010,intermediate,EXC007,1.0,38.0,79.7,2026-07-30 12:53:49.073996
T2816,loading,zone_c,93.6,63,cloudy,OP1002,intermediate,EXC007,1.0,32.4,99.9,2026-07-30 14:26:21.703285
T2817,hauling,zone_d,49.2,33,cloudy,OP1013,intermediate,EXC008,6.2,17.0,50.4,2026-07-30 07:00:00.000000
T2818,hauling,zone_d,88.0,59,cloudy,OP1020,intermediate,EXC008,6.2,30.4,62.7,2026-07-30 07:59:10.605576
T2819,loading,zone_d,96.8,65,clear,OP1005,novice,EXC008,6.2,32.5,105.6,2026-07-30 09:08:37.495525
T2820,hauling,zone_d,87.5,59,cloudy,OP1018,novice,EXC008,6.2,30.4,95.3,2026-07-30 11:01:46.454845
T2821,loading,zone_d,70.9,48,clear,OP1001,expert,EXC008,6.2,24.0,54.1,2026-07-30 12:45:50.201154
T2822,trenching,zone_d,86.6,58,rain,OP1005,novice,EXC008,6.2,33.5,87.9,2026-07-30 13:46:11.831299
