timestamp,worker_id,lat,lon
2026-06-01 07:00:00.000000,W001,39.999715,-105.000789
2026-06-01 07:10:00.000000,W002,39.999493,-105.000441
2026-06-01 07:20:00.000000,W003,39.99982,-105.000471
2026-06-01 07:37:48.613316,W002,40.00069,-104.999829
2026-06-01 07:47:48.613316,W003,40.00038,-104.999864
2026-06-01 08:18:28.274703,W003,40.000198,-104.999934
2026-06-01 08:28:28.274703,W004,40.000363,-105.000655
2026-06-01 08:38:28.274703,W005,40.000441,-105.000667
2026-06-01 08:58:57.209970,W004,39.999542,-104.999736
2026-06-01 09:08:57.209970,W005,39.999436,-105.00069
2026-06-01 09:18:57.209970,W006,39.99985,-105.000215
2026-06-01 09:28:57.209970,W001,39.999476,-104.99956
2026-06-01 09:38:57.209970,W002,39.999809,-105.000138
2026-06-01 10:08:05.100888,W005,40.000169,-105.000149
2026-06-01 10:18:05.100888,W006,39.999788,-104.999828
2026-06-01 10:28:05.100888,W001,39.999857,-104.99983
2026-06-01 07:00:00.000000,W006,40.001103,-104.999522
2026-06-01 07:10:00.000000,W001,40.000922,-104.999248
2026-06-01 07:20:00.000000,W002,40.000644,-104.999761
2026-06-01 07:30:00.000000,W003,40.000775,-104.999594
2026-06-01 07:40:00.000000,W004,40.000838,-104.999304
2026-06-01 08:05:57.029668,W001,40.000907,-104.999504
2026-06-01 08:15:57.029668,W002,40.00063,-104.999847
2026-06-01 08:25:57.029668,W003,39.999029,-104.999848
2026-06-01 08:35:57.029668,W004,40.000417,-104.999528
2026-06-01 08:45:57.029668,W005,40.000865,-104.999943
2026-06-01 09:08:44.982965,W002,40.000434,-104.998512
2026-06-01 09:18:44.982965,W003,40.000937,-104.999712
2026-06-01 09:28:44.982965,W004,40.00121,-104.999519
2026-06-01 09:38:44.982965,W005,40.000471,-104.999382
2026-06-01 10:02:43.151604,W003,40.000956,-104.999548
2026-06-01 10:12:43.151604,W004,40.000564,-105.000374
2026-06-01 10:22:43.151604,W005,40.000868,-104.999401
2026-06-01 10:32:43.151604,W006,40.001519,-104.999519
2026-06-01 10:42:43.151604,W001,40.000603,-104.999006
2026-06-01 07:00:00.000000,W004,39.998986,-104.998963
2026-06-01 07:10:00.000000,W005,39.998911,-104.998463
2026-06-01 07:20:00.000000,W006,39.999299,-104.998962
2026-06-01 07:41:49.873867,W005,39.99941,-104.998533
2026-06-01 07:51:49.873867,W006,39.999529,-104.998184
2026-06-01 08:01:49.873867,W001,39.998533,-104.997789
2026-06-01 08:11:49.873867,W002,39.998882,-104.998663
2026-06-01 08:21:49.873867,W003,39.998703,-104.998564
2026-06-01 08:47:47.708005,W006,39.998956,-104.998462
2026-06-01 08:57:47.708005,W001,39.998716,-104.998173
2026-06-01 09:07:47.708005,W002,39.999137,-104.999124
2026-06-01 09:39:14.141313,W001,39.999462,-104.998908
2026-06-01 09:49:14.141313,W002,39.999277,-104.999095
2026-06-01 09:59:14.141313,W003,39.99923,-104.998943
2026-06-01 10:09:14.141313,W004,39.998825,-104.998386
2026-06-01 10:19:14.141313,W005,39.998995,-104.998999
2026-06-01 10:29:14.141313,W006,39.998852,-104.998443
2026-06-01 11:00:57.621442,W002,39.999661,-104.999112
2026-06-01 11:10:57.621442,W003,39.999292,-104.998829
2026-06-01 11:20:57.621442,W004,39.999099,-104.999
2026-06-01 11:30:57.621442,W005,39.998826,-104.998468
2026-06-01 11:58:08.248094,W003,39.999055,-104.998405
2026-06-01 12:08:08.248094,W004,39.999101,-104.998654
2026-06-01 12:18:08.248094,W005,39.999401,-104.998486
2026-06-01 12:28:08.248094,W006,39.999612,-104.999098
2026-06-01 12:38:08.248094,W001,39.998829,-104.999012
2026-06-01 07:00:00.000000,W004,40.000636,-105.000904
2026-06-01 07:10:00.000000,W005,40.000842,-105.000867
2026-06-01 07:35:56.811851,W005,40.000569,-105.001127
2026-06-01 07:45:56.811851,W006,40.000863,-105.001442
2026-06-01 07:55:56.811851,W001,40.000785,-105.000814
2026-06-01 08:05:56.811851,W002,40.000245,-104.999868
2026-06-01 08:36:29.434553,W006,40.000534,-105.001108
2026-06-01 08:46:29.434553,W001,40.000394,-105.001716
2026-06-01 08:56:29.434553,W002,40.000941,-105.001001
2026-06-01 09:06:29.434553,W003,40.000804,-105.00118
2026-06-01 09:30:15.066024,W001,40.000426,-105.001172
2026-06-01 09:40:15.066024,W002,40.000699,-105.001457
2026-06-01 09:50:15.066024,W003,40.000183,-105.000951
2026-06-01 10:00:15.066024,W004,40.00024,-105.0005
2026-06-01 10:27:34.348227,W002,39.999923,-105.000661
2026-06-01 10:37:34.348227,W003,40.000054,-105.000758
2026-06-01 10:47:34.348227,W004,40.000984,-105.001095
2026-06-01 10:57:34.348227,W005,40.000495,-105.001139
2026-06-01 11:07:34.348227,W006,40.000026,-105.001747
2026-06-01 11:17:34.348227,W001,39.999944,-105.001401
2026-06-01 11:27:34.348227,W002,40.000272,-105.001012
2026-06-01 11:37:34.348227,W003,40.00047,-105.001082
2026-06-01 07:00:00.000000,W003,39.999914,-104.999141
2026-06-01 07:10:00.000000,W004,40.000144,-104.999281
2026-06-01 07:20:00.000000,W005,39.999955,-104.999716
2026-06-01 07:30:00.000000,W006,40.000166,-104.999964
2026-06-01 07:40:00.000000,W001,39.998915,-105.000614
2026-06-01 07:50:00.000000,W002,40.000018,-104.999979
2026-06-01 08:13:15.994391,W004,40.000453,-104.999267
2026-06-01 08:23:15.994391,W005,39.999994,-104.999695
2026-06-01 08:33:15.994391,W006,40.000102,-104.99955
2026-06-01 08:51:50.395151,W005,39.999593,-104.999822
2026-06-01 09:01:50.395151,W006,39.999924,-105.000388
2026-06-01 09:11:50.395151,W001,40.000468,-105.000117
2026-06-01 09:21:50.395151,W002,39.999919,-105.000559
2026-06-01 09:31:50.395151,W003,40.000401,-104.999528
2026-06-01 09:41:50.395151,W004,39.999451,-104.999193
2026-06-01 10:00:24.474664,W006,40.000197,-105.000185
2026-06-01 10:10:24.474664,W001,40.000193,-104.999556
2026-06-01 10:20:24.474664,W002,40.000222,-104.99968
2026-06-01 10:47:37.797589,W001,40.000332,-105.000001
2026-06-01 10:57:37.797589,W002,40.00008,-104.999267
2026-06-01 11:07:37.797589,W003,39.999995,-105.000007
2026-06-01 11:17:37.797589,W004,39.999874,-105.000498
2026-06-01 11:42:18.421180,W002,39.99992,-105.00005
2026-06-01 11:52:18.421180,W003,39.999434,-105.000326
2026-06-01 12:02:18.421180,W004,39.999639,-104.999799
2026-06-01 12:12:18.421180,W005,40.000394,-104.999972
2026-06-01 12:22:18.421180,W006,39.999944,-104.999576
2026-06-01 12:45:10.532104,W003,40.000271,-105.000009
2026-06-01 12:55:10.532104,W004,39.999878,-104.999955
2026-06-01 13:05:10.532104,W005,39.999705,-104.999931
2026-06-01 13:15:10.532104,W006,40.000181,-105.000321
2026-06-01 13:25:10.532104,W001,40.000004,-105.000124
2026-06-01 13:35:10.532104,W002,40.00026,-104.999455
2026-06-01 13:45:10.532104,W003,40.000261,-104.999938
2026-06-01 13:55:10.532104,W004,39.999792,-104.999384
2026-06-01 07:00:00.000000,W004,40.000504,-104.999803
2026-06-01 07:10:00.000000,W005,40.001149,-104.999046
2026-06-01 07:20:00.000000,W006,40.001006,-105.000061
2026-06-01 07:30:00.000000,W001,40.000114,-104.999357
2026-06-01 07:40:00.000000,W002,40.001347,-104.999641
2026-06-01 07:59:55.266432,W005,40.000855,-104.999567
2026-06-01 08:09:55.266432,W006,40.001201,-105.000183
2026-06-01 08:19:55.266432,W001,40.000221,-105.000051
2026-06-01 08:42:20.633179,W006,40.00117,-105.000061
2026-06-01 08:52:20.633179,W001,40.002136,-104.999873
2026-06-01 09:02:20.633179,W002,40.001517,-104.999464
2026-06-01 09:12:20.633179,W003,40.00072,-104.999481
2026-06-01 09:39:15.802253,W001,39.999936,-105.000085
2026-06-01 09:49:15.802253,W002,40.000394,-104.999405
2026-06-01 09:59:15.802253,W003,40.001109,-104.999781
2026-06-01 10:09:15.802253,W004,40.001572,-104.999428
2026-06-01 10:19:15.802253,W005,40.000605,-104.999285
2026-06-01 10:51:38.694053,W002,40.001775,-104.999563
2026-06-01 11:01:38.694053,W003,40.000207,-104.999714
2026-06-01 11:11:38.694053,W004,40.001871,-104.999469
2026-06-01 11:21:38.694053,W005,40.000621,-104.999086
2026-06-01 11:31:38.694053,W006,40.001029,-104.99973
2026-06-01 11:41:38.694053,W001,40.000879,-104.999449
2026-06-01 12:01:17.017577,W003,40.00141,-104.99922
2026-06-01 12:11:17.017577,W004,40.001199,-104.998736
2026-06-01 12:21:17.017577,W005,40.000921,-104.999084
2026-06-01 12:48:33.691257,W004,40.000794,-104.999678
2026-06-01 12:58:33.691257,W005,40.001385,-104.999704
2026-06-01 13:08:33.691257,W006,40.000007,-104.999027
2026-06-01 13:18:33.691257,W001,40.000679,-105.00004
2026-06-01 13:28:33.691257,W002,40.000896,-104.999078
2026-06-01 07:00:00.000000,W005,39.998965,-104.998495
2026-06-01 07:10:00.000000,W006,39.999421,-104.998497
2026-06-01 07:20:00.000000,W001,40.000193,-104.998752
2026-06-01 07:30:00.000000,W002,39.999162,-104.998446
2026-06-01 07:59:34.722433,W006,39.999648,-104.998695
2026-06-01 08:09:34.722433,W001,39.99946,-104.998794
2026-06-01 08:19:34.722433,W002,39.999648,-104.998789
2026-06-01 08:29:34.722433,W003,39.998737,-104.998755
2026-06-01 08:39:34.722433,W004,39.999333,-104.998398
2026-06-01 08:49:34.722433,W005,39.998779,-104.999556
2026-06-01 09:12:20.400886,W001,39.999435,-104.998763
2026-06-01 09:22:20.400886,W002,39.999329,-104.998587
2026-06-01 09:32:20.400886,W003,39.99945,-104.998808
2026-06-01 09:58:28.112659,W002,39.998254,-104.999276
2026-06-01 10:08:28.112659,W003,39.998926,-104.99887
2026-06-01 10:18:28.112659,W004,39.998914,-104.998382
2026-06-01 10:28:28.112659,W005,39.999506,-104.998486
2026-06-01 10:38:28.112659,W006,39.998682,-104.999232
2026-06-01 10:48:28.112659,W001,39.999259,-104.998564
2026-06-01 11:09:07.308045,W003,39.998466,-104.999145
2026-06-01 11:19:07.308045,W004,39.999649,-104.998526
2026-06-01 11:29:07.308045,W005,39.999422,-104.999011
2026-06-01 07:00:00.000000,W004,40.001511,-105.000938
2026-06-01 07:10:00.000000,W005,40.000393,-105.000764
2026-06-01 07:20:00.000000,W006,40.000626,-105.001257
2026-06-01 07:30:00.000000,W001,40.000397,-105.000291
2026-06-01 07:40:00.000000,W002,40.001154,-105.000873
2026-06-01 07:50:00.000000,W003,40.000506,-105.000952
2026-06-01 08:16:42.932796,W005,40.00048,-105.002322
2026-06-01 08:26:42.932796,W006,40.001001,-105.001038
2026-06-01 08:53:13.004698,W006,40.000436,-105.001014
2026-06-01 09:03:13.004698,W001,40.000973,-105.000164
2026-06-01 09:13:13.004698,W002,40.000282,-105.001365
2026-06-01 09:23:13.004698,W003,40.001331,-105.001094
2026-06-01 09:33:13.004698,W004,40.000083,-105.001053
2026-06-01 09:43:13.004698,W005,40.000568,-105.001127
2026-06-01 10:13:27.357857,W001,40.000498,-105.001017
2026-06-01 10:23:27.357857,W002,39.999817,-105.000436
2026-06-01 10:33:27.357857,W003,39.999994,-105.001477
2026-06-01 10:43:27.357857,W004,39.999821,-105.000877
2026-06-01 10:53:27.357857,W005,40.000197,-105.000711
2026-06-01 11:03:27.357857,W006,40.000739,-105.001111
2026-06-01 11:13:27.357857,W001,40.001077,-105.001241
2026-06-01 11:39:12.782434,W002,40.000381,-105.000726
2026-06-01 11:49:12.782434,W003,40.000659,-105.001345
2026-06-01 12:12:10.707753,W003,39.999957,-105.000926
2026-06-01 12:22:10.707753,W004,40.000047,-105.000975
2026-06-01 12:32:10.707753,W005,40.000465,-105.001301
2026-06-01 13:02:11.312931,W004,40.000197,-105.000857
2026-06-01 13:12:11.312931,W005,39.999598,-105.000454
2026-06-01 13:22:11.312931,W006,40.000096,-105.000598
2026-06-01 13:52:42.858450,W005,40.000762,-105.000795
2026-06-01 14:02:42.858450,W006,40.000839,-105.000836
2026-06-01 14:12:42.858450,W001,40.001425,-105.001138
2026-06-01 14:22:42.858450,W002,40.000966,-105.000459
2026-06-01 14:32:42.858450,W003,40.000512,-105.000563
2026-06-01 14:42:42.858450,W004,40.000205,-105.00072
2026-06-02 07:00:00.000000,W006,39.999884,-105.000023
2026-06-02 07:10:00.000000,W001,40.000313,-104.999404
2026-06-02 07:20:00.000000,W002,39.999979,-104.999911
2026-06-02 07:30:00.000000,W003,39.999668,-104.999816
2026-06-02 07:40:00.000000,W004,40.000188,-104.999652
2026-06-02 07:50:00.000000,W005,39.999678,-105.000934
2026-06-02 08:16:37.141983,W001,39.999977,-104.999859
2026-06-02 08:26:37.141983,W002,40.000322,-105.00018
2026-06-02 08:36:37.141983,W003,39.999726,-104.999555
2026-06-02 08:46:37.141983,W004,39.999772,-105.000111
2026-06-02 09:14:32.838925,W002,39.999835,-104.999449
2026-06-02 09:24:32.838925,W003,40.000193,-104.999751
2026-06-02 09:34:32.838925,W004,40.000546,-104.99984
2026-06-02 09:59:22.268704,W003,40.000211,-105.000613
2026-06-02 10:09:22.268704,W004,39.999558,-104.999919
2026-06-02 10:35:12.475128,W004,40.000187,-105.000823
2026-06-02 10:45:12.475128,W005,40.000526,-104.99995
2026-06-02 10:55:12.475128,W006,39.999799,-104.999633
2026-06-02 11:05:12.475128,W001,39.999157,-105.000004
2026-06-02 11:15:12.475128,W002,40.00003,-105.000049
2026-06-02 11:25:12.475128,W003,40.000161,-104.999978
2026-06-02 11:35:12.475128,W004,40.000352,-105.000573
2026-06-02 11:45:12.475128,W005,40.000141,-104.999843
2026-06-02 07:00:00.000000,W005,40.001277,-105.000264
2026-06-02 07:10:00.000000,W006,40.001133,-104.999867
2026-06-02 07:20:00.000000,W001,40.000908,-104.99972
2026-06-02 07:30:00.000000,W002,40.001598,-104.999397
2026-06-02 07:40:00.000000,W003,40.001289,-104.99932
2026-06-02 07:55:44.185871,W006,40.001073,-104.999458
2026-06-02 08:05:44.185871,W001,40.00058,-104.999705
2026-06-02 08:15:44.185871,W002,40.001297,-104.999605
2026-06-02 08:25:44.185871,W003,40.000687,-105.000187
2026-06-02 08:35:44.185871,W004,40.000916,-104.999704
2026-06-02 08:45:44.185871,W005,40.001189,-104.999487
2026-06-02 08:55:44.185871,W006,40.001082,-104.99905
2026-06-02 09:15:41.822204,W001,40.001053,-104.999613
2026-06-02 09:25:41.822204,W002,40.001455,-104.999675
2026-06-02 09:35:41.822204,W003,40.000182,-104.999474
2026-06-02 09:45:41.822204,W004,40.000992,-104.999073
2026-06-02 09:55:41.822204,W005,40.000814,-105.000032
2026-06-02 10:19:16.999489,W002,40.001415,-105.000141
2026-06-02 10:29:16.999489,W003,40.000656,-104.998988
2026-06-02 10:39:16.999489,W004,40.000896,-105.00045
2026-06-02 11:02:56.947366,W003,40.001097,-105.000135
2026-06-02 11:12:56.947366,W004,40.001649,-104.998984
2026-06-02 11:22:56.947366,W005,40.001417,-104.999546
2026-06-02 11:32:56.947366,W006,40.001279,-104.999112
2026-06-02 11:42:56.947366,W001,40.00083,-104.999284
2026-06-02 12:07:01.347139,W004,40.000742,-104.999225
2026-06-02 12:17:01.347139,W005,40.00126,-104.999633
2026-06-02 12:27:01.347139,W006,40.000547,-104.999822
2026-06-02 07:00:00.000000,W005,39.999214,-104.99945
2026-06-02 07:10:00.000000,W006,40.000049,-104.999496
2026-06-02 07:20:00.000000,W001,40.00038,-104.999295
2026-06-02 07:41:32.185683,W006,39.999054,-104.998306
2026-06-02 07:51:32.185683,W001,39.999499,-104.999009
2026-06-02 08:01:32.185683,W002,39.999419,-104.998937
2026-06-02 08:22:42.548054,W001,39.998579,-104.999467
2026-06-02 08:32:42.548054,W002,39.999182,-104.998339
2026-06-02 08:54:15.718268,W002,39.999451,-104.998998
2026-06-02 09:04:15.718268,W003,39.999691,-104.997931
2026-06-02 09:14:15.718268,W004,39.998863,-104.998608
2026-06-02 09:24:15.718268,W005,39.999463,-104.997626
2026-06-02 09:34:15.718268,W006,39.999434,-104.998239
2026-06-02 09:57:27.278445,W003,39.998944,-104.999111
2026-06-02 10:07:27.278445,W004,39.998503,-104.999378
2026-06-02 10:17:27.278445,W005,39.999462,-104.997892
2026-06-02 10:27:27.278445,W006,39.998933,-104.999207
2026-06-02 10:37:27.278445,W001,39.999095,-104.998209
2026-06-02 10:47:27.278445,W002,39.999955,-104.99854
2026-06-02 07:00:00.000000,W004,40.000313,-105.000965
2026-06-02 07:10:00.000000,W005,39.99998,-105.001003
2026-06-02 07:20:00.000000,W006,40.000431,-105.001122
2026-06-02 07:30:00.000000,W001,40.000155,-105.001334
2026-06-02 07:40:00.000000,W002,40.000326,-105.001185
2026-06-02 07:50:00.000000,W003,40.000934,-105.001306
2026-06-02 08:00:00.000000,W004,40.000651,-105.000162
2026-06-02 08:22:33.019522,W005,40.000451,-105.00092
2026-06-02 08:32:33.019522,W006,40.000576,-105.000846
2026-06-02 08:42:33.019522,W001,40.000362,-105.001187
2026-06-02 08:52:33.019522,W002,40.000276,-105.000978
2026-06-02 09:02:33.019522,W003,40.000687,-105.000843
2026-06-02 09:12:33.019522,W004,40.000359,-105.0013
2026-06-02 09:32:25.373997,W006,40.000634,-105.001132
2026-06-02 09:42:25.373997,W001,40.000484,-105.000729
2026-06-02 09:52:25.373997,W002,40.000775,-105.000994
2026-06-02 10:02:25.373997,W003,40.001033,-105.00045
2026-06-02 10:12:25.373997,W004,39.999869,-105.001188
2026-06-02 10:35:04.465756,W001,40.000144,-105.001697
2026-06-02 10:45:04.465756,W002,39.99958,-105.001151
2026-06-02 10:55:04.465756,W003,40.000536,-105.000518
2026-06-02 11:05:04.465756,W004,40.000594,-105.001813
2026-06-02 11:15:04.465756,W005,40.000443,-105.001292
2026-06-02 11:25:04.465756,W006,40.001311,-105.000603
2026-06-02 11:41:36.584917,W002,40.000695,-105.001002
2026-06-02 11:51:36.584917,W003,39.999784,-105.00106
2026-06-02 12:01:36.584917,W004,40.000231,-105.001476
2026-06-02 12:11:36.584917,W005,40.000776,-105.001221
2026-06-02 12:21:36.584917,W006,40.000342,-105.000566
2026-06-02 12:31:36.584917,W001,40.000339,-105.001511
2026-06-02 12:56:23.196265,W003,40.00042,-105.000259
2026-06-02 13:06:23.196265,W004,40.000377,-105.000726
2026-06-02 13:16:23.196265,W005,40.00069,-105.00126
2026-06-02 13:26:23.196265,W006,40.000338,-105.001299
2026-06-02 13:36:23.196265,W001,40.000641,-105.000802
2026-06-02 13:46:23.196265,W002,40.001014,-105.001642
2026-06-02 13:56:23.196265,W003,40.000834,-105.00165
2026-06-02 14:20:15.249063,W004,40.000378,-105.00129
2026-06-02 14:30:15.249063,W005,40.000539,-105.000162
2026-06-02 14:40:15.249063,W006,40.000555,-105.001338
2026-06-02 15:02:17.314394,W005,40.000704,-105.001038
2026-06-02 15:12:17.314394,W006,40.000935,-105.000962
2026-06-02 15:22:17.314394,W001,40.000346,-105.001087
2026-06-02 15:32:17.314394,W002,40.000096,-105.000875
2026-06-02 07:00:00.000000,W006,39.999963,-104.999867
2026-06-02 07:10:00.000000,W001,39.99941,-105.000128
2026-06-02 07:20:00.000000,W002,40.000157,-105.000794
2026-06-02 07:30:00.000000,W003,39.999673,-105.000016
2026-06-02 07:53:41.480060,W001,40.000112,-104.9993
2026-06-02 08:03:41.480060,W002,39.999369,-105.000277
2026-06-02 08:13:41.480060,W003,39.999697,-104.999411
2026-06-02 08:23:41.480060,W004,39.999612,-105.000747
2026-06-02 08:33:41.480060,W005,39.999899,-105.00031
2026-06-02 08:43:41.480060,W006,40.000088,-105.001639
2026-06-02 09:08:54.493886,W002,40.000361,-104.999797
2026-06-02 09:18:54.493886,W003,40.000435,-104.999881
2026-06-02 09:44:15.245649,W003,39.999217,-105.000353
2026-06-02 09:54:15.245649,W004,39.999881,-104.999317
2026-06-02 10:04:15.245649,W005,39.999311,-104.999739
2026-06-02 10:14:15.245649,W006,40.000228,-104.999864
2026-06-02 10:24:15.245649,W001,40.000413,-104.999657
2026-06-02 10:34:15.245649,W002,40.000503,-105.000491
2026-06-02 10:44:15.245649,W003,40.000164,-104.99961
2026-06-02 10:54:15.245649,W004,39.999476,-104.999817
2026-06-02 11:13:56.228955,W004,40.000069,-104.999651
2026-06-02 11:23:56.228955,W005,40.000319,-105.000175
2026-06-02 11:33:56.228955,W006,39.999836,-104.99946
2026-06-02 11:43:56.228955,W001,39.999228,-104.999137
2026-06-02 11:53:56.228955,W002,40.000045,-105.000657
2026-06-02 12:03:56.228955,W003,39.999661,-104.998726
2026-06-02 12:30:24.591599,W005,39.999802,-104.99972
2026-06-02 12:40:24.591599,W006,39.999637,-104.999929
2026-06-02 12:50:24.591599,W001,39.999996,-104.999813
2026-06-02 13:00:24.591599,W002,40.000371,-105.000291
2026-06-02 13:25:54.667935,W006,40.000529,-105.000539
2026-06-02 13:35:54.667935,W001,40.000482,-104.999676
2026-06-02 13:45:54.667935,W002,40.000232,-105.00053
2026-06-02 13:55:54.667935,W003,39.999278,-105.000678
2026-06-02 14:05:54.667935,W004,39.999653,-104.999459
2026-06-02 07:00:00.000000,W001,40.001339,-104.99995
2026-06-02 07:10:00.000000,W002,40.001168,-104.999325
2026-06-02 07:20:00.000000,W003,40.001151,-104.999804
2026-06-02 07:30:00.000000,W004,40.001585,-104.999096
2026-06-02 07:40:00.000000,W005,40.000797,-104.999148
2026-06-02 07:50:00.000000,W006,40.001282,-104.999158
2026-06-02 08:12:06.781910,W002,40.001299,-104.999638
2026-06-02 08:22:06.781910,W003,40.000064,-104.999257
2026-06-02 08:32:06.781910,W004,40.000363,-105.000045
2026-06-02 08:42:06.781910,W005,40.000925,-104.999639
2026-06-02 09:15:01.548737,W003,40.000323,-104.998991
2026-06-02 09:25:01.548737,W004,40.001251,-104.999456
2026-06-02 09:35:01.548737,W005,40.001588,-104.999693
2026-06-02 09:45:01.548737,W006,40.000574,-104.999504
2026-06-02 09:55:01.548737,W001,40.000829,-104.999545
2026-06-02 10:05:01.548737,W002,40.001259,-105.000087
2026-06-02 10:34:54.499255,W004,40.001429,-104.998813
2026-06-02 10:44:54.499255,W005,40.001042,-104.999357
2026-06-02 10:54:54.499255,W006,40.000514,-104.999434
2026-06-02 11:04:54.499255,W001,40.001147,-104.999293
2026-06-02 11:14:54.499255,W002,40.001552,-104.999679
2026-06-02 11:36:58.581513,W005,40.001023,-104.999579
2026-06-02 11:46:58.581513,W006,40.000471,-104.999755
2026-06-02 11:56:58.581513,W001,40.000399,-104.99988
2026-06-02 12:06:58.581513,W002,40.00136,-104.999566
2026-06-02 12:34:53.868945,W006,40.000879,-104.999494
2026-06-02 12:44:53.868945,W001,40.001545,-104.998791
2026-06-02 12:54:53.868945,W002,40.000625,-104.999521
2026-06-02 13:04:53.868945,W003,40.000847,-105.000029
2026-06-02 13:14:53.868945,W004,40.000223,-104.999545
2026-06-02 13:40:08.083024,W001,40.000519,-104.999164
2026-06-02 13:50:08.083024,W002,40.001308,-104.999218
2026-06-02 14:00:08.083024,W003,40.001337,-104.999936
2026-06-02 14:10:08.083024,W004,40.000352,-105.000201
2026-06-02 14:20:08.083024,W005,40.001021,-105.000504
2026-06-02 14:30:08.083024,W006,40.001484,-104.998512
2026-06-02 14:55:15.752758,W002,40.001177,-104.999267
2026-06-02 15:05:15.752758,W003,40.001208,-104.99953
2026-06-02 15:15:15.752758,W004,40.000759,-104.999011
2026-06-02 15:25:15.752758,W005,40.000763,-104.999273
2026-06-02 15:35:15.752758,W006,40.001074,-104.998956
2026-06-02 07:00:00.000000,W003,39.999519,-104.999145
2026-06-02 07:10:00.000000,W004,39.998766,-104.998616
2026-06-02 07:20:00.000000,W005,39.999427,-104.998721
2026-06-02 07:30:00.000000,W006,39.999966,-104.999292
2026-06-02 07:58:21.316142,W004,39.999338,-104.999115
2026-06-02 08:08:21.316142,W005,39.999726,-104.998266
2026-06-02 08:18:21.316142,W006,39.998941,-104.999235
2026-06-02 08:45:43.954721,W005,39.999216,-104.99911
2026-06-02 08:55:43.954721,W006,39.99957,-104.99865
2026-06-02 09:05:43.954721,W001,39.999111,-104.998248
2026-06-02 09:15:43.954721,W002,39.99903,-104.998218
2026-06-02 09:25:43.954721,W003,39.999445,-104.999302
2026-06-02 09:48:29.228151,W006,39.999914,-104.998762
2026-06-02 09:58:29.228151,W001,39.999478,-104.998751
2026-06-02 10:08:29.228151,W002,39.998832,-104.99886
2026-06-02 10:31:02.717682,W001,39.998361,-104.998736
2026-06-02 10:41:02.717682,W002,39.999173,-104.998371
2026-06-02 10:51:02.717682,W003,39.999283,-104.999524
2026-06-02 11:01:02.717682,W004,39.999296,-104.999186
2026-06-02 11:11:02.717682,W005,39.999558,-104.997971
2026-06-02 11:21:02.717682,W006,39.998725,-104.998778
2026-06-02 11:31:02.717682,W001,39.999645,-104.998646
2026-06-02 11:54:51.845727,W002,39.998994,-104.999361
2026-06-02 12:04:51.845727,W003,39.999119,-104.998676
2026-06-02 12:14:51.845727,W004,39.998507,-104.998396
2026-06-02 12:24:51.845727,W005,39.999524,-104.999352
2026-06-02 12:34:51.845727,W006,40.000179,-104.998828
2026-06-02 12:57:14.339153,W003,39.998606,-104.999094
2026-06-02 13:07:14.339153,W004,39.998524,-104.99866
2026-06-02 13:17:14.339153,W005,39.999497,-104.99885
2026-06-02 13:27:14.339153,W006,39.998298,-104.998322
2026-06-02 13:37:14.339153,W001,39.998891,-104.998974
2026-06-02 13:47:14.339153,W002,39.999198,-104.999413
2026-06-02 13:57:14.339153,W003,39.999563,-104.998303
2026-06-02 14:07:14.339153,W004,39.999412,-104.998542
2026-06-02 14:29:20.586057,W004,39.999308,-104.997753
2026-06-02 14:39:20.586057,W005,39.998746,-104.998902
2026-06-02 14:49:20.586057,W006,39.999352,-104.999158
2026-06-02 14:59:20.586057,W001,39.998969,-104.999243
2026-06-02 15:09:20.586057,W002,39.999228,-104.999075
2026-06-02 07:00:00.000000,W005,40.000231,-105.000789
2026-06-02 07:10:00.000000,W006,40.000491,-105.000554
2026-06-02 07:36:53.853029,W006,40.000613,-105.00094
2026-06-02 07:46:53.853029,W001,40.000072,-105.00083
2026-06-02 07:56:53.853029,W002,40.000372,-105.001495
2026-06-02 08:06:53.853029,W003,40.001065,-105.001202
2026-06-02 08:16:53.853029,W004,40.00084,-105.000637
2026-06-02 08:41:52.132441,W001,40.000826,-105.001501
2026-06-02 08:51:52.132441,W002,40.000537,-105.000421
2026-06-02 09:11:21.933207,W002,40.000589,-105.001004
2026-06-02 09:21:21.933207,W003,40.000185,-105.000767
2026-06-02 09:31:21.933207,W004,40.000273,-105.000438
2026-06-02 09:41:21.933207,W005,40.000529,-105.000992
2026-06-02 09:51:21.933207,W006,40.000547,-105.000633
2026-06-02 10:01:21.933207,W001,40.000603,-105.001511
2026-06-02 10:27:24.952245,W003,40.000301,-105.000843
2026-06-02 10:37:24.952245,W004,40.001054,-105.001128
2026-06-02 10:47:24.952245,W005,40.000857,-105.000136
2026-06-03 07:00:00.000000,W004,40.000075,-105.000657
2026-06-03 07:10:00.000000,W005,39.999969,-104.999415
2026-06-03 07:20:00.000000,W006,39.999975,-105.000776
2026-06-03 07:30:00.000000,W001,39.999505,-105.000469
2026-06-03 07:40:00.000000,W002,39.999179,-105.000468
2026-06-03 07:50:00.000000,W003,39.999966,-104.99998
2026-06-03 08:00:00.000000,W004,40.000514,-104.999103
2026-06-03 08:22:43.950401,W005,40.000152,-104.999678
2026-06-03 08:32:43.950401,W006,40.000035,-104.999961
2026-06-03 08:42:43.950401,W001,40.000443,-105.00022
2026-06-03 08:52:43.950401,W002,40.00042,-105.000369
2026-06-03 09:18:08.978616,W006,40.000087,-105.000061
2026-06-03 09:28:08.978616,W001,40.000034,-104.999714
2026-06-03 09:38:08.978616,W002,39.999532,-104.99943
2026-06-03 10:02:25.129220,W001,40.00035,-104.999836
2026-06-03 10:12:25.129220,W002,39.999867,-104.999105
2026-06-03 10:22:25.129220,W003,40.000108,-105.000128
2026-06-03 10:32:25.129220,W004,39.999808,-105.000192
2026-06-03 10:42:25.129220,W005,40.000201,-105.000155
2026-06-03 10:52:25.129220,W006,40.000287,-105.00046
2026-06-03 11:13:21.006668,W002,39.999665,-105.000001
2026-06-03 11:23:21.006668,W003,39.999932,-104.99933
2026-06-03 11:33:21.006668,W004,39.999443,-104.999919
2026-06-03 07:00:00.000000,W003,40.00116,-104.999909
2026-06-03 07:10:00.000000,W004,40.00111,-105.000052
2026-06-03 07:20:00.000000,W005,40.00083,-104.999835
2026-06-03 07:30:00.000000,W006,40.000649,-104.999459
2026-06-03 07:51:15.745663,W004,40.000729,-104.999696
2026-06-03 08:01:15.745663,W005,40.000909,-104.999672
2026-06-03 08:11:15.745663,W006,40.000897,-104.99937
2026-06-03 08:21:15.745663,W001,40.001025,-104.999402
2026-06-03 08:42:27.745513,W005,40.001272,-104.999798
2026-06-03 08:52:27.745513,W006,40.001002,-104.999492
2026-06-03 09:02:27.745513,W001,40.001235,-104.999394
2026-06-03 09:12:27.745513,W002,40.000508,-104.999007
2026-06-03 09:22:27.745513,W003,40.001225,-104.999745
2026-06-03 09:46:45.800308,W006,40.001539,-104.999084
2026-06-03 09:56:45.800308,W001,40.001087,-105.000434
2026-06-03 10:06:45.800308,W002,40.001062,-104.999136
2026-06-03 10:16:45.800308,W003,40.001139,-104.999617
2026-06-03 10:26:45.800308,W004,40.001035,-105.000032
2026-06-03 10:55:12.413816,W001,40.000972,-104.999737
2026-06-03 11:05:12.413816,W002,40.001556,-104.999681
2026-06-03 11:15:12.413816,W003,40.001298,-104.999913
2026-06-03 11:25:12.413816,W004,40.000797,-104.999312
2026-06-03 11:35:12.413816,W005,40.001398,-104.998513
2026-06-03 11:58:31.337399,W002,40.001318,-104.999126
2026-06-03 12:08:31.337399,W003,40.00056,-104.999724
2026-06-03 12:18:31.337399,W004,40.001257,-104.999573
2026-06-03 12:28:31.337399,W005,40.00113,-104.99911
2026-06-03 07:00:00.000000,W003,39.999256,-104.998367
2026-06-03 07:10:00.000000,W004,40.000038,-104.998854
2026-06-03 07:20:00.000000,W005,39.998374,-104.998816
2026-06-03 07:30:00.000000,W006,39.999481,-104.999069
2026-06-03 07:40:00.000000,W001,39.998847,-104.998444
2026-06-03 08:12:36.019730,W004,39.998364,-104.99932
2026-06-03 08:22:36.019730,W005,39.999561,-104.999465
2026-06-03 08:32:36.019730,W006,39.999184,-104.99873
2026-06-03 08:42:36.019730,W001,40.000433,-104.998304
2026-06-03 09:09:18.024662,W005,39.999271,-104.999079
2026-06-03 09:19:18.024662,W006,39.999654,-104.999017
2026-06-03 09:29:18.024662,W001,39.999551,-104.998742
2026-06-03 09:39:18.024662,W002,39.999873,-104.998206
2026-06-03 09:49:18.024662,W003,39.999408,-104.999144
2026-06-03 09:59:18.024662,W004,39.99898,-104.998866
2026-06-03 10:16:13.081042,W006,39.999333,-104.998568
2026-06-03 10:26:13.081042,W001,39.999413,-104.99878
2026-06-03 10:36:13.081042,W002,39.998981,-104.99847
2026-06-03 11:03:01.083214,W001,39.999273,-104.99908
2026-06-03 11:13:01.083214,W002,39.999029,-104.998886
2026-06-03 11:23:01.083214,W003,39.998868,-104.998423
2026-06-03 07:00:00.000000,W002,40.000033,-105.000572
2026-06-03 07:10:00.000000,W003,40.001012,-105.000961
2026-06-03 07:20:00.000000,W004,40.000738,-105.001144
2026-06-03 07:30:00.000000,W005,39.999986,-105.000808
2026-06-03 07:54:15.327061,W003,40.000077,-104.999486
2026-06-03 08:04:15.327061,W004,39.999633,-105.001053
2026-06-03 08:14:15.327061,W005,40.000284,-105.000319
2026-06-03 08:24:15.327061,W006,40.00066,-105.000961
2026-06-03 08:34:15.327061,W001,39.99968,-105.000457
2026-06-03 08:44:15.327061,W002,40.000529,-105.001245
2026-06-03 09:10:23.549860,W004,40.000534,-105.000546
2026-06-03 09:20:23.549860,W005,40.000213,-105.000885
2026-06-03 09:30:23.549860,W006,40.000789,-105.00211
2026-06-03 09:57:03.283504,W005,40.000482,-105.001582
2026-06-03 10:07:03.283504,W006,40.000059,-105.001213
2026-06-03 10:17:03.283504,W001,40.000316,-105.000762
2026-06-03 10:27:03.283504,W002,40.000202,-105.001277
2026-06-03 10:37:03.283504,W003,40.000085,-105.00055
2026-06-03 10:47:03.283504,W004,40.001183,-105.001434
2026-06-03 11:13:12.621355,W006,39.999694,-105.0015
2026-06-03 11:23:12.621355,W001,40.000311,-105.000277
2026-06-03 07:00:00.000000,W001,39.999713,-105.00032
2026-06-03 07:10:00.000000,W002,40.000629,-104.999333
2026-06-03 07:20:00.000000,W003,39.999201,-104.999731
2026-06-03 07:30:00.000000,W004,40.000054,-104.999778
2026-06-03 08:00:33.685068,W002,39.999454,-104.999709
2026-06-03 08:10:33.685068,W003,39.999855,-105.000024
2026-06-03 08:20:33.685068,W004,39.999767,-104.999526
2026-06-03 08:30:33.685068,W005,40.00064,-104.999857
2026-06-03 08:54:41.965404,W003,39.9989,-105.00006
2026-06-03 09:04:41.965404,W004,40.000034,-105.000654
2026-06-03 09:14:41.965404,W005,40.000378,-104.999921
2026-06-03 09:24:41.965404,W006,40.000076,-105.000033
2026-06-03 09:34:41.965404,W001,40.000057,-105.000338
2026-06-03 09:44:41.965404,W002,39.999576,-105.000458
2026-06-03 09:54:41.965404,W003,40.000212,-104.999965
2026-06-03 10:04:41.965404,W004,39.999864,-105.000644
2026-06-03 10:31:51.067614,W004,40.000064,-104.999718
2026-06-03 10:41:51.067614,W005,40.000246,-104.999903
2026-06-03 10:51:51.067614,W006,40.000498,-104.999539
2026-06-03 11:01:51.067614,W001,40.000103,-104.999693
2026-06-03 11:11:51.067614,W002,39.999844,-105.000014
2026-06-03 11:21:51.067614,W003,39.999586,-104.999975
2026-06-03 11:31:51.067614,W004,40.000274,-105.000308
2026-06-03 11:53:32.011624,W005,39.999965,-105.000232
2026-06-03 12:03:32.011624,W006,39.999518,-104.999995
2026-06-03 12:13:32.011624,W001,39.999926,-104.999651
2026-06-03 12:23:32.011624,W002,39.999678,-105.000455
2026-06-03 12:40:42.071662,W006,39.999293,-104.999996
2026-06-03 12:50:42.071662,W001,39.999972,-104.999992
2026-06-03 13:00:42.071662,W002,40.000255,-105.000974
2026-06-03 13:10:42.071662,W003,39.999912,-104.999779
2026-06-03 13:20:42.071662,W004,39.999594,-105.000023
2026-06-03 13:30:42.071662,W005,39.999209,-105.000241
2026-06-03 07:00:00.000000,W001,40.001974,-104.999263
2026-06-03 07:10:00.000000,W002,40.001433,-104.999736
2026-06-03 07:20:00.000000,W003,40.001406,-104.999507
2026-06-03 07:30:00.000000,W004,40.001351,-104.99977
2026-06-03 07:40:00.000000,W005,40.000996,-105.000133
2026-06-03 07:50:00.000000,W006,40.001111,-104.999833
2026-06-03 08:11:02.748880,W002,40.00083,-104.998991
2026-06-03 08:21:02.748880,W003,40.000946,-104.99892
2026-06-03 08:31:02.748880,W004,40.000556,-104.999538
2026-06-03 08:41:02.748880,W005,40.000497,-104.999569
2026-06-03 08:51:02.748880,W006,40.000948,-104.999419
2026-06-03 09:11:39.920560,W003,40.001007,-104.998943
2026-06-03 09:21:39.920560,W004,40.001559,-104.998445
2026-06-03 09:31:39.920560,W005,40.001573,-104.999628
2026-06-03 09:41:39.920560,W006,40.001389,-104.999353
2026-06-03 10:03:11.294282,W004,40.001195,-104.999106
2026-06-03 10:13:11.294282,W005,40.000809,-105.000066
2026-06-03 10:23:11.294282,W006,40.001283,-104.99959
2026-06-03 10:33:11.294282,W001,40.001145,-104.999419
2026-06-03 10:43:11.294282,W002,40.00101,-104.999749
2026-06-03 10:53:11.294282,W003,40.000232,-104.999693
2026-06-03 11:03:11.294282,W004,40.001169,-104.999316
2026-06-03 11:13:11.294282,W005,40.000981,-104.999309
2026-06-03 11:23:11.294282,W006,40.000978,-104.999807
2026-06-03 11:45:43.839968,W005,40.001245,-104.999921
2026-06-03 11:55:43.839968,W006,40.001525,-104.999941
2026-06-03 12:05:43.839968,W001,40.00055,-104.998764
2026-06-03 12:30:47.718133,W006,40.000958,-104.998585
2026-06-03 12:40:47.718133,W001,40.001157,-104.999656
2026-06-03 12:50:47.718133,W002,40.000708,-104.99939
2026-06-03 13:00:47.718133,W003,40.000967,-104.999495
2026-06-03 07:00:00.000000,W001,39.999121,-104.998682
2026-06-03 07:10:00.000000,W002,39.9995,-104.999224
2026-06-03 07:20:00.000000,W003,39.999822,-104.999141
2026-06-03 07:30:00.000000,W004,39.9989,-104.999396
2026-06-03 07:59:28.813363,W002,39.998808,-104.998067
2026-06-03 08:09:28.813363,W003,39.999097,-104.998562
2026-06-03 08:19:28.813363,W004,39.998929,-104.999295
2026-06-03 08:29:28.813363,W005,39.99943,-104.999051
2026-06-03 08:53:50.533176,W003,39.999013,-104.998929
2026-06-03 09:03:50.533176,W004,39.999197,-104.999098
2026-06-03 09:13:50.533176,W005,39.999778,-104.998767
2026-06-03 09:23:50.533176,W006,39.9986,-104.999711
2026-06-03 09:33:50.533176,W001,39.998504,-104.998907
2026-06-03 09:58:51.020971,W004,39.999112,-104.998447
2026-06-03 10:08:51.020971,W005,39.999413,-104.998524
2026-06-03 10:18:51.020971,W006,39.999767,-104.998819
2026-06-03 10:28:51.020971,W001,39.999221,-104.998721
2026-06-03 10:55:13.929702,W005,39.999407,-104.999163
2026-06-03 11:05:13.929702,W006,39.999609,-104.998236
2026-06-03 11:15:13.929702,W001,39.998695,-104.998714
2026-06-03 11:25:13.929702,W002,39.998792,-104.998261
2026-06-03 11:56:00.539531,W006,39.999234,-104.999241
2026-06-03 12:06:00.539531,W001,39.998848,-104.997889
2026-06-03 12:16:00.539531,W002,39.999373,-104.99909
2026-06-03 12:26:00.539531,W003,39.999607,-104.99873
2026-06-03 12:36:00.539531,W004,39.999511,-104.999252
2026-06-03 12:55:39.027140,W001,39.999197,-104.998761
2026-06-03 13:05:39.027140,W002,39.999064,-104.99893
2026-06-03 13:15:39.027140,W003,39.999334,-104.999471
2026-06-03 13:39:57.428470,W002,39.999469,-104.998566
2026-06-03 13:49:57.428470,W003,39.999262,-104.998827
2026-06-03 13:59:57.428470,W004,39.998893,-104.998848
2026-06-03 07:00:00.000000,W003,40.000487,-105.000996
2026-06-03 07:10:00.000000,W004,40.000273,-105.000495
2026-06-03 07:20:00.000000,W005,40.000952,-105.000953
2026-06-03 07:30:00.000000,W006,40.000937,-105.001249
2026-06-03 07:58:06.687983,W004,40.000205,-105.00115
2026-06-03 08:08:06.687983,W005,39.999881,-105.000582
2026-06-03 08:18:06.687983,W006,40.000013,-105.001215
2026-06-03 08:28:06.687983,W001,40.000178,-105.000622
2026-06-03 08:38:06.687983,W002,40.001024,-105.001508
2026-06-03 08:48:06.687983,W003,40.000436,-105.001131
2026-06-03 09:07:55.712439,W005,40.00036,-105.001815
2026-06-03 09:17:55.712439,W006,40.001079,-105.00068
2026-06-03 09:27:55.712439,W001,40.000499,-105.000764
2026-06-03 09:37:55.712439,W002,40.000373,-105.0006
2026-06-03 09:56:07.047200,W006,40.00055,-105.001181
2026-06-03 10:06:07.047200,W001,40.000218,-105.000863
2026-06-03 10:16:07.047200,W002,40.000657,-105.001001
2026-06-03 10:26:07.047200,W003,40.000701,-105.001382
2026-06-03 10:53:15.689129,W001,40.000386,-105.001146
2026-06-03 11:03:15.689129,W002,40.000513,-105.000915
2026-06-03 11:13:15.689129,W003,40.000981,-105.00111
2026-06-04 07:00:00.000000,W002,39.999265,-104.999926
2026-06-04 07:10:00.000000,W003,39.999437,-105.000169
2026-06-04 07:20:00.000000,W004,40.000176,-105.000008
2026-06-04 07:30:00.000000,W005,39.999641,-104.999566
2026-06-04 07:52:29.260800,W003,39.999971,-104.999813
2026-06-04 08:02:29.260800,W004,39.999589,-104.999793
2026-06-04 08:12:29.260800,W005,39.999956,-104.999914
2026-06-04 08:22:29.260800,W006,40.000207,-105.000172
2026-06-04 08:42:41.884077,W004,40.00111,-104.999916
2026-06-04 08:52:41.884077,W005,39.999495,-105.000506
2026-06-04 09:22:34.912878,W005,40.00068,-105.000133
2026-06-04 09:32:34.912878,W006,39.999874,-104.999574
2026-06-04 09:42:34.912878,W001,39.999613,-104.999821
2026-06-04 09:52:34.912878,W002,39.999893,-105.000035
2026-06-04 10:02:34.912878,W003,40.000056,-105.000762
2026-06-04 10:12:34.912878,W004,40.000201,-104.999736
2026-06-04 10:38:11.946166,W006,39.999435,-104.999792
2026-06-04 10:48:11.946166,W001,40.000396,-105.000456
2026-06-04 10:58:11.946166,W002,40.000684,-105.000307
2026-06-04 11:08:11.946166,W003,39.999368,-105.000278
2026-06-04 11:18:11.946166,W004,40.000146,-104.999715
2026-06-04 11:28:11.946166,W005,39.999929,-105.000081
2026-06-04 11:38:11.946166,W006,40.000221,-104.999966
2026-06-04 12:05:26.381926,W001,40.000048,-105.00045
2026-06-04 12:15:26.381926,W002,39.999936,-105.000122
2026-06-04 12:25:26.381926,W003,39.999907,-104.99931
2026-06-04 12:35:26.381926,W004,40.000115,-104.999745
2026-06-04 12:45:26.381926,W005,39.999723,-105.000357
2026-06-04 13:11:09.836923,W002,40.000473,-105.000394
2026-06-04 13:21:09.836923,W003,39.999797,-104.999674
2026-06-04 13:31:09.836923,W004,39.999003,-105.000096
2026-06-04 13:41:09.836923,W005,40.000199,-104.999905
2026-06-04 07:00:00.000000,W003,40.000787,-104.999772
2026-06-04 07:10:00.000000,W004,40.001142,-104.999107
2026-06-04 07:20:00.000000,W005,40.000865,-104.999554
2026-06-04 07:30:00.000000,W006,40.001064,-104.99926
2026-06-04 07:56:56.296524,W004,40.000734,-105.000407
2026-06-04 08:06:56.296524,W005,40.000946,-104.999587
2026-06-04 08:16:56.296524,W006,40.001419,-104.999429
2026-06-04 08:26:56.296524,W001,40.000952,-104.999294
2026-06-04 08:36:56.296524,W002,40.00166,-104.999476
2026-06-04 08:46:56.296524,W003,40.000639,-104.999052
2026-06-04 09:09:55.253900,W005,40.000742,-104.999467
2026-06-04 09:19:55.253900,W006,40.000526,-105.000283
2026-06-04 09:29:55.253900,W001,40.000832,-104.999593
2026-06-04 09:39:55.253900,W002,40.001416,-104.999214
2026-06-04 09:49:55.253900,W003,40.001582,-104.999327
2026-06-04 09:59:55.253900,W004,40.000708,-105.000185
2026-06-04 10:24:30.147257,W006,40.000839,-104.999965
2026-06-04 10:34:30.147257,W001,40.000814,-105.000159
2026-06-04 10:44:30.147257,W002,40.001234,-104.999045
2026-06-04 10:54:30.147257,W003,40.001015,-104.999725
2026-06-04 11:04:30.147257,W004,40.001196,-104.999602
2026-06-04 11:14:30.147257,W005,39.999856,-104.99926
2026-06-04 11:38:17.664929,W001,40.001071,-104.998698
2026-06-04 11:48:17.664929,W002,40.000895,-104.999502
2026-06-04 11:58:17.664929,W003,40.001178,-104.999348
2026-06-04 12:08:17.664929,W004,40.001049,-104.999428
2026-06-04 12:18:17.664929,W005,40.001305,-104.998825
2026-06-04 12:28:17.664929,W006,40.0009,-104.999871
2026-06-04 07:00:00.000000,W002,39.999132,-104.99833
2026-06-04 07:10:00.000000,W003,39.998878,-104.998203
2026-06-04 07:20:00.000000,W004,39.999625,-104.998728
2026-06-04 07:30:00.000000,W005,39.999059,-104.998659
2026-06-04 07:40:00.000000,W006,39.99854,-104.998885
2026-06-04 07:50:00.000000,W001,39.999062,-104.998583
2026-06-04 08:00:00.000000,W002,39.999267,-104.997772
2026-06-04 08:21:47.137887,W003,39.99876,-104.999307
2026-06-04 08:31:47.137887,W004,39.999883,-104.99937
2026-06-04 08:41:47.137887,W005,39.999166,-104.998285
2026-06-04 08:51:47.137887,W006,39.998997,-104.997656
2026-06-04 09:20:59.047309,W004,39.999267,-104.998959
2026-06-04 09:30:59.047309,W005,39.998646,-104.998475
2026-06-04 09:40:59.047309,W006,39.999572,-104.998674
2026-06-04 09:50:59.047309,W001,39.999706,-104.999024
2026-06-04 10:13:45.168276,W005,39.998702,-104.999172
2026-06-04 10:23:45.168276,W006,39.999298,-104.998696
2026-06-04 10:33:45.168276,W001,39.998821,-104.999084
2026-06-04 10:43:45.168276,W002,39.999091,-104.999309
2026-06-04 11:13:30.329116,W006,39.999154,-104.998711
2026-06-04 11:23:30.329116,W001,39.999134,-104.998812
2026-06-04 11:33:30.329116,W002,39.999176,-104.999066
2026-06-04 11:43:30.329116,W003,39.998467,-104.998362
2026-06-04 11:53:30.329116,W004,39.999212,-104.998791
2026-06-04 12:03:30.329116,W005,39.999467,-104.99909
2026-06-04 12:26:27.977665,W001,39.999507,-104.998375
2026-06-04 12:36:27.977665,W002,39.999359,-104.998703
2026-06-04 12:46:27.977665,W003,39.999111,-104.997979
2026-06-04 12:56:27.977665,W004,39.999333,-104.999812
2026-06-04 13:06:27.977665,W005,39.998413,-104.999543
2026-06-04 13:16:27.977665,W006,39.999538,-104.998358
2026-06-04 13:26:27.977665,W001,39.999194,-104.998203
2026-06-04 07:00:00.000000,W002,40.000816,-105.001055
2026-06-04 07:10:00.000000,W003,40.000893,-105.000967
2026-06-04 07:20:00.000000,W004,40.000557,-105.000749
2026-06-04 07:30:00.000000,W005,40.001443,-105.000957
2026-06-04 07:40:00.000000,W006,40.00051,-105.000744
2026-06-04 08:07:32.579473,W003,40.000578,-105.001376
2026-06-04 08:17:32.579473,W004,40.000392,-105.000816
2026-06-04 08:27:32.579473,W005,40.000576,-105.000937
2026-06-04 08:37:32.579473,W006,39.999829,-105.000658
2026-06-04 08:47:32.579473,W001,40.000448,-105.000424
2026-06-04 08:57:32.579473,W002,40.00062,-105.0006
2026-06-04 09:07:32.579473,W003,40.000514,-105.000992
2026-06-04 09:17:32.579473,W004,40.000449,-105.001039
2026-06-04 09:27:32.579473,W005,40.001137,-105.001117
2026-06-04 09:51:59.849807,W004,40.000455,-105.001244
2026-06-04 10:01:59.849807,W005,40.00099,-105.000264
2026-06-04 10:11:59.849807,W006,40.000322,-105.001494
2026-06-04 10:21:59.849807,W001,40.000127,-105.00082
2026-06-04 10:31:59.849807,W002,40.001348,-105.000931
2026-06-04 10:41:59.849807,W003,40.000573,-105.000521
2026-06-04 11:04:54.751796,W005,40.000347,-105.001247
2026-06-04 11:14:54.751796,W006,40.000618,-105.001398
2026-06-04 11:24:54.751796,W001,40.00032,-105.000435
2026-06-04 11:34:54.751796,W002,40.000643,-105.000582
2026-06-04 11:44:54.751796,W003,40.00023,-105.000812
2026-06-04 12:09:35.013827,W006,40.000602,-105.000714
2026-06-04 12:19:35.013827,W001,40.000176,-105.000973
2026-06-04 12:29:35.013827,W002,40.000385,-105.000964
2026-06-04 12:39:35.013827,W003,40.00057,-105.001442
2026-06-04 12:49:35.013827,W004,40.000467,-105.000832
2026-06-04 13:14:28.623262,W001,40.000119,-105.000787
2026-06-04 13:24:28.623262,W002,40.000628,-105.000603
2026-06-04 13:34:28.623262,W003,40.000626,-105.001
2026-06-04 13:44:28.623262,W004,40.00041,-105.001087
2026-06-04 07:00:00.000000,W002,39.999365,-104.999822
2026-06-04 07:10:00.000000,W003,40.000019,-104.999991
2026-06-04 07:20:00.000000,W004,39.999967,-105.000341
2026-06-04 07:30:00.000000,W005,39.999653,-104.999721
2026-06-04 07:40:00.000000,W006,40.000365,-105.000474
2026-06-04 08:02:44.279700,W003,39.999459,-105.000137
2026-06-04 08:12:44.279700,W004,39.999392,-105.000473
2026-06-04 08:22:44.279700,W005,39.999949,-105.00051
2026-06-04 08:32:44.279700,W006,40.000435,-104.999916
2026-06-04 08:42:44.279700,W001,39.999894,-105.000177
2026-06-04 09:04:02.760882,W004,39.999709,-105.000706
2026-06-04 09:14:02.760882,W005,39.999916,-105.000871
2026-06-04 09:44:50.328464,W005,39.999192,-104.999479
2026-06-04 09:54:50.328464,W006,40.000427,-105.000486
2026-06-04 10:04:50.328464,W001,40.000535,-105.000077
2026-06-04 10:14:50.328464,W002,39.999669,-104.999497
2026-06-04 10:37:36.263320,W006,39.999483,-105.000091
2026-06-04 10:47:36.263320,W001,40.00016,-105.000416
2026-06-04 10:57:36.263320,W002,40.000592,-105.000591
2026-06-04 11:07:36.263320,W003,40.000284,-104.999711
2026-06-04 11:17:36.263320,W004,40.000431,-104.999726
2026-06-04 11:40:52.821457,W001,39.999832,-105.000513
2026-06-04 11:50:52.821457,W002,39.999922,-104.999899
2026-06-04 12:00:52.821457,W003,39.999272,-105.000068
2026-06-04 12:10:52.821457,W004,40.000298,-105.00063
2026-06-04 07:00:00.000000,W002,40.001103,-104.999654
2026-06-04 07:10:00.000000,W003,40.000936,-105.000284
2026-06-04 07:20:00.000000,W004,40.001169,-104.999783
2026-06-04 07:30:00.000000,W005,40.00114,-104.999976
2026-06-04 07:57:03.207249,W003,40.000851,-104.999941
2026-06-04 08:07:03.207249,W004,40.00062,-104.998951
2026-06-04 08:17:03.207249,W005,40.001306,-105.000634
2026-06-04 08:41:40.002691,W004,40.000493,-104.999069
2026-06-04 08:51:40.002691,W005,40.000637,-104.999296
2026-06-04 09:01:40.002691,W006,40.000985,-104.999263
2026-06-04 09:11:40.002691,W001,40.000267,-105.00002
2026-06-04 09:46:23.447640,W005,40.001253,-104.99905
2026-06-04 09:56:23.447640,W006,40.001063,-104.999606
2026-06-04 10:06:23.447640,W001,40.000831,-104.999572
2026-06-04 10:35:42.969407,W006,40.000916,-104.999452
2026-06-04 10:45:42.969407,W001,40.001224,-104.999542
2026-06-04 10:55:42.969407,W002,40.001421,-104.999505
2026-06-04 11:05:42.969407,W003,40.001175,-104.999154
2026-06-04 11:15:42.969407,W004,40.000682,-104.999158
2026-06-04 11:25:42.969407,W005,40.00087,-104.999232
2026-06-04 07:00:00.000000,W001,39.999347,-104.998838
2026-06-04 07:10:00.000000,W002,39.999258,-104.998837
2026-06-04 07:20:00.000000,W003,39.999442,-104.998493
2026-06-04 07:30:00.000000,W004,39.999927,-104.997856
2026-06-04 07:59:36.974641,W002,39.999512,-104.998116
2026-06-04 08:09:36.974641,W003,39.99899,-104.998966
2026-06-04 08:19:36.974641,W004,39.999831,-104.999014
2026-06-04 08:29:36.974641,W005,39.999353,-104.99877
2026-06-04 08:39:36.974641,W006,39.999007,-104.997868
2026-06-04 08:49:36.974641,W001,39.998503,-104.999148
2026-06-04 09:16:21.869965,W003,39.998912,-104.999321
2026-06-04 09:26:21.869965,W004,39.999054,-104.998998
2026-06-04 09:36:21.869965,W005,39.999613,-104.998756
2026-06-04 09:54:34.175131,W004,39.999561,-104.999309
2026-06-04 10:04:34.175131,W005,39.998926,-104.997747
2026-06-04 10:14:34.175131,W006,39.999873,-104.998669
2026-06-04 10:24:34.175131,W001,39.999228,-104.999022
2026-06-04 10:34:34.175131,W002,39.998606,-104.998625
2026-06-04 11:00:48.298624,W005,39.999048,-104.998444
2026-06-04 11:10:48.298624,W006,39.999839,-104.998511
2026-06-04 11:20:48.298624,W001,39.999227,-104.998465
2026-06-04 11:30:48.298624,W002,39.999422,-104.999006
2026-06-04 11:54:08.472357,W006,39.998985,-104.999817
2026-06-04 12:04:08.472357,W001,39.999241,-104.99931
2026-06-04 12:14:08.472357,W002,39.999408,-104.998247
2026-06-04 07:00:00.000000,W001,40.001139,-105.000985
2026-06-04 07:10:00.000000,W002,40.000714,-105.002052
2026-06-04 07:20:00.000000,W003,40.000223,-105.000981
2026-06-04 07:30:00.000000,W004,40.000912,-105.000421
2026-06-04 07:40:00.000000,W005,40.000001,-105.000472
2026-06-04 07:50:00.000000,W006,40.000913,-105.001316
2026-06-04 08:20:14.865137,W002,40.000767,-105.000803
2026-06-04 08:30:14.865137,W003,40.000815,-105.001062
2026-06-04 08:40:14.865137,W004,40.000603,-105.000866
2026-06-04 09:06:45.049982,W003,40.000236,-105.001516
2026-06-04 09:16:45.049982,W004,40.000598,-105.001397
2026-06-04 09:26:45.049982,W005,40.000439,-105.000604
2026-06-04 09:36:45.049982,W006,40.000652,-105.000757
2026-06-04 09:46:45.049982,W001,40.000735,-105.000712
2026-06-04 09:56:45.049982,W002,40.000823,-105.000911
2026-06-04 10:06:45.049982,W003,40.000229,-105.001383
2026-06-04 10:16:45.049982,W004,40.0011,-105.000983
2026-06-04 10:36:12.558371,W004,40.000138,-105.000204
2026-06-04 10:46:12.558371,W005,40.000313,-105.00123
2026-06-04 10:56:12.558371,W006,40.000881,-105.000777
2026-06-04 11:06:12.558371,W001,40.000624,-105.000314
2026-06-04 11:16:12.558371,W002,40.000023,-105.000912
2026-06-04 11:26:12.558371,W003,39.999734,-105.000862
2026-06-04 11:52:54.449881,W005,40.000623,-105.000849
2026-06-04 12:02:54.449881,W006,40.000366,-105.001167
2026-06-04 12:12:54.449881,W001,40.000476,-105.000994
2026-06-04 12:22:54.449881,W002,39.999854,-105.001676
2026-06-04 12:32:54.449881,W003,40.000971,-105.001792
2026-06-04 12:42:54.449881,W004,40.00007,-104.999759
2026-06-04 12:52:54.449881,W005,40.001395,-104.999998
2026-06-04 13:02:54.449881,W006,40.000189,-105.001252
2026-06-05 07:00:00.000000,W006,40.000396,-104.999742
2026-06-05 07:10:00.000000,W001,40.000439,-105.000175
2026-06-05 07:34:15.053619,W001,39.999732,-105.000133
2026-06-05 07:44:15.053619,W002,40.000344,-104.999986
2026-06-05 07:54:15.053619,W003,39.999852,-105.000343
2026-06-05 08:04:15.053619,W004,40.00032,-105.000497
2026-06-05 08:29:49.621101,W002,39.9998,-104.999271
2026-06-05 08:39:49.621101,W003,39.998556,-104.999645
2026-06-05 08:49:49.621101,W004,40.000761,-104.999685
2026-06-05 08:59:49.621101,W005,39.999898,-104.999765
2026-06-05 09:09:49.621101,W006,39.999835,-104.999847
2026-06-05 09:19:49.621101,W001,39.999438,-105.00027
2026-06-05 09:40:03.376172,W003,40.000152,-105.000274
2026-06-05 09:50:03.376172,W004,39.999448,-104.999481
2026-06-05 10:00:03.376172,W005,39.999808,-104.999659
2026-06-05 10:10:03.376172,W006,40.000187,-105.000402
2026-06-05 10:41:18.901946,W004,39.999605,-105.000727
2026-06-05 10:51:18.901946,W005,39.999613,-104.999745
2026-06-05 11:01:18.901946,W006,39.999976,-105.000754
2026-06-05 11:23:28.759254,W005,39.999349,-104.999786
2026-06-05 11:33:28.759254,W006,39.999919,-104.999552
2026-06-05 11:43:28.759254,W001,39.999577,-105.000053
2026-06-05 07:00:00.000000,W006,40.001276,-104.999564
2026-06-05 07:10:00.000000,W001,40.000477,-104.999306
2026-06-05 07:20:00.000000,W002,39.999953,-104.99954
2026-06-05 07:30:00.000000,W003,40.000768,-104.99967
2026-06-05 07:40:00.000000,W004,40.000792,-104.999407
2026-06-05 07:50:00.000000,W005,40.000275,-104.999793
2026-06-05 08:13:50.534186,W001,40.00059,-104.998797
2026-06-05 08:23:50.534186,W002,40.000766,-104.999066
2026-06-05 08:33:50.534186,W003,40.000912,-104.998741
2026-06-05 08:43:50.534186,W004,40.000859,-104.999275
2026-06-05 09:14:19.294631,W002,40.000598,-104.999541
2026-06-05 09:24:19.294631,W003,40.000908,-104.999104
2026-06-05 09:56:48.345544,W003,40.001363,-104.999522
2026-06-05 10:06:48.345544,W004,40.000959,-104.999516
2026-06-05 10:16:48.345544,W005,40.001298,-104.999313
2026-06-05 10:26:48.345544,W006,40.001522,-105.000325
2026-06-05 10:36:48.345544,W001,40.000776,-104.999317
2026-06-05 10:46:48.345544,W002,40.000792,-104.999944
2026-06-05 11:18:32.519936,W004,40.001075,-104.999686
2026-06-05 11:28:32.519936,W005,40.001775,-104.999216
2026-06-05 11:38:32.519936,W006,40.000482,-104.999363
2026-06-05 11:48:32.519936,W001,40.001472,-104.998938
2026-06-05 11:58:32.519936,W002,40.001184,-105.000911
2026-06-05 12:24:35.634126,W005,40.000814,-104.999362
2026-06-05 12:34:35.634126,W006,40.000884,-104.999239
2026-06-05 12:44:35.634126,W001,40.00053,-104.99937
2026-06-05 12:54:35.634126,W002,40.00139,-104.9994
2026-06-05 13:04:35.634126,W003,40.001569,-104.999878
2026-06-05 13:23:13.824530,W006,40.001053,-104.999301
2026-06-05 13:33:13.824530,W001,40.001427,-104.998873
2026-06-05 13:43:13.824530,W002,40.000845,-104.998315
2026-06-05 13:53:13.824530,W003,39.999886,-104.999756
2026-06-05 14:03:13.824530,W004,40.000894,-104.999727
2026-06-05 14:13:13.824530,W005,40.000696,-104.999433
2026-06-05 14:42:38.832634,W001,40.000751,-104.999769
2026-06-05 14:52:38.832634,W002,40.001315,-104.999915
2026-06-05 15:02:38.832634,W003,40.000995,-104.999279
2026-06-05 15:12:38.832634,W004,40.000754,-104.998911
2026-06-05 15:22:38.832634,W005,40.001548,-104.999257
2026-06-05 15:32:38.832634,W006,40.000807,-104.999866
2026-06-05 15:42:38.832634,W001,40.000996,-104.999814
2026-06-05 07:00:00.000000,W002,39.998897,-104.998057
2026-06-05 07:10:00.000000,W003,39.998226,-104.998224
2026-06-05 07:20:00.000000,W004,39.998677,-104.999403
2026-06-05 07:30:00.000000,W005,39.999714,-104.999836
2026-06-05 07:49:42.522911,W003,39.999269,-104.998904
2026-06-05 07:59:42.522911,W004,39.998592,-104.998202
2026-06-05 08:09:42.522911,W005,39.999023,-104.998964
2026-06-05 08:19:42.522911,W006,39.999973,-104.999093
2026-06-05 08:43:46.327116,W004,39.999712,-104.999808
2026-06-05 08:53:46.327116,W005,39.998616,-104.99895
2026-06-05 09:21:57.330986,W005,39.99923,-104.998912
2026-06-05 09:31:57.330986,W006,39.998602,-104.998023
2026-06-05 09:41:57.330986,W001,39.998847,-104.998939
2026-06-05 09:51:57.330986,W002,39.99924,-104.998543
2026-06-05 10:13:28.047795,W006,39.999318,-104.998689
2026-06-05 10:23:28.047795,W001,39.9991,-104.99892
2026-06-05 10:33:28.047795,W002,39.999414,-104.998735
2026-06-05 10:43:28.047795,W003,39.999586,-104.998963
2026-06-05 10:53:28.047795,W004,39.999717,-104.998351
2026-06-05 11:03:28.047795,W005,39.999624,-104.998867
2026-06-05 11:13:28.047795,W006,39.998414,-104.99898
2026-06-05 11:23:28.047795,W001,39.999001,-104.999068
2026-06-05 11:33:28.047795,W002,39.999006,-104.998751
2026-06-05 11:43:28.047795,W003,39.998776,-104.998296
2026-06-05 07:00:00.000000,W001,40.000059,-105.000778
2026-06-05 07:10:00.000000,W002,40.000557,-105.001143
2026-06-05 07:20:00.000000,W003,40.000952,-105.000877
2026-06-05 07:30:00.000000,W004,40.000884,-105.001515
2026-06-05 07:40:00.000000,W005,40.000605,-105.001168
2026-06-05 08:08:41.881676,W002,40.000242,-105.001348
2026-06-05 08:18:41.881676,W003,40.000615,-105.000728
2026-06-05 08:28:41.881676,W004,40.001184,-105.000836
2026-06-05 08:59:15.074611,W003,40.000707,-105.000642
2026-06-05 09:09:15.074611,W004,40.000187,-105.000732
2026-06-05 09:19:15.074611,W005,40.000664,-105.001141
2026-06-05 09:29:15.074611,W006,40.000368,-105.00074
2026-06-05 09:39:15.074611,W001,40.000128,-105.000943
2026-06-05 09:59:02.642711,W004,40.000214,-105.001384
2026-06-05 10:09:02.642711,W005,40.000609,-105.000516
2026-06-05 10:19:02.642711,W006,40.001158,-105.00113
2026-06-05 10:29:02.642711,W001,39.999942,-105.00125
2026-06-05 10:54:55.339799,W005,40.000467,-105.001145
2026-06-05 11:04:55.339799,W006,39.999843,-105.001467
2026-06-05 11:14:55.339799,W001,40.000383,-105.000773
2026-06-05 11:24:55.339799,W002,40.000455,-105.001463
2026-06-05 11:34:55.339799,W003,40.000893,-105.001379
2026-06-05 11:59:29.879804,W006,40.001058,-105.000683
2026-06-05 12:09:29.879804,W001,40.000623,-105.000253
2026-06-05 12:19:29.879804,W002,40.0006,-105.001367
2026-06-05 07:00:00.000000,W001,39.999679,-105.000085
2026-06-05 07:10:00.000000,W002,39.99971,-104.999518
2026-06-05 07:20:00.000000,W003,40.000333,-104.999895
2026-06-05 07:30:00.000000,W004,39.999788,-104.999752
2026-06-05 07:40:00.000000,W005,39.999786,-105.000108
2026-06-05 07:50:00.000000,W006,39.999148,-104.999656
2026-06-05 08:00:00.000000,W001,39.999301,-105.000072
2026-06-05 08:19:36.694622,W002,40.000018,-104.999985
2026-06-05 08:29:36.694622,W003,40.000225,-105.000372
2026-06-05 08:39:36.694622,W004,39.999941,-105.000342
2026-06-05 08:49:36.694622,W005,39.999792,-105.000072
2026-06-05 09:20:58.696221,W003,40.000002,-104.999385
2026-06-05 09:30:58.696221,W004,40.000138,-105.000521
2026-06-05 09:40:58.696221,W005,40.000287,-104.999881
2026-06-05 09:50:58.696221,W006,40.000705,-105.000584
2026-06-05 10:15:44.535070,W004,39.999672,-104.99943
2026-06-05 10:25:44.535070,W005,39.999651,-105.000606
2026-06-05 07:00:00.000000,W005,40.001271,-104.999554
2026-06-05 07:10:00.000000,W006,40.000987,-104.999185
2026-06-05 07:20:00.000000,W001,40.00098,-104.999655
2026-06-05 07:46:25.787038,W006,40.00095,-104.999127
2026-06-05 07:56:25.787038,W001,40.000908,-104.999592
2026-06-05 08:06:25.787038,W002,40.001255,-104.999568
2026-06-05 08:16:25.787038,W003,40.000823,-104.999017
2026-06-05 08:26:25.787038,W004,40.000206,-104.999692
2026-06-05 08:48:54.480765,W001,40.000721,-104.999599
2026-06-05 08:58:54.480765,W002,40.000559,-104.999318
2026-06-05 09:08:54.480765,W003,40.000864,-104.998353
2026-06-05 09:35:55.019660,W002,40.000668,-104.998956
2026-06-05 09:45:55.019660,W003,40.000683,-104.999394
2026-06-05 09:55:55.019660,W004,40.001301,-104.999146
2026-06-05 10:05:55.019660,W005,40.000987,-104.999497
2026-06-05 10:15:55.019660,W006,40.001755,-104.999072
2026-06-05 10:42:09.147600,W003,40.001309,-104.999125
2026-06-05 10:52:09.147600,W004,40.000553,-104.998754
2026-06-05 11:02:09.147600,W005,40.001501,-104.998938
2026-06-05 11:12:09.147600,W006,40.000701,-105.000442
2026-06-05 11:22:09.147600,W001,40.001991,-104.999639
2026-06-05 11:43:10.886540,W004,40.001868,-105.000283
2026-06-05 11:53:10.886540,W005,40.000953,-104.998938
2026-06-05 12:03:10.886540,W006,40.000049,-105.000008
2026-06-05 12:13:10.886540,W001,40.000466,-104.999406
2026-06-05 12:23:10.886540,W002,40.000924,-104.999666
2026-06-05 12:33:10.886540,W003,40.000855,-104.998977
2026-06-05 12:43:10.886540,W004,40.000649,-104.998591
2026-06-05 13:09:15.366643,W005,40.000774,-104.9998
2026-06-05 13:19:15.366643,W006,40.001286,-104.999048
2026-06-05 13:29:15.366643,W001,40.000346,-104.99981
2026-06-05 13:39:15.366643,W002,40.000721,-104.99902
2026-06-05 13:49:15.366643,W003,40.001168,-104.998742
2026-06-05 14:16:08.021623,W006,40.000903,-104.999568
2026-06-05 14:26:08.021623,W001,40.001168,-104.999924
2026-06-05 14:36:08.021623,W002,40.001357,-104.99932
2026-06-05 14:46:08.021623,W003,40.00132,-104.999208
2026-06-05 14:56:08.021623,W004,40.001103,-104.999712
2026-06-05 07:00:00.000000,W001,39.999129,-104.998764
2026-06-05 07:10:00.000000,W002,39.999447,-104.998108
2026-06-05 07:20:00.000000,W003,39.998849,-104.998505
2026-06-05 07:30:00.000000,W004,39.999237,-104.99898
2026-06-05 07:40:00.000000,W005,39.999017,-104.998979
2026-06-05 08:05:53.944236,W002,39.998986,-104.998526
2026-06-05 08:15:53.944236,W003,40.000303,-104.998495
2026-06-05 08:25:53.944236,W004,39.999043,-104.999255
2026-06-05 08:35:53.944236,W005,39.999218,-104.998844
2026-06-05 08:45:53.944236,W006,39.999068,-104.998771
2026-06-05 08:55:53.944236,W001,39.999193,-104.99828
2026-06-05 09:05:53.944236,W002,39.999919,-104.998665
2026-06-05 09:26:41.297047,W003,39.998893,-104.998425
2026-06-05 09:36:41.297047,W004,39.998906,-104.998198
2026-06-05 10:04:01.216122,W004,39.999677,-104.998184
2026-06-05 10:14:01.216122,W005,39.998806,-104.998503
2026-06-05 10:24:01.216122,W006,39.999125,-104.999073
2026-06-05 10:55:07.570970,W005,39.999746,-104.998248
2026-06-05 11:05:07.570970,W006,39.999294,-104.999283
2026-06-05 11:15:07.570970,W001,39.999358,-104.998961
2026-06-05 11:25:07.570970,W002,40.000012,-104.999273
2026-06-05 11:50:11.967435,W006,39.999431,-104.998761
2026-06-05 12:00:11.967435,W001,39.999523,-104.998264
2026-06-05 12:10:11.967435,W002,39.998609,-104.998762
2026-06-05 12:20:11.967435,W003,39.999248,-104.998838
2026-06-05 12:44:56.693547,W001,39.999778,-104.997849
2026-06-05 12:54:56.693547,W002,39.999444,-104.998235
2026-06-05 07:00:00.000000,W002,40.000961,-105.001175
2026-06-05 07:10:00.000000,W003,40.000248,-105.001324
2026-06-05 07:20:00.000000,W004,40.000425,-105.000446
2026-06-05 07:30:00.000000,W005,40.000035,-105.000949
2026-06-05 07:40:00.000000,W006,40.000582,-105.000745
2026-06-05 07:50:00.000000,W001,40.000636,-105.00088
2026-06-05 08:23:27.594332,W003,40.001208,-105.001176
2026-06-05 08:33:27.594332,W004,40.000617,-105.000587
2026-06-05 09:05:34.041439,W004,40.000698,-105.00068
2026-06-05 09:15:34.041439,W005,40.000627,-105.001082
2026-06-05 09:25:34.041439,W006,40.000304,-105.000508
2026-06-05 09:55:03.789794,W005,39.999408,-105.000985
2026-06-05 10:05:03.789794,W006,40.001307,-105.000476
2026-06-05 10:15:03.789794,W001,40.000199,-105.000602
2026-06-05 10:25:03.789794,W002,40.00085,-105.000874
2026-06-05 10:55:22.134771,W006,40.000661,-105.000945
2026-06-05 11:05:22.134771,W001,40.00032,-105.000538
2026-06-05 11:15:22.134771,W002,39.999965,-105.001352
2026-06-05 11:25:22.134771,W003,40.000254,-105.001469
2026-06-05 11:54:35.974690,W001,40.000766,-105.000417
2026-06-05 12:04:35.974690,W002,40.000602,-105.000516
2026-06-05 12:14:35.974690,W003,40.001477,-105.000778
2026-06-05 12:24:35.974690,W004,40.000188,-105.001893
2026-06-06 07:00:00.000000,W002,39.999845,-105.000167
2026-06-06 07:10:00.000000,W003,39.999636,-105.000317
2026-06-06 07:20:00.000000,W004,39.999816,-105.00019
2026-06-06 07:30:00.000000,W005,39.999826,-104.99931
2026-06-06 07:56:21.719883,W003,40.00051,-104.999908
2026-06-06 08:06:21.719883,W004,40.000171,-104.999973
2026-06-06 08:16:21.719883,W005,39.999558,-104.999645
2026-06-06 08:26:21.719883,W006,39.999827,-105.000275
2026-06-06 08:51:51.608361,W004,40.000011,-104.999988
2026-06-06 09:01:51.608361,W005,40.000102,-105.000278
2026-06-06 09:11:51.608361,W006,39.999929,-105.000326
2026-06-06 09:21:51.608361,W001,40.000478,-105.00019
2026-06-06 09:31:51.608361,W002,40.000056,-105.000154
2026-06-06 09:56:29.303484,W005,40.000027,-105.000429
2026-06-06 10:06:29.303484,W006,40.000693,-105.000374
2026-06-06 10:16:29.303484,W001,40.00052,-105.000011
2026-06-06 10:26:29.303484,W002,40.000375,-104.99951
2026-06-06 10:36:29.303484,W003,40.000531,-104.999932
2026-06-06 10:54:52.315489,W006,40.000085,-104.999604
2026-06-06 11:04:52.315489,W001,39.999212,-104.999664
2026-06-06 11:14:52.315489,W002,40.000105,-104.999411
2026-06-06 11:24:52.315489,W003,39.999729,-105.00037
2026-06-06 11:53:29.031989,W001,40.000282,-105.000005
2026-06-06 12:03:29.031989,W002,39.999481,-104.99945
2026-06-06 12:13:29.031989,W003,39.999809,-105.000504
2026-06-06 12:23:29.031989,W004,40.000242,-104.999331
2026-06-06 12:33:29.031989,W005,40.000463,-105.000395
2026-06-06 13:02:46.300948,W002,39.99947,-104.999203
2026-06-06 13:12:46.300948,W003,40.000265,-105.000079
2026-06-06 13:22:46.300948,W004,40.00029,-105.000638
2026-06-06 13:32:46.300948,W005,40.000238,-104.999553
2026-06-06 13:42:46.300948,W006,40.000134,-104.999596
2026-06-06 07:00:00.000000,W003,40.001004,-105.00017
2026-06-06 07:10:00.000000,W004,40.001367,-104.999311
2026-06-06 07:20:00.000000,W005,40.000723,-104.999683
2026-06-06 07:30:00.000000,W006,40.001034,-105.000018
2026-06-06 08:01:28.219472,W004,40.000831,-104.999631
2026-06-06 08:11:28.219472,W005,40.00131,-104.999223
2026-06-06 08:21:28.219472,W006,40.001529,-104.998921
2026-06-06 08:31:28.219472,W001,40.000913,-104.999202
2026-06-06 08:49:34.195124,W005,40.001219,-104.999685
2026-06-06 08:59:34.195124,W006,40.000775,-104.998981
2026-06-06 09:09:34.195124,W001,40.001027,-104.999681
2026-06-06 09:19:34.195124,W002,40.000981,-104.999499
2026-06-06 09:29:34.195124,W003,40.000978,-104.999425
2026-06-06 10:01:34.994347,W006,40.000886,-104.999893
2026-06-06 10:11:34.994347,W001,40.000767,-105.000064
2026-06-06 10:21:34.994347,W002,40.000236,-104.999851
2026-06-06 07:00:00.000000,W001,39.999521,-104.999171
2026-06-06 07:10:00.000000,W002,39.999743,-104.998439
2026-06-06 07:20:00.000000,W003,39.999172,-104.998662
2026-06-06 07:30:00.000000,W004,39.999929,-104.998585
2026-06-06 07:40:00.000000,W005,39.999484,-104.998517
2026-06-06 07:50:00.000000,W006,39.998469,-104.998921
2026-06-06 08:00:00.000000,W001,39.999026,-104.998451
2026-06-06 08:10:00.000000,W002,39.999046,-104.998889
2026-06-06 08:30:54.661334,W002,39.999311,-104.999067
2026-06-06 08:40:54.661334,W003,39.998995,-104.998459
2026-06-06 09:07:57.721040,W003,39.999413,-104.998009
2026-06-06 09:17:57.721040,W004,39.999249,-104.998676
2026-06-06 09:27:57.721040,W005,39.999137,-104.999151
2026-06-06 09:37:57.721040,W006,39.999559,-104.998649
2026-06-06 09:47:57.721040,W001,39.998463,-104.999277
2026-06-06 10:07:50.725853,W004,39.999653,-104.998814
2026-06-06 10:17:50.725853,W005,39.999603,-104.998711
2026-06-06 10:27:50.725853,W006,39.998999,-104.998318
2026-06-06 10:37:50.725853,W001,39.999896,-104.999522
2026-06-06 10:47:50.725853,W002,39.999039,-104.999262
2026-06-06 10:57:50.725853,W003,39.998802,-104.998684
2026-06-06 11:16:53.234864,W005,39.999238,-104.998516
2026-06-06 11:26:53.234864,W006,39.998423,-104.999032
2026-06-06 11:36:53.234864,W001,39.999122,-104.999183
2026-06-06 11:46:53.234864,W002,39.999428,-104.998947
2026-06-06 11:56:53.234864,W003,39.999753,-104.998751
2026-06-06 12:06:53.234864,W004,39.998675,-104.999092
2026-06-06 12:28:48.107585,W006,39.999421,-104.998286
2026-06-06 12:38:48.107585,W001,39.999421,-104.999198
2026-06-06 12:48:48.107585,W002,39.998768,-104.99846
2026-06-06 13:09:49.286441,W001,39.998628,-104.998623
2026-06-06 13:19:49.286441,W002,39.999386,-104.998865
2026-06-06 13:29:49.286441,W003,39.998425,-104.99912
2026-06-06 13:39:49.286441,W004,39.998624,-104.999184
2026-06-06 07:00:00.000000,W002,40.000051,-105.000776
2026-06-06 07:10:00.000000,W003,40.000182,-105.001175
2026-06-06 07:20:00.000000,W004,40.000606,-105.000835
2026-06-06 07:30:00.000000,W005,40.000445,-105.000609
2026-06-06 07:55:05.285091,W003,40.000251,-105.001831
2026-06-06 08:05:05.285091,W004,40.000049,-105.001319
2026-06-06 08:15:05.285091,W005,40.0005,-105.00096
2026-06-06 08:25:05.285091,W006,40.000074,-105.000872
2026-06-06 08:52:01.850865,W004,40.000311,-105.000802
2026-06-06 09:02:01.850865,W005,39.999713,-105.000987
2026-06-06 09:26:53.348305,W005,40.00103,-105.000791
2026-06-06 09:36:53.348305,W006,39.999922,-105.000949
2026-06-06 09:46:53.348305,W001,40.00107,-105.000941
2026-06-06 09:56:53.348305,W002,39.99995,-105.000812
2026-06-06 10:06:53.348305,W003,40.001036,-105.000738
2026-06-06 10:16:53.348305,W004,40.000773,-105.001056
2026-06-06 10:26:53.348305,W005,40.000543,-105.00129
2026-06-06 10:48:39.611249,W006,40.000876,-105.001255
2026-06-06 10:58:39.611249,W001,40.000565,-105.000895
2026-06-06 11:08:39.611249,W002,40.001644,-105.000999
2026-06-06 11:18:39.611249,W003,40.00033,-105.000309
2026-06-06 11:28:39.611249,W004,40.000411,-105.001223
2026-06-06 11:52:25.352426,W001,40.000453,-105.000862
2026-06-06 12:02:25.352426,W002,40.00043,-105.0004
2026-06-06 12:12:25.352426,W003,40.000816,-105.001165
2026-06-06 12:22:25.352426,W004,39.999951,-105.001208
2026-06-06 12:32:25.352426,W005,40.00057,-105.001273
2026-06-06 13:03:25.997789,W002,40.000679,-105.001523
2026-06-06 13:13:25.997789,W003,40.000796,-105.001362
2026-06-06 13:23:25.997789,W004,40.00112,-105.001502
2026-06-06 13:33:25.997789,W005,40.00031,-105.0013
2026-06-06 13:43:25.997789,W006,40.000685,-105.000645
2026-06-06 07:00:00.000000,W003,40.000172,-105.000574
2026-06-06 07:10:00.000000,W004,39.99944,-105.000051
2026-06-06 07:20:00.000000,W005,39.999389,-105.000548
2026-06-06 07:30:00.000000,W006,40.000337,-104.999859
2026-06-06 07:40:00.000000,W001,39.999785,-105.000245
2026-06-06 07:50:00.000000,W002,39.99927,-104.999569
2026-06-06 08:13:57.210038,W004,39.999729,-104.999896
2026-06-06 08:23:57.210038,W005,40.000064,-104.999593
2026-06-06 08:33:57.210038,W006,40.000018,-105.000413
2026-06-06 08:43:57.210038,W001,40.000631,-104.999709
2026-06-06 08:53:57.210038,W002,40.000248,-104.999642
2026-06-06 09:03:57.210038,W003,40.000122,-105.00042
2026-06-06 09:13:57.210038,W004,39.999847,-104.99991
2026-06-06 09:37:59.925247,W005,40.000201,-105.000326
2026-06-06 09:47:59.925247,W006,40.000021,-104.999425
2026-06-06 09:57:59.925247,W001,40.000207,-105.000372
2026-06-06 10:07:59.925247,W002,39.999416,-104.999961
2026-06-06 10:31:59.506094,W006,39.999239,-105.000498
2026-06-06 10:41:59.506094,W001,40.00008,-104.99988
2026-06-06 10:51:59.506094,W002,39.999179,-104.999923
2026-06-06 11:01:59.506094,W003,40.000388,-104.999644
2026-06-06 11:11:59.506094,W004,40.000365,-104.999417
2026-06-06 11:40:12.730699,W001,39.999998,-105.000332
2026-06-06 11:50:12.730699,W002,40.000647,-104.999192
2026-06-06 12:00:12.730699,W003,40.000254,-104.99982
2026-06-06 12:10:12.730699,W004,39.999484,-105.000644
2026-06-06 12:42:21.901880,W002,39.999866,-105.000111
2026-06-06 12:52:21.901880,W003,40.000285,-104.999416
2026-06-06 13:02:21.901880,W004,39.999981,-104.999657
2026-06-06 13:12:21.901880,W005,40.000406,-104.999105
2026-06-06 13:39:51.231595,W003,39.999858,-105.000156
2026-06-06 13:49:51.231595,W004,40.000407,-104.999518
2026-06-06 13:59:51.231595,W005,39.999729,-104.999729
2026-06-06 14:09:51.231595,W006,40.000581,-105.000286
2026-06-06 14:36:09.824277,W004,39.99961,-105.000236
2026-06-06 14:46:09.824277,W005,40.000305,-105.00034
2026-06-06 14:56:09.824277,W006,40.000145,-105.000457
2026-06-06 15:06:09.824277,W001,40.000058,-105.000966
2026-06-06 15:16:09.824277,W002,40.000185,-105.000699
2026-06-06 15:26:09.824277,W003,40.000309,-105.000178
2026-06-06 15:36:09.824277,W004,40.000101,-105.000186
2026-06-06 07:00:00.000000,W005,40.000694,-105.00002
2026-06-06 07:10:00.000000,W006,40.0008,-104.999813
2026-06-06 07:20:00.000000,W001,40.001345,-104.999296
2026-06-06 07:30:00.000000,W002,40.000546,-104.999577
2026-06-06 07:54:18.889195,W006,40.00026,-104.999428
2026-06-06 08:04:18.889195,W001,40.001701,-104.99898
2026-06-06 08:14:18.889195,W002,40.000763,-104.999745
2026-06-06 08:24:18.889195,W003,40.000781,-104.999202
2026-06-06 08:34:18.889195,W004,40.000794,-104.999142
2026-06-06 08:44:18.889195,W005,40.000659,-105.000323
2026-06-06 08:54:18.889195,W006,40.001068,-104.999151
2026-06-06 09:20:52.207836,W001,40.001026,-104.999679
2026-06-06 09:30:52.207836,W002,40.001165,-104.99916
2026-06-06 10:00:38.226232,W002,40.001158,-104.999656
2026-06-06 10:10:38.226232,W003,40.00117,-104.998881
2026-06-06 10:20:38.226232,W004,40.001039,-104.999877
2026-06-06 10:30:38.226232,W005,40.000912,-104.99977
2026-06-06 11:00:10.126732,W003,40.001168,-104.999113
2026-06-06 11:10:10.126732,W004,40.001267,-104.99993
2026-06-06 11:20:10.126732,W005,40.001079,-104.999453
2026-06-06 11:30:10.126732,W006,40.00142,-104.999656
2026-06-06 11:40:10.126732,W001,40.001075,-104.999149
2026-06-06 11:50:10.126732,W002,40.001477,-105.00018
2026-06-06 12:00:10.126732,W003,40.000971,-104.999476
2026-06-06 12:10:10.126732,W004,40.000919,-105.000276
2026-06-06 12:20:10.126732,W005,40.001742,-104.999794
2026-06-06 12:51:21.881953,W004,40.001484,-104.99965
2026-06-06 13:01:21.881953,W005,40.00116,-104.999303
2026-06-06 13:11:21.881953,W006,40.00067,-104.999449
2026-06-06 13:21:21.881953,W001,40.001969,-104.999854
2026-06-06 13:31:21.881953,W002,40.000711,-104.999521
2026-06-06 13:41:21.881953,W003,40.000848,-104.999048
2026-06-06 13:51:21.881953,W004,40.000613,-104.999721
2026-06-06 14:20:35.839799,W005,40.001445,-104.999357
2026-06-06 14:30:35.839799,W006,40.001792,-104.999629
2026-06-06 14:40:35.839799,W001,40.001182,-104.999535
2026-06-06 14:50:35.839799,W002,40.001067,-104.999241
2026-06-06 15:00:35.839799,W003,40.000967,-104.999642
2026-06-06 15:18:17.425511,W006,40.001369,-104.999381
2026-06-06 15:28:17.425511,W001,40.00146,-105.000034
2026-06-06 15:38:17.425511,W002,40.001446,-104.999431
2026-06-06 15:48:17.425511,W003,40.001194,-104.999428
2026-06-06 07:00:00.000000,W001,39.998975,-104.998406
2026-06-06 07:10:00.000000,W002,39.999277,-104.999626
2026-06-06 07:20:00.000000,W003,39.999555,-104.998443
2026-06-06 07:48:48.255125,W002,39.999964,-104.999163
2026-06-06 07:58:48.255125,W003,39.999337,-104.998915
2026-06-06 08:08:48.255125,W004,39.999773,-104.998746
2026-06-06 08:18:48.255125,W005,39.999095,-104.998339
2026-06-06 08:28:48.255125,W006,39.999808,-104.99834
2026-06-06 08:58:25.957316,W003,39.999177,-104.998662
2026-06-06 09:08:25.957316,W004,39.999562,-104.998449
2026-06-06 09:18:25.957316,W005,39.999645,-104.998759
2026-06-06 09:28:25.957316,W006,40.000023,-104.999198
2026-06-06 09:53:03.713631,W004,39.999303,-104.998813
2026-06-06 10:03:03.713631,W005,39.999046,-104.999234
2026-06-06 10:37:40.177433,W005,39.999463,-104.998926
2026-06-06 10:47:40.177433,W006,39.999061,-104.998553
2026-06-06 10:57:40.177433,W001,39.999513,-104.999245
2026-06-06 11:07:40.177433,W002,39.998965,-104.998599
2026-06-06 11:32:32.129850,W006,39.999365,-104.998835
2026-06-06 11:42:32.129850,W001,39.998578,-104.999194
2026-06-06 11:52:32.129850,W002,39.999104,-104.998658
2026-06-06 12:02:32.129850,W003,39.998814,-104.998518
2026-06-06 12:12:32.129850,W004,39.999387,-104.998824
2026-06-06 12:32:41.584256,W001,39.998765,-104.998872
2026-06-06 12:42:41.584256,W002,39.999467,-104.998793
2026-06-06 12:52:41.584256,W003,39.998162,-104.999059
2026-06-06 13:02:41.584256,W004,39.998761,-104.998385
2026-06-06 13:12:41.584256,W005,39.999199,-104.998002
2026-06-06 13:22:41.584256,W006,39.999415,-104.999036
2026-06-06 13:32:41.584256,W001,40.000004,-104.999483
2026-06-06 13:42:41.584256,W002,39.998725,-104.999235
2026-06-06 07:00:00.000000,W002,40.000737,-105.001446
2026-06-06 07:10:00.000000,W003,40.000255,-105.000304
2026-06-06 07:20:00.000000,W004,40.000413,-104.999878
2026-06-06 07:30:00.000000,W005,40.000368,-105.001015
2026-06-06 07:40:00.000000,W006,40.000186,-105.000753
2026-06-06 07:57:37.114811,W003,40.000275,-105.000518
2026-06-06 08:07:37.114811,W004,40.000547,-105.000792
2026-06-06 08:17:37.114811,W005,40.000518,-105.001294
2026-06-06 08:27:37.114811,W006,40.000178,-105.001108
2026-06-06 08:37:37.114811,W001,40.000519,-105.001334
2026-06-06 09:07:45.384348,W004,40.000709,-105.000753
2026-06-06 09:17:45.384348,W005,40.001116,-105.001301
2026-06-06 09:27:45.384348,W006,40.000411,-105.000418
2026-06-06 09:37:45.384348,W001,39.999943,-105.001068
2026-06-06 10:00:03.165349,W005,40.000332,-105.001409
2026-06-06 10:10:03.165349,W006,40.001143,-105.000985
2026-06-06 10:20:03.165349,W001,40.000416,-105.000891
2026-06-06 10:30:03.165349,W002,40.000029,-105.000541
2026-06-07 07:00:00.000000,W006,39.999743,-104.999704
2026-06-07 07:10:00.000000,W001,39.999938,-104.999972
2026-06-07 07:20:00.000000,W002,40.000982,-104.999612
2026-06-07 07:30:00.000000,W003,39.999537,-104.999815
2026-06-07 07:52:38.355323,W001,39.999232,-104.9995
2026-06-07 08:02:38.355323,W002,39.999809,-105.000635
2026-06-07 08:12:38.355323,W003,40.000659,-105.000097
2026-06-07 08:22:38.355323,W004,39.999946,-104.999962
2026-06-07 08:44:43.314824,W002,39.999418,-105.000296
2026-06-07 08:54:43.314824,W003,39.999987,-104.99985
2026-06-07 09:04:43.314824,W004,39.999858,-105.000334
2026-06-07 09:14:43.314824,W005,39.999888,-105.000675
2026-06-07 09:24:43.314824,W006,39.999182,-105.000065
2026-06-07 09:48:27.129490,W003,40.000038,-105.000358
2026-06-07 09:58:27.129490,W004,40.000527,-104.999768
2026-06-07 10:08:27.129490,W005,40.000708,-104.999958
2026-06-07 10:18:27.129490,W006,39.999709,-105.000194
2026-06-07 10:28:27.129490,W001,39.999526,-104.999581
2026-06-07 10:38:27.129490,W002,39.99998,-104.999841
2026-06-07 10:48:27.129490,W003,39.999557,-105.000043
2026-06-07 11:05:13.455371,W004,40.000002,-105.000008
2026-06-07 11:15:13.455371,W005,40.000432,-105.000601
2026-06-07 11:25:13.455371,W006,39.999808,-104.999677
2026-06-07 11:35:13.455371,W001,40.00013,-105.000021
2026-06-07 11:45:13.455371,W002,40.0006,-104.999746
2026-06-07 11:55:13.455371,W003,39.999739,-104.999951
2026-06-07 12:05:13.455371,W004,40.000133,-104.999514
2026-06-07 12:27:12.127301,W005,39.999821,-104.999767
2026-06-07 12:37:12.127301,W006,40.000184,-104.999902
2026-06-07 12:47:12.127301,W001,39.999139,-105.000179
2026-06-07 12:57:12.127301,W002,39.999452,-104.99991
2026-06-07 13:26:40.272976,W006,39.99992,-104.999869
2026-06-07 13:36:40.272976,W001,39.999536,-104.999772
2026-06-07 13:46:40.272976,W002,40.000168,-105.000432
2026-06-07 13:56:40.272976,W003,40.000185,-105.000185
2026-06-07 14:21:20.385852,W001,40.00007,-105.000347
2026-06-07 14:31:20.385852,W002,40.00063,-104.999877
2026-06-07 14:41:20.385852,W003,39.999138,-105.000928
2026-06-07 14:51:20.385852,W004,40.000258,-104.999934
2026-06-07 15:01:20.385852,W005,39.999552,-105.000152
2026-06-07 15:11:20.385852,W006,40.000043,-104.999495
2026-06-07 07:00:00.000000,W002,40.001035,-104.999545
2026-06-07 07:10:00.000000,W003,40.000864,-104.999353
2026-06-07 07:20:00.000000,W004,40.00079,-104.999022
2026-06-07 07:30:00.000000,W005,40.0008,-105.000025
2026-06-07 07:40:00.000000,W006,40.000701,-104.999406
2026-06-07 07:50:00.000000,W001,40.000974,-104.999436
2026-06-07 08:13:55.103872,W003,40.000804,-104.999875
2026-06-07 08:23:55.103872,W004,40.000436,-104.999562
2026-06-07 08:33:55.103872,W005,40.001306,-104.999768
2026-06-07 08:43:55.103872,W006,40.001592,-104.999603
2026-06-07 09:05:15.972757,W004,40.001535,-104.999996
2026-06-07 09:15:15.972757,W005,40.001097,-104.999473
2026-06-07 09:25:15.972757,W006,40.000759,-104.999558
2026-06-07 09:35:15.972757,W001,40.001156,-105.000597
2026-06-07 09:45:15.972757,W002,40.001529,-104.999801
2026-06-07 10:03:44.117115,W005,40.000698,-104.999075
2026-06-07 10:13:44.117115,W006,40.000618,-104.998862
2026-06-07 10:23:44.117115,W001,40.000921,-104.998734
2026-06-07 10:33:44.117115,W002,40.000875,-104.999559
2026-06-07 10:43:44.117115,W003,40.000763,-104.999829
2026-06-07 10:53:44.117115,W004,40.000757,-104.999832
2026-06-07 11:03:44.117115,W005,40.001093,-105.000078
2026-06-07 11:13:44.117115,W006,40.000953,-104.999837
2026-06-07 11:36:14.631857,W006,40.000807,-104.998572
2026-06-07 11:46:14.631857,W001,40.001248,-104.999175
2026-06-07 11:56:14.631857,W002,40.001641,-104.999593
2026-06-07 12:06:14.631857,W003,40.001528,-104.999931
2026-06-07 12:16:14.631857,W004,40.000829,-104.999344
2026-06-07 12:26:14.631857,W005,40.000913,-104.999251
2026-06-07 07:00:00.000000,W001,39.999262,-104.998801
2026-06-07 07:10:00.000000,W002,39.999162,-104.99879
2026-06-07 07:20:00.000000,W003,39.998797,-104.999295
2026-06-07 07:30:00.000000,W004,39.998293,-104.998596
2026-06-07 07:40:00.000000,W005,39.998921,-104.999782
2026-06-07 07:50:00.000000,W006,39.998992,-104.999394
2026-06-07 08:00:00.000000,W001,39.999881,-104.998577
2026-06-07 08:10:00.000000,W002,39.999471,-104.998939
2026-06-07 08:28:50.183378,W002,39.999055,-104.999103
2026-06-07 08:38:50.183378,W003,39.999262,-104.999231
2026-06-07 08:48:50.183378,W004,39.999062,-104.99904
2026-06-07 08:58:50.183378,W005,39.998508,-104.998583
2026-06-07 09:08:50.183378,W006,39.999435,-104.998374
2026-06-07 09:27:06.494401,W003,39.99849,-104.99816
2026-06-07 09:37:06.494401,W004,39.998974,-104.998798
2026-06-07 09:47:06.494401,W005,39.999345,-104.999018
2026-06-07 09:57:06.494401,W006,39.998639,-104.998321
2026-06-07 10:07:06.494401,W001,39.998744,-104.998778
2026-06-07 10:35:50.087353,W004,39.999258,-104.999897
2026-06-07 10:45:50.087353,W005,39.998957,-104.998674
2026-06-07 07:00:00.000000,W005,40.000407,-105.000856
2026-06-07 07:10:00.000000,W006,40.000243,-105.000688
2026-06-07 07:20:00.000000,W001,39.999881,-105.000485
2026-06-07 07:30:00.000000,W002,40.000419,-105.00097
2026-06-07 07:40:00.000000,W003,39.999738,-105.000931
2026-06-07 08:07:56.210266,W006,40.000432,-105.001329
2026-06-07 08:17:56.210266,W001,40.000958,-105.000768
2026-06-07 08:27:56.210266,W002,40.000611,-105.00093
2026-06-07 08:37:56.210266,W003,40.000926,-105.00079
2026-06-07 08:47:56.210266,W004,40.0002,-105.001233
2026-06-07 09:07:27.525881,W001,40.000631,-105.000554
2026-06-07 09:17:27.525881,W002,40.000292,-105.001732
2026-06-07 09:27:27.525881,W003,40.000495,-105.000992
2026-06-07 09:37:27.525881,W004,40.000592,-105.000886
2026-06-07 10:02:17.301687,W002,40.001173,-105.000589
2026-06-07 10:12:17.301687,W003,40.000667,-105.000606
2026-06-07 10:22:17.301687,W004,40.000499,-105.000997
2026-06-07 10:32:17.301687,W005,40.000526,-105.001484
2026-06-07 10:42:17.301687,W006,40.000102,-105.000189
2026-06-07 10:52:17.301687,W001,40.001123,-105.000491
2026-06-07 07:00:00.000000,W003,39.999992,-104.999405
2026-06-07 07:10:00.000000,W004,39.999753,-105.000561
2026-06-07 07:20:00.000000,W005,39.999548,-105.001076
2026-06-07 07:47:26.884331,W004,40.000302,-104.999829
2026-06-07 07:57:26.884331,W005,39.999399,-105.000248
2026-06-07 08:07:26.884331,W006,40.000705,-104.999908
2026-06-07 08:17:26.884331,W001,40.000379,-105.000019
2026-06-07 08:49:52.200881,W005,39.999832,-105.000089
2026-06-07 08:59:52.200881,W006,40.000049,-105.000326
2026-06-07 09:09:52.200881,W001,40.000381,-105.000191
2026-06-07 09:19:52.200881,W002,40.000201,-104.999705
2026-06-07 09:47:05.935983,W006,39.999956,-105.000084
2026-06-07 09:57:05.935983,W001,40.00002,-105.000382
2026-06-07 10:07:05.935983,W002,39.999932,-105.00036
2026-06-07 10:17:05.935983,W003,40.000275,-105.000017
2026-06-07 10:27:05.935983,W004,39.999914,-104.999719
2026-06-07 10:37:05.935983,W005,39.999515,-104.999834
2026-06-07 10:47:05.935983,W006,40.000468,-104.999729
2026-06-07 11:11:57.544407,W001,40.00036,-104.999851
2026-06-07 11:21:57.544407,W002,40.000224,-104.999879
2026-06-07 11:31:57.544407,W003,39.999606,-104.999872
2026-06-07 11:58:37.860466,W002,39.999754,-105.000902
2026-06-07 12:08:37.860466,W003,39.999244,-105.000617
2026-06-07 12:18:37.860466,W004,40.000551,-104.999719
2026-06-07 12:28:37.860466,W005,40.00001,-105.000411
2026-06-07 12:56:22.255704,W003,39.999874,-104.999775
2026-06-07 13:06:22.255704,W004,40.000565,-104.999964
2026-06-07 13:16:22.255704,W005,39.999723,-105.000502
2026-06-07 13:26:22.255704,W006,40.000631,-105.000095
2026-06-07 13:36:22.255704,W001,40.000589,-105.000546
2026-06-07 13:55:25.251971,W004,40.000183,-105.000001
2026-06-07 14:05:25.251971,W005,40.000323,-105.000023
2026-06-07 14:15:25.251971,W006,40.000226,-105.000194
2026-06-07 14:25:25.251971,W001,39.999581,-104.999706
2026-06-07 14:35:25.251971,W002,40.000005,-105.000204
2026-06-07 14:45:25.251971,W003,39.99993,-105.000177
2026-06-07 07:00:00.000000,W005,40.001151,-105.000576
2026-06-07 07:10:00.000000,W006,40.000792,-105.000341
2026-06-07 07:20:00.000000,W001,40.001282,-104.999671
2026-06-07 07:30:00.000000,W002,40.000784,-104.999798
2026-06-07 07:40:00.000000,W003,40.000977,-105.000129
2026-06-07 07:50:00.000000,W004,40.000993,-104.999551
2026-06-07 08:22:27.955810,W006,40.000546,-104.999623
2026-06-07 08:32:27.955810,W001,39.999997,-105.000112
2026-06-07 08:42:27.955810,W002,40.000833,-104.99978
2026-06-07 09:10:55.091514,W001,40.000518,-104.999532
2026-06-07 09:20:55.091514,W002,40.000814,-104.999115
2026-06-07 09:30:55.091514,W003,40.000812,-104.998831
2026-06-07 09:40:55.091514,W004,40.000497,-105.000113
2026-06-07 10:11:01.244706,W002,40.000851,-104.999634
2026-06-07 10:21:01.244706,W003,40.000763,-104.999667
2026-06-07 10:31:01.244706,W004,40.000999,-104.999476
2026-06-07 10:41:01.244706,W005,40.001019,-104.999805
2026-06-07 10:51:01.244706,W006,40.000412,-104.998912
2026-06-07 11:01:01.244706,W001,40.00167,-104.999769
2026-06-07 07:00:00.000000,W003,39.999015,-104.999206
2026-06-07 07:10:00.000000,W004,39.999136,-104.998423
2026-06-07 07:20:00.000000,W005,39.999192,-104.997572
2026-06-07 07:30:00.000000,W006,39.99963,-104.99846
2026-06-07 07:40:00.000000,W001,39.999312,-104.999339
2026-06-07 07:50:00.000000,W002,39.9984,-104.999117
2026-06-07 08:15:04.330829,W004,39.999771,-104.998319
2026-06-07 08:25:04.330829,W005,40.000518,-104.998551
2026-06-07 08:35:04.330829,W006,39.998717,-104.99924
2026-06-07 08:45:04.330829,W001,39.999615,-104.998254
2026-06-07 08:55:04.330829,W002,39.998699,-104.998717
2026-06-07 09:16:50.960984,W005,39.998943,-104.999555
2026-06-07 09:26:50.960984,W006,39.999278,-104.999256
2026-06-07 09:36:50.960984,W001,39.998785,-104.997867
2026-06-07 09:46:50.960984,W002,39.999376,-104.998383
2026-06-07 09:56:50.960984,W003,39.99907,-104.998487
2026-06-07 10:06:50.960984,W004,39.99905,-104.998516
2026-06-07 10:32:13.801134,W006,39.99914,-104.999456
2026-06-07 10:42:13.801134,W001,39.998874,-104.998941
2026-06-07 10:52:13.801134,W002,39.999391,-104.999191
2026-06-07 11:02:13.801134,W003,39.998827,-104.998473
2026-06-07 11:12:13.801134,W004,39.999536,-104.998895
2026-06-07 11:39:53.196076,W001,39.998475,-104.99865
2026-06-07 11:49:53.196076,W002,39.999359,-104.999211
2026-06-07 11:59:53.196076,W003,39.998338,-104.999357
2026-06-07 12:09:53.196076,W004,39.999541,-104.998931
2026-06-07 12:19:53.196076,W005,39.998605,-104.998259
2026-06-07 07:00:00.000000,W002,40.00048,-105.000976
2026-06-07 07:10:00.000000,W003,40.000914,-105.00078
2026-06-07 07:20:00.000000,W004,40.000615,-105.00143
2026-06-07 07:45:12.579602,W003,40.000269,-105.000646
2026-06-07 07:55:12.579602,W004,40.000424,-105.001016
2026-06-07 08:05:12.579602,W005,39.999926,-105.000386
2026-06-07 08:15:12.579602,W006,40.000505,-105.001354
2026-06-07 08:34:56.770281,W004,39.999772,-105.000272
2026-06-07 08:44:56.770281,W005,39.999601,-105.000798
2026-06-07 08:54:56.770281,W006,40.001258,-105.000245
2026-06-07 09:04:56.770281,W001,40.000531,-105.001146
2026-06-07 09:14:56.770281,W002,40.000374,-105.000939
2026-06-07 09:24:56.770281,W003,40.000138,-105.001165
2026-06-07 09:55:18.232863,W005,40.000084,-105.000672
2026-06-07 10:05:18.232863,W006,40.000684,-105.001256
2026-06-07 10:15:18.232863,W001,39.999609,-105.000542
2026-06-07 10:40:17.841884,W006,40.000232,-105.00114
2026-06-07 10:50:17.841884,W001,40.000341,-105.001481
2026-06-07 11:00:17.841884,W002,40.000325,-105.000598
2026-06-07 11:10:17.841884,W003,40.000233,-105.000637
2026-06-07 11:43:36.647643,W001,40.000525,-105.000514
2026-06-07 11:53:36.647643,W002,40.001253,-105.001061
2026-06-07 12:03:36.647643,W003,40.000499,-105.001017
2026-06-07 12:13:36.647643,W004,40.000647,-105.001012
2026-06-07 12:23:36.647643,W005,39.999945,-105.000559
2026-06-07 12:41:07.820267,W002,39.999781,-105.001236
2026-06-07 12:51:07.820267,W003,40.000639,-105.001778
2026-06-07 13:01:07.820267,W004,40.000092,-105.001023
2026-06-07 13:11:07.820267,W005,40.001349,-105.001212
2026-06-08 07:00:00.000000,W003,40.000288,-105.000059
2026-06-08 07:10:00.000000,W004,39.999675,-104.999791
2026-06-08 07:20:00.000000,W005,39.999727,-105.000234
2026-06-08 07:49:11.914386,W004,39.999413,-104.999624
2026-06-08 07:59:11.914386,W005,40.000054,-104.999704
2026-06-08 08:09:11.914386,W006,39.999972,-105.000051
2026-06-08 08:19:11.914386,W001,39.999643,-105.000244
2026-06-08 08:29:11.914386,W002,39.999728,-105.000232
2026-06-08 08:39:11.914386,W003,39.999465,-104.999416
2026-06-08 09:06:11.616160,W005,40.00022,-104.999578
2026-06-08 09:16:11.616160,W006,40.000607,-104.999862
2026-06-08 09:44:45.057067,W006,39.999355,-105.000035
2026-06-08 09:54:45.057067,W001,40.000102,-104.999456
2026-06-08 10:04:45.057067,W002,40.000093,-104.999863
2026-06-08 10:14:45.057067,W003,39.999604,-104.999591
2026-06-08 10:24:45.057067,W004,39.999775,-105.00015
2026-06-08 10:52:35.543151,W001,39.999188,-105.000037
2026-06-08 11:02:35.543151,W002,40.000453,-105.000199
2026-06-08 11:12:35.543151,W003,40.000271,-105.000387
2026-06-08 11:22:35.543151,W004,40.000108,-104.99971
2026-06-08 11:32:35.543151,W005,40.000079,-104.999853
2026-06-08 11:42:35.543151,W006,39.999777,-104.999942
2026-06-08 12:14:43.839926,W002,40.000134,-104.999727
2026-06-08 12:24:43.839926,W003,39.999886,-105.000042
2026-06-08 12:34:43.839926,W004,40.000208,-104.999385
2026-06-08 12:44:43.839926,W005,39.999813,-104.999885
2026-06-08 12:54:43.839926,W006,39.999989,-104.999174
2026-06-08 13:04:43.839926,W001,39.999798,-104.999869
2026-06-08 13:14:43.839926,W002,39.999675,-104.999709
2026-06-08 13:24:43.839926,W003,39.999806,-104.999636
2026-06-08 07:00:00.000000,W003,40.001598,-104.999504
2026-06-08 07:10:00.000000,W004,40.001014,-104.999514
2026-06-08 07:20:00.000000,W005,40.00083,-104.999182
2026-06-08 07:30:00.000000,W006,40.000991,-104.999342
2026-06-08 07:52:42.325116,W004,40.001331,-104.999158
2026-06-08 08:02:42.325116,W005,40.001181,-104.999391
2026-06-08 08:12:42.325116,W006,40.001299,-104.999759
2026-06-08 08:22:42.325116,W001,40.001395,-104.999844
2026-06-08 08:32:42.325116,W002,40.000933,-104.999085
2026-06-08 08:42:42.325116,W003,40.001373,-104.999411
2026-06-08 08:52:42.325116,W004,40.000667,-104.999297
2026-06-08 09:02:42.325116,W005,40.000604,-104.999752
2026-06-08 09:24:49.667457,W005,40.00143,-104.999553
2026-06-08 09:34:49.667457,W006,40.00031,-105.000132
2026-06-08 09:44:49.667457,W001,40.001556,-104.99947
2026-06-08 09:54:49.667457,W002,40.001298,-105.000218
2026-06-08 10:04:49.667457,W003,40.001441,-104.999099
2026-06-08 10:36:16.412293,W006,40.001158,-104.999917
2026-06-08 10:46:16.412293,W001,40.000976,-104.999996
2026-06-08 10:56:16.412293,W002,39.999886,-104.998822
2026-06-08 11:06:16.412293,W003,40.001413,-105.000092
2026-06-08 11:16:16.412293,W004,40.000994,-104.999428
2026-06-08 11:26:16.412293,W005,40.000764,-104.99887
2026-06-08 11:50:39.583812,W001,40.001758,-104.999726
2026-06-08 12:00:39.583812,W002,40.001623,-105.000167
2026-06-08 12:10:39.583812,W003,40.001388,-104.999651
2026-06-08 12:20:39.583812,W004,40.00155,-104.999028
2026-06-08 12:42:34.410985,W002,40.000762,-104.999796
2026-06-08 12:52:34.410985,W003,40.001014,-104.999883
2026-06-08 13:02:34.410985,W004,40.000973,-104.999037
2026-06-08 07:00:00.000000,W003,39.998624,-104.999268
2026-06-08 07:10:00.000000,W004,39.999201,-104.998639
2026-06-08 07:20:00.000000,W005,39.999371,-104.998816
2026-06-08 07:30:00.000000,W006,39.999094,-104.998764
2026-06-08 07:47:32.026007,W004,39.999329,-104.999534
2026-06-08 07:57:32.026007,W005,39.998782,-104.998083
2026-06-08 08:07:32.026007,W006,39.99926,-104.99851
2026-06-08 08:17:32.026007,W001,39.999168,-104.998615
2026-06-08 08:27:32.026007,W002,39.998729,-104.998908
2026-06-08 08:52:32.774496,W005,39.999156,-104.998676
2026-06-08 09:02:32.774496,W006,39.998992,-104.998522
2026-06-08 09:12:32.774496,W001,39.998714,-104.998801
2026-06-08 09:22:32.774496,W002,39.999251,-104.998052
2026-06-08 09:32:32.774496,W003,39.999072,-104.99876
2026-06-08 09:52:13.871358,W006,39.99936,-104.997963
2026-06-08 10:02:13.871358,W001,39.999421,-104.999064
2026-06-08 10:12:13.871358,W002,39.999088,-104.99863
2026-06-08 10:22:13.871358,W003,39.999165,-104.998783
2026-06-08 10:32:13.871358,W004,39.999395,-104.998587
2026-06-08 10:42:13.871358,W005,39.999603,-104.998579
2026-06-08 11:10:53.195622,W001,39.999036,-104.998326
2026-06-08 11:20:53.195622,W002,39.999169,-104.999336
2026-06-08 11:30:53.195622,W003,39.999049,-104.998452
2026-06-08 11:54:05.842074,W002,39.999164,-104.998733
2026-06-08 12:04:05.842074,W003,39.998678,-104.999539
2026-06-08 12:38:08.055648,W003,39.998731,-104.998547
2026-06-08 12:48:08.055648,W004,39.999141,-104.998371
2026-06-08 12:58:08.055648,W005,39.998682,-104.998353
2026-06-08 13:08:08.055648,W006,39.99887,-104.999152
2026-06-08 13:18:08.055648,W001,39.999557,-104.998499
2026-06-08 13:28:08.055648,W002,39.99907,-104.998872
2026-06-08 13:38:08.055648,W003,39.999861,-104.998721
2026-06-08 07:00:00.000000,W004,40.000847,-105.001117
2026-06-08 07:10:00.000000,W005,40.000325,-105.001002
2026-06-08 07:20:00.000000,W006,40.000203,-105.000953
2026-06-08 07:30:00.000000,W001,40.001296,-105.001173
2026-06-08 07:40:00.000000,W002,40.001145,-105.001056
2026-06-08 07:50:00.000000,W003,39.999818,-105.000591
2026-06-08 08:09:31.635930,W005,40.000263,-105.001046
2026-06-08 08:19:31.635930,W006,40.000847,-105.00078
2026-06-08 08:29:31.635930,W001,40.000488,-105.0013
2026-06-08 08:39:31.635930,W002,40.000883,-105.000417
2026-06-08 08:49:31.635930,W003,40.000838,-105.000857
2026-06-08 09:13:35.981324,W006,40.000393,-105.00138
2026-06-08 09:23:35.981324,W001,40.000057,-105.001173
2026-06-08 09:33:35.981324,W002,40.000107,-105.000765
2026-06-08 09:55:01.836279,W001,40.00055,-105.00158
2026-06-08 10:05:01.836279,W002,40.00015,-105.001111
2026-06-08 10:15:01.836279,W003,40.000415,-105.001082
2026-06-08 10:25:01.836279,W004,40.000264,-105.00163
2026-06-08 10:35:01.836279,W005,40.000045,-105.001223
2026-06-08 10:45:01.836279,W006,40.000122,-105.000676
2026-06-08 10:55:01.836279,W001,40.000411,-105.001004
2026-06-08 11:05:01.836279,W002,40.000992,-105.000222
2026-06-08 11:36:10.139775,W002,39.999629,-105.000895
2026-06-08 11:46:10.139775,W003,40.000436,-105.001613
2026-06-08 11:56:10.139775,W004,40.000889,-105.001346
2026-06-08 12:06:10.139775,W005,39.999902,-105.000831
2026-06-08 12:16:10.139775,W006,40.000996,-105.000716
2026-06-08 12:40:06.329156,W003,40.000514,-105.001083
2026-06-08 12:50:06.329156,W004,40.000475,-105.001208
2026-06-08 13:15:17.398638,W004,40.000052,-105.001114
2026-06-08 13:25:17.398638,W005,39.999368,-105.001433
2026-06-08 13:35:17.398638,W006,40.000474,-105.001253
2026-06-08 13:45:17.398638,W001,40.000114,-105.000998
2026-06-08 13:55:17.398638,W002,40.000653,-105.001246
2026-06-08 14:19:49.075455,W005,40.000886,-105.000351
2026-06-08 14:29:49.075455,W006,40.001015,-105.000298
2026-06-08 14:39:49.075455,W001,40.000874,-105.000918
2026-06-08 14:49:49.075455,W002,40.001282,-105.001496
2026-06-08 14:59:49.075455,W003,40.000004,-105.001218
2026-06-08 15:09:49.075455,W004,39.999492,-105.001159
2026-06-08 15:19:49.075455,W005,40.00055,-105.000713
2026-06-08 15:29:49.075455,W006,39.999766,-105.000666
2026-06-08 07:00:00.000000,W006,40.000263,-105.000084
2026-06-08 07:10:00.000000,W001,40.00027,-104.999867
2026-06-08 07:20:00.000000,W002,40.000275,-105.000673
2026-06-08 07:30:00.000000,W003,40.000516,-104.999964
2026-06-08 07:40:00.000000,W004,40.000597,-105.000106
2026-06-08 08:07:56.004265,W001,40.000689,-105.000006
2026-06-08 08:17:56.004265,W002,40.000028,-104.999684
2026-06-08 08:27:56.004265,W003,40.000367,-105.000046
2026-06-08 08:37:56.004265,W004,39.999601,-104.999903
2026-06-08 09:03:57.953387,W002,39.999995,-104.999686
2026-06-08 09:13:57.953387,W003,40.000579,-104.999529
2026-06-08 09:23:57.953387,W004,40.00004,-105.000132
2026-06-08 09:33:57.953387,W005,39.999582,-105.000565
2026-06-08 09:43:57.953387,W006,40.000857,-105.000019
2026-06-08 09:53:57.953387,W001,39.999079,-104.999488
2026-06-08 10:03:57.953387,W002,40.000319,-104.999372
2026-06-08 10:36:42.912405,W003,40.000257,-104.999774
2026-06-08 10:46:42.912405,W004,39.999767,-104.999829
2026-06-08 10:56:42.912405,W005,39.999862,-105.000438
2026-06-08 11:06:42.912405,W006,39.999752,-105.000509
2026-06-08 11:16:42.912405,W001,39.999457,-105.000384
2026-06-08 11:26:42.912405,W002,40.000677,-105.000247
2026-06-08 11:51:44.932844,W004,40.000138,-105.000497
2026-06-08 12:01:44.932844,W005,39.999969,-104.999367
2026-06-08 12:11:44.932844,W006,39.999815,-104.99997
2026-06-08 12:35:05.591910,W005,40.000284,-105.000316
2026-06-08 12:45:05.591910,W006,40.000039,-105.000129
2026-06-08 12:55:05.591910,W001,39.999893,-104.999952
2026-06-08 13:05:05.591910,W002,39.999967,-105.000217
2026-06-08 13:15:05.591910,W003,40.000186,-105.000207
2026-06-08 13:25:05.591910,W004,39.999942,-105.000508
2026-06-08 07:00:00.000000,W006,40.001563,-104.998634
2026-06-08 07:10:00.000000,W001,40.001725,-104.999415
2026-06-08 07:20:00.000000,W002,40.001362,-104.999467
2026-06-08 07:30:00.000000,W003,40.001047,-104.999512
2026-06-08 07:40:00.000000,W004,40.000862,-104.999001
2026-06-08 08:08:41.087276,W001,40.000458,-104.999576
2026-06-08 08:18:41.087276,W002,40.000686,-105.000016
2026-06-08 08:28:41.087276,W003,40.001058,-104.999076
2026-06-08 08:38:41.087276,W004,40.001159,-104.999724
2026-06-08 09:07:51.053757,W002,40.001277,-104.999588
2026-06-08 09:17:51.053757,W003,40.000613,-105.000088
2026-06-08 09:27:51.053757,W004,40.000871,-104.999672
2026-06-08 09:52:52.711482,W003,40.001605,-104.999
2026-06-08 10:02:52.711482,W004,40.000493,-105.000042
2026-06-08 10:12:52.711482,W005,40.001252,-104.999213
2026-06-08 10:22:52.711482,W006,40.000838,-104.998965
2026-06-08 10:32:52.711482,W001,40.001014,-104.999626
2026-06-08 11:01:46.493658,W004,40.001702,-104.999497
2026-06-08 11:11:46.493658,W005,40.000927,-104.999861
2026-06-08 11:21:46.493658,W006,40.000577,-104.999232
2026-06-08 11:31:46.493658,W001,40.001212,-104.999562
2026-06-08 11:52:17.555648,W005,40.001062,-104.999153
2026-06-08 12:02:17.555648,W006,40.000885,-104.999678
2026-06-08 12:12:17.555648,W001,40.000859,-104.999189
2026-06-08 12:22:17.555648,W002,40.000962,-104.999431
2026-06-08 12:51:57.989475,W006,40.000997,-104.999487
2026-06-08 13:01:57.989475,W001,40.001161,-104.999004
2026-06-08 13:11:57.989475,W002,40.000887,-104.999575
2026-06-08 13:21:57.989475,W003,40.000922,-104.999617
2026-06-08 07:00:00.000000,W001,39.998909,-104.998894
2026-06-08 07:10:00.000000,W002,39.999069,-104.99901
2026-06-08 07:20:00.000000,W003,39.999307,-104.999017
2026-06-08 07:30:00.000000,W004,39.999404,-104.998544
2026-06-08 07:40:00.000000,W005,39.998835,-104.999483
2026-06-08 08:13:51.016082,W002,39.999328,-104.998986
2026-06-08 08:23:51.016082,W003,39.999569,-104.998517
2026-06-08 08:33:51.016082,W004,39.999276,-104.998728
2026-06-08 08:59:23.006909,W003,39.999307,-104.999923
2026-06-08 09:09:23.006909,W004,39.99911,-104.998594
2026-06-08 09:19:23.006909,W005,39.999562,-104.998939
2026-06-08 09:29:23.006909,W006,39.999026,-104.998595
2026-06-08 09:53:48.275597,W004,39.999304,-104.998864
2026-06-08 10:03:48.275597,W005,39.999341,-104.998469
2026-06-08 10:13:48.275597,W006,39.999459,-104.998858
2026-06-08 10:23:48.275597,W001,39.998963,-104.998836
2026-06-08 10:33:48.275597,W002,39.998974,-104.999117
2026-06-08 11:01:21.161832,W005,39.999539,-104.998869
2026-06-08 11:11:21.161832,W006,39.99929,-104.999722
2026-06-08 11:21:21.161832,W001,39.998546,-104.998724
2026-06-08 11:31:21.161832,W002,39.999863,-104.998729
2026-06-08 11:41:21.161832,W003,39.999234,-104.998269
2026-06-08 11:51:21.161832,W004,39.998509,-104.99862
2026-06-08 07:00:00.000000,W006,40.001221,-105.000802
2026-06-08 07:10:00.000000,W001,40.000247,-105.000375
2026-06-08 07:20:00.000000,W002,40.000233,-105.00059
2026-06-08 07:30:00.000000,W003,39.999988,-105.000514
2026-06-08 07:40:00.000000,W004,40.000563,-105.000932
2026-06-08 08:08:58.288125,W001,40.000499,-105.001013
2026-06-08 08:18:58.288125,W002,40.000456,-105.000818
2026-06-08 08:28:58.288125,W003,40.000511,-105.00082
2026-06-08 08:52:26.173008,W002,40.000746,-105.001025
2026-06-08 09:02:26.173008,W003,40.001347,-105.000598
2026-06-08 09:12:26.173008,W004,40.000587,-105.001151
2026-06-08 09:22:26.173008,W005,40.000419,-105.00101
2026-06-08 09:55:42.959133,W003,40.000156,-105.001577
2026-06-08 10:05:42.959133,W004,40.001225,-105.000666
2026-06-08 10:15:42.959133,W005,40.000244,-105.001118
2026-06-08 10:25:42.959133,W006,40.000679,-105.00076
2026-06-08 10:35:42.959133,W001,40.000147,-105.000727
2026-06-08 10:45:42.959133,W002,40.001013,-105.001176
2026-06-08 10:55:42.959133,W003,40.000853,-105.000989
2026-06-08 11:17:19.957824,W004,40.000439,-105.001567
2026-06-08 11:27:19.957824,W005,40.000797,-105.00065
2026-06-08 11:37:19.957824,W006,40.000648,-105.00084
2026-06-08 12:02:57.166811,W005,40.000632,-105.001214
2026-06-08 12:12:57.166811,W006,40.000608,-105.001184
2026-06-08 12:22:57.166811,W001,39.999989,-105.001371
2026-06-08 12:32:57.166811,W002,40.000516,-105.001141
2026-06-08 12:42:57.166811,W003,40.001161,-105.000465
2026-06-08 12:52:57.166811,W004,40.000233,-105.000893
2026-06-08 13:02:57.166811,W005,40.001173,-105.000795
2026-06-09 07:00:00.000000,W006,39.99934,-104.999774
2026-06-09 07:10:00.000000,W001,40.0007,-104.999407
2026-06-09 07:20:00.000000,W002,39.999702,-105.0004
2026-06-09 07:53:24.332725,W001,39.999731,-105.000199
2026-06-09 08:03:24.332725,W002,40.000937,-104.999803
2026-06-09 08:13:24.332725,W003,40.000186,-105.000254
2026-06-09 08:23:24.332725,W004,40.000074,-104.99879
2026-06-09 08:45:27.444928,W002,40.000234,-104.999082
2026-06-09 08:55:27.444928,W003,39.999759,-104.999966
2026-06-09 09:05:27.444928,W004,40.000699,-104.999901
2026-06-09 09:15:27.444928,W005,40.000066,-104.999948
2026-06-09 09:25:27.444928,W006,40.000878,-105.000008
2026-06-09 09:49:15.433860,W003,40.000014,-104.999997
2026-06-09 09:59:15.433860,W004,39.999434,-105.000094
2026-06-09 10:09:15.433860,W005,40.000486,-104.999901
2026-06-09 10:19:15.433860,W006,40.000441,-104.999844
2026-06-09 10:29:15.433860,W001,39.9996,-104.999928
2026-06-09 10:39:15.433860,W002,40.000163,-105.000181
2026-06-09 10:49:15.433860,W003,40.000112,-105.000309
2026-06-09 10:59:15.433860,W004,40.000152,-105.000107
2026-06-09 11:22:40.503990,W004,40.000118,-105.000207
2026-06-09 11:32:40.503990,W005,39.999944,-105.000165
2026-06-09 11:42:40.503990,W006,39.999319,-104.999854
2026-06-09 11:52:40.503990,W001,40.000605,-105.000162
2026-06-09 12:17:33.076373,W005,40.000049,-105.000421
2026-06-09 12:27:33.076373,W006,39.999609,-105.000178
2026-06-09 12:53:20.725753,W006,40.00049,-104.999833
2026-06-09 13:03:20.725753,W001,39.999353,-104.99939
2026-06-09 13:13:20.725753,W002,40.000491,-104.999961
2026-06-09 13:23:20.725753,W003,40.000105,-105.000492
2026-06-09 13:33:20.725753,W004,39.999532,-104.999599
2026-06-09 07:00:00.000000,W001,40.000787,-104.999516
2026-06-09 07:10:00.000000,W002,40.000571,-104.999733
2026-06-09 07:20:00.000000,W003,40.001637,-104.999604
2026-06-09 07:30:00.000000,W004,40.001554,-104.999185
2026-06-09 07:40:00.000000,W005,40.000708,-104.999165
2026-06-09 07:50:00.000000,W006,40.001303,-104.999103
2026-06-09 08:15:43.449670,W002,40.00049,-104.999466
2026-06-09 08:25:43.449670,W003,40.001081,-104.999861
2026-06-09 08:35:43.449670,W004,40.00057,-104.999307
2026-06-09 08:45:43.449670,W005,40.001101,-104.999156
2026-06-09 09:12:34.940085,W003,40.001293,-104.999327
2026-06-09 09:22:34.940085,W004,40.001315,-104.999908
2026-06-09 09:32:34.940085,W005,40.00062,-104.999935
2026-06-09 09:42:34.940085,W006,40.000667,-104.999562
2026-06-09 09:52:34.940085,W001,40.00088,-104.998788
2026-06-09 10:14:11.756219,W004,40.001237,-104.999988
2026-06-09 10:24:11.756219,W005,40.00104,-104.999418
2026-06-09 10:34:11.756219,W006,40.001103,-104.999444
2026-06-09 10:44:11.756219,W001,40.000659,-104.999618
2026-06-09 10:54:11.756219,W002,40.000957,-104.998713
2026-06-09 11:23:21.752462,W005,40.000358,-104.999625
2026-06-09 11:33:21.752462,W006,40.000741,-105.00003
2026-06-09 11:43:21.752462,W001,40.001032,-104.998674
2026-06-09 11:53:21.752462,W002,40.000586,-104.999578
2026-06-09 12:03:21.752462,W003,40.000936,-104.999317
2026-06-09 12:13:21.752462,W004,40.000613,-104.999932
2026-06-09 12:39:33.291627,W006,39.999883,-104.999096
2026-06-09 12:49:33.291627,W001,40.001059,-104.998977
2026-06-09 12:59:33.291627,W002,40.001162,-104.999676
2026-06-09 13:20:19.554982,W001,40.000724,-104.99984
2026-06-09 13:30:19.554982,W002,40.00139,-104.999725
2026-06-09 13:40:19.554982,W003,40.000855,-104.99935
2026-06-09 13:50:19.554982,W004,40.000961,-104.999378
2026-06-09 14:00:19.554982,W005,40.000921,-104.999272
2026-06-09 14:17:31.124274,W002,40.000915,-104.999661
2026-06-09 14:27:31.124274,W003,40.000084,-104.999525
2026-06-09 14:37:31.124274,W004,40.000871,-104.999279
2026-06-09 07:00:00.000000,W003,39.999493,-104.998829
2026-06-09 07:10:00.000000,W004,39.998823,-104.998628
2026-06-09 07:20:00.000000,W005,39.998974,-104.998786
2026-06-09 07:30:00.000000,W006,39.999135,-104.998914
2026-06-09 07:40:00.000000,W001,39.999036,-104.999169
2026-06-09 08:08:32.356622,W004,39.998603,-104.998713
2026-06-09 08:18:32.356622,W005,39.998549,-104.999044
2026-06-09 08:28:32.356622,W006,39.999897,-104.999299
2026-06-09 08:38:32.356622,W001,39.999134,-104.998286
2026-06-09 08:48:32.356622,W002,39.998975,-104.999071
2026-06-09 08:58:32.356622,W003,39.999842,-104.998412
2026-06-09 09:08:32.356622,W004,39.998766,-104.99882
2026-06-09 09:31:05.411847,W005,39.999522,-104.999297
2026-06-09 09:41:05.411847,W006,39.998977,-104.998939
2026-06-09 09:51:05.411847,W001,39.998956,-104.998674
2026-06-09 10:01:05.411847,W002,39.999483,-104.999202
2026-06-09 10:11:05.411847,W003,39.998466,-104.998697
2026-06-09 10:21:05.411847,W004,39.998911,-104.999194
2026-06-09 10:51:23.700925,W006,40.000228,-104.998623
2026-06-09 11:01:23.700925,W001,39.999423,-104.998891
2026-06-09 11:11:23.700925,W002,39.999487,-104.997867
2026-06-09 11:21:23.700925,W003,39.999032,-104.998987
2026-06-09 11:47:55.036421,W001,39.99956,-104.998749
2026-06-09 11:57:55.036421,W002,39.998754,-104.998333
2026-06-09 12:07:55.036421,W003,39.999297,-104.999339
2026-06-09 12:32:16.212395,W002,39.998956,-104.99898
2026-06-09 12:42:16.212395,W003,39.999523,-104.998556
2026-06-09 12:52:16.212395,W004,39.998951,-104.998436
2026-06-09 13:02:16.212395,W005,39.999601,-104.998932
2026-06-09 13:26:07.092352,W003,39.999428,-104.998723
2026-06-09 13:36:07.092352,W004,39.999269,-104.998961
2026-06-09 13:46:07.092352,W005,39.99835,-104.999072
2026-06-09 13:56:07.092352,W006,39.999427,-104.99821
2026-06-09 14:06:07.092352,W001,39.99969,-104.998906
2026-06-09 07:00:00.000000,W004,40.000182,-105.001299
2026-06-09 07:10:00.000000,W005,40.001027,-105.001157
2026-06-09 07:20:00.000000,W006,40.000807,-105.000659
2026-06-09 07:46:54.163259,W005,40.000347,-105.000873
2026-06-09 07:56:54.163259,W006,40.000793,-105.001212
2026-06-09 08:06:54.163259,W001,40.000552,-105.000967
2026-06-09 08:16:54.163259,W002,40.000963,-105.001541
2026-06-09 08:26:54.163259,W003,40.000399,-105.000615
2026-06-09 08:36:54.163259,W004,39.999854,-105.000898
2026-06-09 08:46:54.163259,W005,39.999966,-105.001019
2026-06-09 09:19:34.820494,W006,40.000331,-105.000863
2026-06-09 09:29:34.820494,W001,40.000278,-105.001593
2026-06-09 09:39:34.820494,W002,40.000827,-105.001033
2026-06-09 10:04:11.293648,W001,40.000116,-105.001398
2026-06-09 10:14:11.293648,W002,40.000862,-105.001143
2026-06-09 10:24:11.293648,W003,40.000088,-105.001607
2026-06-09 10:34:11.293648,W004,40.000935,-105.001585
2026-06-09 10:57:12.520779,W002,40.00097,-105.001466
2026-06-09 11:07:12.520779,W003,40.000729,-105.000884
2026-06-09 11:17:12.520779,W004,40.000609,-105.000753
2026-06-09 11:27:12.520779,W005,40.001212,-105.001132
2026-06-09 11:37:12.520779,W006,40.000433,-105.000746
2026-06-09 11:47:12.520779,W001,40.000623,-105.000521
2026-06-09 11:57:12.520779,W002,39.999855,-105.000702
2026-06-09 12:23:20.580424,W003,40.001006,-105.001416
2026-06-09 12:33:20.580424,W004,40.001248,-105.001334
2026-06-09 12:43:20.580424,W005,40.001147,-105.000302
2026-06-09 12:53:20.580424,W006,40.000177,-105.001512
2026-06-09 13:03:20.580424,W001,40.000437,-105.001331
2026-06-09 13:13:20.580424,W002,40.000113,-105.001154
2026-06-09 13:23:20.580424,W003,39.999758,-105.000884
2026-06-09 07:00:00.000000,W004,39.999561,-104.999545
2026-06-09 07:10:00.000000,W005,40.00007,-104.999935
2026-06-09 07:20:00.000000,W006,39.99964,-105.000278
2026-06-09 07:30:00.000000,W001,40.000379,-105.000367
2026-06-09 07:40:00.000000,W002,39.99947,-105.000205
2026-06-09 08:02:39.212524,W005,40.00068,-105.000165
2026-06-09 08:12:39.212524,W006,39.999831,-104.999638
2026-06-09 08:22:39.212524,W001,39.999689,-105.000184
2026-06-09 08:32:39.212524,W002,40.000043,-105.00079
2026-06-09 09:03:30.055691,W006,39.999984,-104.999812
2026-06-09 09:13:30.055691,W001,40.00015,-104.999675
2026-06-09 09:23:30.055691,W002,39.9995,-105.0004
2026-06-09 09:33:30.055691,W003,39.999773,-105.000014
2026-06-09 09:43:30.055691,W004,40.000118,-105.00005
2026-06-09 10:08:53.574023,W001,40.000401,-104.999497
2026-06-09 10:18:53.574023,W002,40.000159,-104.99982
2026-06-09 10:28:53.574023,W003,39.999683,-105.000069
2026-06-09 10:38:53.574023,W004,40.000451,-104.999779
2026-06-09 07:00:00.000000,W002,40.001293,-104.999186
2026-06-09 07:10:00.000000,W003,40.000519,-104.999492
2026-06-09 07:20:00.000000,W004,40.000698,-104.999572
2026-06-09 07:40:38.620534,W003,40.00088,-104.99919
2026-06-09 07:50:38.620534,W004,40.000703,-104.999715
2026-06-09 08:00:38.620534,W005,40.001736,-104.999962
2026-06-09 08:10:38.620534,W006,40.001622,-104.999532
2026-06-09 08:20:38.620534,W001,40.001364,-104.999702
2026-06-09 08:30:38.620534,W002,40.001134,-104.999943
2026-06-09 08:40:38.620534,W003,40.000046,-104.999436
2026-06-09 08:50:38.620534,W004,40.001719,-104.999595
2026-06-09 09:14:09.745730,W004,40.001478,-104.999139
2026-06-09 09:24:09.745730,W005,40.001722,-104.99966
2026-06-09 09:34:09.745730,W006,40.001402,-104.999106
2026-06-09 09:44:09.745730,W001,40.000975,-104.999365
2026-06-09 09:54:09.745730,W002,40.000614,-104.999457
2026-06-09 10:18:23.982311,W005,40.0009,-105.000056
2026-06-09 10:28:23.982311,W006,40.000454,-104.999711
2026-06-09 10:38:23.982311,W001,40.001107,-104.999686
2026-06-09 10:48:23.982311,W002,40.00138,-104.999463
2026-06-09 10:58:23.982311,W003,40.001363,-104.999881
2026-06-09 11:08:23.982311,W004,40.000758,-104.999835
2026-06-09 07:00:00.000000,W006,39.998704,-104.999625
2026-06-09 07:10:00.000000,W001,39.999076,-104.997942
2026-06-09 07:20:00.000000,W002,39.999151,-104.998425
2026-06-09 07:44:44.600598,W001,39.999338,-104.999366
2026-06-09 07:54:44.600598,W002,39.99919,-104.998017
2026-06-09 08:04:44.600598,W003,39.99857,-104.998778
2026-06-09 08:14:44.600598,W004,39.998803,-104.998912
2026-06-09 08:24:44.600598,W005,40.000049,-104.998658
2026-06-09 08:34:44.600598,W006,39.999363,-104.998088
2026-06-09 08:53:54.528637,W002,39.99908,-104.998624
2026-06-09 09:03:54.528637,W003,39.99813,-104.998315
2026-06-09 09:13:54.528637,W004,40.000249,-104.998875
2026-06-09 09:23:54.528637,W005,39.998908,-104.999141
2026-06-09 09:33:54.528637,W006,39.999615,-104.998988
2026-06-09 09:43:54.528637,W001,39.99996,-104.998668
2026-06-09 09:53:54.528637,W002,39.998972,-104.998748
2026-06-09 10:03:54.528637,W003,39.999494,-104.998685
2026-06-09 10:25:05.180200,W003,39.999568,-104.998903
2026-06-09 10:35:05.180200,W004,39.999798,-104.998825
2026-06-09 10:45:05.180200,W005,39.999338,-104.998653
2026-06-09 10:55:05.180200,W006,39.999076,-104.999197
2026-06-09 11:18:07.733289,W004,39.999298,-104.998374
2026-06-09 11:28:07.733289,W005,39.999216,-104.999114
2026-06-09 11:38:07.733289,W006,39.999575,-104.998804
2026-06-09 11:48:07.733289,W001,39.999549,-104.999162
2026-06-09 07:00:00.000000,W005,40.001067,-105.001281
2026-06-09 07:10:00.000000,W006,40.000615,-105.001055
2026-06-09 07:20:00.000000,W001,40.000393,-105.000997
2026-06-09 07:30:00.000000,W002,40.000839,-105.000966
2026-06-09 07:40:00.000000,W003,40.001351,-105.000788
2026-06-09 08:10:49.196394,W006,40.000606,-105.000492
2026-06-09 08:20:49.196394,W001,40.00052,-105.001047
2026-06-09 08:30:49.196394,W002,40.000333,-105.001442
2026-06-09 08:40:49.196394,W003,40.00023,-105.001362
2026-06-09 09:08:39.835393,W001,39.999849,-105.001269
2026-06-09 09:18:39.835393,W002,40.000328,-105.000825
2026-06-09 09:28:39.835393,W003,40.000952,-105.001467
2026-06-09 09:38:39.835393,W004,40.000425,-105.000707
2026-06-09 09:48:39.835393,W005,40.000406,-105.001117
2026-06-09 09:58:39.835393,W006,40.000462,-105.001112
2026-06-09 10:08:39.835393,W001,39.999929,-105.000865
2026-06-09 10:34:08.240793,W002,40.000207,-105.001252
2026-06-09 10:44:08.240793,W003,40.000677,-105.001059
2026-06-09 10:54:08.240793,W004,40.000731,-105.000772
2026-06-09 11:04:08.240793,W005,39.999915,-105.000705
2026-06-09 11:14:08.240793,W006,40.000783,-105.000953
2026-06-09 11:44:47.536130,W003,40.001082,-105.000125
2026-06-09 11:54:47.536130,W004,40.000579,-105.001322
2026-06-09 12:04:47.536130,W005,40.000522,-105.001424
2026-06-09 12:14:47.536130,W006,40.001224,-105.000272
2026-06-10 07:00:00.000000,W004,40.000402,-105.00069
2026-06-10 07:10:00.000000,W005,39.999857,-105.000006
2026-06-10 07:20:00.000000,W006,39.999805,-104.999876
2026-06-10 07:30:00.000000,W001,40.000185,-105.000135
2026-06-10 07:40:00.000000,W002,40.000159,-105.000394
2026-06-10 07:50:00.000000,W003,39.999819,-105.000093
2026-06-10 08:21:22.210227,W005,40.000096,-105.00004
2026-06-10 08:31:22.210227,W006,40.000658,-104.9996
2026-06-10 08:41:22.210227,W001,39.99981,-104.999674
2026-06-10 08:51:22.210227,W002,39.999483,-105.000395
2026-06-10 09:01:22.210227,W003,40.000073,-105.000186
2026-06-10 09:26:20.916343,W006,40.00033,-105.000685
2026-06-10 09:36:20.916343,W001,40.000379,-104.999552
2026-06-10 09:46:20.916343,W002,40.000068,-104.999327
2026-06-10 09:56:20.916343,W003,39.999807,-104.999648
2026-06-10 10:06:20.916343,W004,39.999588,-105.000176
2026-06-10 10:16:20.916343,W005,40.000403,-105.000565
2026-06-10 10:43:09.840843,W001,39.999836,-105.000452
2026-06-10 10:53:09.840843,W002,40.000051,-105.00014
2026-06-10 11:03:09.840843,W003,39.999555,-105.000197
2026-06-10 11:13:09.840843,W004,40.00038,-104.999852
2026-06-10 11:23:09.840843,W005,39.999355,-104.999389
2026-06-10 11:33:09.840843,W006,40.0005,-104.999428
2026-06-10 11:43:09.840843,W001,39.999101,-104.999539
2026-06-10 07:00:00.000000,W002,40.000505,-105.000198
2026-06-10 07:10:00.000000,W003,40.001246,-105.000629
2026-06-10 07:20:00.000000,W004,40.001306,-104.999417
2026-06-10 07:30:00.000000,W005,40.000549,-104.99925
2026-06-10 07:40:00.000000,W006,40.00097,-104.999002
2026-06-10 07:50:00.000000,W001,40.001125,-104.999589
2026-06-10 08:00:00.000000,W002,40.001003,-104.999504
2026-06-10 08:10:00.000000,W003,40.000254,-104.999451
2026-06-10 08:20:00.000000,W004,40.000872,-104.998591
2026-06-10 08:43:10.443517,W003,40.001712,-105.000019
2026-06-10 08:53:10.443517,W004,40.00099,-105.000216
2026-06-10 09:03:10.443517,W005,40.001173,-104.999615
2026-06-10 09:28:38.859640,W004,39.999984,-104.999467
2026-06-10 09:38:38.859640,W005,40.001013,-104.999066
2026-06-10 09:48:38.859640,W006,40.000358,-104.999482
2026-06-10 09:58:38.859640,W001,40.001275,-104.999145
2026-06-10 10:08:38.859640,W002,40.001088,-104.99883
2026-06-10 10:18:38.859640,W003,40.000817,-104.99979
2026-06-10 10:48:05.495394,W005,40.00077,-104.998708
2026-06-10 10:58:05.495394,W006,40.001069,-105.000235
2026-06-10 11:08:05.495394,W001,40.001177,-105.000098
2026-06-10 11:18:05.495394,W002,40.001372,-104.99942
2026-06-10 11:28:05.495394,W003,40.001127,-104.999751
2026-06-10 11:38:05.495394,W004,40.000833,-104.999283
2026-06-10 11:48:05.495394,W005,40.001032,-104.999461
2026-06-10 12:09:57.106798,W006,40.000999,-105.000023
2026-06-10 12:19:57.106798,W001,40.001332,-104.999129
2026-06-10 12:29:57.106798,W002,40.001173,-104.99882
2026-06-10 12:39:57.106798,W003,40.00124,-104.999814
2026-06-10 12:49:57.106798,W004,40.001352,-104.999081
2026-06-10 12:59:57.106798,W005,40.001566,-105.000002
2026-06-10 13:24:24.237212,W001,40.001506,-104.999307
2026-06-10 13:34:24.237212,W002,40.001377,-104.999277
2026-06-10 13:44:24.237212,W003,40.001277,-104.999497
2026-06-10 13:54:24.237212,W004,40.001446,-104.998225
2026-06-10 14:22:04.470852,W002,40.00011,-104.99995
2026-06-10 14:32:04.470852,W003,40.00128,-104.999173
2026-06-10 14:42:04.470852,W004,40.001162,-104.998605
2026-06-10 14:52:04.470852,W005,40.000701,-104.999096
2026-06-10 15:02:04.470852,W006,40.001348,-104.999483
2026-06-10 15:12:04.470852,W001,40.000972,-104.999487
2026-06-10 15:22:04.470852,W002,40.001408,-104.999182
2026-06-10 15:47:12.757129,W003,40.00097,-104.999141
2026-06-10 15:57:12.757129,W004,40.000573,-104.999734
2026-06-10 16:07:12.757129,W005,40.000721,-104.9991
2026-06-10 16:17:12.757129,W006,40.000829,-104.999346
2026-06-10 16:27:12.757129,W001,40.001161,-104.999474
2026-06-10 16:37:12.757129,W002,40.000733,-104.999236
2026-06-10 16:47:12.757129,W003,40.001426,-104.999473
2026-06-10 07:00:00.000000,W004,39.99907,-104.998737
2026-06-10 07:10:00.000000,W005,39.999314,-104.99871
2026-06-10 07:20:00.000000,W006,39.999285,-104.998643
2026-06-10 07:30:00.000000,W001,39.999568,-104.998898
2026-06-10 07:50:28.359933,W005,39.999071,-104.998071
2026-06-10 08:00:28.359933,W006,39.999519,-104.999088
2026-06-10 08:10:28.359933,W001,39.998543,-104.999272
2026-06-10 08:20:28.359933,W002,39.999113,-104.998746
2026-06-10 08:30:28.359933,W003,39.998964,-104.998785
2026-06-10 08:40:28.359933,W004,39.999852,-104.99886
2026-06-10 08:50:28.359933,W005,39.999797,-104.99866
2026-06-10 09:11:42.152271,W006,39.999289,-104.998719
2026-06-10 09:21:42.152271,W001,39.999097,-104.998988
2026-06-10 09:31:42.152271,W002,39.999014,-104.998684
2026-06-10 10:04:44.175295,W001,39.999574,-104.998566
2026-06-10 10:14:44.175295,W002,39.999244,-105.000145
2026-06-10 10:24:44.175295,W003,39.998778,-104.998231
2026-06-10 10:34:44.175295,W004,39.999985,-104.99897
2026-06-10 10:44:44.175295,W005,39.999125,-104.999132
2026-06-10 10:54:44.175295,W006,39.998936,-104.999453
2026-06-10 11:04:44.175295,W001,39.99959,-104.998365
2026-06-10 07:00:00.000000,W002,40.00021,-105.000385
2026-06-10 07:10:00.000000,W003,39.99999,-105.000375
2026-06-10 07:20:00.000000,W004,40.001517,-105.000782
2026-06-10 07:39:50.822115,W003,40.000884,-105.000893
2026-06-10 07:49:50.822115,W004,40.000814,-105.001746
2026-06-10 07:59:50.822115,W005,40.000222,-105.000709
2026-06-10 08:09:50.822115,W006,40.000791,-105.001092
2026-06-10 08:19:50.822115,W001,40.000661,-105.000356
2026-06-10 08:47:25.448942,W004,40.000379,-105.001049
2026-06-10 08:57:25.448942,W005,40.000594,-105.000907
2026-06-10 09:07:25.448942,W006,40.001145,-105.000316
2026-06-10 09:36:37.965845,W005,40.000457,-105.00112
2026-06-10 09:46:37.965845,W006,40.000379,-105.00172
2026-06-10 09:56:37.965845,W001,40.00003,-105.000623
2026-06-10 10:26:50.295277,W006,40.001107,-105.001355
2026-06-10 10:36:50.295277,W001,40.000543,-105.001184
2026-06-10 10:46:50.295277,W002,40.000316,-105.001331
2026-06-10 10:56:50.295277,W003,40.000032,-105.001396
2026-06-10 11:17:44.964015,W001,40.000485,-105.000998
2026-06-10 11:27:44.964015,W002,40.000012,-105.000945
2026-06-10 11:37:44.964015,W003,40.000174,-105.000774
2026-06-10 11:47:44.964015,W004,40.000305,-105.001285
2026-06-10 07:00:00.000000,W002,39.999982,-104.999959
2026-06-10 07:10:00.000000,W003,40.000065,-104.999863
2026-06-10 07:20:00.000000,W004,40.000579,-105.000341
2026-06-10 07:30:00.000000,W005,40.000085,-104.999682
2026-06-10 07:40:00.000000,W006,40.000317,-104.999268
2026-06-10 07:50:00.000000,W001,40.000382,-105.000466
2026-06-10 08:00:00.000000,W002,40.000382,-105.000028
2026-06-10 08:10:00.000000,W003,40.000026,-105.000077
2026-06-10 08:36:58.204444,W003,40.000346,-105.000415
2026-06-10 08:46:58.204444,W004,40.000035,-105.000804
2026-06-10 08:56:58.204444,W005,40.000229,-104.999479
2026-06-10 09:06:58.204444,W006,39.999656,-105.000446
2026-06-10 09:16:58.204444,W001,40.000343,-105.000135
2026-06-10 09:26:58.204444,W002,39.999579,-105.000214
2026-06-10 09:50:09.882282,W004,39.999533,-104.999974
2026-06-10 10:00:09.882282,W005,39.999722,-104.999957
2026-06-10 10:10:09.882282,W006,39.999767,-104.999636
2026-06-10 10:20:09.882282,W001,40.000589,-104.999206
2026-06-10 10:30:09.882282,W002,40.000307,-105.000294
2026-06-10 10:58:14.153151,W005,39.999677,-105.000059
2026-06-10 11:08:14.153151,W006,40.000286,-105.000059
2026-06-10 11:18:14.153151,W001,39.999256,-104.999901
2026-06-10 11:28:14.153151,W002,39.999945,-105.00025
2026-06-10 11:38:14.153151,W003,39.999996,-104.999784
2026-06-10 12:12:20.937766,W006,40.000409,-104.999729
2026-06-10 12:22:20.937766,W001,39.999756,-104.999733
2026-06-10 12:32:20.937766,W002,39.999775,-104.999649
2026-06-10 12:42:20.937766,W003,40.000512,-105.000095
2026-06-10 13:03:37.595126,W001,39.999826,-105.000537
2026-06-10 13:13:37.595126,W002,39.999965,-104.999262
2026-06-10 13:23:37.595126,W003,40.000394,-105.000248
2026-06-10 13:33:37.595126,W004,40.000586,-105.000514
2026-06-10 13:43:37.595126,W005,40.000068,-105.000033
2026-06-10 13:53:37.595126,W006,40.000113,-104.99973
2026-06-10 14:03:37.595126,W001,40.000774,-104.999516
2026-06-10 14:28:03.647258,W002,40.000317,-105.000134
2026-06-10 14:38:03.647258,W003,39.999729,-104.999944
2026-06-10 14:48:03.647258,W004,40.000447,-105.000219
2026-06-10 07:00:00.000000,W003,40.001102,-104.999552
2026-06-10 07:10:00.000000,W004,40.000661,-104.999578
2026-06-10 07:20:00.000000,W005,40.001084,-104.999751
2026-06-10 07:30:00.000000,W006,40.001607,-105.000186
2026-06-10 07:58:57.199722,W004,40.001467,-104.999019
2026-06-10 08:08:57.199722,W005,40.001303,-104.999435
2026-06-10 08:18:57.199722,W006,40.000997,-104.999636
2026-06-10 08:45:01.348604,W005,40.001767,-105.000189
2026-06-10 08:55:01.348604,W006,40.001182,-104.999404
2026-06-10 09:05:01.348604,W001,40.00118,-104.99957
2026-06-10 09:15:01.348604,W002,40.000539,-104.999853
2026-06-10 09:25:01.348604,W003,40.001296,-104.999374
2026-06-10 09:35:01.348604,W004,40.00073,-104.999417
2026-06-10 10:07:07.839307,W006,40.000471,-104.999491
2026-06-10 10:17:07.839307,W001,40.000944,-104.998827
2026-06-10 10:27:07.839307,W002,40.000849,-105.000028
2026-06-10 10:37:07.839307,W003,40.000601,-104.999209
2026-06-10 07:00:00.000000,W001,39.99913,-104.999483
2026-06-10 07:10:00.000000,W002,39.999822,-104.999055
2026-06-10 07:20:00.000000,W003,39.998852,-104.998428
2026-06-10 07:30:00.000000,W004,39.999334,-104.999237
2026-06-10 08:02:20.938721,W002,39.999224,-104.998578
2026-06-10 08:12:20.938721,W003,39.999261,-104.998704
2026-06-10 08:22:20.938721,W004,39.999111,-104.998647
2026-06-10 08:32:20.938721,W005,39.998733,-104.998658
2026-06-10 08:56:50.154725,W003,39.999189,-104.998912
2026-06-10 09:06:50.154725,W004,39.999111,-104.998285
2026-06-10 09:16:50.154725,W005,39.999217,-104.998464
2026-06-10 09:40:27.427743,W004,39.999395,-104.998494
2026-06-10 09:50:27.427743,W005,39.998537,-104.999302
2026-06-10 10:00:27.427743,W006,39.999325,-104.998117
2026-06-10 10:10:27.427743,W001,39.999451,-104.998619
2026-06-10 07:00:00.000000,W005,40.000556,-105.00122
2026-06-10 07:10:00.000000,W006,40.000238,-105.000968
2026-06-10 07:20:00.000000,W001,40.000212,-105.000237
2026-06-10 07:30:00.000000,W002,40.000895,-105.000757
2026-06-10 07:40:00.000000,W003,40.0006,-105.0014
2026-06-10 07:50:00.000000,W004,40.000641,-105.00092
2026-06-10 08:00:00.000000,W005,40.000077,-105.000989
2026-06-10 08:32:31.476674,W006,40.00023,-105.001567
2026-06-10 08:42:31.476674,W001,40.001075,-105.001346
2026-06-10 08:52:31.476674,W002,39.999915,-105.001453
2026-06-10 09:02:31.476674,W003,40.000145,-105.001624
2026-06-10 09:28:32.609520,W001,40.000294,-105.001816
2026-06-10 09:38:32.609520,W002,40.000638,-105.000477
2026-06-10 09:48:32.609520,W003,40.000404,-105.000775
2026-06-10 09:58:32.609520,W004,40.000296,-105.000987
2026-06-10 10:26:42.815293,W002,40.00007,-105.000855
2026-06-10 10:36:42.815293,W003,40.00069,-105.000762
2026-06-10 10:46:42.815293,W004,40.000738,-105.001348
2026-06-10 11:09:11.065113,W003,40.000094,-105.000421
2026-06-10 11:19:11.065113,W004,40.000669,-105.000643
2026-06-10 11:29:11.065113,W005,40.000357,-105.001259
2026-06-10 11:59:55.211492,W004,40.000364,-105.001342
2026-06-10 12:09:55.211492,W005,40.000088,-105.001284
2026-06-10 12:19:55.211492,W006,39.999595,-105.00024
2026-06-11 07:00:00.000000,W005,39.999647,-104.999917
2026-06-11 07:10:00.000000,W006,40.000892,-104.999274
2026-06-11 07:20:00.000000,W001,40.00037,-104.999901
2026-06-11 07:30:00.000000,W002,40.000041,-105.000169
2026-06-11 07:40:00.000000,W003,39.99978,-105.000281
2026-06-11 07:50:00.000000,W004,40.00003,-105.000089
2026-06-11 08:00:00.000000,W005,40.000395,-105.000499
2026-06-11 08:10:00.000000,W006,39.999797,-104.999221
2026-06-11 08:20:00.000000,W001,39.999892,-105.000179
2026-06-11 08:35:53.354348,W006,40.000153,-105.000022
2026-06-11 08:45:53.354348,W001,40.000559,-104.99997
2026-06-11 08:55:53.354348,W002,39.999575,-104.999579
2026-06-11 09:05:53.354348,W003,39.999887,-104.9998
2026-06-11 09:15:53.354348,W004,39.999547,-104.999639
2026-06-11 09:46:55.521438,W001,39.999849,-104.999938
2026-06-11 09:56:55.521438,W002,39.999498,-105.000101
2026-06-11 10:06:55.521438,W003,39.999917,-105.000099
2026-06-11 10:16:55.521438,W004,40.000341,-104.999692
2026-06-11 10:26:55.521438,W005,40.000184,-105.000173
2026-06-11 10:36:55.521438,W006,40.000409,-105.000125
2026-06-11 10:46:55.521438,W001,40.000222,-104.999881
2026-06-11 11:12:07.599274,W002,39.999957,-105.000138
2026-06-11 11:22:07.599274,W003,39.999862,-104.999508
2026-06-11 11:32:07.599274,W004,40.000271,-104.999659
2026-06-11 11:42:07.599274,W005,39.999482,-104.999837
2026-06-11 12:06:21.903012,W003,40.000029,-104.999649
2026-06-11 12:16:21.903012,W004,40.00075,-105.000493
2026-06-11 12:26:21.903012,W005,39.999948,-104.999674
2026-06-11 12:36:21.903012,W006,39.999231,-105.000099
2026-06-11 12:46:21.903012,W001,39.999436,-105.000286
2026-06-11 12:56:21.903012,W002,39.999771,-105.000225
2026-06-11 13:16:30.733936,W004,40.00019,-105.000251
2026-06-11 13:26:30.733936,W005,40.000409,-104.999812
2026-06-11 13:36:30.733936,W006,39.999958,-104.999712
2026-06-11 13:46:30.733936,W001,39.999691,-105.000141
2026-06-11 13:56:30.733936,W002,39.999825,-104.99989
2026-06-11 07:00:00.000000,W005,40.00117,-104.999464
2026-06-11 07:10:00.000000,W006,40.000794,-104.999648
2026-06-11 07:20:00.000000,W001,40.000793,-105.000542
2026-06-11 07:30:00.000000,W002,40.001319,-104.999665
2026-06-11 07:40:00.000000,W003,40.000519,-105.000054
2026-06-11 07:50:00.000000,W004,40.000843,-104.999119
2026-06-11 08:00:00.000000,W005,40.001468,-105.000026
2026-06-11 08:10:00.000000,W006,40.000967,-104.999414
2026-06-11 08:32:29.372605,W006,40.000361,-104.99902
2026-06-11 08:42:29.372605,W001,40.000779,-104.99972
2026-06-11 08:52:29.372605,W002,40.001956,-105.000157
2026-06-11 09:02:29.372605,W003,39.999995,-104.9998
2026-06-11 09:12:29.372605,W004,40.001062,-104.999506
2026-06-11 09:22:29.372605,W005,40.000292,-104.999887
2026-06-11 09:32:29.372605,W006,40.001502,-104.999513
2026-06-11 09:42:29.372605,W001,40.000754,-104.999314
2026-06-11 09:52:29.372605,W002,40.001272,-104.999643
2026-06-11 10:15:57.286491,W001,40.001,-104.999499
2026-06-11 10:25:57.286491,W002,40.0006,-104.999124
2026-06-11 10:35:57.286491,W003,40.001011,-104.999518
2026-06-11 10:45:57.286491,W004,40.001153,-105.000207
2026-06-11 10:55:57.286491,W005,40.001003,-104.999948
2026-06-11 11:05:57.286491,W006,40.001264,-104.999042
2026-06-11 11:15:57.286491,W001,40.000702,-104.999687
2026-06-11 11:35:39.363255,W002,40.001092,-104.999964
2026-06-11 11:45:39.363255,W003,39.999812,-104.999265
2026-06-11 11:55:39.363255,W004,40.000742,-104.999504
2026-06-11 12:05:39.363255,W005,40.001186,-104.999686
2026-06-11 12:15:39.363255,W006,40.000998,-104.999155
2026-06-11 12:35:40.371700,W003,40.000828,-104.998807
2026-06-11 12:45:40.371700,W004,40.001489,-105.000589
2026-06-11 12:55:40.371700,W005,40.001305,-104.999793
2026-06-11 13:05:40.371700,W006,40.001035,-104.999516
2026-06-11 13:15:40.371700,W001,40.000764,-104.999474
2026-06-11 13:25:40.371700,W002,40.000583,-104.999621
2026-06-11 07:00:00.000000,W004,39.999786,-104.999414
2026-06-11 07:10:00.000000,W005,39.99887,-104.998868
2026-06-11 07:20:00.000000,W006,39.998815,-104.999134
2026-06-11 07:30:00.000000,W001,39.999397,-104.998867
2026-06-11 07:40:00.000000,W002,39.998258,-104.998523
2026-06-11 07:50:00.000000,W003,39.999671,-104.99923
2026-06-11 08:18:09.133090,W005,39.999362,-104.99878
2026-06-11 08:28:09.133090,W006,39.999195,-104.99888
2026-06-11 08:38:09.133090,W001,39.999541,-104.999053
2026-06-11 08:56:53.491023,W006,39.999546,-104.998635
2026-06-11 09:06:53.491023,W001,39.99894,-104.998769
2026-06-11 09:16:53.491023,W002,39.998987,-104.997666
2026-06-11 09:26:53.491023,W003,39.999195,-104.999505
2026-06-11 09:36:53.491023,W004,39.99897,-104.998644
2026-06-11 09:46:53.491023,W005,39.999665,-104.998851
2026-06-11 10:16:58.670495,W001,39.999081,-104.999139
2026-06-11 10:26:58.670495,W002,39.998721,-104.998136
2026-06-11 10:36:58.670495,W003,39.999789,-104.998934
2026-06-11 10:46:58.670495,W004,39.998898,-104.998685
2026-06-11 10:56:58.670495,W005,39.999676,-104.998713
2026-06-11 11:06:58.670495,W006,39.998864,-104.999283
2026-06-11 11:33:16.179032,W002,39.999621,-104.998422
2026-06-11 11:43:16.179032,W003,39.999084,-104.998643
2026-06-11 11:53:16.179032,W004,39.998814,-104.998683
2026-06-11 12:03:16.179032,W005,39.998848,-104.998743
2026-06-11 12:13:16.179032,W006,39.999063,-104.998786
2026-06-11 12:23:16.179032,W001,39.999017,-104.998723
2026-06-11 12:48:19.734264,W003,39.999235,-104.999294
2026-06-11 12:58:19.734264,W004,39.998263,-104.998575
2026-06-11 13:08:19.734264,W005,39.998942,-104.998926
2026-06-11 13:32:01.801341,W004,39.999228,-104.998811
2026-06-11 13:42:01.801341,W005,39.999241,-104.99912
2026-06-11 13:52:01.801341,W006,39.998831,-104.999197
2026-06-11 14:02:01.801341,W001,39.998589,-104.999364
2026-06-11 14:12:01.801341,W002,39.998596,-104.998447
2026-06-11 07:00:00.000000,W005,40.000514,-105.000888
2026-06-11 07:10:00.000000,W006,40.000455,-105.001006
2026-06-11 07:20:00.000000,W001,40.000906,-105.001053
2026-06-11 07:30:00.000000,W002,40.00076,-105.000613
2026-06-11 07:40:00.000000,W003,40.000449,-105.00175
2026-06-11 07:50:00.000000,W004,40.000392,-105.001104
2026-06-11 08:08:16.380090,W006,39.99983,-105.000834
2026-06-11 08:18:16.380090,W001,40.000814,-105.00173
2026-06-11 08:28:16.380090,W002,40.000853,-105.001464
2026-06-11 08:38:16.380090,W003,40.000736,-105.001049
2026-06-11 08:58:52.601130,W001,40.000643,-105.001194
2026-06-11 09:08:52.601130,W002,40.000908,-105.001039
2026-06-11 09:18:52.601130,W003,40.000264,-105.000949
2026-06-11 09:28:52.601130,W004,40.000856,-105.001348
2026-06-11 09:38:52.601130,W005,40.000508,-105.000985
2026-06-11 09:48:52.601130,W006,40.00035,-105.000971
2026-06-11 09:58:52.601130,W001,40.000699,-105.00107
2026-06-11 10:22:13.146967,W002,40.000969,-105.001452
2026-06-11 10:32:13.146967,W003,40.000124,-105.001566
2026-06-11 10:42:13.146967,W004,40.000788,-105.001735
2026-06-11 10:52:13.146967,W005,40.000078,-105.000951
2026-06-11 11:02:13.146967,W006,40.000689,-105.000776
2026-06-11 11:26:58.639771,W003,40.000877,-105.001108
2026-06-11 11:36:58.639771,W004,40.000673,-105.000324
2026-06-11 11:46:58.639771,W005,40.000514,-105.00067
2026-06-11 11:56:58.639771,W006,40.0004,-105.000533
2026-06-11 12:06:58.639771,W001,40.000239,-105.001241
2026-06-11 07:00:00.000000,W004,40.000515,-105.000274
2026-06-11 07:10:00.000000,W005,39.99934,-105.000303
2026-06-11 07:20:00.000000,W006,40.000522,-105.001038
2026-06-11 07:30:00.000000,W001,40.000094,-104.999674
2026-06-11 08:02:02.911809,W005,40.000593,-104.99945
2026-06-11 08:12:02.911809,W006,39.999723,-105.00084
2026-06-11 08:22:02.911809,W001,39.999629,-105.000202
2026-06-11 08:32:02.911809,W002,39.999705,-105.000652
2026-06-11 09:04:13.151203,W006,39.999838,-105.000065
2026-06-11 09:14:13.151203,W001,39.999803,-104.999842
2026-06-11 09:24:13.151203,W002,39.99983,-104.999969
2026-06-11 09:34:13.151203,W003,39.999547,-104.999787
2026-06-11 09:44:13.151203,W004,39.999922,-104.999873
2026-06-11 10:10:38.566025,W001,39.999865,-105.00038
2026-06-11 10:20:38.566025,W002,40.000207,-105.000228
2026-06-11 10:30:38.566025,W003,39.999981,-104.999586
2026-06-11 10:40:38.566025,W004,39.999828,-104.999933
2026-06-11 11:08:50.872092,W002,40.000594,-105.000238
2026-06-11 11:18:50.872092,W003,40.000027,-104.999451
2026-06-11 11:28:50.872092,W004,39.999935,-105.000209
2026-06-11 11:38:50.872092,W005,39.999678,-104.99998
2026-06-11 12:06:29.563647,W003,40.000184,-105.000422
2026-06-11 12:16:29.563647,W004,39.999945,-105.000298
2026-06-11 12:26:29.563647,W005,40.0,-104.999819
2026-06-11 12:36:29.563647,W006,40.000668,-105.000004
2026-06-11 12:46:29.563647,W001,40.000168,-105.000157
2026-06-11 12:56:29.563647,W002,40.00029,-105.000059
2026-06-11 13:06:29.563647,W003,39.999929,-104.9996
2026-06-11 13:22:26.979464,W004,39.999705,-104.999509
2026-06-11 13:32:26.979464,W005,40.000026,-105.000161
2026-06-11 13:42:26.979464,W006,39.99968,-105.00008
2026-06-11 13:52:26.979464,W001,39.999762,-105.000311
2026-06-11 14:02:26.979464,W002,40.000054,-104.999473
2026-06-11 14:12:26.979464,W003,39.999989,-104.999989
2026-06-11 14:22:26.979464,W004,39.999598,-104.999425
2026-06-11 14:45:24.044701,W005,40.000414,-105.000463
2026-06-11 14:55:24.044701,W006,39.999468,-104.999816
2026-06-11 15:05:24.044701,W001,39.999866,-104.999756
2026-06-11 15:15:24.044701,W002,39.999872,-105.000106
2026-06-11 15:25:24.044701,W003,39.999356,-105.000828
2026-06-11 15:35:24.044701,W004,40.000365,-105.000284
2026-06-11 15:45:24.044701,W005,40.000006,-104.999964
2026-06-11 07:00:00.000000,W006,40.000596,-104.999218
2026-06-11 07:10:00.000000,W001,40.001421,-105.000341
2026-06-11 07:20:00.000000,W002,40.000344,-104.999623
2026-06-11 07:30:00.000000,W003,40.000837,-104.999627
2026-06-11 07:40:00.000000,W004,40.001394,-104.999184
2026-06-11 08:05:01.101674,W001,40.001199,-104.999437
2026-06-11 08:15:01.101674,W002,40.001086,-104.999362
2026-06-11 08:25:01.101674,W003,40.000263,-104.999693
2026-06-11 08:35:01.101674,W004,40.000997,-104.999455
2026-06-11 08:45:01.101674,W005,40.001203,-104.999816
2026-06-11 08:55:01.101674,W006,40.001067,-104.999942
2026-06-11 09:22:35.542079,W002,40.001135,-104.99953
2026-06-11 09:32:35.542079,W003,40.001144,-104.999127
2026-06-11 09:42:35.542079,W004,40.000662,-104.99936
2026-06-11 09:52:35.542079,W005,40.000898,-104.99994
2026-06-11 10:02:35.542079,W006,40.001665,-104.999313
2026-06-11 10:12:35.542079,W001,40.000673,-104.999498
2026-06-11 10:22:35.542079,W002,40.001169,-104.999047
2026-06-11 10:32:35.542079,W003,40.000745,-104.999749
2026-06-11 10:42:35.542079,W004,40.001693,-105.000246
2026-06-11 10:52:35.542079,W005,40.000665,-105.000111
2026-06-11 11:02:35.542079,W006,40.000949,-105.000114
2026-06-11 11:12:35.542079,W001,40.001617,-104.999172
2026-06-11 11:35:20.464419,W003,40.001361,-104.999084
2026-06-11 11:45:20.464419,W004,40.000458,-104.998437
2026-06-11 11:55:20.464419,W005,40.000393,-104.998977
2026-06-11 12:14:17.841568,W004,40.000952,-104.999455
2026-06-11 12:24:17.841568,W005,40.000549,-104.999048
2026-06-11 12:34:17.841568,W006,40.001258,-104.999637
2026-06-11 12:44:17.841568,W001,40.000731,-104.999805
2026-06-11 12:54:17.841568,W002,40.001214,-104.999195
2026-06-11 13:04:17.841568,W003,40.001219,-104.999411
2026-06-11 07:00:00.000000,W005,39.999588,-104.99875
2026-06-11 07:10:00.000000,W006,39.999188,-104.998814
2026-06-11 07:20:00.000000,W001,39.999875,-104.999118
2026-06-11 07:30:00.000000,W002,39.99948,-104.998916
2026-06-11 07:40:00.000000,W003,39.999391,-104.998994
2026-06-11 07:50:00.000000,W004,39.999242,-104.999461
2026-06-11 08:00:00.000000,W005,39.999262,-104.998759
2026-06-11 08:27:06.037251,W006,39.999611,-104.999752
2026-06-11 08:37:06.037251,W001,39.999574,-104.9988
2026-06-11 08:47:06.037251,W002,39.999237,-104.998775
2026-06-11 08:57:06.037251,W003,39.999327,-104.999125
2026-06-11 09:07:06.037251,W004,39.999609,-104.99901
2026-06-11 09:17:06.037251,W005,39.999351,-104.998954
2026-06-11 09:42:35.466788,W001,39.998976,-104.998581
2026-06-11 09:52:35.466788,W002,39.999324,-104.99922
2026-06-11 10:02:35.466788,W003,39.999747,-104.998832
2026-06-11 10:12:35.466788,W004,39.999409,-104.998608
2026-06-11 10:34:26.047156,W002,39.998309,-104.998961
2026-06-11 10:44:26.047156,W003,39.998937,-104.998641
2026-06-11 10:54:26.047156,W004,39.998638,-104.999091
2026-06-11 11:04:26.047156,W005,39.998994,-104.999159
2026-06-11 11:14:26.047156,W006,39.999197,-104.999123
2026-06-11 11:24:26.047156,W001,39.99939,-104.999158
2026-06-11 11:34:26.047156,W002,39.998813,-104.998684
2026-06-11 07:00:00.000000,W003,40.000037,-105.001252
2026-06-11 07:10:00.000000,W004,40.000934,-105.001019
2026-06-11 07:20:00.000000,W005,40.000188,-105.000636
2026-06-11 07:30:00.000000,W006,40.000769,-105.001705
2026-06-11 07:40:00.000000,W001,40.000272,-105.00049
2026-06-11 08:05:59.990082,W004,40.000982,-105.001667
2026-06-11 08:15:59.990082,W005,40.001445,-105.001093
2026-06-11 08:25:59.990082,W006,40.000714,-105.000677
2026-06-11 08:35:59.990082,W001,40.000727,-105.00121
2026-06-11 09:01:03.852759,W005,40.000187,-105.001474
2026-06-11 09:11:03.852759,W006,40.000274,-105.001816
2026-06-11 09:21:03.852759,W001,40.000407,-105.000948
2026-06-11 09:31:03.852759,W002,40.000421,-105.000947
2026-06-11 09:41:03.852759,W003,40.000104,-105.000723
2026-06-11 10:00:45.398121,W006,40.001005,-105.001023
2026-06-11 10:10:45.398121,W001,40.000618,-105.000879
2026-06-11 10:20:45.398121,W002,40.000674,-105.000879
2026-06-11 10:30:45.398121,W003,39.999528,-105.00071
2026-06-11 10:55:28.890147,W001,40.000163,-105.002194
2026-06-11 11:05:28.890147,W002,39.999991,-105.001162
2026-06-11 11:15:28.890147,W003,40.00059,-105.00151
2026-06-11 11:25:28.890147,W004,40.00105,-105.000307
2026-06-11 11:35:28.890147,W005,39.999961,-105.001597
2026-06-11 11:58:54.436923,W002,40.000485,-105.000083
2026-06-11 12:08:54.436923,W003,39.999503,-105.000805
2026-06-11 12:18:54.436923,W004,40.001154,-105.001218
2026-06-11 12:28:54.436923,W005,40.0004,-105.000676
2026-06-11 12:38:54.436923,W006,40.000339,-105.001182
2026-06-11 12:48:54.436923,W001,40.000852,-105.000385
2026-06-11 13:15:53.746994,W003,40.001442,-105.001447
2026-06-11 13:25:53.746994,W004,40.000953,-105.001491
2026-06-11 13:35:53.746994,W005,40.000441,-105.001732
2026-06-11 13:45:53.746994,W006,40.000409,-105.000083
2026-06-11 13:55:53.746994,W001,40.000672,-105.000947
2026-06-11 14:05:53.746994,W002,40.000158,-105.001006
2026-06-11 14:24:10.534222,W004,40.000904,-105.001184
2026-06-11 14:34:10.534222,W005,40.00046,-105.001152
2026-06-11 14:44:10.534222,W006,40.001125,-105.000471
2026-06-11 14:54:10.534222,W001,40.000301,-105.001195
2026-06-11 15:04:10.534222,W002,40.00067,-105.001357
2026-06-11 15:14:10.534222,W003,39.999912,-105.000248
2026-06-11 15:24:10.534222,W004,40.00082,-105.001198
2026-06-12 07:00:00.000000,W005,39.999126,-104.999676
2026-06-12 07:10:00.000000,W006,40.000191,-105.000695
2026-06-12 07:20:00.000000,W001,39.999279,-105.00028
2026-06-12 07:46:49.098893,W006,40.000277,-104.999786
2026-06-12 07:56:49.098893,W001,39.999861,-105.000083
2026-06-12 08:06:49.098893,W002,40.000764,-104.999918
2026-06-12 08:16:49.098893,W003,39.999891,-105.000023
2026-06-12 08:26:49.098893,W004,39.999449,-105.000265
2026-06-12 08:36:49.098893,W005,39.999762,-105.000281
2026-06-12 08:46:49.098893,W006,40.00033,-104.999199
2026-06-12 09:08:46.332352,W001,40.000111,-104.999857
2026-06-12 09:18:46.332352,W002,39.999459,-105.000557
2026-06-12 09:28:46.332352,W003,40.00002,-105.000207
2026-06-12 09:38:46.332352,W004,39.999813,-105.000387
2026-06-12 09:48:46.332352,W005,39.999806,-105.000185
2026-06-12 10:13:32.100498,W002,40.000539,-105.000011
2026-06-12 10:23:32.100498,W003,39.999594,-104.999846
2026-06-12 10:33:32.100498,W004,39.999662,-104.999664
2026-06-12 07:00:00.000000,W003,40.00138,-104.999065
2026-06-12 07:10:00.000000,W004,40.001174,-104.999622
2026-06-12 07:20:00.000000,W005,40.000507,-104.999699
2026-06-12 07:30:00.000000,W006,40.000898,-104.999636
2026-06-12 07:40:00.000000,W001,40.000653,-104.999534
2026-06-12 08:09:00.088376,W004,40.000111,-104.999571
2026-06-12 08:19:00.088376,W005,40.000545,-104.99884
2026-06-12 08:29:00.088376,W006,40.001082,-104.999072
2026-06-12 08:39:00.088376,W001,40.001197,-104.999733
2026-06-12 08:49:00.088376,W002,40.000548,-105.000055
2026-06-12 08:59:00.088376,W003,40.000517,-105.000229
2026-06-12 09:09:00.088376,W004,40.00083,-104.99906
2026-06-12 09:19:00.088376,W005,40.001232,-104.999529
2026-06-12 09:29:00.088376,W006,40.001128,-104.999578
2026-06-12 09:39:00.088376,W001,40.00099,-104.999625
2026-06-12 09:49:00.088376,W002,40.001441,-104.999679
2026-06-12 10:12:09.562639,W005,40.001091,-104.999434
2026-06-12 10:22:09.562639,W006,40.00152,-104.999163
2026-06-12 10:32:09.562639,W001,40.000343,-104.999334
2026-06-12 10:42:09.562639,W002,40.001684,-104.999566
2026-06-12 10:52:09.562639,W003,40.001196,-104.999836
2026-06-12 11:24:42.308532,W006,40.001452,-104.999143
2026-06-12 11:34:42.308532,W001,40.000943,-104.999164
2026-06-12 11:44:42.308532,W002,40.000435,-104.999382
2026-06-12 11:54:42.308532,W003,40.001162,-104.999322
2026-06-12 12:04:42.308532,W004,40.000731,-104.999113
2026-06-12 12:14:42.308532,W005,40.000654,-104.999919
2026-06-12 12:24:42.308532,W006,40.000854,-104.999766
2026-06-12 12:34:42.308532,W001,40.000994,-104.99834
2026-06-12 12:44:42.308532,W002,40.000393,-104.999475
2026-06-12 13:12:19.306035,W001,40.000838,-104.998882
2026-06-12 13:22:19.306035,W002,40.002002,-104.999179
2026-06-12 13:32:19.306035,W003,40.001103,-104.99977
2026-06-12 13:42:19.306035,W004,40.000601,-105.000276
2026-06-12 13:52:19.306035,W005,40.00176,-104.999382
2026-06-12 14:14:15.025888,W002,40.001543,-104.999541
2026-06-12 14:24:15.025888,W003,40.000821,-105.000171
2026-06-12 14:34:15.025888,W004,40.001228,-104.999519
2026-06-12 14:44:15.025888,W005,40.000804,-104.999146
2026-06-12 07:00:00.000000,W003,39.998933,-104.999027
2026-06-12 07:10:00.000000,W004,39.999174,-104.998563
2026-06-12 07:20:00.000000,W005,39.999243,-104.999226
2026-06-12 07:30:00.000000,W006,39.999385,-104.99859
2026-06-12 07:40:00.000000,W001,39.999588,-104.999577
2026-06-12 08:08:55.256681,W004,39.998464,-104.998269
2026-06-12 08:18:55.256681,W005,39.99922,-104.999284
2026-06-12 08:28:55.256681,W006,39.999238,-104.998325
2026-06-12 08:38:55.256681,W001,39.99921,-104.999169
2026-06-12 08:48:55.256681,W002,39.999613,-104.998874
2026-06-12 08:58:55.256681,W003,39.999137,-104.998227
2026-06-12 09:08:55.256681,W004,39.999076,-104.998443
2026-06-12 09:29:25.276682,W005,39.998884,-104.998472
2026-06-12 09:39:25.276682,W006,39.998806,-104.998495
2026-06-12 09:49:25.276682,W001,39.999117,-104.998661
2026-06-12 09:59:25.276682,W002,39.99921,-104.99888
2026-06-12 10:09:25.276682,W003,39.998614,-104.998639
2026-06-12 10:28:43.842507,W006,39.999022,-104.998552
2026-06-12 10:38:43.842507,W001,39.99919,-104.999105
2026-06-12 10:48:43.842507,W002,39.999237,-104.999
2026-06-12 10:58:43.842507,W003,39.99908,-104.998836
2026-06-12 11:08:43.842507,W004,39.998253,-104.998841
2026-06-12 11:18:43.842507,W005,39.999476,-104.99949
2026-06-12 11:41:12.862617,W001,40.000004,-104.999085
2026-06-12 11:51:12.862617,W002,39.999053,-104.99942
2026-06-12 12:01:12.862617,W003,39.999361,-104.998835
2026-06-12 12:11:12.862617,W004,39.999289,-104.998707
2026-06-12 12:21:12.862617,W005,39.998856,-104.998791
2026-06-12 12:31:12.862617,W006,39.998482,-104.998398
2026-06-12 12:41:12.862617,W001,39.999006,-104.9979
2026-06-12 13:08:37.561738,W002,39.999215,-104.998841
2026-06-12 13:18:37.561738,W003,39.998861,-104.998496
2026-06-12 13:28:37.561738,W004,39.999412,-104.998208
2026-06-12 13:38:37.561738,W005,39.998472,-104.998595
2026-06-12 13:48:37.561738,W006,39.999114,-104.998748
2026-06-12 13:58:37.561738,W001,39.999836,-104.998538
2026-06-12 14:08:37.561738,W002,39.999962,-104.998667
2026-06-12 07:00:00.000000,W003,40.001145,-105.00011
2026-06-12 07:10:00.000000,W004,40.000968,-105.001555
2026-06-12 07:20:00.000000,W005,40.00026,-105.001005
2026-06-12 07:30:00.000000,W006,40.000055,-105.000205
2026-06-12 07:40:00.000000,W001,40.000522,-105.000882
2026-06-12 07:58:57.312051,W004,39.999975,-105.000691
2026-06-12 08:08:57.312051,W005,40.000151,-105.000908
2026-06-12 08:18:57.312051,W006,40.001159,-105.001445
2026-06-12 08:28:57.312051,W001,40.000811,-105.000717
2026-06-12 08:38:57.312051,W002,40.000934,-105.000654
2026-06-12 08:55:17.520944,W005,40.000677,-105.000675
2026-06-12 09:05:17.520944,W006,39.999998,-105.001037
2026-06-12 09:15:17.520944,W001,40.000951,-105.000909
2026-06-12 09:25:17.520944,W002,40.001282,-105.001486
2026-06-12 09:35:17.520944,W003,40.00078,-105.001426
2026-06-12 09:45:17.520944,W004,40.001143,-105.000437
2026-06-12 10:10:55.085557,W006,39.999727,-105.00136
2026-06-12 10:20:55.085557,W001,40.000477,-105.000944
2026-06-12 10:30:55.085557,W002,40.001011,-105.000943
2026-06-12 10:40:55.085557,W003,40.000167,-105.001229
2026-06-12 11:08:33.879230,W001,40.000881,-105.001637
2026-06-12 11:18:33.879230,W002,39.999331,-105.000278
2026-06-12 11:28:33.879230,W003,40.0006,-105.000584
2026-06-12 07:00:00.000000,W002,40.000475,-104.999861
2026-06-12 07:10:00.000000,W003,40.000266,-104.99952
2026-06-12 07:20:00.000000,W004,40.000125,-105.000391
2026-06-12 07:30:00.000000,W005,40.000448,-104.999433
2026-06-12 07:55:26.299784,W003,40.001067,-105.000118
2026-06-12 08:05:26.299784,W004,40.000576,-104.999865
2026-06-12 08:15:26.299784,W005,39.999664,-104.999669
2026-06-12 08:25:26.299784,W006,39.999604,-104.99991
2026-06-12 08:42:37.118635,W004,39.999469,-105.000437
2026-06-12 08:52:37.118635,W005,40.000104,-105.000205
2026-06-12 09:02:37.118635,W006,39.999251,-105.000249
2026-06-12 09:25:52.783641,W005,39.999638,-105.000091
2026-06-12 09:35:52.783641,W006,40.000035,-105.000026
2026-06-12 09:45:52.783641,W001,40.000679,-105.000274
2026-06-12 10:08:32.793710,W006,40.00025,-105.000379
2026-06-12 10:18:32.793710,W001,40.000013,-105.000312
2026-06-12 10:28:32.793710,W002,39.999588,-104.999189
2026-06-12 10:52:53.504587,W001,39.999992,-105.000019
2026-06-12 11:02:53.504587,W002,40.000414,-104.99982
2026-06-12 11:12:53.504587,W003,39.999408,-105.000447
2026-06-12 07:00:00.000000,W002,40.000386,-104.999138
2026-06-12 07:10:00.000000,W003,40.00127,-104.999496
2026-06-12 07:20:00.000000,W004,40.00085,-104.999535
2026-06-12 07:30:00.000000,W005,40.000826,-104.999177
2026-06-12 07:40:00.000000,W006,40.001168,-104.998541
2026-06-12 07:50:00.000000,W001,40.000605,-105.000025
2026-06-12 08:17:29.756408,W003,40.000496,-104.999241
2026-06-12 08:27:29.756408,W004,40.000744,-104.999201
2026-06-12 08:37:29.756408,W005,40.001517,-104.999547
2026-06-12 08:47:29.756408,W006,40.001349,-104.999749
2026-06-12 08:57:29.756408,W001,40.001016,-104.999229
2026-06-12 09:15:13.912105,W004,40.000841,-104.999475
2026-06-12 09:25:13.912105,W005,40.000645,-104.99858
2026-06-12 09:35:13.912105,W006,40.001191,-104.999499
2026-06-12 09:45:13.912105,W001,40.000848,-105.000013
2026-06-12 10:10:17.974212,W005,40.000904,-104.999639
2026-06-12 10:20:17.974212,W006,40.000864,-104.998991
2026-06-12 10:30:17.974212,W001,40.000771,-104.999415
2026-06-12 10:40:17.974212,W002,40.000796,-104.998938
2026-06-12 10:50:17.974212,W003,40.001075,-104.999268
2026-06-12 11:00:17.974212,W004,40.000642,-104.999148
2026-06-12 07:00:00.000000,W006,39.9995,-104.999249
2026-06-12 07:10:00.000000,W001,39.998905,-104.999317
2026-06-12 07:20:00.000000,W002,39.999456,-104.998926
2026-06-12 07:30:00.000000,W003,39.999408,-104.998523
2026-06-12 07:40:00.000000,W004,39.999346,-104.999385
2026-06-12 07:50:00.000000,W005,39.999579,-104.999126
2026-06-12 08:00:00.000000,W006,39.998844,-104.999315
2026-06-12 08:25:55.138619,W001,39.998873,-104.999289
2026-06-12 08:35:55.138619,W002,39.999904,-104.999348
2026-06-12 08:59:34.800352,W002,39.998562,-104.998757
2026-06-12 09:09:34.800352,W003,39.998788,-104.999093
2026-06-12 09:19:34.800352,W004,39.999236,-104.999103
2026-06-12 09:29:34.800352,W005,39.99905,-104.999403
2026-06-12 09:39:34.800352,W006,39.999476,-104.999084
2026-06-12 09:49:34.800352,W001,39.999722,-104.998838
2026-06-12 09:59:34.800352,W002,39.999271,-104.998643
2026-06-12 10:09:34.800352,W003,39.998916,-104.998312
2026-06-12 10:35:57.711009,W003,39.999249,-104.998856
2026-06-12 10:45:57.711009,W004,39.999112,-104.99812
2026-06-12 10:55:57.711009,W005,39.998436,-104.99992
2026-06-12 11:05:57.711009,W006,39.999398,-104.999015
2026-06-12 11:15:57.711009,W001,39.999071,-104.998655
2026-06-12 11:37:37.191434,W004,39.998918,-104.998934
2026-06-12 11:47:37.191434,W005,39.999295,-104.998863
2026-06-12 11:57:37.191434,W006,40.000486,-104.998655
2026-06-12 12:07:37.191434,W001,39.999143,-104.998738
2026-06-12 12:17:37.191434,W002,39.999211,-104.999428
2026-06-12 12:27:37.191434,W003,39.999281,-104.998638
2026-06-12 07:00:00.000000,W005,40.000987,-105.001019
2026-06-12 07:10:00.000000,W006,40.000495,-105.001545
2026-06-12 07:20:00.000000,W001,40.000041,-105.001016
2026-06-12 07:30:00.000000,W002,40.00078,-105.001514
2026-06-12 07:59:12.920144,W006,40.00062,-105.001048
2026-06-12 08:09:12.920144,W001,40.000868,-105.001099
2026-06-12 08:19:12.920144,W002,39.999781,-105.00132
2026-06-12 08:29:12.920144,W003,40.000808,-105.001271
2026-06-12 08:57:00.047739,W001,40.000511,-105.000574
2026-06-12 09:07:00.047739,W002,40.000193,-105.000742
2026-06-12 09:17:00.047739,W003,40.000562,-105.001102
2026-06-12 09:41:35.999741,W002,39.99987,-105.001581
2026-06-12 09:51:35.999741,W003,40.000426,-105.001546
2026-06-12 10:01:35.999741,W004,40.000469,-105.000857
2026-06-12 10:11:35.999741,W005,40.000509,-105.000981
2026-06-12 10:21:35.999741,W006,40.000442,-105.000803
2026-06-12 10:46:25.736552,W003,40.001056,-105.000533
2026-06-12 10:56:25.736552,W004,40.000333,-105.000857
2026-06-12 11:06:25.736552,W005,40.00065,-105.000915
2026-06-12 11:16:25.736552,W006,39.999863,-105.000177
2026-06-12 11:26:25.736552,W001,40.000848,-105.001437
2026-06-12 11:36:25.736552,W002,40.000565,-105.000641
2026-06-12 11:46:25.736552,W003,40.00126,-105.000604
2026-06-12 12:09:38.143054,W004,40.000682,-105.001
2026-06-12 12:19:38.143054,W005,40.001077,-105.000453
2026-06-12 12:29:38.143054,W006,40.000449,-105.000908
2026-06-12 12:39:38.143054,W001,40.000627,-105.000652
2026-06-12 13:10:50.461561,W005,39.999862,-105.000641
2026-06-12 13:20:50.461561,W006,40.001345,-105.000937
2026-06-12 13:30:50.461561,W001,40.000364,-105.000778
2026-06-12 13:40:50.461561,W002,39.999616,-105.000295
2026-06-12 14:06:33.288435,W006,39.999617,-105.000295
2026-06-12 14:16:33.288435,W001,40.000201,-105.001473
2026-06-12 14:26:33.288435,W002,40.000699,-105.001104
2026-06-12 14:36:33.288435,W003,39.999986,-105.001545
2026-06-12 14:46:33.288435,W004,40.000372,-105.000898
2026-06-12 14:56:33.288435,W005,40.000501,-105.00066
2026-06-12 15:06:33.288435,W006,40.000647,-105.000847
2026-06-13 07:00:00.000000,W001,40.000404,-105.000678
2026-06-13 07:10:00.000000,W002,39.999802,-105.000156
2026-06-13 07:20:00.000000,W003,39.999684,-105.000433
2026-06-13 07:41:23.821501,W002,39.999731,-104.999578
2026-06-13 07:51:23.821501,W003,40.000487,-105.000217
2026-06-13 08:01:23.821501,W004,40.000234,-105.000094
2026-06-13 08:23:40.849602,W003,40.000028,-104.999759
2026-06-13 08:33:40.849602,W004,39.999322,-104.999946
2026-06-13 08:43:40.849602,W005,40.000081,-104.999622
2026-06-13 08:53:40.849602,W006,40.000087,-104.99989
2026-06-13 09:03:40.849602,W001,39.999632,-104.999454
2026-06-13 09:29:47.251553,W004,40.000105,-105.000194
2026-06-13 09:39:47.251553,W005,39.99907,-104.999841
2026-06-13 09:49:47.251553,W006,39.999976,-104.999406
2026-06-13 09:59:47.251553,W001,40.00001,-105.000026
2026-06-13 10:09:47.251553,W002,40.00016,-105.000462
2026-06-13 10:19:47.251553,W003,40.000522,-105.000476
2026-06-13 10:29:47.251553,W004,39.999795,-104.999629
2026-06-13 07:00:00.000000,W005,40.001099,-104.999461
2026-06-13 07:10:00.000000,W006,40.001256,-104.999361
2026-06-13 07:20:00.000000,W001,40.000703,-104.99933
2026-06-13 07:30:00.000000,W002,40.000689,-104.999187
2026-06-13 07:40:00.000000,W003,40.00086,-104.999608
2026-06-13 07:50:00.000000,W004,40.000401,-104.999404
2026-06-13 08:00:00.000000,W005,40.00102,-104.999452
2026-06-13 08:10:00.000000,W006,40.000486,-104.999151
2026-06-13 08:41:30.227689,W006,40.001231,-104.9995
2026-06-13 08:51:30.227689,W001,40.000832,-104.999716
2026-06-13 09:01:30.227689,W002,40.001455,-104.999615
2026-06-13 09:11:30.227689,W003,40.000633,-104.999281
2026-06-13 09:21:30.227689,W004,40.000271,-104.999535
2026-06-13 09:31:30.227689,W005,40.000984,-104.999504
2026-06-13 09:41:30.227689,W006,40.00136,-104.99935
2026-06-13 09:58:05.667006,W001,40.00075,-104.999511
2026-06-13 10:08:05.667006,W002,40.001235,-104.999234
2026-06-13 10:18:05.667006,W003,40.001148,-105.000053
2026-06-13 10:28:05.667006,W004,40.001309,-105.000645
2026-06-13 10:38:05.667006,W005,40.001254,-104.999531
2026-06-13 10:48:05.667006,W006,40.000991,-104.998925
2026-06-13 10:58:05.667006,W001,40.000576,-104.999314
2026-06-13 11:08:05.667006,W002,40.001283,-104.99975
2026-06-13 11:32:46.978328,W002,40.000977,-104.999999
2026-06-13 11:42:46.978328,W003,40.001251,-104.999929
2026-06-13 11:52:46.978328,W004,40.000771,-104.999765
2026-06-13 12:02:46.978328,W005,40.001206,-104.999384
2026-06-13 12:12:46.978328,W006,40.000576,-104.999238
2026-06-13 12:22:46.978328,W001,40.001052,-104.999743
2026-06-13 12:44:50.237169,W003,40.001107,-104.999646
2026-06-13 12:54:50.237169,W004,40.000994,-104.99951
2026-06-13 13:04:50.237169,W005,40.001117,-104.999181
2026-06-13 13:14:50.237169,W006,40.0012,-104.999607
2026-06-13 13:24:50.237169,W001,40.000615,-104.99991
2026-06-13 13:34:50.237169,W002,40.001307,-105.000358
2026-06-13 13:44:50.237169,W003,40.0012,-104.999375
2026-06-13 14:08:23.252031,W004,40.000895,-104.999134
2026-06-13 14:18:23.252031,W005,40.001059,-104.999309
2026-06-13 14:28:23.252031,W006,40.001479,-104.999279
2026-06-13 14:38:23.252031,W001,40.001367,-104.99922
2026-06-13 14:48:23.252031,W002,40.000642,-104.999035
2026-06-13 14:58:23.252031,W003,40.000915,-104.998509
2026-06-13 15:29:19.186804,W005,40.000909,-104.99936
2026-06-13 15:39:19.186804,W006,40.000576,-104.999422
2026-06-13 15:49:19.186804,W001,40.000804,-104.998811
2026-06-13 15:59:19.186804,W002,40.001599,-104.999668
2026-06-13 16:09:19.186804,W003,40.001726,-104.999567
2026-06-13 16:19:19.186804,W004,40.001093,-104.99927
2026-06-13 16:29:19.186804,W005,40.000779,-104.998988
2026-06-13 16:39:19.186804,W006,40.000781,-104.999151
2026-06-13 16:49:19.186804,W001,40.000974,-104.999845
2026-06-13 16:59:19.186804,W002,40.001099,-105.000088
2026-06-13 17:09:19.186804,W003,40.001235,-104.99941
2026-06-13 17:19:19.186804,W004,40.001016,-104.999386
2026-06-13 17:29:19.186804,W005,40.001396,-104.999351
2026-06-13 07:00:00.000000,W006,39.998965,-104.998975
2026-06-13 07:10:00.000000,W001,39.99883,-104.999573
2026-06-13 07:20:00.000000,W002,39.999187,-104.998383
2026-06-13 07:30:00.000000,W003,39.999077,-104.9983
2026-06-13 07:40:00.000000,W004,39.998932,-104.998131
2026-06-13 07:59:15.140685,W001,39.998652,-104.999409
2026-06-13 08:09:15.140685,W002,39.999435,-104.998826
2026-06-13 08:19:15.140685,W003,39.998944,-104.999566
2026-06-13 08:29:15.140685,W004,40.000268,-104.999128
2026-06-13 08:49:45.798481,W002,39.999443,-104.998727
2026-06-13 08:59:45.798481,W003,39.999845,-104.998336
2026-06-13 09:09:45.798481,W004,39.998773,-104.998924
2026-06-13 09:19:45.798481,W005,39.999211,-104.998807
2026-06-13 09:29:45.798481,W006,39.998812,-104.99855
2026-06-13 09:55:40.701409,W003,39.998843,-104.999056
2026-06-13 10:05:40.701409,W004,39.999203,-104.998578
2026-06-13 10:15:40.701409,W005,39.998971,-104.998934
2026-06-13 10:25:40.701409,W006,39.999636,-104.998667
2026-06-13 07:00:00.000000,W004,40.000222,-105.001031
2026-06-13 07:10:00.000000,W005,40.000619,-105.00157
2026-06-13 07:20:00.000000,W006,40.000361,-105.001361
2026-06-13 07:30:00.000000,W001,40.000912,-105.000802
2026-06-13 07:40:00.000000,W002,40.000597,-105.001008
2026-06-13 08:04:06.861957,W005,40.000651,-105.000741
2026-06-13 08:14:06.861957,W006,39.999959,-105.001115
2026-06-13 08:24:06.861957,W001,40.001056,-105.000967
2026-06-13 08:34:06.861957,W002,40.000947,-105.001371
2026-06-13 08:59:35.644974,W006,39.9996,-105.000475
2026-06-13 09:09:35.644974,W001,40.000454,-105.001575
2026-06-13 09:19:35.644974,W002,39.999774,-105.001134
2026-06-13 09:29:35.644974,W003,40.000497,-105.000858
2026-06-13 09:39:35.644974,W004,40.000411,-105.001043
2026-06-13 10:05:33.449433,W001,40.000296,-105.001581
2026-06-13 10:15:33.449433,W002,40.000357,-105.000885
2026-06-13 10:25:33.449433,W003,40.000617,-105.00171
2026-06-13 10:51:47.269933,W002,40.000337,-105.001435
2026-06-13 11:01:47.269933,W003,40.000294,-105.000935
2026-06-13 11:11:47.269933,W004,40.001034,-105.001369
2026-06-13 11:21:47.269933,W005,39.999848,-105.001212
2026-06-13 11:31:47.269933,W006,40.000442,-105.001463
2026-06-13 11:41:47.269933,W001,40.000663,-105.000843
2026-06-13 12:08:57.606451,W003,40.000221,-105.001419
2026-06-13 12:18:57.606451,W004,40.000492,-105.001031
2026-06-13 12:28:57.606451,W005,40.000721,-105.000822
2026-06-13 12:38:57.606451,W006,40.000474,-105.001197
2026-06-13 12:48:57.606451,W001,40.000461,-105.00065
2026-06-13 12:58:57.606451,W002,40.000916,-105.000645
2026-06-13 13:08:57.606451,W003,40.000561,-105.001191
2026-06-13 13:18:57.606451,W004,40.000736,-105.000893
2026-06-13 13:45:06.968639,W004,40.000735,-105.001539
2026-06-13 13:55:06.968639,W005,40.000569,-105.00135
2026-06-13 14:05:06.968639,W006,40.000778,-105.001052
2026-06-13 14:15:06.968639,W001,40.000669,-105.001423
2026-06-13 14:25:06.968639,W002,40.000176,-105.001362
2026-06-13 14:35:06.968639,W003,40.000187,-105.001355
2026-06-13 07:00:00.000000,W005,39.999557,-104.999867
2026-06-13 07:10:00.000000,W006,40.00042,-104.999412
2026-06-13 07:20:00.000000,W001,40.000907,-104.999907
2026-06-13 07:30:00.000000,W002,39.999948,-105.000212
2026-06-13 07:40:00.000000,W003,40.000028,-104.999966
2026-06-13 07:50:00.000000,W004,40.000157,-105.000178
2026-06-13 08:17:12.517208,W006,39.999953,-105.000613
2026-06-13 08:27:12.517208,W001,40.000159,-104.999473
2026-06-13 08:37:12.517208,W002,39.999481,-104.999832
2026-06-13 08:47:12.517208,W003,39.999913,-105.000292
2026-06-13 08:57:12.517208,W004,40.0003,-105.000918
2026-06-13 09:29:39.748202,W001,40.000372,-105.000075
2026-06-13 09:39:39.748202,W002,39.999876,-105.000647
2026-06-13 09:49:39.748202,W003,39.999828,-105.000787
2026-06-13 09:59:39.748202,W004,39.999987,-104.99954
2026-06-13 10:09:39.748202,W005,40.000436,-104.999911
2026-06-13 10:35:08.136870,W002,40.000129,-104.99986
2026-06-13 10:45:08.136870,W003,40.000518,-104.999901
2026-06-13 10:55:08.136870,W004,39.999738,-105.000841
2026-06-13 11:05:08.136870,W005,40.000217,-105.000295
2026-06-13 11:15:08.136870,W006,39.99973,-104.999905
2026-06-13 11:46:19.935200,W003,40.000119,-105.000005
2026-06-13 11:56:19.935200,W004,40.000012,-104.999875
2026-06-13 12:06:19.935200,W005,39.99975,-105.000619
2026-06-13 12:16:19.935200,W006,40.00026,-105.00001
2026-06-13 07:00:00.000000,W004,40.001831,-104.999443
2026-06-13 07:10:00.000000,W005,40.001137,-104.999478
2026-06-13 07:20:00.000000,W006,39.999996,-104.999776
2026-06-13 07:30:00.000000,W001,40.000994,-105.000114
2026-06-13 07:40:00.000000,W002,40.001374,-104.999281
2026-06-13 08:06:51.255362,W005,40.001414,-104.998983
2026-06-13 08:16:51.255362,W006,40.001145,-104.998996
2026-06-13 08:26:51.255362,W001,40.00129,-104.99929
2026-06-13 08:36:51.255362,W002,40.001312,-104.999516
2026-06-13 08:46:51.255362,W003,40.000538,-104.999858
2026-06-13 08:56:51.255362,W004,40.001216,-104.999339
2026-06-13 09:06:51.255362,W005,40.000475,-104.998779
2026-06-13 09:16:51.255362,W006,40.002187,-104.999184
2026-06-13 09:26:51.255362,W001,40.001158,-104.999413
2026-06-13 09:51:39.150268,W006,40.001357,-104.9994
2026-06-13 10:01:39.150268,W001,40.000732,-104.999719
2026-06-13 10:11:39.150268,W002,40.000737,-104.99901
2026-06-13 10:21:39.150268,W003,40.001416,-104.999715
2026-06-13 10:31:39.150268,W004,40.00095,-104.999691
2026-06-13 10:41:39.150268,W005,40.001018,-104.999552
2026-06-13 11:13:51.314067,W001,40.001168,-104.999471
2026-06-13 11:23:51.314067,W002,40.000869,-105.000071
2026-06-13 11:33:51.314067,W003,40.00064,-104.999906
2026-06-13 11:43:51.314067,W004,40.001037,-104.999638
2026-06-13 11:53:51.314067,W005,40.000785,-104.999604
2026-06-13 12:03:51.314067,W006,40.001049,-105.000373
2026-06-13 12:24:59.115762,W002,40.000714,-104.999686
2026-06-13 12:34:59.115762,W003,40.000535,-104.998986
2026-06-13 12:44:59.115762,W004,40.001349,-105.000021
2026-06-13 12:54:59.115762,W005,40.000584,-104.999596
2026-06-13 13:04:59.115762,W006,40.000941,-104.999161
2026-06-13 13:14:59.115762,W001,40.00056,-104.999784
2026-06-13 13:24:59.115762,W002,40.001447,-104.999675
2026-06-13 07:00:00.000000,W003,39.998854,-104.998365
2026-06-13 07:10:00.000000,W004,39.998875,-104.998851
2026-06-13 07:20:00.000000,W005,39.999224,-104.998367
2026-06-13 07:30:00.000000,W006,39.999389,-104.998956
2026-06-13 07:40:00.000000,W001,40.000047,-104.999537
2026-06-13 07:50:00.000000,W002,39.998749,-104.998677
2026-06-13 08:15:46.793798,W004,39.999273,-104.998631
2026-06-13 08:25:46.793798,W005,40.000014,-104.9997
2026-06-13 08:35:46.793798,W006,39.999575,-104.997776
2026-06-13 08:45:46.793798,W001,39.999064,-104.998993
2026-06-13 08:55:46.793798,W002,39.999355,-104.998918
2026-06-13 09:05:46.793798,W003,39.998961,-104.99903
2026-06-13 09:34:19.408543,W005,39.999525,-104.998662
2026-06-13 09:44:19.408543,W006,39.998898,-104.99908
2026-06-13 09:54:19.408543,W001,39.999164,-104.998613
2026-06-13 10:04:19.408543,W002,39.999543,-104.998873
2026-06-13 10:14:19.408543,W003,39.999876,-104.998785
2026-06-13 10:44:50.449418,W006,39.998927,-104.998593
2026-06-13 10:54:50.449418,W001,39.998714,-104.998654
2026-06-13 11:04:50.449418,W002,39.999381,-104.998204
2026-06-13 11:14:50.449418,W003,39.998761,-104.998584
2026-06-13 11:36:46.839767,W001,39.999752,-104.999093
2026-06-13 11:46:46.839767,W002,39.998771,-104.999126
2026-06-13 11:56:46.839767,W003,39.998767,-104.99911
2026-06-13 12:06:46.839767,W004,39.999615,-104.998262
2026-06-13 12:16:46.839767,W005,39.999524,-104.998292
2026-06-13 12:26:46.839767,W006,39.999559,-104.999267
2026-06-13 12:54:24.946927,W002,39.998835,-104.998822
2026-06-13 13:04:24.946927,W003,39.999044,-104.999112
2026-06-13 13:14:24.946927,W004,39.999899,-104.998614
2026-06-13 13:24:24.946927,W005,39.998694,-104.998798
2026-06-13 07:00:00.000000,W003,39.999624,-105.001291
2026-06-13 07:10:00.000000,W004,40.000921,-105.001041
2026-06-13 07:20:00.000000,W005,40.000344,-105.000714
2026-06-13 07:30:00.000000,W006,40.000765,-105.000966
2026-06-13 07:40:00.000000,W001,40.000875,-105.000766
2026-06-13 08:07:23.006519,W004,40.000773,-105.000881
2026-06-13 08:17:23.006519,W005,40.00007,-105.000828
2026-06-13 08:27:23.006519,W006,40.000598,-105.000529
2026-06-13 08:37:23.006519,W001,40.000256,-105.000193
2026-06-13 08:53:26.344409,W005,40.000847,-105.000532
2026-06-13 09:03:26.344409,W006,40.000648,-105.001286
2026-06-13 09:13:26.344409,W001,40.000267,-105.00092
2026-06-13 09:23:26.344409,W002,40.000515,-105.000251
2026-06-13 09:33:26.344409,W003,40.000137,-105.000926
2026-06-13 09:43:26.344409,W004,40.00017,-105.000529
2026-06-13 10:11:27.899019,W006,40.000003,-105.001265
2026-06-13 10:21:27.899019,W001,40.000912,-105.00038
2026-06-13 10:31:27.899019,W002,40.000591,-105.000479
2026-06-13 10:41:27.899019,W003,40.000727,-105.000708
2026-06-13 10:51:27.899019,W004,40.000707,-105.001422
2026-06-13 11:01:27.899019,W005,40.000497,-105.000894
2026-06-13 11:27:50.998257,W001,40.000266,-105.000462
2026-06-13 11:37:50.998257,W002,40.00065,-105.001243
2026-06-13 11:47:50.998257,W003,40.000758,-105.00101
2026-06-13 11:57:50.998257,W004,40.00044,-105.0012
2026-06-13 12:07:50.998257,W005,40.000283,-105.000868
2026-06-13 12:17:50.998257,W006,40.00009,-105.000513
2026-06-14 07:00:00.000000,W002,40.000043,-105.000381
2026-06-14 07:10:00.000000,W003,40.000024,-105.001233
2026-06-14 07:20:00.000000,W004,39.999647,-104.999629
2026-06-14 07:30:00.000000,W005,39.999661,-104.999791
2026-06-14 07:40:00.000000,W006,40.000029,-105.000408
2026-06-14 08:01:44.997437,W003,39.999867,-104.999317
2026-06-14 08:11:44.997437,W004,40.000176,-105.000156
2026-06-14 08:21:44.997437,W005,39.999888,-105.000566
2026-06-14 08:31:44.997437,W006,39.999887,-104.999553
2026-06-14 08:41:44.997437,W001,40.000481,-104.999559
2026-06-14 08:51:44.997437,W002,39.999289,-105.000555
2026-06-14 09:01:44.997437,W003,39.999774,-104.999705
2026-06-14 09:11:44.997437,W004,39.999284,-105.000144
2026-06-14 09:31:24.751018,W004,40.000253,-104.999942
2026-06-14 09:41:24.751018,W005,39.999659,-105.00021
2026-06-14 09:51:24.751018,W006,40.000294,-104.999894
2026-06-14 10:01:24.751018,W001,40.000146,-105.000109
2026-06-14 10:11:24.751018,W002,39.999878,-105.00013
2026-06-14 10:40:02.329265,W005,40.00071,-104.999689
2026-06-14 10:50:02.329265,W006,39.999811,-104.999622
2026-06-14 11:00:02.329265,W001,40.000369,-104.999997
2026-06-14 11:10:02.329265,W002,40.000409,-105.000177
2026-06-14 11:20:02.329265,W003,39.999967,-105.000023
2026-06-14 11:30:02.329265,W004,39.999693,-105.000297
2026-06-14 11:40:02.329265,W005,39.999806,-105.000286
2026-06-14 07:00:00.000000,W006,40.001436,-104.99949
2026-06-14 07:10:00.000000,W001,40.000157,-104.999934
2026-06-14 07:20:00.000000,W002,40.001582,-104.998976
2026-06-14 07:30:00.000000,W003,40.001282,-105.000181
2026-06-14 07:40:00.000000,W004,40.001158,-104.999462
2026-06-14 07:50:00.000000,W005,40.000994,-104.99955
2026-06-14 08:00:00.000000,W006,40.000833,-104.999852
2026-06-14 08:10:00.000000,W001,40.00082,-104.999938
2026-06-14 08:34:27.729092,W001,40.000256,-104.999336
2026-06-14 08:44:27.729092,W002,40.001136,-104.999506
2026-06-14 08:54:27.729092,W003,40.000837,-104.999489
2026-06-14 09:04:27.729092,W004,40.001442,-104.999886
2026-06-14 09:31:34.452916,W002,40.001029,-105.001053
2026-06-14 09:41:34.452916,W003,39.999768,-104.998799
2026-06-14 09:51:34.452916,W004,40.001611,-105.000031
2026-06-14 10:01:34.452916,W005,40.000728,-105.000115
2026-06-14 10:11:34.452916,W006,40.000813,-104.999318
2026-06-14 10:21:34.452916,W001,40.001094,-105.000196
2026-06-14 10:31:34.452916,W002,40.00089,-104.999369
2026-06-14 10:49:29.025063,W003,40.000427,-104.999278
2026-06-14 10:59:29.025063,W004,40.000508,-104.999871
2026-06-14 11:09:29.025063,W005,40.001047,-104.998763
2026-06-14 11:19:29.025063,W006,40.000785,-104.999047
2026-06-14 07:00:00.000000,W004,39.99908,-104.999239
2026-06-14 07:10:00.000000,W005,39.999115,-104.998576
2026-06-14 07:20:00.000000,W006,39.998686,-104.99807
2026-06-14 07:30:00.000000,W001,39.999498,-104.998423
2026-06-14 07:40:00.000000,W002,39.999222,-104.998797
2026-06-14 07:50:00.000000,W003,39.999636,-104.998379
2026-06-14 08:00:00.000000,W004,39.999124,-104.999048
2026-06-14 08:26:27.635996,W005,39.999527,-104.998723
2026-06-14 08:36:27.635996,W006,40.000013,-104.998987
2026-06-14 08:46:27.635996,W001,39.999388,-104.998779
2026-06-14 08:56:27.635996,W002,39.998847,-104.998658
2026-06-14 09:06:27.635996,W003,39.99851,-104.998638
2026-06-14 09:16:27.635996,W004,39.999703,-104.998165
2026-06-14 09:42:12.037191,W006,39.999236,-104.998761
2026-06-14 09:52:12.037191,W001,39.998962,-104.999049
2026-06-14 10:02:12.037191,W002,39.99926,-104.998244
2026-06-14 10:12:12.037191,W003,39.999079,-104.998597
2026-06-14 10:22:12.037191,W004,39.998734,-104.998392
2026-06-14 10:48:30.970509,W001,39.999221,-104.999221
2026-06-14 10:58:30.970509,W002,39.999705,-104.998364
2026-06-14 11:08:30.970509,W003,39.999612,-104.998631
2026-06-14 11:18:30.970509,W004,39.999265,-104.998229
2026-06-14 11:36:48.868125,W002,39.999266,-104.999154
2026-06-14 11:46:48.868125,W003,39.999062,-104.999016
2026-06-14 11:56:48.868125,W004,39.999076,-104.9984
2026-06-14 12:06:48.868125,W005,39.99932,-104.998537
2026-06-14 12:30:09.970379,W003,39.999251,-104.998233
2026-06-14 12:40:09.970379,W004,39.999338,-104.998719
2026-06-14 13:08:23.995317,W004,39.998976,-104.999412
2026-06-14 13:18:23.995317,W005,39.999229,-104.998891
2026-06-14 13:28:23.995317,W006,39.998775,-104.999549
2026-06-14 13:38:23.995317,W001,39.998993,-104.998268
2026-06-14 13:48:23.995317,W002,39.998797,-104.999023
2026-06-14 07:00:00.000000,W005,39.99992,-105.001401
2026-06-14 07:10:00.000000,W006,40.000619,-105.001019
2026-06-14 07:20:00.000000,W001,40.000488,-105.001118
2026-06-14 07:30:00.000000,W002,40.000296,-105.001163
2026-06-14 07:40:00.000000,W003,40.000469,-105.001245
2026-06-14 07:50:00.000000,W004,40.000648,-105.001642
2026-06-14 08:00:00.000000,W005,40.000568,-105.001527
2026-06-14 08:24:27.680037,W006,40.000123,-105.001634
2026-06-14 08:34:27.680037,W001,40.000463,-105.00064
2026-06-14 08:44:27.680037,W002,40.000188,-105.001326
2026-06-14 08:54:27.680037,W003,40.000661,-105.000844
2026-06-14 09:04:27.680037,W004,40.000502,-105.000296
2026-06-14 09:14:27.680037,W005,40.000171,-105.001653
2026-06-14 09:45:32.061327,W001,40.000285,-105.000761
2026-06-14 09:55:32.061327,W002,40.000846,-105.00091
2026-06-14 10:05:32.061327,W003,40.001018,-105.00142
2026-06-14 10:15:32.061327,W004,40.000614,-105.000583
2026-06-14 10:25:32.061327,W005,40.000694,-105.00139
2026-06-14 10:35:32.061327,W006,40.000146,-105.001768
2026-06-14 11:01:28.415170,W002,40.000687,-105.001447
2026-06-14 11:11:28.415170,W003,40.000313,-105.001817
2026-06-14 11:21:28.415170,W004,40.000693,-105.001258
2026-06-14 11:31:28.415170,W005,40.000847,-105.00103
2026-06-14 11:41:28.415170,W006,40.000521,-105.000645
2026-06-14 11:51:28.415170,W001,39.999936,-105.000526
2026-06-14 12:10:06.593393,W003,39.999772,-105.001406
2026-06-14 12:20:06.593393,W004,40.000525,-105.001484
2026-06-14 12:30:06.593393,W005,40.000728,-105.000891
2026-06-14 12:40:06.593393,W006,40.000694,-105.001161
2026-06-14 13:02:07.960702,W004,40.000203,-105.001794
2026-06-14 13:12:07.960702,W005,40.000626,-105.000831
2026-06-14 13:22:07.960702,W006,39.999871,-105.000817
2026-06-14 13:32:07.960702,W001,40.00019,-105.000476
2026-06-14 13:42:07.960702,W002,40.000906,-105.001193
2026-06-14 07:00:00.000000,W005,39.999924,-105.000284
2026-06-14 07:10:00.000000,W006,39.999175,-104.999547
2026-06-14 07:20:00.000000,W001,40.000252,-104.999509
2026-06-14 07:30:00.000000,W002,39.999376,-104.999784
2026-06-14 07:40:00.000000,W003,40.000512,-105.000632
2026-06-14 07:50:00.000000,W004,39.999806,-104.999362
2026-06-14 08:23:13.800010,W006,39.99997,-105.000705
2026-06-14 08:33:13.800010,W001,39.999955,-104.99959
2026-06-14 08:43:13.800010,W002,40.000055,-104.999709
2026-06-14 08:53:13.800010,W003,39.999336,-104.999594
2026-06-14 09:03:13.800010,W004,40.000718,-104.999871
2026-06-14 09:13:13.800010,W005,40.000189,-105.000277
2026-06-14 09:23:13.800010,W006,40.000235,-105.000778
2026-06-14 09:51:48.117945,W001,40.000185,-104.999538
2026-06-14 10:01:48.117945,W002,39.999813,-105.000141
2026-06-14 10:11:48.117945,W003,40.000296,-105.000026
2026-06-14 10:21:48.117945,W004,39.999147,-104.999896
2026-06-14 10:42:14.772216,W002,39.999395,-104.999605
2026-06-14 10:52:14.772216,W003,39.999722,-104.999729
2026-06-14 07:00:00.000000,W003,40.001714,-104.998535
2026-06-14 07:10:00.000000,W004,40.000583,-104.999164
2026-06-14 07:20:00.000000,W005,40.00043,-105.000378
2026-06-14 07:47:23.635826,W004,40.001766,-104.99949
2026-06-14 07:57:23.635826,W005,40.001125,-104.999679
2026-06-14 08:07:23.635826,W006,40.000822,-104.999498
2026-06-14 08:17:23.635826,W001,40.00119,-104.999833
2026-06-14 08:27:23.635826,W002,40.000474,-105.000028
2026-06-14 08:37:23.635826,W003,40.000475,-104.999495
2026-06-14 08:47:23.635826,W004,40.000782,-104.999614
2026-06-14 09:13:42.232297,W005,40.001131,-104.999185
2026-06-14 09:23:42.232297,W006,40.001301,-105.000415
2026-06-14 09:33:42.232297,W001,40.002034,-104.998849
2026-06-14 09:43:42.232297,W002,40.000962,-104.999664
2026-06-14 09:53:42.232297,W003,40.00082,-105.000084
2026-06-14 10:03:42.232297,W004,40.001302,-104.998846
2026-06-14 10:33:38.693514,W006,40.000976,-104.999909
2026-06-14 10:43:38.693514,W001,40.000769,-104.999545
2026-06-14 11:03:22.532990,W001,40.00032,-104.999614
2026-06-14 11:13:22.532990,W002,40.001125,-104.999278
2026-06-14 11:23:22.532990,W003,40.001171,-104.999399
2026-06-14 11:33:22.532990,W004,40.000557,-104.999712
2026-06-14 07:00:00.000000,W002,39.999749,-104.998732
2026-06-14 07:10:00.000000,W003,39.998977,-104.998126
2026-06-14 07:20:00.000000,W004,39.999197,-104.998986
2026-06-14 07:30:00.000000,W005,39.998958,-104.999402
2026-06-14 07:48:00.203404,W003,39.999704,-104.998606
2026-06-14 07:58:00.203404,W004,39.999061,-104.998231
2026-06-14 08:08:00.203404,W005,39.999302,-104.998663
2026-06-14 08:18:00.203404,W006,39.998847,-104.998423
2026-06-14 08:28:00.203404,W001,39.999752,-104.999215
2026-06-14 08:51:27.692646,W004,39.998787,-104.999369
2026-06-14 09:01:27.692646,W005,39.999189,-104.999267
2026-06-14 09:11:27.692646,W006,39.998976,-104.999497
2026-06-14 09:21:27.692646,W001,39.999182,-104.998807
2026-06-14 09:31:27.692646,W002,39.998842,-104.99815
2026-06-14 09:52:13.066302,W005,39.999096,-104.998657
2026-06-14 10:02:13.066302,W006,39.999681,-104.998441
2026-06-14 10:12:13.066302,W001,39.998582,-104.998988
2026-06-14 10:22:13.066302,W002,39.999673,-104.998182
2026-06-14 10:32:13.066302,W003,39.999435,-104.998966
2026-06-14 11:00:56.291150,W006,39.998679,-104.999084
2026-06-14 11:10:56.291150,W001,39.999129,-104.999109
2026-06-14 11:20:56.291150,W002,39.998648,-104.998961
2026-06-14 11:30:56.291150,W003,39.998817,-104.999295
2026-06-14 11:55:13.065824,W001,39.999276,-104.999014
2026-06-14 12:05:13.065824,W002,39.99966,-104.998338
2026-06-14 12:15:13.065824,W003,39.999118,-104.999096
2026-06-14 12:25:13.065824,W004,39.998959,-104.998245
2026-06-14 12:35:13.065824,W005,39.99949,-104.998927
2026-06-14 12:45:13.065824,W006,39.999349,-104.998898
2026-06-14 13:14:48.498439,W002,39.999541,-104.999154
2026-06-14 13:24:48.498439,W003,39.999952,-104.997795
2026-06-14 13:34:48.498439,W004,39.99877,-104.998461
2026-06-14 13:44:48.498439,W005,39.999491,-104.998805
2026-06-14 13:54:48.498439,W006,39.999656,-104.998783
2026-06-14 14:04:48.498439,W001,39.9996,-104.999445
2026-06-14 14:14:48.498439,W002,39.999189,-104.998383
2026-06-14 07:00:00.000000,W003,40.000096,-105.001421
2026-06-14 07:10:00.000000,W004,40.000161,-105.001231
2026-06-14 07:20:00.000000,W005,40.000165,-105.000373
2026-06-14 07:30:00.000000,W006,40.000174,-105.0011
2026-06-14 07:40:00.000000,W001,40.000662,-105.001761
2026-06-14 07:50:00.000000,W002,40.000892,-105.002403
2026-06-14 08:00:00.000000,W003,40.000076,-105.001296
2026-06-14 08:22:37.345466,W004,40.000401,-105.001403
2026-06-14 08:32:37.345466,W005,40.000516,-105.000539
2026-06-14 08:42:37.345466,W006,39.99938,-105.001283
2026-06-14 08:52:37.345466,W001,40.000773,-105.001234
2026-06-14 09:02:37.345466,W002,40.000338,-105.00117
2026-06-14 09:35:16.321521,W005,40.000839,-105.00165
2026-06-14 09:45:16.321521,W006,39.999751,-105.00088
2026-06-14 09:55:16.321521,W001,40.000688,-104.999896
2026-06-14 10:05:16.321521,W002,40.000292,-105.002024
2026-06-14 10:26:11.810257,W006,40.000622,-105.00114
2026-06-14 10:36:11.810257,W001,40.000744,-105.000875
2026-06-14 10:56:09.311247,W001,40.000328,-105.001253
2026-06-14 11:06:09.311247,W002,40.000704,-105.00128
2026-06-14 11:29:01.268758,W002,39.999864,-105.00182
2026-06-14 11:39:01.268758,W003,40.000769,-105.001277
2026-06-14 11:49:01.268758,W004,39.99999,-105.00076
2026-06-15 07:00:00.000000,W003,40.000235,-104.999972
2026-06-15 07:10:00.000000,W004,40.000028,-105.000478
2026-06-15 07:20:00.000000,W005,39.999617,-104.999706
2026-06-15 07:30:00.000000,W006,40.000031,-105.000369
2026-06-15 07:40:00.000000,W001,40.00033,-105.000099
2026-06-15 08:05:32.228284,W004,40.000398,-104.999815
2026-06-15 08:15:32.228284,W005,39.999801,-104.999412
2026-06-15 08:25:32.228284,W006,40.001001,-104.999754
2026-06-15 08:50:32.349726,W005,39.999704,-104.999803
2026-06-15 09:00:32.349726,W006,39.999499,-104.999787
2026-06-15 09:10:32.349726,W001,40.000747,-104.999943
2026-06-15 09:20:32.349726,W002,40.000631,-104.999867
2026-06-15 09:30:32.349726,W003,39.999961,-104.999324
2026-06-15 09:55:50.762122,W006,39.99968,-105.000055
2026-06-15 10:05:50.762122,W001,39.999392,-105.000174
2026-06-15 10:15:50.762122,W002,40.000571,-105.000136
2026-06-15 10:25:50.762122,W003,39.999887,-104.999902
2026-06-15 10:35:50.762122,W004,39.99945,-104.999538
2026-06-15 11:01:23.773485,W001,40.000086,-105.00027
2026-06-15 11:11:23.773485,W002,40.000049,-104.99999
2026-06-15 11:21:23.773485,W003,40.000337,-104.999674
2026-06-15 11:31:23.773485,W004,40.000386,-105.000057
2026-06-15 11:41:23.773485,W005,39.999854,-104.999303
2026-06-15 12:06:54.385683,W002,39.999503,-105.000242
2026-06-15 12:16:54.385683,W003,40.000328,-105.000612
2026-06-15 12:26:54.385683,W004,40.000151,-104.999872
2026-06-15 12:36:54.385683,W005,39.999944,-105.00051
2026-06-15 12:46:54.385683,W006,39.999841,-105.000349
2026-06-15 12:56:54.385683,W001,40.000294,-104.999786
2026-06-15 13:06:54.385683,W002,39.999959,-104.999733
2026-06-15 07:00:00.000000,W003,40.001551,-104.999912
2026-06-15 07:10:00.000000,W004,40.000293,-104.999561
2026-06-15 07:20:00.000000,W005,40.00005,-104.999182
2026-06-15 07:30:00.000000,W006,40.001196,-104.999758
2026-06-15 07:40:00.000000,W001,40.000676,-104.999903
2026-06-15 07:50:00.000000,W002,40.000832,-105.000043
2026-06-15 08:00:00.000000,W003,40.000099,-105.000126
2026-06-15 08:10:00.000000,W004,40.001198,-104.999807
2026-06-15 08:31:13.437919,W004,40.001321,-104.999258
2026-06-15 08:41:13.437919,W005,40.001388,-104.999596
2026-06-15 08:51:13.437919,W006,40.000981,-104.999496
2026-06-15 09:01:13.437919,W001,40.000943,-104.999733
2026-06-15 09:11:13.437919,W002,40.00061,-104.999204
2026-06-15 09:21:13.437919,W003,40.000946,-104.999589
2026-06-15 09:31:13.437919,W004,40.001048,-104.999767
2026-06-15 09:41:13.437919,W005,40.000768,-104.999352
2026-06-15 09:51:13.437919,W006,40.00142,-104.999688
2026-06-15 10:10:48.332087,W005,40.000325,-104.999149
2026-06-15 10:20:48.332087,W006,40.000414,-104.999871
2026-06-15 10:30:48.332087,W001,40.001327,-104.999467
2026-06-15 10:40:48.332087,W002,40.000754,-104.999796
2026-06-15 10:50:48.332087,W003,40.001156,-104.999786
2026-06-15 11:00:48.332087,W004,40.000784,-104.999549
2026-06-15 11:10:48.332087,W005,40.00136,-104.999696
2026-06-15 11:20:48.332087,W006,40.001268,-104.999787
2026-06-15 11:30:48.332087,W001,40.000828,-104.999204
2026-06-15 11:56:57.952655,W006,40.001249,-104.999693
2026-06-15 12:06:57.952655,W001,40.001142,-104.99984
2026-06-15 12:16:57.952655,W002,40.000851,-105.000148
2026-06-15 12:26:57.952655,W003,40.001563,-104.999294
2026-06-15 12:36:57.952655,W004,40.000568,-104.999719
2026-06-15 12:46:57.952655,W005,40.000861,-104.9994
2026-06-15 13:13:21.731089,W001,40.000757,-104.999569
2026-06-15 13:23:21.731089,W002,40.000726,-104.999876
2026-06-15 13:33:21.731089,W003,40.00145,-104.999152
2026-06-15 13:43:21.731089,W004,40.00094,-104.999186
2026-06-15 07:00:00.000000,W002,39.999988,-104.998568
2026-06-15 07:10:00.000000,W003,39.999019,-104.998514
2026-06-15 07:20:00.000000,W004,39.999206,-104.998506
2026-06-15 07:30:00.000000,W005,39.999715,-104.999272
2026-06-15 07:52:37.094257,W003,39.999814,-104.998358
2026-06-15 08:02:37.094257,W004,39.998911,-104.999223
2026-06-15 08:12:37.094257,W005,39.999643,-104.998807
2026-06-15 08:22:37.094257,W006,39.999137,-104.999197
2026-06-15 08:42:43.640254,W004,39.999548,-104.998564
2026-06-15 08:52:43.640254,W005,39.99944,-104.99961
2026-06-15 09:16:59.329564,W005,39.999237,-104.998803
2026-06-15 09:26:59.329564,W006,39.999058,-104.998409
2026-06-15 09:36:59.329564,W001,39.999427,-104.998644
2026-06-15 09:46:59.329564,W002,39.9991,-104.998627
2026-06-15 09:56:59.329564,W003,39.999499,-104.998863
2026-06-15 10:06:59.329564,W004,39.999554,-104.998712
2026-06-15 10:16:59.329564,W005,39.999719,-104.99915
2026-06-15 07:00:00.000000,W006,40.000689,-105.000938
2026-06-15 07:10:00.000000,W001,40.000425,-105.001286
2026-06-15 07:20:00.000000,W002,40.000412,-105.000478
2026-06-15 07:30:00.000000,W003,40.000703,-105.000559
2026-06-15 07:40:00.000000,W004,39.999888,-105.00116
2026-06-15 07:50:00.000000,W005,40.000752,-105.001248
2026-06-15 08:00:00.000000,W006,40.001323,-105.000156
2026-06-15 08:10:00.000000,W001,40.000349,-105.000648
2026-06-15 08:20:00.000000,W002,40.000596,-105.000829
2026-06-15 08:40:44.249738,W001,39.999833,-105.000524
2026-06-15 08:50:44.249738,W002,39.9999,-105.000681
2026-06-15 09:00:44.249738,W003,40.000051,-105.000478
2026-06-15 09:22:29.955799,W002,40.000204,-105.001231
2026-06-15 09:32:29.955799,W003,40.000584,-105.000979
2026-06-15 09:42:29.955799,W004,40.000017,-105.000044
2026-06-15 09:52:29.955799,W005,40.001076,-105.000867
2026-06-15 10:02:29.955799,W006,40.000219,-105.000999
2026-06-15 10:12:29.955799,W001,40.001256,-105.000788
2026-06-15 10:36:22.344447,W003,40.000508,-105.001138
2026-06-15 10:46:22.344447,W004,40.0005,-105.001094
2026-06-15 10:56:22.344447,W005,40.000389,-105.00103
2026-06-15 11:06:22.344447,W006,40.000652,-105.001457
2026-06-15 11:36:36.176899,W004,39.999843,-105.000699
2026-06-15 11:46:36.176899,W005,40.000111,-105.000636
2026-06-15 11:56:36.176899,W006,40.000972,-105.001162
2026-06-15 12:06:36.176899,W001,40.000534,-105.000968
2026-06-15 12:32:44.651191,W005,40.000331,-105.000789
2026-06-15 12:42:44.651191,W006,40.001072,-105.001311
2026-06-15 12:52:44.651191,W001,40.000609,-105.001219
2026-06-15 13:02:44.651191,W002,40.000384,-105.001264
2026-06-15 13:12:44.651191,W003,40.000249,-105.001449
2026-06-15 13:30:52.264962,W006,40.000575,-105.00074
2026-06-15 13:40:52.264962,W001,40.000104,-105.000224
2026-06-15 13:50:52.264962,W002,40.00077,-105.001012
2026-06-15 14:00:52.264962,W003,40.000603,-105.000677
2026-06-15 07:00:00.000000,W001,40.000293,-105.000256
2026-06-15 07:10:00.000000,W002,39.999255,-105.000048
2026-06-15 07:20:00.000000,W003,39.999734,-104.999504
2026-06-15 07:30:00.000000,W004,39.999711,-104.999616
2026-06-15 07:56:36.202869,W002,40.000081,-105.000362
2026-06-15 08:06:36.202869,W003,39.999943,-105.000101
2026-06-15 08:16:36.202869,W004,40.000091,-105.000223
2026-06-15 08:26:36.202869,W005,40.000485,-104.999884
2026-06-15 08:36:36.202869,W006,39.999788,-104.999908
2026-06-15 09:01:08.500601,W003,40.000279,-104.999971
2026-06-15 09:11:08.500601,W004,39.999551,-105.0007
2026-06-15 09:21:08.500601,W005,40.000036,-104.999986
2026-06-15 09:31:08.500601,W006,40.00028,-104.999999
2026-06-15 09:41:08.500601,W001,39.999838,-105.000024
2026-06-15 09:51:08.500601,W002,39.999691,-104.999975
2026-06-15 10:01:08.500601,W003,40.000621,-105.00022
2026-06-15 10:11:08.500601,W004,40.000671,-105.000026
2026-06-15 10:32:02.970282,W004,39.999618,-105.00056
2026-06-15 10:42:02.970282,W005,39.999736,-105.000695
2026-06-15 10:52:02.970282,W006,40.000002,-105.000165
2026-06-15 11:02:02.970282,W001,40.000396,-104.999451
2026-06-15 11:12:02.970282,W002,39.999963,-104.999959
2026-06-15 11:22:02.970282,W003,39.999724,-104.999995
2026-06-15 11:32:02.970282,W004,40.000002,-104.999942
2026-06-15 11:42:02.970282,W005,40.00012,-104.999975
2026-06-15 07:00:00.000000,W005,40.000411,-104.998876
2026-06-15 07:10:00.000000,W006,40.00097,-104.999813
2026-06-15 07:20:00.000000,W001,40.0006,-104.999761
2026-06-15 07:30:00.000000,W002,40.000705,-104.999772
2026-06-15 07:40:00.000000,W003,40.001212,-104.999697
2026-06-15 07:50:00.000000,W004,40.001141,-104.999335
2026-06-15 08:15:28.292951,W006,40.001317,-104.999211
2026-06-15 08:25:28.292951,W001,40.001316,-104.999976
2026-06-15 08:35:28.292951,W002,40.001155,-104.999718
2026-06-15 08:45:28.292951,W003,40.001215,-105.000258
2026-06-15 09:09:22.799172,W001,40.001025,-104.99909
2026-06-15 09:19:22.799172,W002,40.001501,-104.999249
2026-06-15 09:29:22.799172,W003,40.000344,-105.000119
2026-06-15 09:39:22.799172,W004,40.001004,-104.999028
2026-06-15 10:13:04.179346,W002,40.001497,-104.999386
2026-06-15 10:23:04.179346,W003,40.001002,-104.999546
2026-06-15 10:33:04.179346,W004,40.000965,-104.999299
2026-06-15 10:43:04.179346,W005,40.000993,-104.999448
2026-06-15 10:53:04.179346,W006,40.000799,-104.999235
2026-06-15 11:03:04.179346,W001,40.001789,-104.998817
2026-06-15 11:30:12.101611,W003,40.001395,-104.999117
2026-06-15 11:40:12.101611,W004,40.001459,-104.999266
2026-06-15 11:50:12.101611,W005,40.000975,-104.999499
2026-06-15 12:00:12.101611,W006,40.001212,-104.999188
2026-06-15 12:10:12.101611,W001,40.000585,-104.99923
2026-06-15 12:20:12.101611,W002,40.001255,-104.999684
2026-06-15 12:41:29.148031,W004,40.000991,-104.999102
2026-06-15 12:51:29.148031,W005,40.001214,-105.000498
2026-06-15 13:01:29.148031,W006,40.000999,-104.999523
2026-06-15 13:11:29.148031,W001,40.000892,-104.998926
2026-06-15 13:21:29.148031,W002,40.000891,-104.999671
2026-06-15 07:00:00.000000,W005,39.998879,-104.999175
2026-06-15 07:10:00.000000,W006,39.998968,-104.999539
2026-06-15 07:20:00.000000,W001,39.999805,-104.999196
2026-06-15 07:30:00.000000,W002,39.999426,-104.999377
2026-06-15 07:40:00.000000,W003,39.998835,-104.998449
2026-06-15 07:50:00.000000,W004,39.999701,-104.998632
2026-06-15 08:00:00.000000,W005,39.999414,-104.999082
2026-06-15 08:22:43.428731,W006,39.999218,-104.998812
2026-06-15 08:32:43.428731,W001,39.999265,-104.999911
2026-06-15 08:42:43.428731,W002,39.99976,-104.999055
2026-06-15 08:52:43.428731,W003,39.999258,-104.998377
2026-06-15 09:14:57.485411,W001,39.999341,-104.998724
2026-06-15 09:24:57.485411,W002,39.999349,-104.999373
2026-06-15 09:34:57.485411,W003,39.999307,-104.9985
2026-06-15 09:44:57.485411,W004,39.999081,-104.998671
2026-06-15 09:54:57.485411,W005,39.999571,-104.998405
2026-06-15 10:04:57.485411,W006,39.999461,-104.999153
2026-06-15 10:14:57.485411,W001,39.999417,-104.999037
2026-06-15 10:37:14.260863,W002,39.998967,-105.000183
2026-06-15 10:47:14.260863,W003,39.999205,-104.999488
2026-06-15 10:57:14.260863,W004,39.999329,-104.998994
2026-06-15 11:07:14.260863,W005,39.9991,-104.998428
2026-06-15 11:17:14.260863,W006,39.998964,-104.998906
2026-06-15 11:27:14.260863,W001,39.999823,-104.997887
2026-06-15 11:37:14.260863,W002,39.999746,-104.999472
2026-06-15 11:47:14.260863,W003,39.999041,-104.998513
2026-06-15 12:06:39.677545,W003,39.999367,-104.999529
2026-06-15 12:16:39.677545,W004,39.998593,-104.998897
2026-06-15 07:00:00.000000,W004,40.000288,-105.001551
2026-06-15 07:10:00.000000,W005,40.000978,-105.001102
2026-06-15 07:20:00.000000,W006,40.000859,-105.000918
2026-06-15 07:30:00.000000,W001,40.000899,-105.000909
2026-06-15 07:40:00.000000,W002,40.000387,-105.000716
2026-06-15 07:50:00.000000,W003,39.999768,-105.000863
2026-06-15 08:00:00.000000,W004,39.999962,-105.000867
2026-06-15 08:10:00.000000,W005,39.99988,-105.001121
2026-06-15 08:20:00.000000,W006,40.001087,-105.000662
2026-06-15 08:30:00.000000,W001,40.000838,-105.000616
2026-06-15 08:40:00.000000,W002,40.000304,-105.000698
2026-06-15 09:10:21.333155,W005,40.000751,-105.001125
2026-06-15 09:20:21.333155,W006,40.00113,-105.001224
2026-06-15 09:30:21.333155,W001,40.000498,-105.001423
2026-06-15 09:40:21.333155,W002,40.001082,-105.000345
2026-06-15 09:50:21.333155,W003,40.000447,-105.00067
2026-06-15 10:12:18.675495,W006,39.999859,-105.000393
2026-06-15 10:22:18.675495,W001,40.000538,-105.00045
2026-06-15 10:32:18.675495,W002,39.999977,-105.001086
2026-06-15 10:42:18.675495,W003,40.000719,-105.001116
2026-06-15 10:52:18.675495,W004,40.000512,-105.001248
2026-06-15 11:02:18.675495,W005,40.000834,-105.000184
2026-06-15 11:12:18.675495,W006,40.000587,-105.000704
2026-06-15 11:44:12.268858,W001,40.000135,-105.001109
2026-06-15 11:54:12.268858,W002,40.000733,-105.000731
2026-06-15 12:04:12.268858,W003,40.000144,-105.000593
2026-06-15 12:14:12.268858,W004,40.000459,-105.001221
2026-06-15 12:24:12.268858,W005,40.001304,-105.001246
2026-06-16 07:00:00.000000,W002,39.999661,-105.000789
2026-06-16 07:10:00.000000,W003,39.99965,-104.999765
2026-06-16 07:20:00.000000,W004,40.000398,-104.99995
2026-06-16 07:30:00.000000,W005,40.000174,-105.000213
2026-06-16 07:40:00.000000,W006,39.99981,-105.00029
2026-06-16 07:50:00.000000,W001,39.999617,-105.000297
2026-06-16 08:00:00.000000,W002,40.00045,-105.000103
2026-06-16 08:25:29.265638,W003,40.000603,-105.000069
2026-06-16 08:35:29.265638,W004,40.000372,-105.000287
2026-06-16 08:45:29.265638,W005,40.000503,-104.999933
2026-06-16 09:06:07.459596,W004,40.0006,-105.000086
2026-06-16 09:16:07.459596,W005,40.000127,-104.999475
2026-06-16 09:26:07.459596,W006,39.999659,-104.99998
2026-06-16 09:36:07.459596,W001,40.000688,-105.000186
2026-06-16 10:04:07.344676,W005,40.000147,-104.999431
2026-06-16 10:14:07.344676,W006,39.999871,-105.000311
2026-06-16 10:24:07.344676,W001,40.000543,-105.000508
2026-06-16 10:34:07.344676,W002,39.999844,-104.999612
2026-06-16 10:44:07.344676,W003,39.99969,-104.99949
2026-06-16 10:54:07.344676,W004,39.999689,-105.000053
2026-06-16 11:22:26.269341,W006,39.99954,-105.000212
2026-06-16 11:32:26.269341,W001,40.00076,-104.999933
2026-06-16 11:42:26.269341,W002,39.999889,-104.999883
2026-06-16 11:52:26.269341,W003,40.000253,-104.999994
2026-06-16 12:02:26.269341,W004,40.000343,-105.000193
2026-06-16 12:12:26.269341,W005,40.000021,-105.000013
2026-06-16 12:33:02.913606,W001,39.999373,-104.999272
2026-06-16 12:43:02.913606,W002,40.000279,-104.999297
2026-06-16 12:53:02.913606,W003,39.999531,-105.000137
2026-06-16 13:03:02.913606,W004,40.000422,-104.999679
2026-06-16 13:13:02.913606,W005,39.999286,-105.000132
2026-06-16 13:33:00.802694,W002,40.00001,-104.999976
2026-06-16 13:43:00.802694,W003,40.000139,-104.999592
2026-06-16 13:53:00.802694,W004,40.000048,-105.00053
2026-06-16 14:03:00.802694,W005,39.999508,-104.999839
2026-06-16 14:13:00.802694,W006,39.999637,-104.999781
2026-06-16 14:23:00.802694,W001,39.999964,-105.00009
2026-06-16 14:33:00.802694,W002,40.000744,-105.000388
2026-06-16 07:00:00.000000,W003,40.00058,-104.999507
2026-06-16 07:10:00.000000,W004,40.001042,-105.000177
2026-06-16 07:20:00.000000,W005,40.000877,-104.999488
2026-06-16 07:30:00.000000,W006,40.001124,-104.998787
2026-06-16 07:50:34.510656,W004,40.000764,-104.999468
2026-06-16 08:00:34.510656,W005,40.001125,-104.999108
2026-06-16 08:10:34.510656,W006,40.000834,-104.999648
2026-06-16 08:20:34.510656,W001,40.000758,-104.999695
2026-06-16 08:30:34.510656,W002,40.001401,-104.998772
2026-06-16 08:40:34.510656,W003,40.00108,-104.999598
2026-06-16 09:05:43.609676,W005,40.0008,-104.999647
2026-06-16 09:15:43.609676,W006,40.00117,-105.000185
2026-06-16 09:25:43.609676,W001,40.000666,-104.999798
2026-06-16 09:35:43.609676,W002,40.001094,-104.999209
2026-06-16 09:45:43.609676,W003,40.00066,-105.000305
2026-06-16 09:55:43.609676,W004,40.000943,-104.999933
2026-06-16 10:20:00.856914,W006,40.001415,-104.999754
2026-06-16 10:30:00.856914,W001,40.00032,-104.999156
2026-06-16 10:40:00.856914,W002,40.000892,-104.999901
2026-06-16 10:50:00.856914,W003,40.000743,-104.999483
2026-06-16 11:00:00.856914,W004,40.001356,-104.999752
2026-06-16 11:10:00.856914,W005,40.000969,-104.99946
2026-06-16 11:20:00.856914,W006,40.000598,-104.999318
2026-06-16 11:30:00.856914,W001,40.001703,-104.999471
2026-06-16 07:00:00.000000,W001,39.999708,-104.998854
2026-06-16 07:10:00.000000,W002,39.999007,-104.997783
2026-06-16 07:20:00.000000,W003,39.999194,-104.999259
2026-06-16 07:30:00.000000,W004,39.99885,-104.999278
2026-06-16 07:40:00.000000,W005,39.999428,-104.998675
2026-06-16 08:09:23.310242,W002,39.999282,-104.998521
2026-06-16 08:19:23.310242,W003,39.999195,-104.998865
2026-06-16 08:29:23.310242,W004,39.999,-104.999346
2026-06-16 08:39:23.310242,W005,39.999131,-104.998703
2026-06-16 09:10:54.243717,W003,39.99871,-104.998457
2026-06-16 09:20:54.243717,W004,39.998783,-104.998915
2026-06-16 09:50:47.010644,W004,39.999628,-104.99863
2026-06-16 10:00:47.010644,W005,39.999599,-104.998639
2026-06-16 10:10:47.010644,W006,39.999525,-104.998924
2026-06-16 10:20:47.010644,W001,39.999192,-104.998675
2026-06-16 10:30:47.010644,W002,39.999271,-104.998653
2026-06-16 10:47:15.416422,W005,39.998814,-104.999148
2026-06-16 10:57:15.416422,W006,39.998631,-104.998433
2026-06-16 11:07:15.416422,W001,39.999127,-104.998482
2026-06-16 11:17:15.416422,W002,39.999674,-104.999559
2026-06-16 11:27:15.416422,W003,39.99933,-104.999498
2026-06-16 11:37:15.416422,W004,39.999522,-104.998666
2026-06-16 11:47:15.416422,W005,39.998681,-104.999787
2026-06-16 11:57:15.416422,W006,39.998506,-104.998974
2026-06-16 12:07:15.416422,W001,39.999657,-104.998787
2026-06-16 12:34:46.543786,W006,39.999126,-104.998876
2026-06-16 12:44:46.543786,W001,39.998776,-104.998618
2026-06-16 12:54:46.543786,W002,39.999585,-104.998801
2026-06-16 13:04:46.543786,W003,39.999237,-104.998673
2026-06-16 13:14:46.543786,W004,39.998862,-104.998516
2026-06-16 07:00:00.000000,W001,40.001174,-105.000982
2026-06-16 07:10:00.000000,W002,40.000443,-105.000544
2026-06-16 07:20:00.000000,W003,40.000887,-105.001794
2026-06-16 07:49:22.037248,W002,40.000903,-105.001437
2026-06-16 07:59:22.037248,W003,40.000471,-105.000875
2026-06-16 08:09:22.037248,W004,40.000872,-105.001108
2026-06-16 08:19:22.037248,W005,40.0002,-105.001478
2026-06-16 08:29:22.037248,W006,40.000721,-105.000057
2026-06-16 08:39:22.037248,W001,40.001325,-105.001461
2026-06-16 08:49:22.037248,W002,40.000504,-105.000919
2026-06-16 08:59:22.037248,W003,39.999933,-105.000644
2026-06-16 09:09:22.037248,W004,40.00118,-105.001167
2026-06-16 09:31:06.561483,W003,40.001451,-105.001071
2026-06-16 09:41:06.561483,W004,40.000749,-105.000997
2026-06-16 09:51:06.561483,W005,40.000505,-105.000894
2026-06-16 10:01:06.561483,W006,40.000645,-105.001362
2026-06-16 10:11:06.561483,W001,40.000159,-105.00156
2026-06-16 10:21:06.561483,W002,40.000174,-105.000585
2026-06-16 10:45:15.936944,W004,40.000483,-105.001221
2026-06-16 10:55:15.936944,W005,40.001166,-105.000604
2026-06-16 11:05:15.936944,W006,40.000363,-105.00022
2026-06-16 11:15:15.936944,W001,40.000555,-105.000944
2026-06-16 11:25:15.936944,W002,40.000714,-105.001123
2026-06-16 11:35:15.936944,W003,40.000887,-105.000874
2026-06-16 11:45:15.936944,W004,40.000783,-105.000933
2026-06-16 12:11:49.991367,W005,40.000487,-105.000922
2026-06-16 12:21:49.991367,W006,39.99992,-105.00126
2026-06-16 12:31:49.991367,W001,40.000744,-105.000796
2026-06-16 12:41:49.991367,W002,40.000273,-105.001658
2026-06-16 12:51:49.991367,W003,40.000656,-105.00084
2026-06-16 13:19:44.658242,W006,40.000803,-105.000511
2026-06-16 13:29:44.658242,W001,39.999594,-105.001127
2026-06-16 13:39:44.658242,W002,40.000017,-105.000707
2026-06-16 14:11:12.086334,W001,40.000581,-105.000725
2026-06-16 14:21:12.086334,W002,40.000578,-105.001004
2026-06-16 14:31:12.086334,W003,40.000557,-105.000842
2026-06-16 14:54:25.175017,W002,40.000864,-105.000743
2026-06-16 15:04:25.175017,W003,40.000535,-105.001254
2026-06-16 15:14:25.175017,W004,40.000177,-105.0018
2026-06-16 07:00:00.000000,W003,40.000073,-105.000085
2026-06-16 07:10:00.000000,W004,39.999993,-104.999398
2026-06-16 07:20:00.000000,W005,40.000604,-104.999885
2026-06-16 07:30:00.000000,W006,40.000499,-104.999856
2026-06-16 07:40:00.000000,W001,40.000165,-105.000153
2026-06-16 08:10:39.035508,W004,39.999786,-104.999909
2026-06-16 08:20:39.035508,W005,39.999236,-104.999799
2026-06-16 08:30:39.035508,W006,40.000178,-105.000223
2026-06-16 08:40:39.035508,W001,39.999329,-104.999508
2026-06-16 08:50:39.035508,W002,39.999712,-104.999968
2026-06-16 09:00:39.035508,W003,40.000106,-104.999348
2026-06-16 09:24:32.482600,W005,40.00026,-105.000583
2026-06-16 09:34:32.482600,W006,39.999997,-104.999911
2026-06-16 09:44:32.482600,W001,39.999348,-105.000024
2026-06-16 09:54:32.482600,W002,40.000006,-104.999883
2026-06-16 10:04:32.482600,W003,40.00014,-104.999982
2026-06-16 10:14:32.482600,W004,39.999826,-104.999431
2026-06-16 10:42:31.304766,W006,40.000204,-105.000038
2026-06-16 10:52:31.304766,W001,39.999845,-105.000464
2026-06-16 11:02:31.304766,W002,40.000283,-104.999799
2026-06-16 11:12:31.304766,W003,39.999525,-104.999887
2026-06-16 11:33:01.321889,W001,39.999005,-104.999749
2026-06-16 11:43:01.321889,W002,39.999593,-104.9998
2026-06-16 11:53:01.321889,W003,40.000999,-105.000066
2026-06-16 12:03:01.321889,W004,40.000052,-105.000302
2026-06-16 12:13:01.321889,W005,39.999507,-105.000328
2026-06-16 12:38:57.525035,W002,40.000139,-105.000616
2026-06-16 12:48:57.525035,W003,39.99978,-104.999963
2026-06-16 12:58:57.525035,W004,39.999858,-105.000378
2026-06-16 13:08:57.525035,W005,40.000077,-105.000967
2026-06-16 13:18:57.525035,W006,40.000264,-105.000143
2026-06-16 13:28:57.525035,W001,40.000363,-105.000079
2026-06-16 07:00:00.000000,W003,40.000381,-105.000195
2026-06-16 07:10:00.000000,W004,40.001904,-104.999822
2026-06-16 07:20:00.000000,W005,40.001904,-104.999646
2026-06-16 07:30:00.000000,W006,40.001037,-104.999809
2026-06-16 07:50:48.970111,W004,40.000953,-104.999566
2026-06-16 08:00:48.970111,W005,40.000519,-104.999781
2026-06-16 08:10:48.970111,W006,40.001153,-104.999676
2026-06-16 08:20:48.970111,W001,40.001412,-104.999761
2026-06-16 08:30:48.970111,W002,40.001102,-104.99987
2026-06-16 08:40:48.970111,W003,40.000857,-104.99934
2026-06-16 09:02:19.683747,W005,40.001143,-104.999211
2026-06-16 09:12:19.683747,W006,40.00126,-104.999845
2026-06-16 09:22:19.683747,W001,40.001138,-104.998762
2026-06-16 09:32:19.683747,W002,40.000854,-104.999675
2026-06-16 09:42:19.683747,W003,40.001023,-104.999668
2026-06-16 09:52:19.683747,W004,40.001397,-104.999385
2026-06-16 10:24:26.425795,W006,40.000887,-104.999531
2026-06-16 10:34:26.425795,W001,40.000899,-104.999366
2026-06-16 10:44:26.425795,W002,40.000708,-105.000298
2026-06-16 10:54:26.425795,W003,40.001192,-104.99944
2026-06-16 11:04:26.425795,W004,40.00147,-104.999225
2026-06-16 11:25:03.478101,W001,40.000325,-104.999461
2026-06-16 11:35:03.478101,W002,40.001482,-104.998976
2026-06-16 11:45:03.478101,W003,40.001165,-104.999449
2026-06-16 12:04:17.195565,W002,40.000466,-105.000472
2026-06-16 12:14:17.195565,W003,40.000953,-104.998984
2026-06-16 12:24:17.195565,W004,40.000436,-104.999299
2026-06-16 12:34:17.195565,W005,40.00144,-104.999173
2026-06-16 12:44:17.195565,W006,40.001403,-104.999908
2026-06-16 12:54:17.195565,W001,40.000676,-104.999643
2026-06-16 13:04:17.195565,W002,40.001118,-105.000702
2026-06-16 07:00:00.000000,W003,39.999333,-104.998262
2026-06-16 07:10:00.000000,W004,39.998986,-104.998918
2026-06-16 07:20:00.000000,W005,39.999468,-104.998986
2026-06-16 07:30:00.000000,W006,39.998421,-104.998903
2026-06-16 07:48:16.066635,W004,39.999647,-104.998609
2026-06-16 07:58:16.066635,W005,39.998918,-104.99851
2026-06-16 08:08:16.066635,W006,39.999849,-104.99867
2026-06-16 08:18:16.066635,W001,39.999401,-104.999347
2026-06-16 08:40:41.667906,W005,39.998847,-104.999054
2026-06-16 08:50:41.667906,W006,39.99914,-104.997727
2026-06-16 09:00:41.667906,W001,39.999484,-104.998404
2026-06-16 09:24:22.467871,W006,39.998998,-104.998772
2026-06-16 09:34:22.467871,W001,39.999057,-104.998215
2026-06-16 09:44:22.467871,W002,39.999041,-104.99781
2026-06-16 10:11:38.498490,W001,39.999198,-104.999489
2026-06-16 10:21:38.498490,W002,39.998996,-104.999319
2026-06-16 10:31:38.498490,W003,39.9995,-104.998818
2026-06-16 10:41:38.498490,W004,39.998954,-104.99909
2026-06-16 10:51:38.498490,W005,39.999313,-104.998294
2026-06-16 11:01:38.498490,W006,39.999921,-104.998934
2026-06-16 11:11:38.498490,W001,39.999795,-104.999211
2026-06-16 11:21:38.498490,W002,39.999156,-104.998976
2026-06-16 11:45:46.218853,W002,39.999461,-104.999015
2026-06-16 11:55:46.218853,W003,39.999628,-104.998506
2026-06-16 12:05:46.218853,W004,39.999423,-104.998718
2026-06-16 07:00:00.000000,W003,40.000522,-105.00153
2026-06-16 07:10:00.000000,W004,40.000873,-105.000857
2026-06-16 07:20:00.000000,W005,40.00093,-105.001378
2026-06-16 07:30:00.000000,W006,39.999984,-105.000752
2026-06-16 07:40:00.000000,W001,40.001138,-105.000866
2026-06-16 08:07:47.143961,W004,39.999984,-105.000759
2026-06-16 08:17:47.143961,W005,40.000107,-105.000813
2026-06-16 08:27:47.143961,W006,40.000634,-105.001475
2026-06-16 08:37:47.143961,W001,40.00038,-105.000954
2026-06-16 08:47:47.143961,W002,40.000382,-105.0008
2026-06-16 08:57:47.143961,W003,40.000061,-105.000999
2026-06-16 09:07:47.143961,W004,40.000012,-105.001011
2026-06-16 09:36:06.666423,W005,40.000922,-105.000594
2026-06-16 09:46:06.666423,W006,40.00024,-105.001161
2026-06-16 09:56:06.666423,W001,40.0006,-105.001405
2026-06-16 10:06:06.666423,W002,40.000189,-105.001401
2026-06-16 10:16:06.666423,W003,40.000349,-105.000766
2026-06-16 10:43:27.609763,W006,39.999881,-105.000408
2026-06-16 10:53:27.609763,W001,40.000414,-105.0014
2026-06-16 11:03:27.609763,W002,39.99996,-105.000826
2026-06-16 11:13:27.609763,W003,40.000172,-105.000868
2026-06-16 11:23:27.609763,W004,40.000294,-105.001133
2026-06-16 11:33:27.609763,W005,40.000643,-105.001068
2026-06-16 11:43:27.609763,W006,40.000251,-105.001387
2026-06-17 07:00:00.000000,W001,40.000018,-104.999982
2026-06-17 07:10:00.000000,W002,40.000267,-105.000148
2026-06-17 07:20:00.000000,W003,39.99995,-104.999677
2026-06-17 07:30:00.000000,W004,40.000425,-104.999659
2026-06-17 07:40:00.000000,W005,39.999987,-105.00089
2026-06-17 07:50:00.000000,W006,40.00002,-104.999991
2026-06-17 08:00:00.000000,W001,39.999569,-104.999542
2026-06-17 08:23:45.886577,W002,40.000229,-105.000151
2026-06-17 08:33:45.886577,W003,40.000354,-105.00072
2026-06-17 08:43:45.886577,W004,40.000235,-105.001131
2026-06-17 08:53:45.886577,W005,39.999983,-105.000162
2026-06-17 09:03:45.886577,W006,40.000029,-104.999135
2026-06-17 09:35:43.349646,W003,39.999549,-105.000216
2026-06-17 09:45:43.349646,W004,40.000683,-105.000048
2026-06-17 09:55:43.349646,W005,40.000408,-105.000717
2026-06-17 10:05:43.349646,W006,40.000587,-105.000175
2026-06-17 10:15:43.349646,W001,40.00013,-104.999939
2026-06-17 10:37:40.691155,W004,40.000004,-105.00004
2026-06-17 10:47:40.691155,W005,40.000071,-105.000259
2026-06-17 10:57:40.691155,W006,40.000724,-104.999333
2026-06-17 11:07:40.691155,W001,40.000151,-105.000191
2026-06-17 11:38:41.597070,W005,39.999884,-104.999655
2026-06-17 11:48:41.597070,W006,39.999537,-104.999402
2026-06-17 11:58:41.597070,W001,39.999644,-105.000402
2026-06-17 12:28:42.894508,W006,40.000301,-105.000096
2026-06-17 12:38:42.894508,W001,40.000296,-104.999948
2026-06-17 12:48:42.894508,W002,39.999328,-105.000056
2026-06-17 12:58:42.894508,W003,40.000661,-105.00022
2026-06-17 13:23:47.857649,W001,40.00016,-104.999403
2026-06-17 13:33:47.857649,W002,40.000044,-104.999808
2026-06-17 13:43:47.857649,W003,40.000098,-105.000266
2026-06-17 13:53:47.857649,W004,40.000315,-105.000327
2026-06-17 07:00:00.000000,W002,40.00128,-104.999253
2026-06-17 07:10:00.000000,W003,40.000866,-104.998923
2026-06-17 07:20:00.000000,W004,40.001398,-104.99977
2026-06-17 07:30:00.000000,W005,40.000417,-105.000531
2026-06-17 07:40:00.000000,W006,40.001263,-104.99852
2026-06-17 08:03:13.548223,W003,40.000595,-104.999177
2026-06-17 08:13:13.548223,W004,40.000352,-104.999582
2026-06-17 08:23:13.548223,W005,40.000983,-104.999486
2026-06-17 08:33:13.548223,W006,40.001049,-104.999493
2026-06-17 08:43:13.548223,W001,40.001032,-104.999057
2026-06-17 08:53:13.548223,W002,40.001678,-104.999575
2026-06-17 09:17:16.494490,W004,40.001135,-104.999685
2026-06-17 09:27:16.494490,W005,40.001379,-104.999821
2026-06-17 09:37:16.494490,W006,40.001017,-104.999854
2026-06-17 09:47:16.494490,W001,40.00025,-104.999427
2026-06-17 09:57:16.494490,W002,40.000805,-104.999536
2026-06-17 10:26:32.332750,W005,40.000892,-104.999983
2026-06-17 10:36:32.332750,W006,40.001458,-104.999878
2026-06-17 10:46:32.332750,W001,40.000917,-104.999278
2026-06-17 10:56:32.332750,W002,40.001129,-104.999315
2026-06-17 11:06:32.332750,W003,40.00107,-104.999656
2026-06-17 11:16:32.332750,W004,40.000404,-104.999549
2026-06-17 11:26:32.332750,W005,40.001939,-104.998841
2026-06-17 11:36:32.332750,W006,40.000984,-104.999465
2026-06-17 11:46:32.332750,W001,40.001144,-105.000216
2026-06-17 11:56:32.332750,W002,40.0003,-104.998821
2026-06-17 07:00:00.000000,W006,39.999828,-104.999166
2026-06-17 07:10:00.000000,W001,39.99893,-104.998895
2026-06-17 07:20:00.000000,W002,39.999346,-104.999242
2026-06-17 07:45:58.350880,W001,39.998959,-104.999167
2026-06-17 07:55:58.350880,W002,39.998628,-104.998984
2026-06-17 08:05:58.350880,W003,39.998579,-104.998781
2026-06-17 08:15:58.350880,W004,39.9995,-104.99814
2026-06-17 08:25:58.350880,W005,39.998523,-104.999077
2026-06-17 08:52:42.711572,W002,39.999925,-104.999744
2026-06-17 09:02:42.711572,W003,39.999677,-104.999116
2026-06-17 09:12:42.711572,W004,39.999011,-104.998575
2026-06-17 09:31:13.085849,W003,39.999438,-104.999064
2026-06-17 09:41:13.085849,W004,39.999801,-104.998719
2026-06-17 09:51:13.085849,W005,39.998966,-104.998376
2026-06-17 10:17:20.740664,W004,39.999129,-104.99841
2026-06-17 10:27:20.740664,W005,39.999346,-104.99915
2026-06-17 10:37:20.740664,W006,39.999395,-104.999007
2026-06-17 10:47:20.740664,W001,39.999012,-104.998481
2026-06-17 07:00:00.000000,W005,40.000454,-105.001225
2026-06-17 07:10:00.000000,W006,40.000428,-105.001814
2026-06-17 07:20:00.000000,W001,40.000674,-105.000705
2026-06-17 07:30:00.000000,W002,40.000672,-105.001083
2026-06-17 07:56:33.127296,W006,40.000062,-105.000925
2026-06-17 08:06:33.127296,W001,40.000269,-105.001012
2026-06-17 08:16:33.127296,W002,40.000737,-105.001474
2026-06-17 08:26:33.127296,W003,40.000511,-105.000557
2026-06-17 08:36:33.127296,W004,40.000267,-105.000853
2026-06-17 08:58:07.439899,W001,40.001338,-105.000546
2026-06-17 09:08:07.439899,W002,40.000664,-105.001143
2026-06-17 09:18:07.439899,W003,40.000777,-105.001495
2026-06-17 09:28:07.439899,W004,40.000461,-105.001691
2026-06-17 09:38:07.439899,W005,39.999567,-105.00023
2026-06-17 09:58:28.137017,W002,40.000501,-105.000998
2026-06-17 10:08:28.137017,W003,40.000375,-105.001009
2026-06-17 10:18:28.137017,W004,40.000852,-105.000827
2026-06-17 10:28:28.137017,W005,40.000664,-105.001112
2026-06-17 10:38:28.137017,W006,40.000606,-105.001923
2026-06-17 10:48:28.137017,W001,40.00115,-105.000831
2026-06-17 10:58:28.137017,W002,40.000229,-105.000945
2026-06-17 11:08:28.137017,W003,40.000336,-105.000974
2026-06-17 11:30:58.754502,W003,40.000226,-105.001
2026-06-17 11:40:58.754502,W004,40.000759,-105.001355
2026-06-17 11:50:58.754502,W005,40.000772,-105.000978
2026-06-17 12:00:58.754502,W006,40.000878,-105.001043
2026-06-17 12:10:58.754502,W001,40.000542,-105.001144
2026-06-17 12:20:58.754502,W002,40.000262,-105.001596
2026-06-17 12:30:58.754502,W003,40.000712,-105.000757
2026-06-17 12:57:13.860726,W004,40.001007,-105.001451
2026-06-17 13:07:13.860726,W005,40.000206,-105.001488
2026-06-17 13:17:13.860726,W006,40.00024,-105.000239
2026-06-17 13:27:13.860726,W001,40.000741,-105.000684
2026-06-17 13:37:13.860726,W002,40.000146,-105.000872
2026-06-17 07:00:00.000000,W005,39.999938,-105.000213
2026-06-17 07:10:00.000000,W006,40.000204,-104.999947
2026-06-17 07:20:00.000000,W001,39.999799,-104.999665
2026-06-17 07:30:00.000000,W002,40.000079,-105.000144
2026-06-17 07:40:00.000000,W003,39.999958,-105.000121
2026-06-17 07:50:00.000000,W004,40.000699,-105.000321
2026-06-17 08:00:00.000000,W005,39.99993,-104.999448
2026-06-17 08:10:00.000000,W006,40.000152,-104.99992
2026-06-17 08:39:36.827673,W006,39.999982,-105.000081
2026-06-17 08:49:36.827673,W001,39.999502,-105.000066
2026-06-17 08:59:36.827673,W002,40.000325,-105.000207
2026-06-17 09:09:36.827673,W003,39.999292,-105.000685
2026-06-17 09:19:36.827673,W004,39.99955,-105.000637
2026-06-17 09:29:36.827673,W005,39.999387,-105.000101
2026-06-17 09:59:14.203407,W001,39.999733,-104.999463
2026-06-17 10:09:14.203407,W002,40.000582,-104.999707
2026-06-17 10:19:14.203407,W003,39.999871,-104.999673
2026-06-17 10:29:14.203407,W004,39.999897,-104.999822
2026-06-17 10:47:36.864905,W002,40.000129,-105.000116
2026-06-17 10:57:36.864905,W003,39.999756,-105.000059
2026-06-17 11:07:36.864905,W004,40.00006,-104.999774
2026-06-17 11:17:36.864905,W005,39.999665,-105.000179
2026-06-17 11:27:36.864905,W006,39.99961,-104.999536
2026-06-17 11:59:44.063191,W003,40.000629,-104.999847
2026-06-17 12:09:44.063191,W004,39.99993,-105.000154
2026-06-17 12:19:44.063191,W005,40.000072,-104.999847
2026-06-17 12:29:44.063191,W006,39.999752,-104.999865
2026-06-17 12:47:56.723169,W004,40.000432,-104.999676
2026-06-17 12:57:56.723169,W005,39.999422,-105.000122
2026-06-17 13:07:56.723169,W006,40.000248,-104.999092
2026-06-17 13:17:56.723169,W001,39.999939,-105.00007
2026-06-17 13:27:56.723169,W002,39.999838,-104.999869
2026-06-17 13:37:56.723169,W003,40.000266,-104.999849
2026-06-17 14:01:56.479228,W005,39.999966,-105.000044
2026-06-17 14:11:56.479228,W006,39.999703,-104.999793
2026-06-17 14:21:56.479228,W001,40.000258,-105.000185
2026-06-17 14:31:56.479228,W002,39.999525,-105.000414
2026-06-17 07:00:00.000000,W006,40.001095,-104.999905
2026-06-17 07:10:00.000000,W001,40.00116,-104.999562
2026-06-17 07:20:00.000000,W002,40.001159,-104.999858
2026-06-17 07:30:00.000000,W003,40.001059,-104.999813
2026-06-17 07:40:00.000000,W004,40.000442,-104.999408
2026-06-17 07:50:00.000000,W005,40.001222,-104.998669
2026-06-17 08:12:50.354053,W001,40.001398,-104.999214
2026-06-17 08:22:50.354053,W002,40.001291,-105.00027
2026-06-17 08:32:50.354053,W003,40.001832,-104.999635
2026-06-17 08:42:50.354053,W004,40.001489,-104.999385
2026-06-17 08:52:50.354053,W005,40.000823,-104.999203
2026-06-17 09:02:50.354053,W006,40.001265,-104.999647
2026-06-17 09:26:10.713793,W002,40.001063,-104.999504
2026-06-17 09:36:10.713793,W003,40.001261,-104.99966
2026-06-17 09:46:10.713793,W004,40.001293,-104.999552
2026-06-17 09:56:10.713793,W005,40.000778,-104.999621
2026-06-17 10:06:10.713793,W006,40.001273,-104.999753
2026-06-17 10:33:56.115177,W003,40.001803,-104.999154
2026-06-17 10:43:56.115177,W004,40.000722,-104.999058
2026-06-17 10:53:56.115177,W005,40.000994,-104.999291
2026-06-17 11:03:56.115177,W006,40.000516,-105.000074
2026-06-17 11:13:56.115177,W001,40.001117,-104.998884
2026-06-17 11:36:08.142507,W004,40.001033,-104.999466
2026-06-17 11:46:08.142507,W005,40.000885,-104.999219
2026-06-17 11:56:08.142507,W006,40.001433,-104.999532
2026-06-17 12:06:08.142507,W001,40.001491,-104.999764
2026-06-17 12:16:08.142507,W002,40.000046,-104.999673
2026-06-17 12:26:08.142507,W003,40.001422,-104.999331
2026-06-17 12:36:08.142507,W004,40.001029,-104.999115
2026-06-17 12:46:08.142507,W005,40.001213,-104.99964
2026-06-17 12:56:08.142507,W006,40.001248,-104.99964
2026-06-17 13:15:26.899541,W005,40.001286,-104.999392
2026-06-17 13:25:26.899541,W006,40.000668,-104.999808
2026-06-17 13:35:26.899541,W001,40.001127,-104.999188
2026-06-17 13:59:03.526211,W006,40.001174,-104.999326
2026-06-17 14:09:03.526211,W001,40.001443,-104.998388
2026-06-17 14:19:03.526211,W002,40.000978,-104.999844
2026-06-17 14:44:28.037406,W001,40.001135,-105.000564
2026-06-17 14:54:28.037406,W002,40.000698,-104.999249
2026-06-17 15:04:28.037406,W003,40.001137,-104.998866
2026-06-17 15:14:28.037406,W004,40.001181,-104.999987
2026-06-17 07:00:00.000000,W002,39.999462,-104.998213
2026-06-17 07:10:00.000000,W003,39.999559,-104.999214
2026-06-17 07:20:00.000000,W004,39.999302,-104.99916
2026-06-17 07:47:37.263432,W003,39.999077,-104.999069
2026-06-17 07:57:37.263432,W004,39.998964,-104.999135
2026-06-17 08:07:37.263432,W005,39.999181,-104.998396
2026-06-17 08:17:37.263432,W006,39.999507,-104.998661
2026-06-17 08:47:30.944425,W004,39.999418,-104.997845
2026-06-17 08:57:30.944425,W005,39.999442,-104.999098
2026-06-17 09:07:30.944425,W006,39.999505,-104.998888
2026-06-17 09:17:30.944425,W001,39.999317,-104.998537
2026-06-17 09:27:30.944425,W002,39.999485,-104.998562
2026-06-17 09:49:49.344230,W005,40.000088,-104.998798
2026-06-17 09:59:49.344230,W006,39.999585,-104.999035
2026-06-17 10:09:49.344230,W001,39.999226,-104.998623
2026-06-17 10:19:49.344230,W002,39.99892,-104.998925
2026-06-17 10:29:49.344230,W003,39.999416,-104.998535
2026-06-17 10:39:49.344230,W004,39.998635,-104.998527
2026-06-17 10:49:49.344230,W005,39.999321,-104.998029
2026-06-17 11:05:57.104436,W006,39.999052,-104.998918
2026-06-17 11:15:57.104436,W001,39.99953,-104.99906
2026-06-17 11:25:57.104436,W002,39.999238,-104.998665
2026-06-17 11:35:57.104436,W003,39.998574,-104.999074
2026-06-17 11:45:57.104436,W004,39.998917,-104.998528
2026-06-17 11:55:57.104436,W005,39.999163,-104.998188
2026-06-17 12:05:57.104436,W006,39.999435,-104.997822
2026-06-17 07:00:00.000000,W001,40.00115,-105.000636
2026-06-17 07:10:00.000000,W002,40.00025,-105.001358
2026-06-17 07:20:00.000000,W003,40.00046,-105.000905
2026-06-17 07:30:00.000000,W004,40.001101,-105.000443
2026-06-17 07:56:07.992257,W002,40.000118,-105.001013
2026-06-17 08:06:07.992257,W003,40.000131,-105.001268
2026-06-17 08:16:07.992257,W004,40.000394,-105.001456
2026-06-17 08:26:07.992257,W005,40.000429,-105.000817
2026-06-17 08:36:07.992257,W006,40.001051,-105.001448
2026-06-17 08:46:07.992257,W001,40.00047,-105.000555
2026-06-17 08:56:07.992257,W002,39.999838,-105.001557
2026-06-17 09:20:15.406117,W003,40.000664,-105.000876
2026-06-17 09:30:15.406117,W004,40.000352,-105.000427
2026-06-17 09:40:15.406117,W005,40.000815,-105.000845
2026-06-17 09:50:15.406117,W006,40.000483,-105.001242
2026-06-17 10:00:15.406117,W001,40.000679,-105.001055
2026-06-17 10:25:14.945558,W004,40.001245,-105.001566
2026-06-17 10:35:14.945558,W005,39.999698,-105.000442
2026-06-17 10:45:14.945558,W006,40.001159,-105.0013
2026-06-17 10:55:14.945558,W001,40.00026,-105.001293
2026-06-17 11:23:43.403849,W005,40.000787,-105.000718
2026-06-17 11:33:43.403849,W006,39.999748,-105.001667
2026-06-17 11:43:43.403849,W001,40.000282,-105.001512
2026-06-17 11:53:43.403849,W002,40.000568,-105.001231
2026-06-17 12:03:43.403849,W003,40.000726,-105.001815
2026-06-18 07:00:00.000000,W006,40.000135,-104.999962
2026-06-18 07:10:00.000000,W001,40.000286,-104.99951
2026-06-18 07:20:00.000000,W002,39.999709,-104.999909
2026-06-18 07:30:00.000000,W003,40.00016,-105.000241
2026-06-18 08:01:00.565137,W001,39.999791,-104.999927
2026-06-18 08:11:00.565137,W002,39.999856,-104.999589
2026-06-18 08:21:00.565137,W003,40.000041,-105.000072
2026-06-18 08:31:00.565137,W004,40.000157,-104.999722
2026-06-18 08:41:00.565137,W005,40.000033,-104.9996
2026-06-18 08:51:00.565137,W006,40.00033,-105.000191
2026-06-18 09:18:01.295223,W002,39.999749,-104.999948
2026-06-18 09:28:01.295223,W003,39.999977,-105.000466
2026-06-18 09:38:01.295223,W004,40.000663,-105.000262
2026-06-18 09:48:01.295223,W005,40.000556,-104.999898
2026-06-18 10:12:46.423520,W003,40.000107,-105.000924
2026-06-18 10:22:46.423520,W004,39.999901,-104.999728
2026-06-18 10:32:46.423520,W005,40.000729,-105.000178
2026-06-18 10:42:46.423520,W006,40.00003,-104.999751
2026-06-18 10:52:46.423520,W001,39.999969,-104.99972
2026-06-18 11:25:45.882496,W004,40.000003,-104.999839
2026-06-18 11:35:45.882496,W005,40.000041,-105.000578
2026-06-18 11:45:45.882496,W006,39.999996,-104.999789
2026-06-18 11:55:45.882496,W001,40.000488,-104.999884
2026-06-18 12:05:45.882496,W002,39.999714,-104.999771
2026-06-18 07:00:00.000000,W005,40.000747,-104.999463
2026-06-18 07:10:00.000000,W006,40.001325,-104.999159
2026-06-18 07:20:00.000000,W001,40.001197,-104.998849
2026-06-18 07:30:00.000000,W002,40.000913,-104.999061
2026-06-18 07:40:00.000000,W003,40.001553,-104.999203
2026-06-18 07:50:00.000000,W004,40.000532,-104.999492
2026-06-18 08:00:00.000000,W005,40.001205,-105.000361
2026-06-18 08:23:57.001665,W006,40.00144,-104.999885
2026-06-18 08:33:57.001665,W001,40.000451,-105.000518
2026-06-18 08:43:57.001665,W002,40.000339,-104.999296
2026-06-18 08:53:57.001665,W003,40.001204,-104.999055
2026-06-18 09:03:57.001665,W004,40.001113,-105.000369
2026-06-18 09:33:58.277113,W001,40.00187,-104.999352
2026-06-18 09:43:58.277113,W002,40.000674,-104.99931
2026-06-18 09:53:58.277113,W003,40.001056,-104.999325
2026-06-18 10:03:58.277113,W004,40.001316,-104.999929
2026-06-18 10:13:58.277113,W005,40.000831,-104.999194
2026-06-18 10:23:58.277113,W006,40.000743,-105.00029
2026-06-18 10:33:58.277113,W001,40.000942,-104.999081
2026-06-18 10:43:58.277113,W002,40.00142,-105.000266
2026-06-18 10:53:58.277113,W003,40.001339,-104.999699
2026-06-18 11:03:58.277113,W004,40.000416,-104.99934
2026-06-18 11:32:05.082908,W002,40.001844,-104.998758
2026-06-18 11:42:05.082908,W003,40.000834,-104.999668
2026-06-18 11:52:05.082908,W004,40.000761,-104.998915
2026-06-18 12:02:05.082908,W005,40.000675,-105.00024
2026-06-18 12:12:05.082908,W006,40.000915,-104.999135
2026-06-18 12:41:43.403112,W003,40.000663,-105.000495
2026-06-18 12:51:43.403112,W004,40.001104,-104.999385
2026-06-18 13:01:43.403112,W005,40.001273,-104.999637
2026-06-18 13:11:43.403112,W006,40.000654,-104.999658
2026-06-18 13:21:43.403112,W001,40.000411,-105.00008
2026-06-18 13:31:43.403112,W002,40.001941,-104.999754
2026-06-18 13:41:43.403112,W003,40.000803,-104.999684
2026-06-18 13:51:43.403112,W004,40.001005,-104.99951
2026-06-18 14:01:43.403112,W005,40.000701,-104.999819
2026-06-18 14:11:43.403112,W006,40.001167,-104.999751
2026-06-18 14:21:43.403112,W001,40.000906,-104.999714
2026-06-18 14:31:43.403112,W002,40.000729,-104.999422
2026-06-18 14:41:43.403112,W003,40.001951,-104.998692
2026-06-18 15:04:06.044946,W004,40.00089,-104.999599
2026-06-18 15:14:06.044946,W005,40.000941,-104.999376
2026-06-18 15:24:06.044946,W006,40.001206,-104.999245
2026-06-18 15:34:06.044946,W001,40.000708,-104.999852
2026-06-18 15:44:06.044946,W002,40.001122,-104.99997
2026-06-18 15:54:06.044946,W003,40.00102,-104.999198
2026-06-18 16:04:06.044946,W004,40.001932,-105.000506
2026-06-18 16:14:06.044946,W005,40.000797,-104.999148
2026-06-18 16:24:06.044946,W006,40.001076,-104.999601
2026-06-18 16:34:06.044946,W001,40.000683,-104.998732
2026-06-18 16:44:06.044946,W002,40.000924,-104.999301
2026-06-18 16:54:06.044946,W003,40.001137,-104.999496
2026-06-18 17:04:06.044946,W004,40.000771,-104.999885
2026-06-18 07:00:00.000000,W005,39.998884,-104.999197
2026-06-18 07:10:00.000000,W006,39.999509,-104.998498
2026-06-18 07:20:00.000000,W001,39.998345,-104.998553
2026-06-18 07:51:27.918834,W006,39.998651,-104.998405
2026-06-18 08:01:27.918834,W001,39.999825,-104.998384
2026-06-18 08:11:27.918834,W002,39.998995,-104.998303
2026-06-18 08:21:27.918834,W003,39.999957,-104.998957
2026-06-18 08:31:27.918834,W004,39.99907,-104.998869
2026-06-18 08:41:27.918834,W005,39.999452,-104.998956
2026-06-18 09:04:13.297867,W001,39.99928,-104.997868
2026-06-18 09:14:13.297867,W002,39.999865,-104.997855
2026-06-18 09:24:13.297867,W003,39.999165,-104.998261
2026-06-18 09:34:13.297867,W004,39.999299,-104.999207
2026-06-18 09:59:58.921607,W002,39.999264,-104.998812
2026-06-18 10:09:58.921607,W003,39.999129,-104.998796
2026-06-18 10:19:58.921607,W004,39.999559,-104.998431
2026-06-18 10:29:58.921607,W005,39.999702,-104.9985
2026-06-18 10:39:58.921607,W006,39.998787,-104.998752
2026-06-18 10:49:58.921607,W001,39.998763,-104.998327
2026-06-18 11:15:14.663177,W003,39.998767,-104.999085
2026-06-18 11:25:14.663177,W004,39.999242,-104.999443
2026-06-18 11:35:14.663177,W005,39.999566,-104.998814
2026-06-18 11:45:14.663177,W006,39.999753,-104.999335
2026-06-18 11:55:14.663177,W001,39.999215,-104.99881
2026-06-18 12:05:14.663177,W002,39.999276,-104.998894
2026-06-18 12:34:56.388025,W004,39.998901,-104.999275
2026-06-18 12:44:56.388025,W005,39.998941,-104.998182
2026-06-18 12:54:56.388025,W006,39.999934,-104.999069
2026-06-18 13:04:56.388025,W001,39.999368,-104.999092
2026-06-18 13:14:56.388025,W002,39.999449,-104.998436
2026-06-18 13:24:56.388025,W003,39.999119,-104.999218
2026-06-18 13:49:15.259329,W005,39.999722,-104.999545
2026-06-18 13:59:15.259329,W006,39.999259,-104.99876
2026-06-18 14:09:15.259329,W001,39.999767,-104.99864
2026-06-18 14:19:15.259329,W002,39.999187,-104.998801
2026-06-18 14:29:15.259329,W003,39.999227,-104.999118
2026-06-18 07:00:00.000000,W006,40.000514,-105.001156
2026-06-18 07:10:00.000000,W001,40.000546,-105.00092
2026-06-18 07:20:00.000000,W002,40.000702,-105.001631
2026-06-18 07:30:00.000000,W003,40.000655,-105.001235
2026-06-18 07:40:00.000000,W004,40.000503,-105.000976
2026-06-18 07:59:01.234230,W001,39.999992,-105.000541
2026-06-18 08:09:01.234230,W002,40.000872,-105.001467
2026-06-18 08:19:01.234230,W003,40.000714,-105.001392
2026-06-18 08:29:01.234230,W004,40.000437,-105.000424
2026-06-18 08:39:01.234230,W005,40.000638,-105.001617
2026-06-18 08:49:01.234230,W006,40.000283,-105.000536
2026-06-18 09:16:48.326246,W002,40.000776,-105.001236
2026-06-18 09:26:48.326246,W003,40.000819,-105.000952
2026-06-18 09:36:48.326246,W004,40.00065,-105.001084
2026-06-18 09:54:12.945139,W003,39.999841,-105.000683
2026-06-18 10:04:12.945139,W004,40.000687,-105.000798
2026-06-18 10:14:12.945139,W005,40.000704,-105.001771
2026-06-18 10:24:12.945139,W006,39.999852,-105.000213
2026-06-18 10:34:12.945139,W001,39.999822,-105.000762
2026-06-18 10:44:12.945139,W002,40.000752,-105.000728
2026-06-18 11:12:52.516562,W004,40.000192,-105.000951
2026-06-18 11:22:52.516562,W005,40.001005,-105.001192
2026-06-18 11:32:52.516562,W006,40.000495,-105.000981
2026-06-18 11:42:52.516562,W001,40.000577,-105.001114
2026-06-18 11:52:52.516562,W002,40.000733,-105.001466
2026-06-18 12:24:08.061710,W005,40.000684,-105.000999
2026-06-18 12:34:08.061710,W006,40.000704,-105.000763
2026-06-18 12:44:08.061710,W001,40.000288,-105.000768
2026-06-18 12:54:08.061710,W002,40.001134,-105.00076
2026-06-18 13:04:08.061710,W003,40.000291,-105.001232
2026-06-18 13:28:27.838444,W006,40.000511,-105.001089
2026-06-18 13:38:27.838444,W001,40.000525,-105.000895
2026-06-18 13:48:27.838444,W002,40.000684,-105.001368
2026-06-18 13:58:27.838444,W003,40.000107,-105.000871
2026-06-18 14:08:27.838444,W004,40.000601,-105.001043
2026-06-18 14:18:27.838444,W005,40.000629,-105.001613
2026-06-18 14:28:27.838444,W006,40.000879,-105.000385
2026-06-18 14:38:27.838444,W001,40.000949,-105.001027
2026-06-18 15:01:14.972019,W001,40.000171,-105.000846
2026-06-18 15:11:14.972019,W002,40.000615,-105.000929
2026-06-18 15:21:14.972019,W003,40.000663,-105.000913
2026-06-18 15:31:14.972019,W004,40.000839,-105.001242
2026-06-18 15:41:14.972019,W005,40.000337,-105.000776
2026-06-18 15:51:14.972019,W006,40.00078,-105.000984
2026-06-18 16:01:14.972019,W001,40.000161,-105.000969
2026-06-18 16:11:14.972019,W002,40.00013,-105.000915
2026-06-18 16:21:14.972019,W003,40.000655,-105.001102
2026-06-18 07:00:00.000000,W002,39.999176,-105.000075
2026-06-18 07:10:00.000000,W003,40.000325,-105.000644
2026-06-18 07:20:00.000000,W004,39.999539,-104.999418
2026-06-18 07:44:18.391929,W003,39.999861,-104.999955
2026-06-18 07:54:18.391929,W004,39.999615,-105.000263
2026-06-18 08:04:18.391929,W005,40.000254,-104.999704
2026-06-18 08:14:18.391929,W006,39.999942,-105.000356
2026-06-18 08:24:18.391929,W001,40.000221,-105.000367
2026-06-18 08:49:20.747111,W004,39.999501,-105.000042
2026-06-18 08:59:20.747111,W005,39.999963,-104.9998
2026-06-18 09:09:20.747111,W006,39.999824,-105.000215
2026-06-18 09:19:20.747111,W001,39.999733,-104.999979
2026-06-18 09:29:20.747111,W002,40.000322,-104.999191
2026-06-18 09:51:57.429927,W005,40.000336,-105.00061
2026-06-18 10:01:57.429927,W006,40.0005,-105.000336
2026-06-18 10:11:57.429927,W001,39.999751,-104.999945
2026-06-18 10:21:57.429927,W002,40.000068,-104.999562
2026-06-18 10:31:57.429927,W003,40.00031,-105.000187
2026-06-18 10:41:57.429927,W004,40.000156,-104.999678
2026-06-18 11:07:36.335672,W006,40.000113,-104.999765
2026-06-18 11:17:36.335672,W001,40.000167,-104.999743
2026-06-18 11:27:36.335672,W002,39.999772,-104.999384
2026-06-18 11:55:43.946676,W001,40.000383,-105.000494
2026-06-18 12:05:43.946676,W002,39.99915,-104.999964
2026-06-18 12:15:43.946676,W003,39.99993,-104.999888
2026-06-18 12:25:43.946676,W004,39.999576,-104.999811
2026-06-18 12:35:43.946676,W005,39.999967,-104.999963
2026-06-18 12:45:43.946676,W006,39.999827,-105.000149
2026-06-18 12:55:43.946676,W001,39.999564,-105.000644
2026-06-18 07:00:00.000000,W002,40.001409,-105.000372
2026-06-18 07:10:00.000000,W003,40.000862,-104.999928
2026-06-18 07:20:00.000000,W004,40.001002,-105.000058
2026-06-18 07:30:00.000000,W005,40.001184,-104.999653
2026-06-18 08:00:06.334770,W003,40.00069,-104.999069
2026-06-18 08:10:06.334770,W004,40.001528,-104.999423
2026-06-18 08:20:06.334770,W005,40.000809,-104.999404
2026-06-18 08:45:41.769763,W004,40.001227,-104.999538
2026-06-18 08:55:41.769763,W005,40.000492,-104.999494
2026-06-18 09:05:41.769763,W006,40.000988,-104.999812
2026-06-18 09:15:41.769763,W001,40.000264,-104.999165
2026-06-18 09:36:56.837708,W005,40.000975,-104.999053
2026-06-18 09:46:56.837708,W006,40.000576,-104.999597
2026-06-18 09:56:56.837708,W001,40.000345,-104.999416
2026-06-18 10:06:56.837708,W002,40.001089,-104.999625
2026-06-18 07:00:00.000000,W006,39.999001,-104.999
2026-06-18 07:10:00.000000,W001,39.99998,-104.998923
2026-06-18 07:20:00.000000,W002,39.999317,-104.998648
2026-06-18 07:30:00.000000,W003,39.998919,-104.998445
2026-06-18 07:40:00.000000,W004,39.998366,-104.99872
2026-06-18 07:58:50.949801,W001,39.998643,-104.998408
2026-06-18 08:08:50.949801,W002,39.998739,-104.999724
2026-06-18 08:18:50.949801,W003,39.998461,-104.998319
2026-06-18 08:28:50.949801,W004,39.999123,-104.999025
2026-06-18 08:38:50.949801,W005,39.998889,-104.998254
2026-06-18 08:48:50.949801,W006,39.999199,-104.999011
2026-06-18 09:14:11.379475,W002,39.999808,-104.998569
2026-06-18 09:24:11.379475,W003,39.99911,-104.999212
2026-06-18 09:34:11.379475,W004,39.999053,-104.999018
2026-06-18 09:44:11.379475,W005,39.999631,-104.999385
2026-06-18 09:54:11.379475,W006,39.999266,-104.998612
2026-06-18 10:04:11.379475,W001,39.999301,-104.99886
2026-06-18 10:14:11.379475,W002,39.998807,-104.998725
2026-06-18 10:24:11.379475,W003,39.999096,-104.998704
2026-06-18 10:53:20.270319,W003,39.998848,-104.999164
2026-06-18 11:03:20.270319,W004,39.998872,-104.998767
2026-06-18 11:13:20.270319,W005,39.999499,-104.998881
2026-06-18 11:23:20.270319,W006,39.999171,-104.998309
2026-06-18 11:33:20.270319,W001,39.999076,-104.998759
2026-06-18 11:55:08.813813,W004,39.998747,-104.998249
2026-06-18 12:05:08.813813,W005,39.999898,-104.998242
2026-06-18 12:15:08.813813,W006,39.999297,-104.998566
2026-06-18 12:25:08.813813,W001,39.999132,-104.998912
2026-06-18 12:35:08.813813,W002,39.998369,-104.998452
2026-06-18 12:45:08.813813,W003,39.999401,-104.999013
2026-06-18 12:55:08.813813,W004,39.9993,-104.999528
2026-06-18 13:20:23.858195,W005,39.999074,-104.998913
2026-06-18 13:30:23.858195,W006,39.998358,-104.999851
2026-06-18 13:40:23.858195,W001,40.000062,-104.998929
2026-06-18 13:50:23.858195,W002,39.999349,-104.998607
2026-06-18 14:00:23.858195,W003,39.999547,-104.999045
2026-06-18 14:10:23.858195,W004,39.999569,-104.998922
2026-06-18 14:20:23.858195,W005,39.99891,-104.998816
2026-06-18 14:30:23.858195,W006,39.998967,-104.998826
2026-06-18 14:55:43.431388,W006,39.998595,-104.998543
2026-06-18 15:05:43.431388,W001,40.000075,-104.99876
2026-06-18 15:15:43.431388,W002,39.999066,-104.999085
2026-06-18 15:25:43.431388,W003,39.999041,-104.998706
2026-06-18 15:35:43.431388,W004,39.999189,-104.998814
2026-06-18 15:45:43.431388,W005,39.999321,-104.99924
2026-06-18 16:14:01.303910,W001,39.998815,-104.999004
2026-06-18 16:24:01.303910,W002,39.999352,-104.99841
2026-06-18 16:34:01.303910,W003,39.999634,-104.998968
2026-06-18 16:44:01.303910,W004,39.999115,-104.998516
2026-06-18 16:54:01.303910,W005,39.998983,-104.998812
2026-06-18 17:04:01.303910,W006,39.99903,-104.998862
2026-06-18 17:14:01.303910,W001,39.999701,-104.998991
2026-06-18 17:24:01.303910,W002,39.999303,-104.998614
2026-06-18 07:00:00.000000,W002,40.000959,-105.000351
2026-06-18 07:10:00.000000,W003,40.000305,-105.0013
2026-06-18 07:20:00.000000,W004,40.00035,-105.000522
2026-06-18 07:30:00.000000,W005,40.000207,-105.000822
2026-06-18 07:54:00.027840,W003,40.000433,-105.001129
2026-06-18 08:04:00.027840,W004,40.000755,-105.000717
2026-06-18 08:14:00.027840,W005,40.000782,-105.001551
2026-06-18 08:24:00.027840,W006,40.000713,-105.001265
2026-06-18 08:34:00.027840,W001,40.00141,-105.000742
2026-06-18 09:01:34.912091,W004,39.999763,-105.001015
2026-06-18 09:11:34.912091,W005,40.000809,-105.000755
2026-06-18 09:21:34.912091,W006,40.000649,-105.001061
2026-06-18 09:31:34.912091,W001,40.000237,-105.001269
2026-06-18 09:41:34.912091,W002,39.999785,-105.000386
2026-06-18 10:05:38.606412,W005,40.000904,-105.000769
2026-06-18 10:15:38.606412,W006,40.000614,-105.001742
2026-06-18 10:25:38.606412,W001,40.000413,-105.001991
2026-06-18 10:35:38.606412,W002,40.000299,-105.00091
2026-06-18 10:51:53.697131,W006,40.000701,-105.001428
2026-06-18 11:01:53.697131,W001,40.00066,-105.0004
2026-06-18 11:11:53.697131,W002,40.000517,-105.001089
2026-06-18 11:32:13.613522,W001,40.000343,-105.00082
2026-06-18 11:42:13.613522,W002,40.000056,-105.000872
2026-06-18 11:52:13.613522,W003,40.000553,-105.001082
2026-06-18 12:02:13.613522,W004,39.999632,-105.000733
2026-06-19 07:00:00.000000,W002,40.000164,-105.000335
2026-06-19 07:10:00.000000,W003,40.001161,-104.999494
2026-06-19 07:20:00.000000,W004,39.999312,-105.000212
2026-06-19 07:30:00.000000,W005,39.999729,-105.000442
2026-06-19 07:55:10.619167,W003,39.999468,-105.000381
2026-06-19 08:05:10.619167,W004,40.000059,-104.999989
2026-06-19 08:15:10.619167,W005,40.000264,-104.999741
2026-06-19 08:25:10.619167,W006,39.999919,-104.999328
2026-06-19 08:35:10.619167,W001,39.999732,-104.999436
2026-06-19 08:45:10.619167,W002,39.999252,-104.999828
2026-06-19 09:07:25.321089,W004,39.999986,-104.9998
2026-06-19 09:17:25.321089,W005,39.999811,-104.999878
2026-06-19 09:27:25.321089,W006,39.999871,-105.000569
2026-06-19 09:37:25.321089,W001,39.999973,-105.000003
2026-06-19 09:47:25.321089,W002,39.999882,-105.000122
2026-06-19 10:18:25.508990,W005,39.999915,-105.000011
2026-06-19 10:28:25.508990,W006,40.000642,-104.999924
2026-06-19 10:38:25.508990,W001,39.999817,-105.000078
2026-06-19 10:48:25.508990,W002,40.000466,-105.000333
2026-06-19 11:09:52.631520,W006,40.000511,-104.999799
2026-06-19 11:19:52.631520,W001,39.999867,-105.000613
2026-06-19 11:29:52.631520,W002,39.999997,-104.999993
2026-06-19 11:39:52.631520,W003,40.000427,-105.000499
2026-06-19 11:49:52.631520,W004,40.00052,-105.000181
2026-06-19 12:14:55.454254,W001,39.999396,-105.000557
2026-06-19 12:24:55.454254,W002,39.999403,-104.999765
2026-06-19 12:34:55.454254,W003,39.999312,-105.000027
2026-06-19 12:44:55.454254,W004,40.000865,-105.000383
2026-06-19 12:54:55.454254,W005,39.999445,-105.000141
2026-06-19 13:04:55.454254,W006,40.000046,-105.000304
2026-06-19 13:14:55.454254,W001,40.000595,-104.999922
2026-06-19 07:00:00.000000,W002,40.000782,-105.000042
2026-06-19 07:10:00.000000,W003,40.000576,-105.000057
2026-06-19 07:20:00.000000,W004,40.000811,-104.999189
2026-06-19 07:30:00.000000,W005,40.000903,-104.999495
2026-06-19 07:40:00.000000,W006,40.001207,-104.999937
2026-06-19 07:50:00.000000,W001,40.001269,-104.999593
2026-06-19 08:00:00.000000,W002,40.000933,-104.999318
2026-06-19 08:10:00.000000,W003,40.001126,-104.99897
2026-06-19 08:20:00.000000,W004,40.001447,-104.999464
2026-06-19 08:30:00.000000,W005,40.000631,-105.000264
2026-06-19 08:40:00.000000,W006,40.00101,-104.999453
2026-06-19 09:01:36.236957,W003,40.001044,-104.999107
2026-06-19 09:11:36.236957,W004,40.00112,-104.999742
2026-06-19 09:21:36.236957,W005,40.001407,-104.999728
2026-06-19 09:31:36.236957,W006,40.001201,-104.999535
2026-06-19 09:41:36.236957,W001,40.000704,-104.998968
2026-06-19 09:51:36.236957,W002,40.000969,-105.000161
2026-06-19 10:01:36.236957,W003,40.001723,-104.999175
2026-06-19 10:32:45.791986,W004,40.000685,-105.00011
2026-06-19 10:42:45.791986,W005,40.001088,-104.999621
2026-06-19 10:52:45.791986,W006,40.001535,-104.999586
2026-06-19 11:02:45.791986,W001,40.00157,-104.99822
2026-06-19 11:12:45.791986,W002,40.001322,-104.999916
2026-06-19 11:22:45.791986,W003,40.000987,-104.999492
2026-06-19 11:32:45.791986,W004,40.001439,-104.999526
2026-06-19 11:42:45.791986,W005,40.00116,-105.000286
2026-06-19 11:52:45.791986,W006,40.001605,-105.000304
2026-06-19 12:02:45.791986,W001,40.002104,-104.999656
2026-06-19 12:12:45.791986,W002,40.001167,-104.999509
2026-06-19 12:22:45.791986,W003,40.001241,-105.000104
2026-06-19 12:46:59.426839,W005,40.00043,-104.999688
2026-06-19 12:56:59.426839,W006,40.001615,-104.999136
2026-06-19 13:06:59.426839,W001,40.000831,-104.999383
2026-06-19 13:16:59.426839,W002,40.001065,-104.999314
2026-06-19 13:26:59.426839,W003,40.001018,-104.999493
2026-06-19 13:36:59.426839,W004,40.000821,-104.999794
2026-06-19 13:46:59.426839,W005,40.000406,-104.99978
2026-06-19 13:56:59.426839,W006,40.001133,-104.998992
2026-06-19 14:06:59.426839,W001,40.000989,-104.998805
2026-06-19 14:16:59.426839,W002,40.001094,-104.999383
2026-06-19 14:26:59.426839,W003,40.001012,-104.999502
2026-06-19 07:00:00.000000,W006,39.999145,-104.998379
2026-06-19 07:10:00.000000,W001,39.999036,-104.998975
2026-06-19 07:20:00.000000,W002,39.999217,-104.998819
2026-06-19 07:30:00.000000,W003,39.998793,-104.998619
2026-06-19 08:00:56.522424,W001,39.999423,-104.998825
2026-06-19 08:10:56.522424,W002,39.999499,-104.998835
2026-06-19 08:20:56.522424,W003,39.998714,-104.999252
2026-06-19 08:48:34.570445,W002,39.99879,-104.998946
2026-06-19 08:58:34.570445,W003,39.998848,-104.998847
2026-06-19 09:08:34.570445,W004,39.999341,-104.99898
2026-06-19 09:18:34.570445,W005,39.999211,-104.998701
2026-06-19 09:28:34.570445,W006,39.998647,-104.998379
2026-06-19 09:38:34.570445,W001,39.999227,-104.998509
2026-06-19 09:57:45.778103,W003,39.999831,-104.998624
2026-06-19 10:07:45.778103,W004,39.999021,-104.999352
2026-06-19 10:17:45.778103,W005,39.999372,-104.999833
2026-06-19 10:27:45.778103,W006,39.998788,-104.998822
2026-06-19 10:54:14.007203,W004,39.999087,-104.999211
2026-06-19 11:04:14.007203,W005,40.000052,-104.999365
2026-06-19 11:14:14.007203,W006,39.998871,-104.998872
2026-06-19 11:24:14.007203,W001,39.999368,-104.999082
2026-06-19 11:52:50.790954,W005,39.999288,-104.998056
2026-06-19 12:02:50.790954,W006,39.999426,-104.99924
2026-06-19 12:12:50.790954,W001,39.999344,-104.998641
2026-06-19 12:22:50.790954,W002,39.999402,-104.998473
2026-06-19 07:00:00.000000,W006,40.000916,-105.001584
2026-06-19 07:10:00.000000,W001,39.999992,-105.000883
2026-06-19 07:20:00.000000,W002,40.000544,-105.001215
2026-06-19 07:30:00.000000,W003,40.000278,-105.001015
2026-06-19 07:40:00.000000,W004,40.000047,-105.001002
2026-06-19 07:50:00.000000,W005,40.000594,-105.001171
2026-06-19 08:07:23.758944,W001,40.000329,-105.001397
2026-06-19 08:17:23.758944,W002,40.000667,-105.000446
2026-06-19 08:27:23.758944,W003,40.000644,-105.000982
2026-06-19 08:51:11.168304,W002,40.000424,-105.000907
2026-06-19 09:01:11.168304,W003,40.000802,-105.000633
2026-06-19 09:11:11.168304,W004,40.000103,-105.001462
2026-06-19 09:43:14.804598,W003,40.000474,-105.000765
2026-06-19 09:53:14.804598,W004,40.00116,-105.001464
2026-06-19 10:03:14.804598,W005,40.000899,-105.000491
2026-06-19 10:13:14.804598,W006,40.000207,-105.001052
2026-06-19 10:23:14.804598,W001,40.000302,-105.000315
2026-06-19 10:33:14.804598,W002,40.000444,-105.001077
2026-06-19 10:43:14.804598,W003,40.000153,-105.000946
2026-06-19 11:07:51.032650,W004,40.000314,-105.001026
2026-06-19 11:17:51.032650,W005,40.000568,-105.000901
2026-06-19 11:27:51.032650,W006,39.999951,-105.001058
2026-06-19 11:37:51.032650,W001,40.000817,-105.001374
2026-06-19 11:47:51.032650,W002,40.00074,-105.000913
2026-06-19 11:57:51.032650,W003,40.000515,-105.001021
2026-06-19 07:00:00.000000,W005,40.000129,-104.999923
2026-06-19 07:10:00.000000,W006,40.0001,-104.999687
2026-06-19 07:20:00.000000,W001,40.000342,-104.9999
2026-06-19 07:30:00.000000,W002,39.99951,-104.99972
2026-06-19 08:01:02.830869,W006,39.999813,-104.999964
2026-06-19 08:11:02.830869,W001,40.000111,-105.000416
2026-06-19 08:21:02.830869,W002,40.000377,-105.000033
2026-06-19 08:42:00.161695,W001,40.000013,-105.000545
2026-06-19 08:52:00.161695,W002,39.999776,-104.999935
2026-06-19 09:02:00.161695,W003,39.99999,-105.000654
2026-06-19 09:12:00.161695,W004,39.999903,-105.000274
2026-06-19 09:32:36.448238,W002,40.000027,-104.99995
2026-06-19 09:42:36.448238,W003,39.999517,-105.000448
2026-06-19 09:52:36.448238,W004,39.999979,-105.000037
2026-06-19 10:02:36.448238,W005,39.999543,-104.999871
2026-06-19 10:28:21.256736,W003,40.000391,-104.999905
2026-06-19 10:38:21.256736,W004,39.999464,-105.000014
2026-06-19 10:48:21.256736,W005,39.999607,-104.999714
2026-06-19 10:58:21.256736,W006,40.000355,-104.999967
2026-06-19 11:08:21.256736,W001,40.000262,-105.000256
2026-06-19 11:18:21.256736,W002,39.999743,-104.999841
2026-06-19 11:39:38.561622,W004,40.000444,-105.000185
2026-06-19 11:49:38.561622,W005,39.999721,-105.000066
2026-06-19 11:59:38.561622,W006,39.998981,-104.999662
2026-06-19 12:28:23.979158,W005,40.000705,-104.999575
2026-06-19 12:38:23.979158,W006,40.000203,-105.000007
2026-06-19 12:48:23.979158,W001,39.999853,-104.999567
2026-06-19 12:58:23.979158,W002,39.999556,-104.99994
2026-06-19 13:08:23.979158,W003,39.999862,-105.000365
2026-06-19 13:18:23.979158,W004,40.000244,-105.000019
2026-06-19 13:28:23.979158,W005,40.000451,-104.999667
2026-06-19 13:38:23.979158,W006,40.000236,-104.999522
2026-06-19 14:03:25.516658,W006,40.000832,-105.000152
2026-06-19 14:13:25.516658,W001,39.999786,-105.000644
2026-06-19 14:23:25.516658,W002,40.000628,-104.999975
2026-06-19 14:33:25.516658,W003,40.000243,-105.00068
2026-06-19 07:00:00.000000,W001,40.001127,-104.99931
2026-06-19 07:10:00.000000,W002,40.000686,-104.999625
2026-06-19 07:20:00.000000,W003,40.00127,-104.999745
2026-06-19 07:41:22.662870,W002,40.00115,-104.999457
2026-06-19 07:51:22.662870,W003,40.000839,-104.999675
2026-06-19 08:01:22.662870,W004,40.001128,-104.999575
2026-06-19 08:11:22.662870,W005,40.000727,-104.999988
2026-06-19 08:21:22.662870,W006,40.000684,-105.00003
2026-06-19 08:31:22.662870,W001,40.001199,-104.998295
2026-06-19 08:48:22.880504,W003,40.001705,-104.998454
2026-06-19 08:58:22.880504,W004,40.000614,-104.999253
2026-06-19 09:08:22.880504,W005,40.000994,-104.9995
2026-06-19 09:18:22.880504,W006,40.000997,-104.999008
2026-06-19 09:28:22.880504,W001,40.001628,-104.999521
2026-06-19 09:38:22.880504,W002,40.000966,-104.999019
2026-06-19 09:48:22.880504,W003,40.000634,-104.999583
2026-06-19 09:58:22.880504,W004,40.001141,-104.999511
2026-06-19 10:08:22.880504,W005,40.001428,-104.999344
2026-06-19 10:18:22.880504,W006,40.000979,-104.999563
2026-06-19 10:45:22.372031,W004,40.000921,-104.99954
2026-06-19 10:55:22.372031,W005,40.000832,-104.999134
2026-06-19 11:05:22.372031,W006,40.00159,-104.999351
2026-06-19 11:31:21.950213,W005,40.000755,-104.998732
2026-06-19 11:41:21.950213,W006,40.00106,-104.999296
2026-06-19 11:51:21.950213,W001,40.00066,-104.999276
2026-06-19 12:01:21.950213,W002,40.001203,-104.998708
2026-06-19 12:11:21.950213,W003,40.0008,-104.99943
2026-06-19 07:00:00.000000,W006,39.999334,-104.998509
2026-06-19 07:10:00.000000,W001,39.999852,-104.998667
2026-06-19 07:20:00.000000,W002,39.998467,-104.998759
2026-06-19 07:44:57.392667,W001,39.999726,-104.999255
2026-06-19 07:54:57.392667,W002,39.999587,-104.998906
2026-06-19 08:04:57.392667,W003,39.999456,-104.999871
2026-06-19 08:14:57.392667,W004,39.998849,-104.998503
2026-06-19 08:24:57.392667,W005,39.999209,-104.998289
2026-06-19 08:34:57.392667,W006,39.999208,-104.998506
2026-06-19 08:58:28.284620,W002,39.999477,-104.998894
2026-06-19 09:08:28.284620,W003,39.998781,-104.998284
2026-06-19 09:18:28.284620,W004,39.998355,-104.99913
2026-06-19 09:28:28.284620,W005,39.999,-104.998978
2026-06-19 09:52:39.388291,W003,39.999105,-104.998518
2026-06-19 10:02:39.388291,W004,39.999686,-104.99847
2026-06-19 10:12:39.388291,W005,39.999555,-104.998971
2026-06-19 10:22:39.388291,W006,39.999624,-104.999215
2026-06-19 10:32:39.388291,W001,40.000336,-104.998204
2026-06-19 10:42:39.388291,W002,39.999479,-104.999105
2026-06-19 10:52:39.388291,W003,39.999693,-104.999185
2026-06-19 11:16:53.248089,W004,39.998721,-104.998209
2026-06-19 11:26:53.248089,W005,39.999302,-104.99873
2026-06-19 11:36:53.248089,W006,39.998869,-104.998652
2026-06-19 11:46:53.248089,W001,39.998725,-104.99851
2026-06-19 11:56:53.248089,W002,39.999644,-104.999357
2026-06-19 07:00:00.000000,W005,40.000798,-105.001519
2026-06-19 07:10:00.000000,W006,40.001079,-105.000761
2026-06-19 07:20:00.000000,W001,40.000721,-105.001038
2026-06-19 07:30:00.000000,W002,40.000484,-105.000756
2026-06-19 07:55:59.795770,W006,40.000293,-104.999916
2026-06-19 08:05:59.795770,W001,40.000487,-105.000689
2026-06-19 08:15:59.795770,W002,40.000484,-105.000803
2026-06-19 08:45:49.163257,W001,40.000319,-105.001491
2026-06-19 08:55:49.163257,W002,40.000295,-105.000871
2026-06-19 09:05:49.163257,W003,40.000503,-105.000967
2026-06-19 09:15:49.163257,W004,40.000331,-105.001612
2026-06-19 09:25:49.163257,W005,40.000844,-105.000654
2026-06-19 09:35:49.163257,W006,40.00049,-105.001167
2026-06-19 09:45:49.163257,W001,40.000998,-105.001053
2026-06-19 10:11:07.402383,W002,40.000957,-105.000872
2026-06-19 10:21:07.402383,W003,40.00058,-105.000763
2026-06-19 10:31:07.402383,W004,40.00084,-105.001575
2026-06-19 10:41:07.402383,W005,40.000343,-105.000416
2026-06-19 10:51:07.402383,W006,40.001138,-105.000414
2026-06-19 11:17:01.399246,W003,40.000393,-105.001194
2026-06-19 11:27:01.399246,W004,40.000096,-105.001172
2026-06-19 11:37:01.399246,W005,40.000325,-105.001298
2026-06-19 11:47:01.399246,W006,40.000593,-105.000156
2026-06-19 11:57:01.399246,W001,40.000253,-105.000717
2026-06-19 12:07:01.399246,W002,40.000209,-105.001542
2026-06-19 12:17:01.399246,W003,39.9998,-105.000598
2026-06-19 12:27:01.399246,W004,40.000812,-105.001087
2026-06-19 12:54:09.106267,W004,40.000845,-105.00064
2026-06-19 13:04:09.106267,W005,40.000425,-105.001507
2026-06-19 13:14:09.106267,W006,40.000529,-105.001123
2026-06-19 13:24:09.106267,W001,39.999891,-105.001443
2026-06-19 13:52:49.681534,W005,40.000131,-105.000869
2026-06-19 14:02:49.681534,W006,40.000532,-105.000719
2026-06-19 14:12:49.681534,W001,40.000745,-105.001305
2026-06-19 14:22:49.681534,W002,39.999593,-105.001497
2026-06-19 14:32:49.681534,W003,40.000561,-105.000603
2026-06-19 14:42:49.681534,W004,40.000331,-105.000192
2026-06-19 14:52:49.681534,W005,40.00077,-105.001619
2026-06-20 07:00:00.000000,W006,39.999963,-105.000157
2026-06-20 07:10:00.000000,W001,39.999886,-104.999535
2026-06-20 07:20:00.000000,W002,39.99999,-105.00009
2026-06-20 07:30:00.000000,W003,40.000518,-105.000371
2026-06-20 07:40:00.000000,W004,39.99958,-104.999585
2026-06-20 07:50:00.000000,W005,40.000189,-104.99992
2026-06-20 08:12:05.586626,W001,40.000171,-104.999534
2026-06-20 08:22:05.586626,W002,40.000517,-104.999629
2026-06-20 08:32:05.586626,W003,39.999921,-104.999784
2026-06-20 08:42:05.586626,W004,40.000188,-104.999929
2026-06-20 08:52:05.586626,W005,39.999904,-104.999819
2026-06-20 09:20:44.477825,W002,40.0003,-105.000355
2026-06-20 09:30:44.477825,W003,40.000488,-104.999983
2026-06-20 09:40:44.477825,W004,39.999948,-104.999469
2026-06-20 09:50:44.477825,W005,40.00017,-105.000291
2026-06-20 10:00:44.477825,W006,39.999782,-105.000266
2026-06-20 10:10:44.477825,W001,39.999992,-104.999962
2026-06-20 10:31:19.076509,W003,40.000355,-105.000602
2026-06-20 10:41:19.076509,W004,40.000451,-104.999863
2026-06-20 10:51:19.076509,W005,39.999994,-105.000211
2026-06-20 11:01:19.076509,W006,39.99908,-104.999811
2026-06-20 11:21:47.158130,W004,40.00019,-104.999522
2026-06-20 11:31:47.158130,W005,39.999836,-104.999825
2026-06-20 11:41:47.158130,W006,40.000083,-104.99992
2026-06-20 11:51:47.158130,W001,40.00058,-105.000182
2026-06-20 12:01:47.158130,W002,40.000264,-104.999387
2026-06-20 12:11:47.158130,W003,40.000024,-104.999989
2026-06-20 12:21:47.158130,W004,40.000441,-104.999833
2026-06-20 12:31:47.158130,W005,39.999539,-104.999849
2026-06-20 12:41:47.158130,W006,40.000287,-104.999971
2026-06-20 13:13:40.890516,W005,39.999978,-105.000183
2026-06-20 13:23:40.890516,W006,40.000562,-105.000108
2026-06-20 13:33:40.890516,W001,40.000051,-104.999563
2026-06-20 13:43:40.890516,W002,39.99981,-104.999854
2026-06-20 14:11:17.279578,W006,40.000187,-105.000768
2026-06-20 14:21:17.279578,W001,40.000612,-105.000176
2026-06-20 14:31:17.279578,W002,39.999984,-104.999527
2026-06-20 14:41:17.279578,W003,39.999654,-104.999373
2026-06-20 14:51:17.279578,W004,39.999377,-105.000034
2026-06-20 07:00:00.000000,W001,40.000942,-104.998981
2026-06-20 07:10:00.000000,W002,40.001728,-104.99944
2026-06-20 07:20:00.000000,W003,40.001186,-104.999668
2026-06-20 07:46:48.398582,W002,40.001151,-104.999451
2026-06-20 07:56:48.398582,W003,40.000926,-104.999838
2026-06-20 08:06:48.398582,W004,40.001697,-104.999987
2026-06-20 08:16:48.398582,W005,40.000702,-104.999365
2026-06-20 08:26:48.398582,W006,40.000975,-104.999449
2026-06-20 08:36:48.398582,W001,40.000814,-104.99979
2026-06-20 08:46:48.398582,W002,40.000116,-104.999357
2026-06-20 09:11:33.162972,W003,40.001329,-104.99953
2026-06-20 09:21:33.162972,W004,39.99983,-104.999488
2026-06-20 09:31:33.162972,W005,40.000789,-104.999115
2026-06-20 09:41:33.162972,W006,40.001463,-104.999532
2026-06-20 09:51:33.162972,W001,40.00102,-104.99896
2026-06-20 10:01:33.162972,W002,40.001092,-104.999673
2026-06-20 10:11:33.162972,W003,40.000617,-104.999647
2026-06-20 10:34:30.797396,W004,40.00116,-104.999484
2026-06-20 10:44:30.797396,W005,40.001145,-104.999692
2026-06-20 10:54:30.797396,W006,40.000809,-104.998858
2026-06-20 11:04:30.797396,W001,40.000529,-104.998848
2026-06-20 11:14:30.797396,W002,40.000579,-104.999302
2026-06-20 11:38:34.763314,W005,40.000522,-104.999528
2026-06-20 11:48:34.763314,W006,40.001086,-104.999357
2026-06-20 11:58:34.763314,W001,40.001303,-104.99999
2026-06-20 12:08:34.763314,W002,40.001326,-104.999412
2026-06-20 12:18:34.763314,W003,40.000693,-105.000011
2026-06-20 12:28:34.763314,W004,40.000843,-104.999799
2026-06-20 12:38:34.763314,W005,40.000517,-104.999704
2026-06-20 12:48:34.763314,W006,40.001389,-104.999435
2026-06-20 12:58:34.763314,W001,40.000915,-104.999299
2026-06-20 13:08:34.763314,W002,40.000744,-104.999265
2026-06-20 13:33:50.552201,W006,40.001143,-104.999395
2026-06-20 13:43:50.552201,W001,40.000361,-104.998997
2026-06-20 13:53:50.552201,W002,40.000656,-104.999199
2026-06-20 14:03:50.552201,W003,40.000764,-104.999811
2026-06-20 14:13:50.552201,W004,40.000386,-104.999837
2026-06-20 14:23:50.552201,W005,40.000325,-104.99944
2026-06-20 14:33:50.552201,W006,40.001485,-104.99905
2026-06-20 07:00:00.000000,W001,39.999308,-104.998966
2026-06-20 07:10:00.000000,W002,39.999587,-104.99935
2026-06-20 07:20:00.000000,W003,39.99901,-104.998745
2026-06-20 07:30:00.000000,W004,39.999547,-104.998925
2026-06-20 07:51:13.908828,W002,39.998932,-104.998664
2026-06-20 08:01:13.908828,W003,39.999633,-104.999104
2026-06-20 08:11:13.908828,W004,39.99955,-104.998635
2026-06-20 08:21:13.908828,W005,39.99903,-104.998862
2026-06-20 08:31:13.908828,W006,39.998921,-104.998879
2026-06-20 08:41:13.908828,W001,39.999263,-104.999108
2026-06-20 08:51:13.908828,W002,39.998433,-104.999335
2026-06-20 09:11:06.256312,W003,39.999629,-104.999112
2026-06-20 09:21:06.256312,W004,39.999589,-104.998861
2026-06-20 09:31:06.256312,W005,39.999897,-104.998562
2026-06-20 09:41:06.256312,W006,39.999834,-104.998471
2026-06-20 10:09:10.084935,W004,39.999289,-104.999148
2026-06-20 10:19:10.084935,W005,39.999076,-104.999722
2026-06-20 10:29:10.084935,W006,39.998024,-104.998761
2026-06-20 10:39:10.084935,W001,39.999323,-104.99875
2026-06-20 10:49:10.084935,W002,39.99935,-104.999606
2026-06-20 10:59:10.084935,W003,39.998906,-104.998243
2026-06-20 11:09:10.084935,W004,39.999397,-104.998167
2026-06-20 11:19:10.084935,W005,39.998859,-104.998647
2026-06-20 11:39:54.384031,W005,39.99935,-104.998686
2026-06-20 11:49:54.384031,W006,39.998497,-104.998616
2026-06-20 11:59:54.384031,W001,39.999135,-104.999344
2026-06-20 12:09:54.384031,W002,39.998826,-104.999071
2026-06-20 12:19:54.384031,W003,39.999552,-104.998494
2026-06-20 12:29:54.384031,W004,39.998681,-104.998754
2026-06-20 07:00:00.000000,W006,40.000391,-105.000568
2026-06-20 07:10:00.000000,W001,40.00049,-105.001667
2026-06-20 07:20:00.000000,W002,40.000581,-105.000805
2026-06-20 07:30:00.000000,W003,40.000561,-105.001214
2026-06-20 07:55:32.571708,W001,40.000735,-105.0002
2026-06-20 08:05:32.571708,W002,40.000562,-105.001186
2026-06-20 08:15:32.571708,W003,40.000557,-105.001157
2026-06-20 08:40:18.373961,W002,40.000224,-105.000758
2026-06-20 08:50:18.373961,W003,40.0006,-105.000486
2026-06-20 09:00:18.373961,W004,40.000451,-105.001351
2026-06-20 09:10:18.373961,W005,40.000729,-105.001176
2026-06-20 09:20:18.373961,W006,40.000737,-105.000819
2026-06-20 09:30:18.373961,W001,40.000562,-105.000726
2026-06-20 09:40:18.373961,W002,40.000516,-105.000881
2026-06-20 09:58:56.199913,W003,40.000588,-105.0011
2026-06-20 10:08:56.199913,W004,40.001021,-105.000549
2026-06-20 10:18:56.199913,W005,40.000463,-105.001167
2026-06-20 10:28:56.199913,W006,40.000536,-105.000652
2026-06-20 10:38:56.199913,W001,40.000672,-105.001158
2026-06-20 10:48:56.199913,W002,40.00035,-105.001331
2026-06-20 10:58:56.199913,W003,40.000488,-105.001468
2026-06-20 11:08:56.199913,W004,40.000502,-105.001043
2026-06-20 11:18:56.199913,W005,40.000291,-105.000886
2026-06-20 11:48:20.912832,W004,40.000666,-105.0007
2026-06-20 11:58:20.912832,W005,40.001086,-105.00137
2026-06-20 12:08:20.912832,W006,40.000527,-105.000987
2026-06-20 12:18:20.912832,W001,40.000826,-105.001629
2026-06-20 12:28:20.912832,W002,40.000454,-105.001262
2026-06-20 12:38:20.912832,W003,40.000181,-105.001543
2026-06-20 13:05:12.761678,W005,39.999924,-105.000539
2026-06-20 13:15:12.761678,W006,40.000194,-105.000873
2026-06-20 13:25:12.761678,W001,40.000265,-105.001147
2026-06-20 13:35:12.761678,W002,40.00027,-105.001593
2026-06-20 13:45:12.761678,W003,40.000344,-105.000367
2026-06-20 13:55:12.761678,W004,39.999963,-105.000959
2026-06-20 14:05:12.761678,W005,39.999718,-105.001377
2026-06-20 14:34:54.534414,W006,40.000801,-105.001418
2026-06-20 14:44:54.534414,W001,40.000793,-105.000154
2026-06-20 14:54:54.534414,W002,40.00051,-105.001259
2026-06-20 15:04:54.534414,W003,40.001172,-105.000933
2026-06-20 15:14:54.534414,W004,40.000474,-105.000444
2026-06-20 07:00:00.000000,W001,39.99936,-105.0
2026-06-20 07:10:00.000000,W002,39.999038,-105.000098
2026-06-20 07:20:00.000000,W003,39.999811,-104.999887
2026-06-20 07:30:00.000000,W004,39.999691,-105.000513
2026-06-20 07:51:46.968462,W002,39.999734,-105.000093
2026-06-20 08:01:46.968462,W003,39.999584,-104.999989
2026-06-20 08:11:46.968462,W004,39.998822,-105.000326
2026-06-20 08:21:46.968462,W005,40.000636,-105.000947
2026-06-20 08:45:00.661329,W003,40.000169,-104.999887
2026-06-20 08:55:00.661329,W004,39.999993,-104.999836
2026-06-20 09:05:00.661329,W005,40.000073,-104.999973
2026-06-20 09:15:00.661329,W006,40.000109,-104.999923
2026-06-20 09:25:00.661329,W001,40.000831,-104.999928
2026-06-20 09:35:00.661329,W002,39.999801,-104.999746
2026-06-20 09:45:00.661329,W003,40.000358,-105.000321
2026-06-20 09:55:00.661329,W004,40.000096,-104.999846
2026-06-20 10:16:30.417519,W004,40.00005,-104.999457
2026-06-20 10:26:30.417519,W005,40.000266,-105.000099
2026-06-20 10:36:30.417519,W006,40.000133,-104.999999
2026-06-20 11:02:53.650029,W005,40.000507,-104.999113
2026-06-20 11:12:53.650029,W006,39.99974,-104.99927
2026-06-20 11:22:53.650029,W001,39.999361,-105.00023
2026-06-20 11:45:59.075094,W006,40.000125,-104.999939
2026-06-20 11:55:59.075094,W001,39.999296,-105.00017
2026-06-20 12:05:59.075094,W002,40.000655,-105.001073
2026-06-20 12:15:59.075094,W003,40.000961,-105.000285
2026-06-20 12:25:59.075094,W004,39.999988,-104.999916
2026-06-20 12:42:36.644585,W001,40.000527,-105.000208
2026-06-20 12:52:36.644585,W002,39.999428,-105.000296
2026-06-20 13:02:36.644585,W003,39.999823,-104.999892
2026-06-20 13:12:36.644585,W004,39.99995,-104.99993
2026-06-20 13:22:36.644585,W005,39.999845,-105.00013
2026-06-20 13:32:36.644585,W006,39.999812,-105.000305
2026-06-20 07:00:00.000000,W002,40.000854,-104.999573
2026-06-20 07:10:00.000000,W003,40.000448,-104.998746
2026-06-20 07:20:00.000000,W004,40.000868,-104.999164
2026-06-20 07:30:00.000000,W005,40.001006,-104.999214
2026-06-20 07:40:00.000000,W006,40.000837,-104.999838
2026-06-20 07:50:00.000000,W001,40.000672,-104.998873
2026-06-20 08:00:00.000000,W002,40.000127,-105.000178
2026-06-20 08:10:00.000000,W003,40.001466,-104.999177
2026-06-20 08:39:09.437853,W003,40.000472,-104.999428
2026-06-20 08:49:09.437853,W004,40.001098,-105.000359
2026-06-20 08:59:09.437853,W005,40.001297,-104.999349
2026-06-20 09:09:09.437853,W006,39.999872,-104.999244
2026-06-20 09:19:09.437853,W001,40.001046,-104.999305
2026-06-20 09:46:32.678270,W004,40.000505,-104.999882
2026-06-20 09:56:32.678270,W005,40.00108,-105.000318
2026-06-20 10:06:32.678270,W006,40.001257,-104.999962
2026-06-20 10:16:32.678270,W001,40.001329,-104.999891
2026-06-20 10:26:32.678270,W002,40.001062,-104.999454
2026-06-20 10:36:32.678270,W003,40.00169,-104.99899
2026-06-20 10:58:02.618373,W005,40.000933,-104.999203
2026-06-20 11:08:02.618373,W006,40.000958,-104.999813
2026-06-20 11:18:02.618373,W001,40.001143,-104.998953
2026-06-20 11:28:02.618373,W002,40.000867,-104.998909
2026-06-20 11:38:02.618373,W003,40.001406,-104.999915
2026-06-20 12:05:52.040955,W006,40.001137,-104.999399
2026-06-20 12:15:52.040955,W001,40.000845,-104.999731
2026-06-20 12:25:52.040955,W002,40.0014,-104.99979
2026-06-20 12:35:52.040955,W003,40.000546,-104.999001
2026-06-20 12:45:52.040955,W004,40.0012,-104.999286
2026-06-20 12:55:52.040955,W005,40.001025,-105.000139
2026-06-20 13:16:59.418521,W001,40.000238,-104.99953
2026-06-20 13:26:59.418521,W002,40.001173,-104.999815
2026-06-20 13:36:59.418521,W003,40.00109,-104.999662
2026-06-20 13:46:59.418521,W004,40.001819,-104.998919
2026-06-20 13:56:59.418521,W005,40.000839,-104.999813
2026-06-20 14:06:59.418521,W006,40.000986,-105.000026
2026-06-20 14:16:59.418521,W001,40.001444,-104.99962
2026-06-20 07:00:00.000000,W002,39.999318,-104.998892
2026-06-20 07:10:00.000000,W003,39.999376,-104.999012
2026-06-20 07:20:00.000000,W004,39.99964,-104.998621
2026-06-20 07:30:00.000000,W005,39.998812,-104.99896
2026-06-20 07:50:49.316384,W003,39.999844,-104.998678
2026-06-20 08:00:49.316384,W004,39.999235,-104.998411
2026-06-20 08:10:49.316384,W005,39.999001,-104.998543
2026-06-20 08:20:49.316384,W006,39.999453,-104.999409
2026-06-20 08:30:49.316384,W001,39.998985,-104.999072
2026-06-20 08:40:49.316384,W002,39.999374,-104.99914
2026-06-20 09:03:45.445495,W004,39.999375,-104.999213
2026-06-20 09:13:45.445495,W005,39.999156,-104.999466
2026-06-20 09:23:45.445495,W006,39.999547,-104.999006
2026-06-20 09:33:45.445495,W001,39.999622,-104.998634
2026-06-20 09:54:40.925306,W005,39.999665,-104.998152
2026-06-20 10:04:40.925306,W006,39.999459,-104.998528
2026-06-20 10:14:40.925306,W001,39.999387,-104.998263
2026-06-20 10:24:40.925306,W002,39.99976,-104.999383
2026-06-20 10:34:40.925306,W003,39.999776,-104.999308
2026-06-20 10:44:40.925306,W004,39.998952,-104.999422
2026-06-20 10:54:40.925306,W005,39.999898,-104.998753
2026-06-20 11:04:40.925306,W006,39.998987,-104.998606
2026-06-20 11:26:17.551957,W006,39.999184,-104.998303
2026-06-20 11:36:17.551957,W001,39.999348,-104.998721
2026-06-20 11:46:17.551957,W002,39.998925,-104.998655
2026-06-20 11:56:17.551957,W003,39.998987,-104.999516
2026-06-20 12:06:17.551957,W004,39.998986,-104.99819
2026-06-20 07:00:00.000000,W001,40.00038,-105.000514
2026-06-20 07:10:00.000000,W002,40.000939,-105.000625
2026-06-20 07:20:00.000000,W003,40.000324,-105.001484
2026-06-20 07:30:00.000000,W004,40.000459,-105.001737
2026-06-20 07:40:00.000000,W005,40.000725,-105.000554
2026-06-20 07:50:00.000000,W006,40.000652,-105.001928
2026-06-20 08:14:16.086001,W002,40.000164,-105.001191
2026-06-20 08:24:16.086001,W003,40.000375,-105.001101
2026-06-20 08:34:16.086001,W004,39.999586,-105.000731
2026-06-20 08:44:16.086001,W005,40.000271,-105.000299
2026-06-20 08:54:16.086001,W006,40.000621,-105.001604
2026-06-20 09:04:16.086001,W001,39.999838,-105.000822
2026-06-20 09:22:35.644870,W003,40.000581,-105.000398
2026-06-20 09:32:35.644870,W004,40.000252,-105.000258
2026-06-20 09:42:35.644870,W005,40.000808,-105.000416
2026-06-20 09:52:35.644870,W006,40.000428,-105.000706
2026-06-20 10:02:35.644870,W001,40.000051,-105.001049
2026-06-20 10:12:35.644870,W002,39.999764,-105.001123
2026-06-20 10:28:56.934052,W004,40.00099,-105.001274
2026-06-20 10:38:56.934052,W005,40.000608,-105.001183
2026-06-20 10:48:56.934052,W006,40.000272,-105.001324
2026-06-20 10:58:56.934052,W001,40.001007,-105.000345
2026-06-20 11:08:56.934052,W002,40.000451,-105.001321
2026-06-20 11:18:56.934052,W003,39.999971,-105.001579
2026-06-20 11:28:56.934052,W004,40.000376,-105.000933
2026-06-20 11:54:30.641383,W005,40.000597,-105.000502
2026-06-20 12:04:30.641383,W006,40.00019,-105.000664
2026-06-20 12:14:30.641383,W001,40.000444,-105.001582
2026-06-20 12:24:30.641383,W002,40.000818,-105.001048
2026-06-20 12:34:30.641383,W003,40.000483,-105.001004
2026-06-20 12:44:30.641383,W004,39.999807,-105.000349
2026-06-20 13:03:33.436478,W006,40.000587,-105.001077
2026-06-20 13:13:33.436478,W001,40.00014,-105.00108
2026-06-20 13:23:33.436478,W002,40.000102,-105.000613
2026-06-20 13:33:33.436478,W003,40.000559,-105.000875
2026-06-20 13:43:33.436478,W004,40.000176,-105.001418
2026-06-20 13:53:33.436478,W005,40.000627,-105.00202
2026-06-20 14:03:33.436478,W006,40.000825,-105.000277
2026-06-20 14:33:39.068646,W001,40.000885,-105.001571
2026-06-20 14:43:39.068646,W002,40.000456,-105.001032
2026-06-20 14:53:39.068646,W003,39.999761,-105.00098
2026-06-20 15:03:39.068646,W004,40.001174,-105.001078
2026-06-20 15:13:39.068646,W005,40.000055,-105.001064
2026-06-20 15:23:39.068646,W006,40.000935,-105.000973
2026-06-20 15:33:39.068646,W001,40.000707,-105.001054
2026-06-20 15:43:39.068646,W002,40.000659,-105.001011
2026-06-20 15:53:39.068646,W003,40.000165,-105.001473
2026-06-20 16:21:19.357530,W002,40.000255,-105.001362
2026-06-20 16:31:19.357530,W003,39.999883,-105.000971
2026-06-20 16:41:19.357530,W004,40.000831,-105.000252
2026-06-20 16:51:19.357530,W005,39.999776,-105.001271
2026-06-21 07:00:00.000000,W003,39.999972,-105.000144
2026-06-21 07:10:00.000000,W004,39.999769,-105.000396
2026-06-21 07:20:00.000000,W005,40.000424,-104.999928
2026-06-21 07:30:00.000000,W006,39.999921,-105.000149
2026-06-21 07:52:55.510422,W004,40.000856,-104.999717
2026-06-21 08:02:55.510422,W005,40.000566,-104.999375
2026-06-21 08:12:55.510422,W006,40.000043,-104.999871
2026-06-21 08:22:55.510422,W001,39.999819,-105.000755
2026-06-21 08:47:40.341679,W005,40.000279,-105.000302
2026-06-21 08:57:40.341679,W006,39.999934,-104.999857
2026-06-21 09:07:40.341679,W001,40.000243,-105.000381
2026-06-21 09:17:40.341679,W002,40.000195,-104.999779
2026-06-21 09:27:40.341679,W003,39.999816,-105.000244
2026-06-21 09:37:40.341679,W004,40.000244,-105.000343
2026-06-21 10:03:19.759474,W006,40.000048,-105.000606
2026-06-21 10:13:19.759474,W001,39.999383,-105.00058
2026-06-21 10:23:19.759474,W002,40.00036,-105.000472
2026-06-21 10:33:19.759474,W003,39.999543,-105.000238
2026-06-21 10:43:19.759474,W004,40.000293,-105.000514
2026-06-21 10:53:19.759474,W005,40.000269,-105.000232
2026-06-21 11:03:19.759474,W006,40.000152,-104.999352
2026-06-21 11:27:59.913845,W001,40.000025,-104.999983
2026-06-21 11:37:59.913845,W002,40.000312,-104.999815
2026-06-21 11:47:59.913845,W003,40.000425,-104.999514
2026-06-21 11:57:59.913845,W004,40.000033,-104.999699
2026-06-21 12:07:59.913845,W005,40.000374,-105.000228
2026-06-21 12:17:59.913845,W006,40.000122,-104.999692
2026-06-21 07:00:00.000000,W002,40.000431,-104.999224
2026-06-21 07:10:00.000000,W003,40.000299,-104.9993
2026-06-21 07:20:00.000000,W004,40.000698,-104.99948
2026-06-21 07:30:00.000000,W005,40.000571,-104.999913
2026-06-21 07:40:00.000000,W006,40.000277,-104.999273
2026-06-21 08:07:05.674720,W003,40.000922,-104.999844
2026-06-21 08:17:05.674720,W004,40.000757,-104.999872
2026-06-21 08:27:05.674720,W005,40.000938,-104.999735
2026-06-21 08:37:05.674720,W006,40.000864,-104.999033
2026-06-21 08:47:05.674720,W001,40.001559,-104.99875
2026-06-21 08:57:05.674720,W002,40.000672,-104.998896
2026-06-21 09:20:28.369695,W004,40.00125,-104.999637
2026-06-21 09:30:28.369695,W005,40.001034,-104.999984
2026-06-21 09:40:28.369695,W006,40.001385,-104.999332
2026-06-21 09:50:28.369695,W001,40.001035,-104.999459
2026-06-21 10:00:28.369695,W002,40.000241,-104.999646
2026-06-21 10:10:28.369695,W003,40.001273,-104.998654
2026-06-21 10:20:28.369695,W004,40.001386,-104.99905
2026-06-21 10:36:15.402588,W005,40.001397,-104.999006
2026-06-21 10:46:15.402588,W006,40.000933,-104.999458
2026-06-21 10:56:15.402588,W001,40.001246,-104.999662
2026-06-21 11:06:15.402588,W002,40.000888,-104.999377
2026-06-21 11:16:15.402588,W003,40.000699,-104.998839
2026-06-21 11:26:15.402588,W004,40.000995,-104.999111
2026-06-21 11:36:15.402588,W005,40.001062,-105.000056
2026-06-21 11:46:15.402588,W006,40.001129,-104.999073
2026-06-21 07:00:00.000000,W006,39.999534,-104.998487
2026-06-21 07:10:00.000000,W001,39.999267,-104.999033
2026-06-21 07:20:00.000000,W002,39.999347,-104.999072
2026-06-21 07:30:00.000000,W003,39.998802,-104.998772
2026-06-21 07:40:00.000000,W004,39.999184,-104.999549
2026-06-21 08:00:25.218588,W001,39.99881,-104.999032
2026-06-21 08:10:25.218588,W002,39.999293,-104.998685
2026-06-21 08:20:25.218588,W003,39.999672,-104.998687
2026-06-21 08:30:25.218588,W004,39.999547,-104.998983
2026-06-21 08:40:25.218588,W005,39.999147,-104.998613
2026-06-21 08:50:25.218588,W006,39.998562,-104.998542
2026-06-21 09:13:20.079214,W002,39.999554,-104.998707
2026-06-21 09:23:20.079214,W003,39.999457,-104.998708
2026-06-21 09:33:20.079214,W004,39.999159,-104.999105
2026-06-21 09:43:20.079214,W005,39.999559,-104.998913
2026-06-21 09:53:20.079214,W006,39.999692,-104.998738
2026-06-21 10:03:20.079214,W001,39.998888,-104.999191
2026-06-21 10:33:15.573811,W003,39.999164,-104.999384
2026-06-21 10:43:15.573811,W004,39.99923,-104.998354
2026-06-21 10:53:15.573811,W005,39.998975,-104.99829
2026-06-21 11:23:58.684092,W004,39.999139,-104.998562
2026-06-21 11:33:58.684092,W005,39.998822,-104.999201
2026-06-21 11:43:58.684092,W006,40.000287,-104.998794
2026-06-21 11:53:58.684092,W001,39.999391,-104.999
2026-06-21 12:03:58.684092,W002,39.998982,-104.998532
2026-06-21 12:13:58.684092,W003,39.999021,-104.998723
2026-06-21 12:23:58.684092,W004,39.999403,-104.998978
2026-06-21 12:33:58.684092,W005,39.998905,-104.998378
2026-06-21 12:53:22.750776,W005,39.999291,-104.998586
2026-06-21 13:03:22.750776,W006,39.998898,-104.998472
2026-06-21 13:13:22.750776,W001,39.998682,-104.998215
2026-06-21 13:23:22.750776,W002,39.998964,-104.999186
2026-06-21 13:33:22.750776,W003,39.999355,-104.998575
2026-06-21 13:43:22.750776,W004,40.000127,-104.999467
2026-06-21 13:53:22.750776,W005,39.998356,-104.999802
2026-06-21 14:20:53.267212,W006,39.998956,-104.998348
2026-06-21 14:30:53.267212,W001,39.998715,-104.998534
2026-06-21 14:40:53.267212,W002,39.999759,-104.998175
2026-06-21 14:50:53.267212,W003,39.998931,-104.999291
2026-06-21 15:00:53.267212,W004,39.999476,-104.998458
2026-06-21 15:10:53.267212,W005,39.999293,-104.998606
2026-06-21 15:33:05.041261,W001,39.999432,-104.998945
2026-06-21 15:43:05.041261,W002,39.999601,-104.998642
2026-06-21 15:53:05.041261,W003,39.998801,-104.998663
2026-06-21 16:03:05.041261,W004,39.99937,-104.998634
2026-06-21 16:13:05.041261,W005,39.99876,-104.998398
2026-06-21 16:23:05.041261,W006,39.998229,-104.998938
2026-06-21 07:00:00.000000,W002,40.000428,-105.001317
2026-06-21 07:10:00.000000,W003,40.000327,-105.000978
2026-06-21 07:20:00.000000,W004,40.000935,-105.000882
2026-06-21 07:30:00.000000,W005,40.00094,-105.001243
2026-06-21 07:40:00.000000,W006,40.001031,-105.000231
2026-06-21 07:50:00.000000,W001,40.000062,-105.000644
2026-06-21 08:00:00.000000,W002,39.99989,-105.000932
2026-06-21 08:27:33.331054,W003,40.000121,-105.000621
2026-06-21 08:37:33.331054,W004,40.000188,-105.000794
2026-06-21 08:47:33.331054,W005,40.00055,-105.000933
2026-06-21 08:57:33.331054,W006,40.000431,-105.001167
2026-06-21 09:07:33.331054,W001,39.999545,-105.001419
2026-06-21 09:34:43.209938,W004,40.000601,-105.001192
2026-06-21 09:44:43.209938,W005,40.000204,-105.001287
2026-06-21 09:54:43.209938,W006,40.000233,-105.000983
2026-06-21 10:04:43.209938,W001,40.001056,-105.000415
2026-06-21 10:14:43.209938,W002,40.000533,-105.001073
2026-06-21 10:36:11.283699,W005,40.000343,-105.00112
2026-06-21 10:46:11.283699,W006,40.000424,-105.000488
2026-06-21 10:56:11.283699,W001,40.000418,-104.999785
2026-06-21 11:22:49.381057,W006,40.00068,-105.000757
2026-06-21 11:32:49.381057,W001,40.00031,-105.001799
2026-06-21 11:42:49.381057,W002,40.000579,-105.000869
2026-06-21 11:52:49.381057,W003,40.001082,-105.001262
2026-06-21 12:02:49.381057,W004,40.000495,-105.000695
2026-06-21 12:12:49.381057,W005,40.000413,-105.000853
2026-06-21 12:36:54.328494,W001,40.000057,-105.001156
2026-06-21 12:46:54.328494,W002,40.000828,-105.001268
2026-06-21 12:56:54.328494,W003,40.000559,-105.000374
2026-06-21 13:06:54.328494,W004,40.00066,-105.001701
2026-06-21 13:16:54.328494,W005,40.000607,-105.002153
2026-06-21 13:26:54.328494,W006,40.000702,-105.000947
2026-06-21 13:36:54.328494,W001,39.999974,-105.001334
2026-06-21 13:46:54.328494,W002,40.0008,-105.00107
2026-06-21 14:07:42.228071,W002,40.000697,-105.001078
2026-06-21 14:17:42.228071,W003,40.000517,-105.000227
2026-06-21 14:27:42.228071,W004,40.000359,-105.001563
2026-06-21 14:48:31.979617,W003,40.000897,-105.000674
2026-06-21 14:58:31.979617,W004,40.001291,-105.00102
2026-06-21 15:08:31.979617,W005,40.000226,-104.99985
2026-06-21 15:18:31.979617,W006,40.000878,-105.001499
2026-06-21 15:28:31.979617,W001,40.000976,-105.00137
2026-06-21 15:38:31.979617,W002,40.000068,-105.00169
2026-06-21 07:00:00.000000,W004,40.000046,-105.000407
2026-06-21 07:10:00.000000,W005,39.999613,-105.000472
2026-06-21 07:20:00.000000,W006,39.999586,-105.00008
2026-06-21 07:30:00.000000,W001,39.999675,-104.999773
2026-06-21 07:50:33.431967,W005,39.999658,-105.000211
2026-06-21 08:00:33.431967,W006,40.000272,-105.000348
2026-06-21 08:10:33.431967,W001,39.999831,-105.000503
2026-06-21 08:20:33.431967,W002,39.999964,-105.000143
2026-06-21 08:30:33.431967,W003,40.000075,-104.999451
2026-06-21 08:51:07.335000,W006,40.000569,-105.000431
2026-06-21 09:01:07.335000,W001,40.000074,-105.000422
2026-06-21 09:11:07.335000,W002,39.999931,-104.999936
2026-06-21 09:21:07.335000,W003,39.999574,-105.000611
2026-06-21 09:31:07.335000,W004,40.000716,-105.000241
2026-06-21 09:41:07.335000,W005,40.000411,-104.999441
2026-06-21 09:51:07.335000,W006,39.999101,-104.999668
2026-06-21 10:17:02.352700,W001,40.000073,-105.000321
2026-06-21 10:27:02.352700,W002,40.000231,-105.000115
2026-06-21 10:37:02.352700,W003,39.999763,-105.000772
2026-06-21 11:06:30.047693,W002,39.999978,-105.000221
2026-06-21 11:16:30.047693,W003,39.999304,-104.999971
2026-06-21 11:26:30.047693,W004,39.998816,-104.99982
2026-06-21 11:36:30.047693,W005,39.999634,-105.000099
2026-06-21 12:03:28.459328,W003,39.999811,-104.999471
2026-06-21 12:13:28.459328,W004,39.999733,-105.000179
2026-06-21 12:23:28.459328,W005,39.999814,-104.99996
2026-06-21 12:33:28.459328,W006,39.999731,-105.000473
2026-06-21 12:43:28.459328,W001,39.999562,-104.999533
2026-06-21 12:53:28.459328,W002,39.999911,-105.000221
2026-06-21 13:03:28.459328,W003,40.000178,-105.000054
2026-06-21 13:31:19.572910,W004,39.999513,-104.999593
2026-06-21 13:41:19.572910,W005,40.00003,-104.999762
2026-06-21 13:51:19.572910,W006,40.000109,-105.000783
2026-06-21 14:01:19.572910,W001,39.999871,-104.999114
2026-06-21 14:11:19.572910,W002,40.000082,-105.000068
2026-06-21 14:21:19.572910,W003,40.000169,-105.000474
2026-06-21 14:31:19.572910,W004,39.999792,-104.999907
2026-06-21 14:54:20.717994,W005,40.000062,-104.999498
2026-06-21 15:04:20.717994,W006,40.000149,-105.000815
2026-06-21 15:14:20.717994,W001,39.999846,-104.999587
2026-06-21 15:24:20.717994,W002,39.999927,-104.998757
2026-06-21 15:34:20.717994,W003,40.000549,-104.998954
2026-06-21 07:00:00.000000,W006,40.000451,-104.999306
2026-06-21 07:10:00.000000,W001,40.001058,-104.999384
2026-06-21 07:36:42.069037,W001,40.00096,-104.999144
2026-06-21 07:46:42.069037,W002,40.001554,-104.99917
2026-06-21 07:56:42.069037,W003,40.001506,-105.000145
2026-06-21 08:06:42.069037,W004,40.000054,-104.999364
2026-06-21 08:16:42.069037,W005,40.000716,-104.999344
2026-06-21 08:26:42.069037,W006,40.000951,-104.999218
2026-06-21 08:53:02.113829,W002,40.001638,-104.99987
2026-06-21 09:03:02.113829,W003,40.000578,-105.000004
2026-06-21 09:13:02.113829,W004,40.000863,-104.999013
2026-06-21 09:23:02.113829,W005,40.001,-104.999549
2026-06-21 09:33:02.113829,W006,40.001367,-104.999152
2026-06-21 09:43:02.113829,W001,40.000904,-104.999822
2026-06-21 09:53:02.113829,W002,40.000977,-104.999844
2026-06-21 10:03:02.113829,W003,40.000753,-104.999249
2026-06-21 10:29:14.447795,W003,40.00067,-104.999914
2026-06-21 10:39:14.447795,W004,40.001741,-105.000237
2026-06-21 10:49:14.447795,W005,40.000948,-104.99955
2026-06-21 10:59:14.447795,W006,40.00119,-104.999652
2026-06-21 11:26:44.978907,W004,40.000776,-104.999002
2026-06-21 11:36:44.978907,W005,40.000088,-104.999963
2026-06-21 11:46:44.978907,W006,40.000744,-104.999583
2026-06-21 11:56:44.978907,W001,40.001028,-104.999412
2026-06-21 12:06:44.978907,W002,40.00109,-104.999367
2026-06-21 12:24:58.001752,W005,40.00067,-104.999726
2026-06-21 12:34:58.001752,W006,40.001885,-104.999663
2026-06-21 12:44:58.001752,W001,40.001202,-104.998626
2026-06-21 12:54:58.001752,W002,40.000411,-104.99938
2026-06-21 13:04:58.001752,W003,40.001249,-104.999666
2026-06-21 07:00:00.000000,W006,39.999551,-104.999903
2026-06-21 07:10:00.000000,W001,39.999087,-104.998642
2026-06-21 07:20:00.000000,W002,39.999431,-104.999153
2026-06-21 07:30:00.000000,W003,39.999109,-104.999153
2026-06-21 07:40:00.000000,W004,39.99841,-104.999476
2026-06-21 07:50:00.000000,W005,39.999031,-104.998723
2026-06-21 08:00:00.000000,W006,39.998654,-104.9986
2026-06-21 08:30:12.781693,W001,39.999209,-104.998646
2026-06-21 08:40:12.781693,W002,39.998797,-104.998599
2026-06-21 09:12:05.637394,W002,39.999018,-104.998884
2026-06-21 09:22:05.637394,W003,39.999276,-104.999202
2026-06-21 09:32:05.637394,W004,39.998971,-104.998382
2026-06-21 09:42:05.637394,W005,39.999575,-104.998903
2026-06-21 09:52:05.637394,W006,40.000027,-104.999605
2026-06-21 10:02:05.637394,W001,39.999345,-104.999253
2026-06-21 10:12:05.637394,W002,39.999452,-104.999147
2026-06-21 10:40:18.999233,W003,39.999394,-104.998503
2026-06-21 10:50:18.999233,W004,40.000032,-104.998987
2026-06-21 11:00:18.999233,W005,39.999503,-104.998799
2026-06-21 11:10:18.999233,W006,39.999046,-104.998361
2026-06-21 11:20:18.999233,W001,39.999394,-104.99911
2026-06-21 11:49:55.292008,W004,39.999366,-104.998966
2026-06-21 11:59:55.292008,W005,39.999319,-104.998924
2026-06-21 12:09:55.292008,W006,39.99825,-104.99884
2026-06-21 07:00:00.000000,W005,40.0009,-105.000508
2026-06-21 07:10:00.000000,W006,40.000682,-105.001153
2026-06-21 07:20:00.000000,W001,39.999996,-105.000569
2026-06-21 07:30:00.000000,W002,39.999796,-105.001029
2026-06-21 07:40:00.000000,W003,40.000627,-105.000888
2026-06-21 07:50:00.000000,W004,40.001496,-105.001262
2026-06-21 08:08:01.703175,W006,40.000165,-105.001395
2026-06-21 08:18:01.703175,W001,40.000664,-105.000615
2026-06-21 08:28:01.703175,W002,39.99989,-105.001289
2026-06-21 08:54:31.120817,W001,39.999667,-105.000797
2026-06-21 09:04:31.120817,W002,40.001045,-105.002013
2026-06-21 09:14:31.120817,W003,40.000882,-105.000792
2026-06-21 09:24:31.120817,W004,40.000002,-105.000768
2026-06-21 09:34:31.120817,W005,40.000427,-105.001038
2026-06-21 09:44:31.120817,W006,40.000176,-105.001636
2026-06-21 09:54:31.120817,W001,40.000473,-105.000278
2026-06-21 10:04:31.120817,W002,40.000248,-104.999945
2026-06-21 10:32:17.122298,W002,39.999729,-105.001187
2026-06-21 10:42:17.122298,W003,40.000594,-105.000685
2026-06-21 10:52:17.122298,W004,40.000117,-105.000473
2026-06-21 11:02:17.122298,W005,40.000769,-105.001285
2026-06-21 11:12:17.122298,W006,40.000869,-105.001211
2026-06-21 11:22:17.122298,W001,40.000751,-105.0005
2026-06-21 11:32:17.122298,W002,39.999909,-105.0013
2026-06-21 12:02:31.206705,W003,40.0008,-105.00072
2026-06-21 12:12:31.206705,W004,40.001035,-105.001398
2026-06-21 12:22:31.206705,W005,40.000504,-105.001447
2026-06-21 12:32:31.206705,W006,40.000664,-105.001305
2026-06-21 12:42:31.206705,W001,40.000252,-105.001168
2026-06-21 12:52:31.206705,W002,40.000913,-105.000697
2026-06-22 07:00:00.000000,W004,39.999599,-104.999918
2026-06-22 07:10:00.000000,W005,40.00006,-105.000471
2026-06-22 07:20:00.000000,W006,39.999703,-105.000329
2026-06-22 07:30:00.000000,W001,39.999929,-104.999996
2026-06-22 07:40:00.000000,W002,40.000428,-104.999614
2026-06-22 07:50:00.000000,W003,40.000055,-105.000181
2026-06-22 08:00:00.000000,W004,40.000084,-104.999911
2026-06-22 08:10:00.000000,W005,39.999673,-105.000013
2026-06-22 08:39:38.798687,W005,39.999502,-104.999236
2026-06-22 08:49:38.798687,W006,39.999931,-104.999892
2026-06-22 08:59:38.798687,W001,40.000245,-105.000011
2026-06-22 09:09:38.798687,W002,40.000611,-105.000593
2026-06-22 09:33:51.703582,W006,39.99992,-105.000361
2026-06-22 09:43:51.703582,W001,39.999728,-104.999796
2026-06-22 09:53:51.703582,W002,39.99974,-104.999409
2026-06-22 10:03:51.703582,W003,40.001094,-104.999767
2026-06-22 10:13:51.703582,W004,40.000185,-105.000345
2026-06-22 10:23:51.703582,W005,40.00055,-105.0008
2026-06-22 10:33:51.703582,W006,39.999559,-105.000197
2026-06-22 10:52:17.314567,W001,39.999584,-105.000136
2026-06-22 11:02:17.314567,W002,40.000105,-105.000314
2026-06-22 11:12:17.314567,W003,39.999897,-104.999622
2026-06-22 11:22:17.314567,W004,40.000112,-105.000752
2026-06-22 11:48:34.865006,W002,40.000232,-105.000222
2026-06-22 11:58:34.865006,W003,40.000194,-105.000414
2026-06-22 12:08:34.865006,W004,40.000139,-105.000131
2026-06-22 12:18:34.865006,W005,39.999682,-105.000667
2026-06-22 12:28:34.865006,W006,39.999825,-105.000246
2026-06-22 12:56:43.220959,W003,39.99977,-105.000764
2026-06-22 13:06:43.220959,W004,39.999285,-105.000513
2026-06-22 13:16:43.220959,W005,40.000178,-104.999639
2026-06-22 13:26:43.220959,W006,39.999486,-105.000248
2026-06-22 13:36:43.220959,W001,40.000541,-104.999917
2026-06-22 13:46:43.220959,W002,39.999644,-104.999833
2026-06-22 14:11:58.098803,W004,39.999931,-104.999942
2026-06-22 14:21:58.098803,W005,39.999536,-104.999521
2026-06-22 14:49:03.310202,W005,40.000582,-105.000185
2026-06-22 14:59:03.310202,W006,39.999403,-104.999688
2026-06-22 15:09:03.310202,W001,40.000347,-105.000123
2026-06-22 15:19:03.310202,W002,40.000333,-104.999704
2026-06-22 07:00:00.000000,W006,40.001293,-104.999542
2026-06-22 07:10:00.000000,W001,40.001041,-104.999798
2026-06-22 07:20:00.000000,W002,40.000772,-104.99963
2026-06-22 07:30:00.000000,W003,40.001545,-104.999254
2026-06-22 07:40:00.000000,W004,39.999973,-104.99949
2026-06-22 07:58:42.664069,W001,40.000984,-104.999496
2026-06-22 08:08:42.664069,W002,40.000768,-104.998717
2026-06-22 08:18:42.664069,W003,40.000747,-104.99989
2026-06-22 08:28:42.664069,W004,40.001449,-105.000265
2026-06-22 08:38:42.664069,W005,40.000806,-104.999458
2026-06-22 08:48:42.664069,W006,40.000838,-104.998902
2026-06-22 08:58:42.664069,W001,40.001151,-104.998995
2026-06-22 09:08:42.664069,W002,39.999925,-104.999554
2026-06-22 09:18:42.664069,W003,40.000697,-104.999568
2026-06-22 09:28:42.664069,W004,40.000691,-104.999802
2026-06-22 09:58:39.315415,W002,40.00042,-104.999887
2026-06-22 10:08:39.315415,W003,40.001245,-104.999592
2026-06-22 10:18:39.315415,W004,40.000983,-104.999726
2026-06-22 10:28:39.315415,W005,40.001396,-104.999643
2026-06-22 10:52:30.930016,W003,40.001278,-104.999222
2026-06-22 11:02:30.930016,W004,40.001329,-104.999157
2026-06-22 11:12:30.930016,W005,40.001158,-104.999347
2026-06-22 11:22:30.930016,W006,40.001091,-104.999335
2026-06-22 11:32:30.930016,W001,40.001464,-104.999657
2026-06-22 11:42:30.930016,W002,40.001479,-104.999889
2026-06-22 11:52:30.930016,W003,40.00114,-104.999749
2026-06-22 12:02:30.930016,W004,40.000839,-104.999288
2026-06-22 12:12:30.930016,W005,40.001298,-104.99989
2026-06-22 12:22:30.930016,W006,40.000803,-104.999843
2026-06-22 12:32:30.930016,W001,40.000831,-104.998901
2026-06-22 12:42:30.930016,W002,40.001299,-105.000135
2026-06-22 13:05:44.820765,W004,40.000756,-104.999758
2026-06-22 13:15:44.820765,W005,40.0005,-104.998725
2026-06-22 13:25:44.820765,W006,40.00104,-105.000235
2026-06-22 13:35:44.820765,W001,40.001395,-104.999351
2026-06-22 13:45:44.820765,W002,40.001189,-105.000181
2026-06-22 13:55:44.820765,W003,40.001164,-104.999196
2026-06-22 14:05:44.820765,W004,40.001262,-104.998993
2026-06-22 14:32:46.550531,W005,40.002049,-104.999292
2026-06-22 14:42:46.550531,W006,40.001726,-105.000034
2026-06-22 14:52:46.550531,W001,40.000947,-104.999715
2026-06-22 15:02:46.550531,W002,40.000367,-104.99937
2026-06-22 15:12:46.550531,W003,40.001205,-105.000175
2026-06-22 15:22:46.550531,W004,40.000606,-104.999459
2026-06-22 15:32:46.550531,W005,40.001301,-104.99987
2026-06-22 15:42:46.550531,W006,40.001214,-104.999675
2026-06-22 16:09:17.032418,W006,40.000911,-104.99995
2026-06-22 16:19:17.032418,W001,40.000319,-104.999089
2026-06-22 16:29:17.032418,W002,40.001635,-104.99898
2026-06-22 16:39:17.032418,W003,40.00073,-104.999994
2026-06-22 16:49:17.032418,W004,40.000765,-104.999281
2026-06-22 16:59:17.032418,W005,40.000484,-104.999955
2026-06-22 17:09:17.032418,W006,40.000574,-104.999714
2026-06-22 17:19:17.032418,W001,40.001366,-105.000202
2026-06-22 17:29:17.032418,W002,40.000517,-104.999911
2026-06-22 17:39:17.032418,W003,40.001597,-104.999279
2026-06-22 17:49:17.032418,W004,40.000777,-104.999473
2026-06-22 07:00:00.000000,W001,39.998652,-104.998972
2026-06-22 07:10:00.000000,W002,39.998624,-104.998447
2026-06-22 07:20:00.000000,W003,39.999612,-104.998868
2026-06-22 07:52:10.256113,W002,39.998796,-104.998775
2026-06-22 08:02:10.256113,W003,39.998586,-104.998604
2026-06-22 08:12:10.256113,W004,39.998966,-104.998566
2026-06-22 08:22:10.256113,W005,39.998798,-104.999117
2026-06-22 08:32:10.256113,W006,39.99874,-104.999331
2026-06-22 08:42:10.256113,W001,39.999385,-104.998507
2026-06-22 09:12:42.944026,W003,39.999236,-104.99902
2026-06-22 09:22:42.944026,W004,39.998662,-104.999753
2026-06-22 09:32:42.944026,W005,39.999208,-104.998836
2026-06-22 10:06:04.465646,W004,39.999447,-104.998975
2026-06-22 10:16:04.465646,W005,39.999659,-104.999698
2026-06-22 10:26:04.465646,W006,39.998197,-104.99834
2026-06-22 10:36:04.465646,W001,39.999476,-104.998803
2026-06-22 10:59:25.803249,W005,39.998703,-104.999192
2026-06-22 11:09:25.803249,W006,39.999257,-104.998913
2026-06-22 11:19:25.803249,W001,39.998553,-104.998677
2026-06-22 11:29:25.803249,W002,39.99908,-104.998958
2026-06-22 11:39:25.803249,W003,40.000033,-104.998471
2026-06-22 11:49:25.803249,W004,39.998774,-104.998901
2026-06-22 12:09:25.413367,W006,39.999141,-104.998786
2026-06-22 12:19:25.413367,W001,39.999609,-104.99842
2026-06-22 12:29:25.413367,W002,39.999445,-104.999463
2026-06-22 12:39:25.413367,W003,39.999197,-104.998776
2026-06-22 12:49:25.413367,W004,39.998837,-104.99921
2026-06-22 12:59:25.413367,W005,39.999132,-104.998655
2026-06-22 13:26:38.004949,W001,39.998817,-104.998422
2026-06-22 13:36:38.004949,W002,39.9991,-104.999133
2026-06-22 13:46:38.004949,W003,39.999277,-104.998822
2026-06-22 13:56:38.004949,W004,39.998665,-104.998979
2026-06-22 14:06:38.004949,W005,39.999557,-104.997518
2026-06-22 14:16:38.004949,W006,39.99956,-104.99871
2026-06-22 14:26:38.004949,W001,39.998788,-104.998321
2026-06-22 14:48:06.705205,W002,39.999212,-104.998734
2026-06-22 14:58:06.705205,W003,39.998859,-104.998506
2026-06-22 15:08:06.705205,W004,39.999527,-104.999218
2026-06-22 15:18:06.705205,W005,39.998786,-104.999236
2026-06-22 15:28:06.705205,W006,39.998894,-104.999443
2026-06-22 15:38:06.705205,W001,39.999683,-104.999003
2026-06-22 07:00:00.000000,W003,40.00031,-105.001204
2026-06-22 07:10:00.000000,W004,40.000473,-105.000724
2026-06-22 07:20:00.000000,W005,40.000321,-105.000617
2026-06-22 07:30:00.000000,W006,40.000924,-105.001737
2026-06-22 07:40:00.000000,W001,40.000849,-105.000457
2026-06-22 08:00:51.155127,W004,39.999809,-105.001525
2026-06-22 08:10:51.155127,W005,40.000361,-105.000862
2026-06-22 08:20:51.155127,W006,40.000155,-105.001194
2026-06-22 08:30:51.155127,W001,40.000487,-105.000347
2026-06-22 08:56:18.965575,W005,39.99994,-105.001086
2026-06-22 09:06:18.965575,W006,40.000603,-105.000898
2026-06-22 09:16:18.965575,W001,40.000636,-105.00024
2026-06-22 09:26:18.965575,W002,40.000171,-105.001204
2026-06-22 09:36:18.965575,W003,40.000232,-105.001391
2026-06-22 09:46:18.965575,W004,40.000309,-105.001344
2026-06-22 10:09:01.474180,W006,40.001171,-105.000182
2026-06-22 10:19:01.474180,W001,40.000598,-105.001241
2026-06-22 10:29:01.474180,W002,40.00096,-105.001547
2026-06-22 10:39:01.474180,W003,40.000669,-105.00077
2026-06-22 07:00:00.000000,W001,39.999878,-104.999968
2026-06-22 07:10:00.000000,W002,39.999773,-105.000251
2026-06-22 07:20:00.000000,W003,40.000411,-105.000217
2026-06-22 07:30:00.000000,W004,40.000387,-104.999288
2026-06-22 07:40:00.000000,W005,39.999572,-105.000454
2026-06-22 07:59:29.224526,W002,40.000055,-104.999656
2026-06-22 08:09:29.224526,W003,39.999855,-105.000166
2026-06-22 08:19:29.224526,W004,39.999778,-105.000148
2026-06-22 08:51:29.400124,W003,40.000094,-104.999154
2026-06-22 09:01:29.400124,W004,40.000303,-105.000354
2026-06-22 09:11:29.400124,W005,39.999618,-104.999971
2026-06-22 09:21:29.400124,W006,40.000312,-105.001121
2026-06-22 09:31:29.400124,W001,40.00017,-104.999531
2026-06-22 09:54:13.631529,W004,39.999499,-105.000309
2026-06-22 10:04:13.631529,W005,40.000362,-105.000574
2026-06-22 10:14:13.631529,W006,39.999995,-104.999886
2026-06-22 10:24:13.631529,W001,39.999688,-104.999891
2026-06-22 10:45:39.191581,W005,39.999942,-105.000165
2026-06-22 10:55:39.191581,W006,40.000326,-104.999463
2026-06-22 11:05:39.191581,W001,40.000446,-105.000515
2026-06-22 11:15:39.191581,W002,40.000033,-104.999762
2026-06-22 11:25:39.191581,W003,40.000116,-104.999752
2026-06-22 11:35:39.191581,W004,39.999436,-104.999756
2026-06-22 11:45:39.191581,W005,40.000432,-104.999703
2026-06-22 11:55:39.191581,W006,39.998978,-105.000152
2026-06-22 07:00:00.000000,W006,40.001493,-104.999101
2026-06-22 07:10:00.000000,W001,40.001145,-104.9998
2026-06-22 07:20:00.000000,W002,40.001568,-104.999908
2026-06-22 07:30:00.000000,W003,40.001643,-104.999238
2026-06-22 07:40:00.000000,W004,40.001008,-104.999563
2026-06-22 07:50:00.000000,W005,40.001464,-104.99927
2026-06-22 08:09:38.725446,W001,40.001159,-104.999772
2026-06-22 08:19:38.725446,W002,40.001064,-104.999003
2026-06-22 08:29:38.725446,W003,40.001334,-105.000135
2026-06-22 08:39:38.725446,W004,40.000991,-104.999608
2026-06-22 08:49:38.725446,W005,40.000752,-104.999295
2026-06-22 08:59:38.725446,W006,40.00112,-104.999332
2026-06-22 09:23:04.012843,W002,40.001385,-104.999918
2026-06-22 09:33:04.012843,W003,40.000516,-104.999533
2026-06-22 09:43:04.012843,W004,40.000576,-104.999893
2026-06-22 09:53:04.012843,W005,40.000409,-105.000185
2026-06-22 10:03:04.012843,W006,40.00108,-104.999538
2026-06-22 10:13:04.012843,W001,40.000881,-104.998826
2026-06-22 10:34:51.990538,W003,40.001304,-104.998734
2026-06-22 10:44:51.990538,W004,40.002221,-104.999808
2026-06-22 10:54:51.990538,W005,40.001107,-105.000249
2026-06-22 11:04:51.990538,W006,40.000774,-104.998962
2026-06-22 11:14:51.990538,W001,40.00038,-104.999103
2026-06-22 11:24:51.990538,W002,40.000965,-104.998929
2026-06-22 11:53:45.980337,W004,40.001429,-104.999119
2026-06-22 12:03:45.980337,W005,40.001186,-104.998882
2026-06-22 12:13:45.980337,W006,40.00143,-104.99941
2026-06-22 12:23:45.980337,W001,40.001047,-104.999595
2026-06-22 07:00:00.000000,W005,39.998742,-104.998798
2026-06-22 07:10:00.000000,W006,39.998786,-104.998708
2026-06-22 07:20:00.000000,W001,39.999067,-104.998386
2026-06-22 07:30:00.000000,W002,39.99936,-104.998826
2026-06-22 07:40:00.000000,W003,39.999414,-104.998322
2026-06-22 07:50:00.000000,W004,39.999219,-104.99881
2026-06-22 08:19:13.308628,W006,39.999291,-104.998726
2026-06-22 08:29:13.308628,W001,39.999804,-104.999494
2026-06-22 08:39:13.308628,W002,39.999506,-104.998893
2026-06-22 08:49:13.308628,W003,40.000284,-104.99885
2026-06-22 09:09:41.070174,W001,39.998932,-104.99981
2026-06-22 09:19:41.070174,W002,39.99931,-104.998144
2026-06-22 09:29:41.070174,W003,39.999192,-104.99877
2026-06-22 09:39:41.070174,W004,39.998851,-104.999175
2026-06-22 09:49:41.070174,W005,39.999086,-104.999135
2026-06-22 10:12:46.605547,W002,39.999977,-104.999797
2026-06-22 10:22:46.605547,W003,39.999151,-104.99871
2026-06-22 10:32:46.605547,W004,39.99954,-104.998588
2026-06-22 10:42:46.605547,W005,39.999085,-104.998708
2026-06-22 10:52:46.605547,W006,39.998726,-104.998508
2026-06-22 11:02:46.605547,W001,39.999624,-104.998433
2026-06-22 07:00:00.000000,W003,40.000493,-105.001163
2026-06-22 07:10:00.000000,W004,40.000324,-105.000841
2026-06-22 07:20:00.000000,W005,39.999624,-105.001842
2026-06-22 07:30:00.000000,W006,40.000221,-105.000696
2026-06-22 07:40:00.000000,W001,40.000378,-105.000561
2026-06-22 07:50:00.000000,W002,40.001873,-105.001287
2026-06-22 08:13:39.577653,W004,40.000757,-105.001321
2026-06-22 08:23:39.577653,W005,40.000049,-105.001475
2026-06-22 08:33:39.577653,W006,39.999563,-105.001358
2026-06-22 08:43:39.577653,W001,40.000463,-105.001114
2026-06-22 09:02:03.270611,W005,40.000063,-105.001074
2026-06-22 09:12:03.270611,W006,40.000144,-105.001202
2026-06-22 09:22:03.270611,W001,40.000257,-105.001036
2026-06-22 09:32:03.270611,W002,40.000423,-105.001232
2026-06-22 09:42:03.270611,W003,40.000627,-105.000934
2026-06-22 10:14:54.968169,W006,40.001072,-105.001441
2026-06-22 10:24:54.968169,W001,39.999705,-105.001596
2026-06-22 10:34:54.968169,W002,40.000362,-105.001126
2026-06-22 10:44:54.968169,W003,40.000225,-105.001297
2026-06-22 10:54:54.968169,W004,40.00038,-105.001451
2026-06-22 11:04:54.968169,W005,40.000524,-105.000514
2026-06-23 07:00:00.000000,W001,39.999932,-104.999891
2026-06-23 07:10:00.000000,W002,40.000141,-105.000271
2026-06-23 07:20:00.000000,W003,40.00004,-105.000197
2026-06-23 07:30:00.000000,W004,39.999963,-104.999177
2026-06-23 07:59:46.895214,W002,40.000179,-104.999398
2026-06-23 08:09:46.895214,W003,39.999026,-105.00066
2026-06-23 08:19:46.895214,W004,40.000196,-105.000379
2026-06-23 08:29:46.895214,W005,40.0001,-105.000103
2026-06-23 08:39:46.895214,W006,39.999882,-104.998965
2026-06-23 09:10:52.787976,W003,40.000946,-104.999591
2026-06-23 09:20:52.787976,W004,39.999878,-104.999754
2026-06-23 09:30:52.787976,W005,39.999751,-105.000437
2026-06-23 09:40:52.787976,W006,40.000486,-104.999899
2026-06-23 10:13:16.823037,W004,40.000382,-105.00008
2026-06-23 10:23:16.823037,W005,39.999707,-105.000168
2026-06-23 10:33:16.823037,W006,39.999459,-105.000627
2026-06-23 10:43:16.823037,W001,40.000299,-105.000082
2026-06-23 10:53:16.823037,W002,40.000221,-105.000277
2026-06-23 11:22:00.990918,W005,40.000897,-104.99958
2026-06-23 11:32:00.990918,W006,40.000158,-104.999572
2026-06-23 11:42:00.990918,W001,40.000463,-104.999826
2026-06-23 11:52:00.990918,W002,40.0001,-104.999928
2026-06-23 12:15:31.594239,W006,40.000693,-105.000259
2026-06-23 12:25:31.594239,W001,40.00026,-105.000063
2026-06-23 12:35:31.594239,W002,39.999594,-104.999815
2026-06-23 12:45:31.594239,W003,39.999756,-104.999106
2026-06-23 13:02:00.284453,W001,40.00013,-105.000416
2026-06-23 13:12:00.284453,W002,40.000249,-105.000202
2026-06-23 13:22:00.284453,W003,39.999578,-104.999736
2026-06-23 13:32:00.284453,W004,40.000596,-104.999833
2026-06-23 13:42:00.284453,W005,39.999163,-104.999604
2026-06-23 07:00:00.000000,W002,40.001724,-104.999702
2026-06-23 07:10:00.000000,W003,40.000071,-104.999541
2026-06-23 07:20:00.000000,W004,40.001074,-104.998982
2026-06-23 07:30:00.000000,W005,40.001045,-104.999648
2026-06-23 07:40:00.000000,W006,40.000874,-104.999222
2026-06-23 07:50:00.000000,W001,40.000898,-104.998861
2026-06-23 08:00:00.000000,W002,40.001738,-104.998785
2026-06-23 08:10:00.000000,W003,40.001035,-105.000054
2026-06-23 08:20:00.000000,W004,40.001047,-104.999417
2026-06-23 08:30:00.000000,W005,40.000602,-104.999824
2026-06-23 08:55:55.590752,W003,40.001195,-105.000336
2026-06-23 09:05:55.590752,W004,40.001014,-104.999704
2026-06-23 09:15:55.590752,W005,40.000254,-105.00011
2026-06-23 09:25:55.590752,W006,40.001237,-104.999232
2026-06-23 09:35:55.590752,W001,40.000465,-105.000108
2026-06-23 10:04:19.391319,W004,40.001442,-104.999782
2026-06-23 10:14:19.391319,W005,40.000851,-105.000465
2026-06-23 10:24:19.391319,W006,40.001273,-104.999475
2026-06-23 10:34:19.391319,W001,40.001881,-105.000373
2026-06-23 10:44:19.391319,W002,40.000418,-104.999111
2026-06-23 10:54:19.391319,W003,40.001507,-104.999472
2026-06-23 11:04:19.391319,W004,40.000818,-104.999539
2026-06-23 11:14:19.391319,W005,40.001356,-104.999605
2026-06-23 11:36:26.366052,W005,40.001063,-104.999895
2026-06-23 11:46:26.366052,W006,40.002188,-104.999262
2026-06-23 11:56:26.366052,W001,40.001013,-104.998929
2026-06-23 12:06:26.366052,W002,40.000902,-105.000196
2026-06-23 12:16:26.366052,W003,40.000863,-104.999259
2026-06-23 12:26:26.366052,W004,40.000777,-104.999289
2026-06-23 12:36:26.366052,W005,40.001388,-104.999773
2026-06-23 13:01:30.353454,W006,40.000994,-104.999487
2026-06-23 13:11:30.353454,W001,40.00108,-104.999474
2026-06-23 13:21:30.353454,W002,40.001244,-104.999364
2026-06-23 13:31:30.353454,W003,40.001681,-104.999642
2026-06-23 13:41:30.353454,W004,40.000276,-105.000298
2026-06-23 13:51:30.353454,W005,40.000944,-104.999836
2026-06-23 14:01:30.353454,W006,40.001045,-104.999773
2026-06-23 14:11:30.353454,W001,40.001278,-104.999777
2026-06-23 14:21:30.353454,W002,40.00099,-104.999512
2026-06-23 14:31:30.353454,W003,40.001005,-104.999498
2026-06-23 14:41:30.353454,W004,40.001119,-104.999768
2026-06-23 14:51:30.353454,W005,40.000583,-104.999298
2026-06-23 15:01:30.353454,W006,40.000752,-104.999388
2026-06-23 07:00:00.000000,W001,39.999223,-104.999698
2026-06-23 07:10:00.000000,W002,39.999271,-104.998852
2026-06-23 07:20:00.000000,W003,39.999247,-104.998588
2026-06-23 07:30:00.000000,W004,39.999894,-104.998547
2026-06-23 07:40:00.000000,W005,39.999258,-104.998791
2026-06-23 07:50:00.000000,W006,39.999178,-104.999271
2026-06-23 08:11:29.422196,W002,39.99962,-104.999052
2026-06-23 08:21:29.422196,W003,39.999774,-104.998926
2026-06-23 08:31:29.422196,W004,39.999361,-104.999109
2026-06-23 08:41:29.422196,W005,39.999765,-104.99894
2026-06-23 08:51:29.422196,W006,39.998946,-104.998502
2026-06-23 09:01:29.422196,W001,39.999956,-104.998989
2026-06-23 09:11:29.422196,W002,39.999567,-104.99879
2026-06-23 09:29:53.668301,W003,39.999693,-104.998395
2026-06-23 09:39:53.668301,W004,39.999534,-104.998595
2026-06-23 09:49:53.668301,W005,39.999423,-104.998422
2026-06-23 09:59:53.668301,W006,39.999187,-104.998786
2026-06-23 10:27:58.424989,W004,39.999354,-104.998318
2026-06-23 10:37:58.424989,W005,39.998876,-104.998224
2026-06-23 10:47:58.424989,W006,39.999664,-104.998487
2026-06-23 10:57:58.424989,W001,39.998665,-104.998108
2026-06-23 11:23:34.347401,W005,39.999009,-104.998899
2026-06-23 11:33:34.347401,W006,39.998929,-104.999265
2026-06-23 11:43:34.347401,W001,39.998897,-104.99858
2026-06-23 11:53:34.347401,W002,39.998543,-104.999102
2026-06-23 12:03:34.347401,W003,40.000097,-104.99885
2026-06-23 12:13:34.347401,W004,39.998847,-104.999856
2026-06-23 12:23:34.347401,W005,39.999096,-104.999434
2026-06-23 12:33:34.347401,W006,39.998861,-104.998666
2026-06-23 12:59:21.604269,W006,39.999355,-104.999544
2026-06-23 13:09:21.604269,W001,39.998483,-104.99863
2026-06-23 13:19:21.604269,W002,39.99911,-104.998683
2026-06-23 13:43:23.891554,W001,39.999611,-104.998867
2026-06-23 13:53:23.891554,W002,39.999488,-104.998439
2026-06-23 14:03:23.891554,W003,39.999485,-104.998573
2026-06-23 14:13:23.891554,W004,39.998729,-104.999564
2026-06-23 07:00:00.000000,W002,39.999925,-105.000743
2026-06-23 07:10:00.000000,W003,40.000114,-105.000613
2026-06-23 07:20:00.000000,W004,40.000313,-105.001524
2026-06-23 07:30:00.000000,W005,40.001392,-105.000777
2026-06-23 07:40:00.000000,W006,40.001239,-105.000875
2026-06-23 07:50:00.000000,W001,40.001047,-105.001076
2026-06-23 08:00:00.000000,W002,40.00024,-105.001207
2026-06-23 08:24:36.897825,W003,39.999816,-105.001367
2026-06-23 08:34:36.897825,W004,40.000699,-105.001033
2026-06-23 08:44:36.897825,W005,40.000376,-105.001013
2026-06-23 08:54:36.897825,W006,39.999863,-105.00116
2026-06-23 09:04:36.897825,W001,40.000355,-105.000603
2026-06-23 09:14:36.897825,W002,40.00041,-105.000776
2026-06-23 09:24:36.897825,W003,40.000027,-105.001141
2026-06-23 09:34:36.897825,W004,40.001398,-105.000909
2026-06-23 09:52:28.328358,W004,39.99963,-105.001309
2026-06-23 10:02:28.328358,W005,40.000656,-105.000496
2026-06-23 10:12:28.328358,W006,40.000499,-105.001021
2026-06-23 10:22:28.328358,W001,40.000086,-105.000855
2026-06-23 10:32:28.328358,W002,40.000332,-105.001349
2026-06-23 10:42:28.328358,W003,40.000463,-105.000911
2026-06-23 10:52:28.328358,W004,40.001305,-105.000889
2026-06-23 11:11:42.909252,W005,39.999777,-105.000878
2026-06-23 11:21:42.909252,W006,40.000508,-105.001179
2026-06-23 11:31:42.909252,W001,40.000163,-105.001221
2026-06-23 11:41:42.909252,W002,40.000528,-105.0009
2026-06-23 11:51:42.909252,W003,39.99978,-105.00159
2026-06-23 12:01:42.909252,W004,40.000556,-105.00094
2026-06-23 12:11:42.909252,W005,40.000082,-105.001398
2026-06-23 12:21:42.909252,W006,40.000135,-105.001775
2026-06-23 12:46:34.171687,W006,40.000909,-105.000517
2026-06-23 12:56:34.171687,W001,40.000501,-105.000622
2026-06-23 13:06:34.171687,W002,39.999725,-105.000946
2026-06-23 13:16:34.171687,W003,40.00016,-105.001295
2026-06-23 13:26:34.171687,W004,40.000869,-105.00127
2026-06-23 07:00:00.000000,W001,40.00012,-105.000108
2026-06-23 07:10:00.000000,W002,40.000231,-105.000094
2026-06-23 07:20:00.000000,W003,40.00049,-105.00025
2026-06-23 07:30:00.000000,W004,40.000372,-105.000043
2026-06-23 07:49:11.066358,W002,39.999683,-105.000271
2026-06-23 07:59:11.066358,W003,39.999237,-105.000108
2026-06-23 08:09:11.066358,W004,40.00082,-104.999494
2026-06-23 08:19:11.066358,W005,39.999931,-105.000333
2026-06-23 08:49:19.865841,W003,39.999344,-105.00005
2026-06-23 08:59:19.865841,W004,40.000335,-105.000244
2026-06-23 09:09:19.865841,W005,40.000176,-104.999702
2026-06-23 09:19:19.865841,W006,40.000033,-104.999926
2026-06-23 09:29:19.865841,W001,39.999936,-104.999598
2026-06-23 09:39:19.865841,W002,40.000163,-105.000207
2026-06-23 10:05:39.580721,W004,39.999913,-105.000112
2026-06-23 10:15:39.580721,W005,39.999964,-105.000219
2026-06-23 10:25:39.580721,W006,39.999739,-104.999976
2026-06-23 10:35:39.580721,W001,40.000357,-104.999655
2026-06-23 10:45:39.580721,W002,40.000213,-104.999825
2026-06-23 11:13:44.233651,W005,39.999854,-104.999837
2026-06-23 11:23:44.233651,W006,39.999882,-104.999749
2026-06-23 11:33:44.233651,W001,39.999613,-105.000824
2026-06-23 11:43:44.233651,W002,40.000456,-105.000042
2026-06-23 11:53:44.233651,W003,40.000041,-105.00002
2026-06-23 07:00:00.000000,W006,40.001253,-104.999679
2026-06-23 07:10:00.000000,W001,40.000386,-105.000073
2026-06-23 07:20:00.000000,W002,40.000551,-104.999112
2026-06-23 07:30:00.000000,W003,39.99995,-104.999845
2026-06-23 07:40:00.000000,W004,40.000945,-104.999627
2026-06-23 07:50:00.000000,W005,40.001445,-104.999667
2026-06-23 08:00:00.000000,W006,40.000962,-104.99981
2026-06-23 08:10:00.000000,W001,40.001117,-104.999222
2026-06-23 08:20:00.000000,W002,40.000981,-104.999535
2026-06-23 08:30:00.000000,W003,40.000825,-104.99972
2026-06-23 09:01:48.958963,W001,40.000831,-104.999014
2026-06-23 09:11:48.958963,W002,40.001539,-105.000038
2026-06-23 09:21:48.958963,W003,40.001255,-104.999457
2026-06-23 09:31:48.958963,W004,40.001529,-104.999938
2026-06-23 09:58:11.804444,W002,40.001388,-104.999337
2026-06-23 10:08:11.804444,W003,40.000553,-105.000173
2026-06-23 10:38:19.785929,W003,40.00091,-104.999632
2026-06-23 10:48:19.785929,W004,40.001437,-104.999188
2026-06-23 10:58:19.785929,W005,40.000675,-104.998839
2026-06-23 11:08:19.785929,W006,40.000378,-104.99944
2026-06-23 11:18:19.785929,W001,40.000319,-105.000113
2026-06-23 11:45:35.660998,W004,40.00031,-104.999228
2026-06-23 11:55:35.660998,W005,40.001406,-104.999478
2026-06-23 12:05:35.660998,W006,40.000794,-104.999637
2026-06-23 12:15:35.660998,W001,40.002043,-105.000082
2026-06-23 12:25:35.660998,W002,40.000401,-104.999052
2026-06-23 12:35:35.660998,W003,40.001379,-104.999267
2026-06-23 13:04:12.984309,W005,40.000842,-104.999655
2026-06-23 13:14:12.984309,W006,40.001044,-104.999366
2026-06-23 13:24:12.984309,W001,40.001221,-104.999295
2026-06-23 13:34:12.984309,W002,40.001167,-104.999475
2026-06-23 13:44:12.984309,W003,40.001507,-104.999278
2026-06-23 07:00:00.000000,W006,39.998546,-104.999281
2026-06-23 07:10:00.000000,W001,39.998732,-104.99909
2026-06-23 07:20:00.000000,W002,39.99993,-104.997993
2026-06-23 07:30:00.000000,W003,40.000093,-104.998905
2026-06-23 07:40:00.000000,W004,39.998917,-104.998735
2026-06-23 07:50:00.000000,W005,39.999698,-104.998516
2026-06-23 08:00:00.000000,W006,40.000317,-104.998272
2026-06-23 08:22:36.432650,W001,39.999477,-104.998361
2026-06-23 08:32:36.432650,W002,39.99926,-104.998822
2026-06-23 08:42:36.432650,W003,39.999527,-104.998391
2026-06-23 08:52:36.432650,W004,39.998978,-104.998356
2026-06-23 09:02:36.432650,W005,39.999542,-104.998794
2026-06-23 09:12:36.432650,W006,39.998228,-104.998661
2026-06-23 09:22:36.432650,W001,39.998311,-104.998336
2026-06-23 09:32:36.432650,W002,39.998742,-104.998726
2026-06-23 09:58:58.370781,W002,39.999371,-104.998606
2026-06-23 10:08:58.370781,W003,39.999727,-104.998092
2026-06-23 10:18:58.370781,W004,39.999175,-104.998312
2026-06-23 10:28:58.370781,W005,39.999451,-104.998575
2026-06-23 10:50:12.063326,W003,39.999295,-104.999513
2026-06-23 11:00:12.063326,W004,39.998729,-104.998774
2026-06-23 11:10:12.063326,W005,39.998767,-104.999093
2026-06-23 11:44:05.504921,W004,39.998673,-104.998758
2026-06-23 11:54:05.504921,W005,39.999591,-104.999251
2026-06-23 12:04:05.504921,W006,39.99902,-104.998515
2026-06-23 12:14:05.504921,W001,39.999513,-104.99864
2026-06-23 12:24:05.504921,W002,39.999359,-104.998316
2026-06-23 12:34:05.504921,W003,39.998665,-104.999031
2026-06-23 12:54:16.031390,W005,39.999125,-104.998422
2026-06-23 13:04:16.031390,W006,39.99918,-104.998827
2026-06-23 13:14:16.031390,W001,39.998792,-104.999376
2026-06-23 13:24:16.031390,W002,39.999146,-104.9983
2026-06-23 13:34:16.031390,W003,39.999093,-104.998333
2026-06-23 13:44:16.031390,W004,39.999202,-104.998123
2026-06-23 13:54:16.031390,W005,39.999021,-104.998833
2026-06-23 14:18:49.131441,W006,39.999461,-104.999318
2026-06-23 14:28:49.131441,W001,39.998852,-104.998679
2026-06-23 14:38:49.131441,W002,39.999865,-104.998897
2026-06-23 14:48:49.131441,W003,39.999087,-104.998854
2026-06-23 14:58:49.131441,W004,39.999287,-104.998893
2026-06-23 07:00:00.000000,W001,39.999315,-105.001088
2026-06-23 07:10:00.000000,W002,40.000482,-105.00096
2026-06-23 07:20:00.000000,W003,39.999617,-105.000547
2026-06-23 07:30:00.000000,W004,40.000555,-105.001334
2026-06-23 07:40:00.000000,W005,40.000495,-105.001301
2026-06-23 07:50:00.000000,W006,40.000254,-105.001039
2026-06-23 08:00:00.000000,W001,40.000333,-105.001069
2026-06-23 08:10:00.000000,W002,40.000614,-105.00076
2026-06-23 08:20:00.000000,W003,40.001096,-105.001303
2026-06-23 08:30:00.000000,W004,40.000087,-105.001436
2026-06-23 08:40:00.000000,W005,40.000241,-105.000401
2026-06-23 08:50:00.000000,W006,40.000656,-105.001118
2026-06-23 09:00:00.000000,W001,40.000951,-105.000986
2026-06-23 09:17:42.954142,W002,39.999988,-105.000407
2026-06-23 09:27:42.954142,W003,40.000046,-105.001207
2026-06-23 09:37:42.954142,W004,40.000032,-105.001395
2026-06-23 09:47:42.954142,W005,39.999835,-105.000418
2026-06-23 09:57:42.954142,W006,40.000769,-105.001255
2026-06-23 10:24:33.925736,W003,40.000791,-105.000752
2026-06-23 10:34:33.925736,W004,40.000408,-105.00008
2026-06-23 10:44:33.925736,W005,40.000171,-105.000405
2026-06-23 10:54:33.925736,W006,40.001065,-105.001454
2026-06-23 11:04:33.925736,W001,40.000088,-105.000707
2026-06-23 11:14:33.925736,W002,40.000678,-105.001391
2026-06-23 11:24:33.925736,W003,40.000633,-105.001083
2026-06-23 11:50:35.086772,W004,40.000614,-105.000689
2026-06-23 12:00:35.086772,W005,40.000117,-105.001437
2026-06-23 12:10:35.086772,W006,40.001001,-105.001596
2026-06-23 12:20:35.086772,W001,40.000423,-105.000654
2026-06-23 12:30:35.086772,W002,40.001025,-105.000596
2026-06-23 12:40:35.086772,W003,40.000353,-105.001068
2026-06-23 12:50:35.086772,W004,40.000379,-105.002112
2026-06-24 07:00:00.000000,W005,39.999996,-105.000366
2026-06-24 07:10:00.000000,W006,40.00044,-104.999915
2026-06-24 07:20:00.000000,W001,40.00029,-105.000463
2026-06-24 07:49:14.286483,W006,40.000232,-105.00093
2026-06-24 07:59:14.286483,W001,39.999938,-104.999301
2026-06-24 08:09:14.286483,W002,39.999576,-105.000288
2026-06-24 08:19:14.286483,W003,39.999552,-105.000356
2026-06-24 08:29:14.286483,W004,39.999126,-104.999621
2026-06-24 08:59:21.718110,W001,40.000482,-105.000076
2026-06-24 09:09:21.718110,W002,39.999709,-105.000636
2026-06-24 09:19:21.718110,W003,40.000066,-105.00013
2026-06-24 09:29:21.718110,W004,39.999912,-104.999703
2026-06-24 10:01:35.685808,W002,39.999929,-104.999957
2026-06-24 10:11:35.685808,W003,39.999577,-105.000527
2026-06-24 10:21:35.685808,W004,40.000054,-104.999982
2026-06-24 10:31:35.685808,W005,39.999776,-104.999836
2026-06-24 10:41:35.685808,W006,39.999964,-105.000122
2026-06-24 10:51:35.685808,W001,40.000107,-104.999498
2026-06-24 11:17:30.208460,W003,39.999015,-105.000074
2026-06-24 11:27:30.208460,W004,39.99936,-105.000306
2026-06-24 11:37:30.208460,W005,40.000236,-104.999484
2026-06-24 11:47:30.208460,W006,40.000746,-105.000565
2026-06-24 11:57:30.208460,W001,39.999922,-105.00021
2026-06-24 12:07:30.208460,W002,40.000603,-104.999603
2026-06-24 12:27:30.581309,W004,39.999854,-104.999855
2026-06-24 12:37:30.581309,W005,39.998929,-104.999414
2026-06-24 12:47:30.581309,W006,39.999979,-104.999234
2026-06-24 13:14:35.933536,W005,39.999462,-105.000726
2026-06-24 13:24:35.933536,W006,40.00017,-105.000608
2026-06-24 13:34:35.933536,W001,39.999877,-104.9998
2026-06-24 13:44:35.933536,W002,40.000333,-105.000378
2026-06-24 13:54:35.933536,W003,40.000014,-104.999545
2026-06-24 14:04:35.933536,W004,39.999708,-104.999675
2026-06-24 14:20:43.191201,W006,40.000178,-105.000516
2026-06-24 14:30:43.191201,W001,39.999352,-105.000061
2026-06-24 14:40:43.191201,W002,40.000108,-104.999831
2026-06-24 14:50:43.191201,W003,39.999796,-104.999961
2026-06-24 15:00:43.191201,W004,40.000101,-104.999941
2026-06-24 15:10:43.191201,W005,40.000108,-104.99992
2026-06-24 07:00:00.000000,W001,40.002007,-104.999894
2026-06-24 07:10:00.000000,W002,40.001305,-104.999006
2026-06-24 07:20:00.000000,W003,40.00071,-104.999853
2026-06-24 07:30:00.000000,W004,40.00126,-104.998727
2026-06-24 07:53:15.239370,W002,40.001364,-104.999405
2026-06-24 08:03:15.239370,W003,40.001451,-104.999215
2026-06-24 08:13:15.239370,W004,40.001742,-104.999557
2026-06-24 08:23:15.239370,W005,39.999999,-104.999888
2026-06-24 08:33:15.239370,W006,40.000517,-104.999637
2026-06-24 08:43:15.239370,W001,40.001633,-104.999789
2026-06-24 08:53:15.239370,W002,40.00126,-104.999051
2026-06-24 09:03:15.239370,W003,40.001224,-104.999709
2026-06-24 09:13:15.239370,W004,40.001341,-104.999364
2026-06-24 09:23:15.239370,W005,40.001583,-104.999915
2026-06-24 09:33:15.239370,W006,40.000177,-104.999816
2026-06-24 09:43:15.239370,W001,40.000967,-104.999394
2026-06-24 10:11:28.760586,W003,40.001379,-104.999343
2026-06-24 10:21:28.760586,W004,40.000745,-104.999453
2026-06-24 10:31:28.760586,W005,40.000922,-104.999623
2026-06-24 10:41:28.760586,W006,40.000648,-104.999671
2026-06-24 10:51:28.760586,W001,40.001248,-104.999893
2026-06-24 11:01:28.760586,W002,40.001112,-104.99981
2026-06-24 11:11:28.760586,W003,40.001069,-104.999779
2026-06-24 11:42:56.379387,W004,40.001232,-104.99917
2026-06-24 11:52:56.379387,W005,40.000306,-104.999478
2026-06-24 12:02:56.379387,W006,40.000987,-104.999465
2026-06-24 12:12:56.379387,W001,40.000839,-104.999116
2026-06-24 12:22:56.379387,W002,40.000324,-104.999317
2026-06-24 12:32:56.379387,W003,40.00105,-104.99929
2026-06-24 13:01:33.141789,W005,40.001131,-105.00053
2026-06-24 13:11:33.141789,W006,40.001554,-104.999848
2026-06-24 13:21:33.141789,W001,40.001327,-104.999814
2026-06-24 13:31:33.141789,W002,40.001074,-104.999037
2026-06-24 13:41:33.141789,W003,40.000539,-104.999826
2026-06-24 13:51:33.141789,W004,40.000926,-104.999717
2026-06-24 14:01:33.141789,W005,40.000949,-104.999194
2026-06-24 14:11:33.141789,W006,40.001044,-104.999409
2026-06-24 14:21:33.141789,W001,40.001203,-104.999214
2026-06-24 14:31:33.141789,W002,40.001128,-104.999571
2026-06-24 14:41:33.141789,W003,40.000895,-104.999261
2026-06-24 14:51:33.141789,W004,40.001286,-104.999284
2026-06-24 07:00:00.000000,W006,39.998811,-104.998782
2026-06-24 07:10:00.000000,W001,39.999023,-104.998449
2026-06-24 07:20:00.000000,W002,39.999791,-104.997989
2026-06-24 07:48:16.463439,W001,39.999009,-104.999144
2026-06-24 07:58:16.463439,W002,39.999645,-104.998773
2026-06-24 08:08:16.463439,W003,40.000239,-104.998562
2026-06-24 08:18:16.463439,W004,39.998929,-104.99928
2026-06-24 08:41:48.399871,W002,39.9987,-104.999069
2026-06-24 08:51:48.399871,W003,39.999413,-104.998422
2026-06-24 09:13:57.058008,W003,39.999437,-104.999012
2026-06-24 09:23:57.058008,W004,39.999992,-104.9991
2026-06-24 09:33:57.058008,W005,39.999566,-104.998505
2026-06-24 09:43:57.058008,W006,39.999198,-104.998791
2026-06-24 09:53:57.058008,W001,39.999651,-104.999241
2026-06-24 10:03:57.058008,W002,39.999095,-104.998778
2026-06-24 10:13:57.058008,W003,40.000038,-104.999344
2026-06-24 10:33:35.097416,W004,39.999229,-104.999246
2026-06-24 10:43:35.097416,W005,39.999068,-104.998811
2026-06-24 10:53:35.097416,W006,39.99864,-104.998677
2026-06-24 11:03:35.097416,W001,39.998967,-104.999453
2026-06-24 11:13:35.097416,W002,39.998518,-104.999209
2026-06-24 11:23:35.097416,W003,39.999841,-104.998703
2026-06-24 11:56:49.237755,W005,39.999056,-104.999364
2026-06-24 12:06:49.237755,W006,39.998411,-104.998448
2026-06-24 12:16:49.237755,W001,39.999478,-104.998964
2026-06-24 12:26:49.237755,W002,40.000045,-104.998809
2026-06-24 07:00:00.000000,W006,40.000383,-105.000867
2026-06-24 07:10:00.000000,W001,40.000538,-105.001012
2026-06-24 07:20:00.000000,W002,40.00059,-105.000944
2026-06-24 07:30:00.000000,W003,40.000734,-105.000779
2026-06-24 07:40:00.000000,W004,40.000132,-105.000518
2026-06-24 07:50:00.000000,W005,39.999943,-105.000655
2026-06-24 08:00:00.000000,W006,40.000397,-105.001702
2026-06-24 08:29:41.214034,W001,40.000849,-105.001143
2026-06-24 08:39:41.214034,W002,40.000915,-105.001248
2026-06-24 08:49:41.214034,W003,40.000386,-105.000691
2026-06-24 09:15:26.310672,W002,39.99997,-105.000994
2026-06-24 09:25:26.310672,W003,40.000643,-105.001722
2026-06-24 09:35:26.310672,W004,40.000644,-105.001398
2026-06-24 09:45:26.310672,W005,40.000096,-105.000936
2026-06-24 09:55:26.310672,W006,40.00009,-105.000681
2026-06-24 10:29:13.507554,W003,40.000651,-105.001209
2026-06-24 10:39:13.507554,W004,40.000519,-105.001043
2026-06-24 10:49:13.507554,W005,40.001165,-105.000726
2026-06-24 10:59:13.507554,W006,40.000923,-105.002121
2026-06-24 11:22:44.879262,W004,40.000181,-105.001216
2026-06-24 11:32:44.879262,W005,40.000715,-105.001712
2026-06-24 11:42:44.879262,W006,40.000815,-105.001287
2026-06-24 11:52:44.879262,W001,40.00065,-105.001353
2026-06-24 12:02:44.879262,W002,40.000341,-105.00041
2026-06-24 12:12:44.879262,W003,40.000661,-105.000838
2026-06-24 12:22:44.879262,W004,40.000679,-105.001269
2026-06-24 12:32:44.879262,W005,40.000122,-105.000775
2026-06-24 13:02:12.933629,W005,40.000294,-105.001883
2026-06-24 13:12:12.933629,W006,40.001086,-105.00123
2026-06-24 13:22:12.933629,W001,40.000508,-105.00102
2026-06-24 13:32:12.933629,W002,40.000873,-105.001083
2026-06-24 13:42:12.933629,W003,40.000024,-105.001255
2026-06-24 13:52:12.933629,W004,40.000051,-105.001907
2026-06-24 14:17:41.586989,W006,40.000191,-105.000981
2026-06-24 14:27:41.586989,W001,40.000517,-105.000924
2026-06-24 14:37:41.586989,W002,40.000227,-105.000998
2026-06-24 14:47:41.586989,W003,40.000553,-105.001548
2026-06-24 14:57:41.586989,W004,40.001241,-105.000018
2026-06-24 15:07:41.586989,W005,40.000092,-105.000783
2026-06-24 15:17:41.586989,W006,40.000906,-105.000839
2026-06-24 15:42:20.382699,W001,40.000744,-105.000423
2026-06-24 15:52:20.382699,W002,40.000866,-105.001248
2026-06-24 16:02:20.382699,W003,39.999888,-105.000486
2026-06-24 16:12:20.382699,W004,40.000094,-105.0007
2026-06-24 16:22:20.382699,W005,40.000158,-105.001675
2026-06-24 16:32:20.382699,W006,40.000217,-105.000703
2026-06-24 16:42:20.382699,W001,40.000481,-105.000452
2026-06-24 16:52:20.382699,W002,40.000742,-105.000371
2026-06-24 07:00:00.000000,W002,39.999743,-105.00053
2026-06-24 07:10:00.000000,W003,39.99965,-104.999734
2026-06-24 07:20:00.000000,W004,40.0004,-105.000305
2026-06-24 07:30:00.000000,W005,40.000012,-105.000294
2026-06-24 07:40:00.000000,W006,39.999613,-105.000712
2026-06-24 07:50:00.000000,W001,39.999575,-104.999041
2026-06-24 08:11:40.257925,W003,40.000118,-105.000008
2026-06-24 08:21:40.257925,W004,40.000492,-105.000552
2026-06-24 08:50:03.816351,W004,39.999707,-104.999643
2026-06-24 09:00:03.816351,W005,40.000761,-105.000288
2026-06-24 09:10:03.816351,W006,39.999757,-105.000177
2026-06-24 09:20:03.816351,W001,40.000616,-104.999399
2026-06-24 09:30:03.816351,W002,40.000623,-104.999735
2026-06-24 09:52:25.629528,W005,39.99993,-105.000374
2026-06-24 10:02:25.629528,W006,40.00028,-105.000515
2026-06-24 10:12:25.629528,W001,40.000725,-104.999976
2026-06-24 10:22:25.629528,W002,40.000261,-105.000186
2026-06-24 10:32:25.629528,W003,40.000029,-105.000252
2026-06-24 11:00:52.326056,W006,39.99956,-105.000183
2026-06-24 11:10:52.326056,W001,40.000552,-105.000097
2026-06-24 11:20:52.326056,W002,39.999993,-105.000145
2026-06-24 11:30:52.326056,W003,39.999623,-104.999288
2026-06-24 11:40:52.326056,W004,39.99967,-104.999754
2026-06-24 11:50:52.326056,W005,39.999905,-104.999666
2026-06-24 12:11:04.265209,W001,39.999589,-104.999733
2026-06-24 12:21:04.265209,W002,40.000032,-104.999432
2026-06-24 12:31:04.265209,W003,39.999095,-104.998964
2026-06-24 12:41:04.265209,W004,40.000197,-105.000363
2026-06-24 12:51:04.265209,W005,39.999945,-105.000174
2026-06-24 13:21:20.310467,W002,39.999517,-105.000426
2026-06-24 13:31:20.310467,W003,39.999978,-105.000193
2026-06-24 13:41:20.310467,W004,40.000429,-105.000246
2026-06-24 13:51:20.310467,W005,39.999945,-104.999811
2026-06-24 14:01:20.310467,W006,39.999848,-104.999769
2026-06-24 07:00:00.000000,W003,40.000917,-104.999679
2026-06-24 07:10:00.000000,W004,40.001543,-104.999426
2026-06-24 07:20:00.000000,W005,40.001222,-104.999867
2026-06-24 07:30:00.000000,W006,40.001145,-104.999449
2026-06-24 07:40:00.000000,W001,40.000588,-104.999781
2026-06-24 08:05:02.952377,W004,40.001392,-104.999542
2026-06-24 08:15:02.952377,W005,40.001337,-104.999772
2026-06-24 08:25:02.952377,W006,40.000758,-105.000261
2026-06-24 08:35:02.952377,W001,40.001856,-104.998916
2026-06-24 08:55:06.920634,W005,40.001462,-104.999583
2026-06-24 09:05:06.920634,W006,40.001112,-104.999656
2026-06-24 09:15:06.920634,W001,40.000207,-104.99953
2026-06-24 09:25:06.920634,W002,40.001442,-104.999215
2026-06-24 09:35:06.920634,W003,40.000562,-104.9997
2026-06-24 09:45:06.920634,W004,40.001423,-104.999118
2026-06-24 10:07:46.813565,W006,40.001005,-104.999485
2026-06-24 10:17:46.813565,W001,40.000939,-104.999434
2026-06-24 10:27:46.813565,W002,40.000737,-104.999899
2026-06-24 10:37:46.813565,W003,40.00088,-104.999644
2026-06-24 11:05:48.477099,W001,40.001048,-104.999114
2026-06-24 11:15:48.477099,W002,40.000919,-104.999167
2026-06-24 11:25:48.477099,W003,40.001071,-104.999537
2026-06-24 11:35:48.477099,W004,40.000068,-104.998602
2026-06-24 11:45:48.477099,W005,40.001185,-104.999632
2026-06-24 11:55:48.477099,W006,40.001136,-104.99961
2026-06-24 12:17:38.700251,W002,40.000549,-104.999277
2026-06-24 12:27:38.700251,W003,40.001964,-104.999809
2026-06-24 12:37:38.700251,W004,40.001311,-104.999583
2026-06-24 12:47:38.700251,W005,40.00063,-104.999308
2026-06-24 07:00:00.000000,W003,39.999097,-104.998526
2026-06-24 07:10:00.000000,W004,39.999468,-104.997779
2026-06-24 07:20:00.000000,W005,39.999331,-104.99879
2026-06-24 07:30:00.000000,W006,39.998829,-104.99888
2026-06-24 07:40:00.000000,W001,39.998545,-104.998854
2026-06-24 07:50:00.000000,W002,39.999522,-104.998936
2026-06-24 08:08:25.835694,W004,39.99883,-104.998657
2026-06-24 08:18:25.835694,W005,39.998802,-104.99906
2026-06-24 08:28:25.835694,W006,39.99854,-104.998741
2026-06-24 08:38:25.835694,W001,39.999729,-104.998587
2026-06-24 08:48:25.835694,W002,39.999732,-104.998805
2026-06-24 08:58:25.835694,W003,39.999824,-104.998229
2026-06-24 09:08:25.835694,W004,39.999264,-104.99928
2026-06-24 09:18:25.835694,W005,39.999406,-104.998577
2026-06-24 09:35:45.114367,W005,39.999138,-104.999061
2026-06-24 09:45:45.114367,W006,39.998802,-104.99871
2026-06-24 09:55:45.114367,W001,39.998965,-104.998969
2026-06-24 10:05:45.114367,W002,39.998778,-104.998583
2026-06-24 10:15:45.114367,W003,39.999527,-104.998922
2026-06-24 10:25:45.114367,W004,39.999467,-104.999194
2026-06-24 10:49:25.020466,W006,39.998967,-104.999072
2026-06-24 10:59:25.020466,W001,39.999209,-104.997763
2026-06-24 11:09:25.020466,W002,39.998986,-104.998455
2026-06-24 11:19:25.020466,W003,39.99927,-104.999016
2026-06-24 11:44:36.517997,W001,39.99883,-104.998504
2026-06-24 11:54:36.517997,W002,39.999272,-104.999431
2026-06-24 12:04:36.517997,W003,39.999386,-104.99857
2026-06-24 12:14:36.517997,W004,39.998908,-104.999264
2026-06-24 12:24:36.517997,W005,39.999341,-104.998313
2026-06-24 12:45:09.413744,W002,39.99951,-104.998633
2026-06-24 12:55:09.413744,W003,39.99916,-104.998477
2026-06-24 13:05:09.413744,W004,39.999365,-104.999104
2026-06-24 13:15:09.413744,W005,39.998142,-104.999094
2026-06-24 13:25:09.413744,W006,39.999589,-104.999014
2026-06-24 13:35:09.413744,W001,39.999515,-104.998703
2026-06-24 13:45:09.413744,W002,39.998757,-104.998924
2026-06-24 07:00:00.000000,W003,40.00027,-105.000677
2026-06-24 07:10:00.000000,W004,40.000493,-105.000718
2026-06-24 07:20:00.000000,W005,40.000562,-105.000659
2026-06-24 07:30:00.000000,W006,40.000118,-105.001074
2026-06-24 07:40:00.000000,W001,40.001192,-105.001111
2026-06-24 08:02:59.543555,W004,40.000973,-105.000971
2026-06-24 08:12:59.543555,W005,40.000184,-105.000801
2026-06-24 08:22:59.543555,W006,40.000296,-105.001322
2026-06-24 08:32:59.543555,W001,40.000881,-105.001562
2026-06-24 08:50:27.662503,W005,40.000674,-105.000871
2026-06-24 09:00:27.662503,W006,40.000239,-105.001353
2026-06-24 09:24:21.164863,W006,40.00068,-105.001327
2026-06-24 09:34:21.164863,W001,40.00095,-105.001344
2026-06-24 09:44:21.164863,W002,39.999989,-105.001176
2026-06-24 10:12:30.202377,W001,40.000429,-105.000875
2026-06-24 10:22:30.202377,W002,40.000951,-105.001178
2026-06-24 10:32:30.202377,W003,40.000459,-105.001616
2026-06-24 10:42:30.202377,W004,40.000584,-105.001606
2026-06-24 11:05:30.481223,W002,40.000165,-105.000314
2026-06-24 11:15:30.481223,W003,40.000765,-105.001264
2026-06-24 11:25:30.481223,W004,40.000413,-105.001034
2026-06-24 11:35:30.481223,W005,40.000977,-105.000786
2026-06-25 07:00:00.000000,W003,40.000689,-104.999528
2026-06-25 07:10:00.000000,W004,40.000579,-105.000383
2026-06-25 07:20:00.000000,W005,40.000214,-104.999534
2026-06-25 07:30:00.000000,W006,39.9996,-104.999737
2026-06-25 07:47:28.792011,W004,40.000043,-104.999804
2026-06-25 07:57:28.792011,W005,39.999892,-104.999912
2026-06-25 08:07:28.792011,W006,40.00014,-105.000801
2026-06-25 08:17:28.792011,W001,39.999929,-105.000643
2026-06-25 08:27:28.792011,W002,40.000054,-105.000016
2026-06-25 08:37:28.792011,W003,39.999688,-105.000348
2026-06-25 09:05:40.622120,W005,40.000036,-104.999493
2026-06-25 09:15:40.622120,W006,40.000495,-104.999397
2026-06-25 09:25:40.622120,W001,40.000182,-104.999857
2026-06-25 09:35:40.622120,W002,39.999371,-105.000101
2026-06-25 09:54:24.732730,W006,39.998835,-104.999805
2026-06-25 10:04:24.732730,W001,40.000164,-105.000711
2026-06-25 10:14:24.732730,W002,39.999696,-105.000037
2026-06-25 10:24:24.732730,W003,40.000115,-105.000757
2026-06-25 10:34:24.732730,W004,40.000114,-104.999701
2026-06-25 10:44:24.732730,W005,40.000093,-104.999362
2026-06-25 10:54:24.732730,W006,39.999596,-104.999865
2026-06-25 11:14:59.192051,W001,39.999595,-105.000798
2026-06-25 11:24:59.192051,W002,40.000176,-105.000483
2026-06-25 11:34:59.192051,W003,40.000049,-104.999445
2026-06-25 11:44:59.192051,W004,39.999452,-105.000238
2026-06-25 11:54:59.192051,W005,39.999578,-104.999769
2026-06-25 12:04:59.192051,W006,39.999921,-105.000469
2026-06-25 07:00:00.000000,W002,40.00035,-105.000446
2026-06-25 07:10:00.000000,W003,40.000889,-104.999862
2026-06-25 07:20:00.000000,W004,40.000316,-104.999409
2026-06-25 07:30:00.000000,W005,40.000936,-104.998919
2026-06-25 07:40:00.000000,W006,40.000456,-104.99964
2026-06-25 07:50:00.000000,W001,40.001548,-104.99899
2026-06-25 08:00:00.000000,W002,40.000762,-104.999915
2026-06-25 08:10:00.000000,W003,40.00109,-104.999021
2026-06-25 08:20:00.000000,W004,40.001446,-104.999332
2026-06-25 08:47:07.714335,W003,40.00115,-104.999374
2026-06-25 08:57:07.714335,W004,40.000374,-104.999805
2026-06-25 09:07:07.714335,W005,40.001128,-104.999108
2026-06-25 09:17:07.714335,W006,40.001303,-104.998706
2026-06-25 09:27:07.714335,W001,40.000917,-104.999877
2026-06-25 09:37:07.714335,W002,40.000728,-104.999504
2026-06-25 09:47:07.714335,W003,40.001487,-104.999751
2026-06-25 09:57:07.714335,W004,40.001051,-104.999778
2026-06-25 10:07:07.714335,W005,40.001009,-104.999174
2026-06-25 10:26:08.842240,W004,40.000863,-104.999938
2026-06-25 10:36:08.842240,W005,40.000907,-104.999451
2026-06-25 10:46:08.842240,W006,40.000982,-104.999519
2026-06-25 10:56:08.842240,W001,40.001094,-105.000189
2026-06-25 11:06:08.842240,W002,40.001379,-104.999498
2026-06-25 11:16:08.842240,W003,40.000793,-104.999303
2026-06-25 11:26:08.842240,W004,40.000916,-104.99956
2026-06-25 11:36:08.842240,W005,40.001239,-104.999624
2026-06-25 11:46:08.842240,W006,40.001152,-104.999432
2026-06-25 12:15:54.575901,W005,40.001374,-104.999118
2026-06-25 12:25:54.575901,W006,40.001722,-105.000068
2026-06-25 12:35:54.575901,W001,40.00044,-104.999123
2026-06-25 12:45:54.575901,W002,40.0008,-104.999507
2026-06-25 12:55:54.575901,W003,40.001438,-105.000409
2026-06-25 13:05:54.575901,W004,40.000959,-104.999445
2026-06-25 13:15:54.575901,W005,40.001538,-104.999834
2026-06-25 13:25:54.575901,W006,40.001317,-105.00016
2026-06-25 13:35:54.575901,W001,40.001071,-104.999926
2026-06-25 13:45:54.575901,W002,40.00091,-104.999658
2026-06-25 13:55:54.575901,W003,40.000902,-104.999081
2026-06-25 07:00:00.000000,W006,39.999083,-104.99805
2026-06-25 07:10:00.000000,W001,39.998907,-104.998942
2026-06-25 07:20:00.000000,W002,39.999114,-104.998466
2026-06-25 07:30:00.000000,W003,39.999702,-104.99893
2026-06-25 07:40:00.000000,W004,39.99896,-104.998607
2026-06-25 07:50:00.000000,W005,39.999268,-104.998091
2026-06-25 08:00:00.000000,W006,39.999204,-104.998804
2026-06-25 08:10:00.000000,W001,39.999199,-104.99877
2026-06-25 08:35:42.441297,W001,39.998615,-104.998428
2026-06-25 08:45:42.441297,W002,39.998854,-104.99885
2026-06-25 08:55:42.441297,W003,39.999338,-104.99888
2026-06-25 09:21:34.080573,W002,39.999231,-104.997388
2026-06-25 09:31:34.080573,W003,39.999562,-104.998056
2026-06-25 09:41:34.080573,W004,39.999329,-104.998744
2026-06-25 09:51:34.080573,W005,39.999014,-104.998631
2026-06-25 10:01:34.080573,W006,39.999724,-104.999222
2026-06-25 10:11:34.080573,W001,39.999812,-104.999905
2026-06-25 10:29:11.886263,W003,39.999244,-104.998781
2026-06-25 10:39:11.886263,W004,39.999578,-104.999048
2026-06-25 10:49:11.886263,W005,39.999633,-104.999125
2026-06-25 10:59:11.886263,W006,39.999803,-104.999198
2026-06-25 11:09:11.886263,W001,39.999478,-104.99942
2026-06-25 11:19:11.886263,W002,39.998873,-104.999409
2026-06-25 11:29:11.886263,W003,39.999497,-104.999613
2026-06-25 11:45:54.560540,W004,39.999998,-104.999134
2026-06-25 11:55:54.560540,W005,39.998703,-104.998884
2026-06-25 12:05:54.560540,W006,39.999045,-104.998137
2026-06-25 12:15:54.560540,W001,39.999228,-104.998801
2026-06-25 12:45:29.395697,W005,40.000249,-104.998492
2026-06-25 12:55:29.395697,W006,39.99933,-104.99841
2026-06-25 13:05:29.395697,W001,39.999258,-104.998673
2026-06-25 13:15:29.395697,W002,39.999704,-104.998493
2026-06-25 13:25:29.395697,W003,39.99981,-104.9991
2026-06-25 07:00:00.000000,W006,40.000438,-105.001037
2026-06-25 07:10:00.000000,W001,40.00085,-105.001403
2026-06-25 07:20:00.000000,W002,39.999979,-105.000136
2026-06-25 07:30:00.000000,W003,40.00109,-105.001052
2026-06-25 07:40:00.000000,W004,40.000573,-105.000786
2026-06-25 07:50:00.000000,W005,40.000428,-105.001056
2026-06-25 08:00:00.000000,W006,40.000551,-105.000574
2026-06-25 08:26:05.704482,W001,39.99999,-105.001314
2026-06-25 08:36:05.704482,W002,40.001165,-105.000884
2026-06-25 08:46:05.704482,W003,39.999795,-105.000775
2026-06-25 08:56:05.704482,W004,40.000846,-105.000575
2026-06-25 09:06:05.704482,W005,40.000493,-105.001004
2026-06-25 09:16:05.704482,W006,40.000762,-105.00072
2026-06-25 09:46:35.039031,W002,40.00095,-105.001577
2026-06-25 09:56:35.039031,W003,40.000578,-105.0008
2026-06-25 10:06:35.039031,W004,39.999994,-105.000976
2026-06-25 10:16:35.039031,W005,40.000081,-105.000668
2026-06-25 10:26:35.039031,W006,40.001198,-105.001083
2026-06-25 10:36:35.039031,W001,40.000469,-105.000939
2026-06-25 10:46:35.039031,W002,40.000741,-105.000794
2026-06-25 10:56:35.039031,W003,40.000773,-105.001405
2026-06-25 11:06:35.039031,W004,40.000796,-105.001289
2026-06-25 11:27:52.063703,W003,40.00024,-105.000963
2026-06-25 11:37:52.063703,W004,40.000169,-105.001708
2026-06-25 11:47:52.063703,W005,40.000637,-105.001068
2026-06-25 11:57:52.063703,W006,40.001045,-105.001374
2026-06-25 12:07:52.063703,W001,40.000449,-105.001195
2026-06-25 12:17:52.063703,W002,40.000873,-105.000946
2026-06-25 12:27:52.063703,W003,40.001451,-105.000203
2026-06-25 12:37:52.063703,W004,40.000729,-105.000959
2026-06-25 12:47:52.063703,W005,39.999381,-105.000732
2026-06-25 12:57:52.063703,W006,39.999991,-105.001585
2026-06-25 13:07:52.063703,W001,40.000043,-105.000925
2026-06-25 13:17:52.063703,W002,40.000486,-105.001093
2026-06-25 13:43:41.664884,W004,40.000389,-105.000608
2026-06-25 13:53:41.664884,W005,39.999551,-105.00103
2026-06-25 14:03:41.664884,W006,40.001098,-105.000664
2026-06-25 14:13:41.664884,W001,40.000663,-105.001264
2026-06-25 14:23:41.664884,W002,40.000454,-105.000447
2026-06-25 14:42:13.734782,W005,40.000819,-105.000621
2026-06-25 14:52:13.734782,W006,40.001022,-105.00142
2026-06-25 15:02:13.734782,W001,40.000482,-105.001015
2026-06-25 15:12:13.734782,W002,40.00025,-105.001055
2026-06-25 15:22:13.734782,W003,40.000629,-105.000954
2026-06-25 15:32:13.734782,W004,39.999935,-105.000796
2026-06-25 15:42:13.734782,W005,40.001128,-105.000834
2026-06-25 15:52:13.734782,W006,40.00062,-105.001785
2026-06-25 16:02:13.734782,W001,40.000655,-105.000741
2026-06-25 07:00:00.000000,W006,39.999591,-105.000064
2026-06-25 07:10:00.000000,W001,40.000322,-104.999749
2026-06-25 07:20:00.000000,W002,39.999804,-105.000285
2026-06-25 07:30:00.000000,W003,39.999774,-105.000182
2026-06-25 07:57:51.860732,W001,40.000145,-104.999952
2026-06-25 08:07:51.860732,W002,40.000396,-105.000368
2026-06-25 08:17:51.860732,W003,39.999717,-105.000022
2026-06-25 08:27:51.860732,W004,40.001066,-104.999786
2026-06-25 08:37:51.860732,W005,39.999487,-104.999938
2026-06-25 08:47:51.860732,W006,40.000136,-104.99938
2026-06-25 09:11:27.557696,W002,40.000202,-105.00025
2026-06-25 09:21:27.557696,W003,39.99976,-105.0001
2026-06-25 09:31:27.557696,W004,39.999851,-105.000246
2026-06-25 09:41:27.557696,W005,40.000795,-105.000322
2026-06-25 09:51:27.557696,W006,40.000039,-105.000337
2026-06-25 10:20:19.845948,W003,39.999686,-105.000476
2026-06-25 10:30:19.845948,W004,40.000023,-105.000122
2026-06-25 10:40:19.845948,W005,39.999734,-104.999945
2026-06-25 11:03:33.708895,W004,40.000016,-105.000186
2026-06-25 11:13:33.708895,W005,40.000348,-105.000486
2026-06-25 11:23:33.708895,W006,39.99955,-104.999635
2026-06-25 11:33:33.708895,W001,40.000338,-105.000124
2026-06-25 11:43:33.708895,W002,39.999842,-105.00016
2026-06-25 11:53:33.708895,W003,39.999685,-105.000837
2026-06-25 12:12:23.942064,W005,40.000175,-105.000729
2026-06-25 12:22:23.942064,W006,39.999883,-104.999176
2026-06-25 12:32:23.942064,W001,40.000912,-104.999995
2026-06-25 12:42:23.942064,W002,39.999844,-105.000033
2026-06-25 12:52:23.942064,W003,39.999872,-104.99974
2026-06-25 13:02:23.942064,W004,39.999954,-104.9998
2026-06-25 13:30:09.397729,W006,39.999169,-104.999304
2026-06-25 13:40:09.397729,W001,40.000028,-104.999563
2026-06-25 13:50:09.397729,W002,39.999888,-104.999935
2026-06-25 14:00:09.397729,W003,39.999775,-104.999669
2026-06-25 14:10:09.397729,W004,39.999864,-104.999955
2026-06-25 14:20:09.397729,W005,39.999786,-104.999663
2026-06-25 14:30:09.397729,W006,40.000393,-104.999374
2026-06-25 14:40:09.397729,W001,39.999738,-104.999562
2026-06-25 14:50:09.397729,W002,40.000265,-105.000015
2026-06-25 15:00:09.397729,W003,40.000685,-104.999614
2026-06-25 15:10:09.397729,W004,39.998889,-104.999843
2026-06-25 15:20:09.397729,W005,39.999649,-104.999502
2026-06-25 15:30:09.397729,W006,39.999947,-105.000331
2026-06-25 15:53:07.922078,W001,40.000152,-105.000431
2026-06-25 16:03:07.922078,W002,39.999896,-105.000315
2026-06-25 16:13:07.922078,W003,39.999701,-104.999951
2026-06-25 16:23:07.922078,W004,40.000274,-105.000404
2026-06-25 16:33:07.922078,W005,39.999655,-104.999233
2026-06-25 16:43:07.922078,W006,40.00074,-104.999902
2026-06-25 07:00:00.000000,W002,40.000655,-104.99902
2026-06-25 07:10:00.000000,W003,40.001128,-104.999065
2026-06-25 07:20:00.000000,W004,40.001644,-104.999094
2026-06-25 07:30:00.000000,W005,40.000231,-104.998819
2026-06-25 07:40:00.000000,W006,40.00119,-104.999211
2026-06-25 07:50:00.000000,W001,40.00071,-104.999444
2026-06-25 08:00:00.000000,W002,40.001134,-104.999705
2026-06-25 08:10:00.000000,W003,40.001566,-104.998894
2026-06-25 08:32:35.344276,W003,40.001351,-104.998812
2026-06-25 08:42:35.344276,W004,40.000914,-104.999639
2026-06-25 08:52:35.344276,W005,40.001548,-104.998765
2026-06-25 09:02:35.344276,W006,40.001449,-104.999346
2026-06-25 09:24:24.862688,W004,40.001312,-104.999337
2026-06-25 09:34:24.862688,W005,40.001283,-104.99982
2026-06-25 09:44:24.862688,W006,40.000909,-104.999595
2026-06-25 09:54:24.862688,W001,40.001357,-104.999767
2026-06-25 10:04:24.862688,W002,40.001025,-104.999903
2026-06-25 10:14:24.862688,W003,40.001364,-104.999174
2026-06-25 10:40:25.512170,W005,40.001167,-105.000346
2026-06-25 10:50:25.512170,W006,40.001727,-104.998628
2026-06-25 11:00:25.512170,W001,40.000985,-104.99962
2026-06-25 11:10:25.512170,W002,40.001409,-104.999313
2026-06-25 11:20:25.512170,W003,40.001049,-104.999023
2026-06-25 11:30:25.512170,W004,40.001568,-104.999475
2026-06-25 11:40:25.512170,W005,40.001439,-104.999199
2026-06-25 07:00:00.000000,W006,39.999464,-104.999712
2026-06-25 07:10:00.000000,W001,39.999593,-104.998964
2026-06-25 07:20:00.000000,W002,39.999349,-104.998927
2026-06-25 07:30:00.000000,W003,39.998227,-104.997869
2026-06-25 07:40:00.000000,W004,39.999243,-104.999144
2026-06-25 07:50:00.000000,W005,39.9998,-104.99856
2026-06-25 08:19:51.195185,W001,39.998964,-104.998368
2026-06-25 08:29:51.195185,W002,39.999549,-104.998803
2026-06-25 08:39:51.195185,W003,39.999511,-104.998372
2026-06-25 09:01:52.823327,W002,39.999182,-104.998297
2026-06-25 09:11:52.823327,W003,39.999829,-104.99767
2026-06-25 09:21:52.823327,W004,39.999344,-104.998461
2026-06-25 09:31:52.823327,W005,39.999189,-104.998937
2026-06-25 09:41:52.823327,W006,39.999084,-104.998617
2026-06-25 09:51:52.823327,W001,39.998749,-105.000436
2026-06-25 10:01:52.823327,W002,39.999566,-104.998609
2026-06-25 10:25:43.588865,W003,39.999682,-104.999233
2026-06-25 10:35:43.588865,W004,39.999677,-104.999069
2026-06-25 10:45:43.588865,W005,39.999351,-104.998878
2026-06-25 10:55:43.588865,W006,39.999129,-104.998912
2026-06-25 07:00:00.000000,W004,40.000682,-105.000625
2026-06-25 07:10:00.000000,W005,40.000657,-105.001027
2026-06-25 07:20:00.000000,W006,40.00026,-105.000573
2026-06-25 07:30:00.000000,W001,40.000778,-105.00063
2026-06-25 07:57:47.402684,W005,40.000744,-105.000459
2026-06-25 08:07:47.402684,W006,40.000536,-105.000835
2026-06-25 08:17:47.402684,W001,40.000504,-105.001563
2026-06-25 08:27:47.402684,W002,40.000036,-105.001437
2026-06-25 08:37:47.402684,W003,40.000972,-105.001252
2026-06-25 08:47:47.402684,W004,40.000626,-105.000163
2026-06-25 09:15:35.877037,W006,39.999713,-105.001132
2026-06-25 09:25:35.877037,W001,40.000122,-105.000746
2026-06-25 09:35:35.877037,W002,40.00045,-104.999993
2026-06-25 09:45:35.877037,W003,40.000109,-105.00088
2026-06-25 09:55:35.877037,W004,40.000625,-105.000917
2026-06-25 10:05:35.877037,W005,40.001093,-105.000722
2026-06-25 10:26:21.028247,W001,40.001153,-105.001013
2026-06-25 10:36:21.028247,W002,40.000851,-105.000098
2026-06-25 10:46:21.028247,W003,40.000531,-105.001386
2026-06-25 10:56:21.028247,W004,40.000496,-105.001108
2026-06-25 11:30:03.155349,W002,40.000787,-105.000762
2026-06-25 11:40:03.155349,W003,40.000541,-105.001337
2026-06-25 11:50:03.155349,W004,40.00074,-105.001103
2026-06-25 12:06:11.426163,W003,40.000538,-105.000445
2026-06-25 12:16:11.426163,W004,39.999937,-105.001103
2026-06-25 12:26:11.426163,W005,40.000218,-105.000869
2026-06-25 12:36:11.426163,W006,40.000842,-105.000909
2026-06-25 12:46:11.426163,W001,40.000389,-105.001059
2026-06-26 07:00:00.000000,W004,40.000071,-104.999459
2026-06-26 07:10:00.000000,W005,39.999774,-105.000007
2026-06-26 07:20:00.000000,W006,39.999878,-105.000018
2026-06-26 07:30:00.000000,W001,39.999734,-104.999712
2026-06-26 07:40:00.000000,W002,40.000245,-104.999695
2026-06-26 07:50:00.000000,W003,39.999845,-104.998964
2026-06-26 08:10:19.077183,W005,39.999764,-104.999626
2026-06-26 08:20:19.077183,W006,39.999991,-104.999593
2026-06-26 08:30:19.077183,W001,39.9996,-104.99987
2026-06-26 08:49:35.552595,W006,39.999709,-105.000663
2026-06-26 08:59:35.552595,W001,40.000142,-104.999911
2026-06-26 09:09:35.552595,W002,39.999545,-105.000094
2026-06-26 09:19:35.552595,W003,39.999883,-105.000483
2026-06-26 09:29:35.552595,W004,40.000674,-105.000158
2026-06-26 09:39:35.552595,W005,40.000516,-105.000175
2026-06-26 09:58:43.778683,W001,40.000497,-105.000027
2026-06-26 10:08:43.778683,W002,40.00044,-105.000243
2026-06-26 10:18:43.778683,W003,40.000081,-105.000069
2026-06-26 10:28:43.778683,W004,39.999601,-104.999921
2026-06-26 10:38:43.778683,W005,39.999228,-105.000314
2026-06-26 10:56:32.199992,W002,39.999934,-105.000137
2026-06-26 11:06:32.199992,W003,40.000294,-104.999437
2026-06-26 11:16:32.199992,W004,39.999811,-105.000455
2026-06-26 11:26:32.199992,W005,40.000304,-105.000073
2026-06-26 11:36:32.199992,W006,40.00025,-104.999712
2026-06-26 11:46:32.199992,W001,40.000102,-104.99964
2026-06-26 11:56:32.199992,W002,39.999688,-104.999857
2026-06-26 12:13:12.767517,W003,39.999992,-105.000015
2026-06-26 12:23:12.767517,W004,40.000256,-104.999718
2026-06-26 12:33:12.767517,W005,39.999593,-105.000219
2026-06-26 12:43:12.767517,W006,40.000717,-104.998916
2026-06-26 12:53:12.767517,W001,40.000879,-105.00066
2026-06-26 13:17:45.943927,W004,40.000044,-104.999621
2026-06-26 13:27:45.943927,W005,39.999858,-105.000112
2026-06-26 13:37:45.943927,W006,39.999811,-104.999887
2026-06-26 13:47:45.943927,W001,39.999718,-105.000454
2026-06-26 13:57:45.943927,W002,39.999904,-105.000227
2026-06-26 14:28:40.215687,W005,40.000564,-105.000282
2026-06-26 14:38:40.215687,W006,40.000285,-105.000213
2026-06-26 14:48:40.215687,W001,39.999417,-104.999972
2026-06-26 14:58:40.215687,W002,39.999119,-104.999572
2026-06-26 15:08:40.215687,W003,39.999629,-104.999896
2026-06-26 07:00:00.000000,W006,40.001199,-104.999922
2026-06-26 07:10:00.000000,W001,40.001037,-104.999386
2026-06-26 07:20:00.000000,W002,40.00146,-104.999616
2026-06-26 07:30:00.000000,W003,40.001102,-104.999596
2026-06-26 07:40:00.000000,W004,40.001156,-104.999535
2026-06-26 07:50:00.000000,W005,40.001626,-105.000279
2026-06-26 08:00:00.000000,W006,40.001239,-104.999679
2026-06-26 08:10:00.000000,W001,40.001512,-104.9998
2026-06-26 08:20:00.000000,W002,40.000657,-104.999261
2026-06-26 08:45:15.729721,W001,40.000876,-105.00004
2026-06-26 08:55:15.729721,W002,40.001676,-104.99934
2026-06-26 09:05:15.729721,W003,40.001923,-104.998518
2026-06-26 09:15:15.729721,W004,40.0007,-104.999834
2026-06-26 09:25:15.729721,W005,40.00146,-104.999323
2026-06-26 09:35:15.729721,W006,40.001273,-105.000221
2026-06-26 09:45:15.729721,W001,40.000665,-104.999066
2026-06-26 10:06:11.727412,W002,40.00092,-104.999449
2026-06-26 10:16:11.727412,W003,40.001347,-104.999538
2026-06-26 10:26:11.727412,W004,40.001281,-104.998995
2026-06-26 10:36:11.727412,W005,40.000723,-104.999901
2026-06-26 10:46:11.727412,W006,40.001424,-104.998975
2026-06-26 10:56:11.727412,W001,40.001005,-104.99951
2026-06-26 11:20:26.164848,W003,40.001247,-104.999224
2026-06-26 11:30:26.164848,W004,40.001047,-104.99968
2026-06-26 11:40:26.164848,W005,40.000909,-104.999585
2026-06-26 11:50:26.164848,W006,40.000907,-104.999575
2026-06-26 12:00:26.164848,W001,40.001041,-104.998933
2026-06-26 12:10:26.164848,W002,40.001331,-104.998795
2026-06-26 12:20:26.164848,W003,40.000569,-104.999185
2026-06-26 12:41:07.316735,W004,40.000995,-105.000075
2026-06-26 12:51:07.316735,W005,40.000938,-104.9996
2026-06-26 13:01:07.316735,W006,40.000878,-104.999053
2026-06-26 13:11:07.316735,W001,40.001822,-104.999108
2026-06-26 13:21:07.316735,W002,40.001143,-104.999634
2026-06-26 13:31:07.316735,W003,40.001635,-104.999363
2026-06-26 13:41:07.316735,W004,40.000985,-105.000108
2026-06-26 13:51:07.316735,W005,40.000933,-104.999573
2026-06-26 14:01:07.316735,W006,40.001379,-104.999324
2026-06-26 14:21:18.277919,W005,40.001336,-105.000168
2026-06-26 14:31:18.277919,W006,40.001691,-104.998917
2026-06-26 14:41:18.277919,W001,40.001465,-104.999202
2026-06-26 14:51:18.277919,W002,40.001484,-104.99982
2026-06-26 15:01:18.277919,W003,40.000988,-104.999087
2026-06-26 15:11:18.277919,W004,40.000701,-104.999505
2026-06-26 15:38:07.031611,W006,40.001201,-104.998984
2026-06-26 15:48:07.031611,W001,40.000697,-104.999334
2026-06-26 15:58:07.031611,W002,40.000653,-104.999417
2026-06-26 16:08:07.031611,W003,40.000986,-104.999466
2026-06-26 16:18:07.031611,W004,40.001107,-104.998764
2026-06-26 16:28:07.031611,W005,40.00066,-104.999139
2026-06-26 16:38:07.031611,W006,40.001334,-104.999722
2026-06-26 16:58:05.384511,W001,40.000703,-104.999702
2026-06-26 17:08:05.384511,W002,40.001017,-105.000542
2026-06-26 17:18:05.384511,W003,40.000863,-104.999981
2026-06-26 17:28:05.384511,W004,40.000871,-104.999304
2026-06-26 17:38:05.384511,W005,40.001125,-104.99915
2026-06-26 17:48:05.384511,W006,40.000857,-104.999403
2026-06-26 17:58:05.384511,W001,40.001045,-104.999723
2026-06-26 18:08:05.384511,W002,40.001028,-104.999684
2026-06-26 07:00:00.000000,W002,39.998927,-104.9979
2026-06-26 07:10:00.000000,W003,39.998939,-104.999186
2026-06-26 07:20:00.000000,W004,39.999933,-104.999055
2026-06-26 07:30:00.000000,W005,39.999795,-104.999103
2026-06-26 07:40:00.000000,W006,39.999897,-104.999153
2026-06-26 07:50:00.000000,W001,39.999016,-104.999354
2026-06-26 08:00:00.000000,W002,39.999163,-104.998994
2026-06-26 08:25:20.543104,W003,39.999322,-104.998301
2026-06-26 08:35:20.543104,W004,39.999045,-104.998916
2026-06-26 08:45:20.543104,W005,39.999271,-104.998406
2026-06-26 08:55:20.543104,W006,39.999734,-104.998726
2026-06-26 09:05:20.543104,W001,39.999425,-104.998808
2026-06-26 09:33:03.884961,W004,39.999308,-104.998698
2026-06-26 09:43:03.884961,W005,39.998606,-104.999117
2026-06-26 09:53:03.884961,W006,39.999118,-104.998384
2026-06-26 10:03:03.884961,W001,39.99935,-104.999472
2026-06-26 10:13:03.884961,W002,39.999482,-104.998467
2026-06-26 10:36:07.780056,W005,39.999249,-104.999438
2026-06-26 10:46:07.780056,W006,39.999995,-104.998969
2026-06-26 10:56:07.780056,W001,39.999317,-104.998695
2026-06-26 11:06:07.780056,W002,39.998974,-104.999097
2026-06-26 11:35:06.296470,W006,39.999402,-104.998458
2026-06-26 11:45:06.296470,W001,40.000131,-104.998551
2026-06-26 11:55:06.296470,W002,39.99929,-104.998476
2026-06-26 12:05:06.296470,W003,39.998451,-104.998957
2026-06-26 12:15:06.296470,W004,39.999448,-104.998751
2026-06-26 12:45:28.791554,W001,39.998805,-104.999394
2026-06-26 12:55:28.791554,W002,39.999362,-104.998522
2026-06-26 13:05:28.791554,W003,39.999068,-104.999231
2026-06-26 13:15:28.791554,W004,39.998656,-104.998773
2026-06-26 13:25:28.791554,W005,39.99899,-104.999371
2026-06-26 13:35:28.791554,W006,39.999002,-104.998134
2026-06-26 14:02:55.822469,W002,39.999139,-104.999049
2026-06-26 14:12:55.822469,W003,39.999093,-104.998442
2026-06-26 14:22:55.822469,W004,39.999212,-104.998528
2026-06-26 14:32:55.822469,W005,39.998587,-104.99856
2026-06-26 14:42:55.822469,W006,39.999209,-104.999294
2026-06-26 07:00:00.000000,W003,39.999881,-105.00106
2026-06-26 07:10:00.000000,W004,40.000515,-105.000718
2026-06-26 07:20:00.000000,W005,40.000184,-105.000776
2026-06-26 07:30:00.000000,W006,39.999956,-105.001274
2026-06-26 07:40:00.000000,W001,40.000728,-105.000829
2026-06-26 07:50:00.000000,W002,39.999998,-105.00086
2026-06-26 08:13:59.345963,W004,40.000371,-105.00091
2026-06-26 08:23:59.345963,W005,40.000087,-105.001747
2026-06-26 08:33:59.345963,W006,40.000372,-105.00123
2026-06-26 08:43:59.345963,W001,40.001546,-105.000538
2026-06-26 09:09:50.009767,W005,40.000449,-105.001515
2026-06-26 09:19:50.009767,W006,40.001207,-105.000743
2026-06-26 09:29:50.009767,W001,40.000346,-105.001298
2026-06-26 09:39:50.009767,W002,40.000445,-105.001018
2026-06-26 09:49:50.009767,W003,40.000819,-105.001372
2026-06-26 10:13:13.097753,W006,40.000426,-105.001206
2026-06-26 10:23:13.097753,W001,40.000297,-105.000768
2026-06-26 10:33:13.097753,W002,40.000371,-105.00176
2026-06-26 10:56:42.697753,W001,40.00108,-105.001195
2026-06-26 11:06:42.697753,W002,40.001081,-105.000912
2026-06-26 11:16:42.697753,W003,40.000611,-105.000475
2026-06-26 11:41:57.854515,W002,40.000699,-105.001571
2026-06-26 11:51:57.854515,W003,40.00084,-105.001802
2026-06-26 12:01:57.854515,W004,40.000565,-105.000751
2026-06-26 12:28:47.774002,W003,40.000563,-105.000862
2026-06-26 12:38:47.774002,W004,40.00025,-105.000841
2026-06-26 12:48:47.774002,W005,39.999867,-105.000749
2026-06-26 12:58:47.774002,W006,40.000919,-105.000587
2026-06-26 13:08:47.774002,W001,40.000596,-105.001253
2026-06-26 13:18:47.774002,W002,40.000847,-105.001035
2026-06-26 13:28:47.774002,W003,39.99977,-105.001766
2026-06-26 14:01:47.737671,W004,40.001091,-105.001072
2026-06-26 14:11:47.737671,W005,40.000357,-105.001165
2026-06-26 14:21:47.737671,W006,40.000566,-105.001191
2026-06-26 14:31:47.737671,W001,40.000116,-105.001511
2026-06-26 14:41:47.737671,W002,40.000443,-105.000653
2026-06-26 14:51:47.737671,W003,40.000846,-105.001586
2026-06-26 07:00:00.000000,W005,39.999657,-104.999816
2026-06-26 07:10:00.000000,W006,40.000623,-105.000103
2026-06-26 07:20:00.000000,W001,39.999713,-105.000422
2026-06-26 07:30:00.000000,W002,40.000027,-105.00026
2026-06-26 07:40:00.000000,W003,40.000609,-104.999926
2026-06-26 08:08:15.435747,W006,39.999686,-105.000342
2026-06-26 08:18:15.435747,W001,40.000638,-105.000594
2026-06-26 08:28:15.435747,W002,40.000502,-105.000067
2026-06-26 08:38:15.435747,W003,39.999228,-105.000079
2026-06-26 08:48:15.435747,W004,40.000538,-104.999823
2026-06-26 09:13:56.420736,W001,40.000554,-104.999753
2026-06-26 09:23:56.420736,W002,40.000511,-105.000456
2026-06-26 09:33:56.420736,W003,40.000354,-105.000354
2026-06-26 09:43:56.420736,W004,39.999737,-105.000277
2026-06-26 10:06:09.502794,W002,39.999748,-105.00007
2026-06-26 10:16:09.502794,W003,39.999829,-105.000752
2026-06-26 10:26:09.502794,W004,39.999372,-104.999608
2026-06-26 10:36:09.502794,W005,40.000091,-105.000062
2026-06-26 10:46:09.502794,W006,40.00032,-105.000324
2026-06-26 10:56:09.502794,W001,39.999621,-105.000384
2026-06-26 11:18:41.370419,W003,40.00096,-105.000451
2026-06-26 11:28:41.370419,W004,40.000341,-105.000545
2026-06-26 11:38:41.370419,W005,40.000115,-104.999892
2026-06-26 11:48:41.370419,W006,39.999628,-104.99999
2026-06-26 11:58:41.370419,W001,39.999766,-105.000372
2026-06-26 12:08:41.370419,W002,40.000132,-104.999376
2026-06-26 12:31:11.425320,W004,39.999603,-105.000165
2026-06-26 12:41:11.425320,W005,40.000498,-104.999023
2026-06-26 12:51:11.425320,W006,39.999582,-104.999673
2026-06-26 13:01:11.425320,W001,39.999838,-104.999721
2026-06-26 13:25:24.543079,W005,39.99959,-104.999367
2026-06-26 13:35:24.543079,W006,40.00064,-105.000082
2026-06-26 13:45:24.543079,W001,39.999412,-104.99981
2026-06-26 13:55:24.543079,W002,39.999779,-104.999845
2026-06-26 14:05:24.543079,W003,40.000664,-105.000011
2026-06-26 14:15:24.543079,W004,40.000196,-104.999515
2026-06-26 14:25:24.543079,W005,40.000525,-104.999826
2026-06-26 07:00:00.000000,W006,40.001529,-104.998843
2026-06-26 07:10:00.000000,W001,40.00105,-105.000021
2026-06-26 07:20:00.000000,W002,40.001004,-104.999505
2026-06-26 07:30:00.000000,W003,40.002031,-104.999493
2026-06-26 07:40:00.000000,W004,40.000412,-104.999514
2026-06-26 08:10:22.945779,W001,40.000922,-104.998598
2026-06-26 08:20:22.945779,W002,40.001015,-104.999516
2026-06-26 08:30:22.945779,W003,40.001465,-104.999347
2026-06-26 08:40:22.945779,W004,40.001762,-104.99852
2026-06-26 09:08:06.664561,W002,40.00081,-104.999755
2026-06-26 09:18:06.664561,W003,40.000552,-104.99958
2026-06-26 09:28:06.664561,W004,40.001255,-104.999924
2026-06-26 09:38:06.664561,W005,40.001528,-104.999487
2026-06-26 09:48:06.664561,W006,40.00105,-104.999698
2026-06-26 09:58:06.664561,W001,40.000795,-104.999979
2026-06-26 10:20:20.992645,W003,40.00101,-104.999724
2026-06-26 10:30:20.992645,W004,40.001149,-104.999133
2026-06-26 10:40:20.992645,W005,40.000804,-105.000051
2026-06-26 10:50:20.992645,W006,40.001355,-105.000033
2026-06-26 11:13:27.187452,W004,40.001547,-104.999047
2026-06-26 11:23:27.187452,W005,40.002047,-104.99862
2026-06-26 11:33:27.187452,W006,40.001339,-105.000086
2026-06-26 11:43:27.187452,W001,40.001174,-104.999037
2026-06-26 11:53:27.187452,W002,40.000809,-104.999153
2026-06-26 12:03:27.187452,W003,40.001113,-104.998971
2026-06-26 12:13:27.187452,W004,40.000897,-104.99991
2026-06-26 12:36:01.716097,W005,40.001253,-104.999219
2026-06-26 12:46:01.716097,W006,40.00111,-104.999844
2026-06-26 12:56:01.716097,W001,40.000946,-105.000003
2026-06-26 13:06:01.716097,W002,40.001451,-104.999741
2026-06-26 13:16:01.716097,W003,40.000863,-104.999243
2026-06-26 13:26:01.716097,W004,40.000802,-104.998614
2026-06-26 13:36:01.716097,W005,40.000463,-104.999392
2026-06-26 13:46:01.716097,W006,40.001104,-105.000266
2026-06-26 13:56:01.716097,W001,40.000501,-104.999393
2026-06-26 07:00:00.000000,W006,39.999396,-104.998811
2026-06-26 07:10:00.000000,W001,39.999638,-104.999377
2026-06-26 07:20:00.000000,W002,39.998773,-104.998755
2026-06-26 07:30:00.000000,W003,39.999266,-104.998823
2026-06-26 08:03:50.999177,W001,39.998842,-104.999049
2026-06-26 08:13:50.999177,W002,39.999737,-104.998891
2026-06-26 08:23:50.999177,W003,39.999849,-104.998829
2026-06-26 08:33:50.999177,W004,39.999255,-104.998684
2026-06-26 08:43:50.999177,W005,39.999527,-104.998796
2026-06-26 08:53:50.999177,W006,39.999,-104.998553
2026-06-26 09:03:50.999177,W001,39.999462,-104.998512
2026-06-26 09:13:50.999177,W002,39.998898,-104.998856
2026-06-26 09:23:50.999177,W003,39.998856,-104.999221
2026-06-26 09:33:50.999177,W004,39.999482,-104.998722
2026-06-26 09:59:38.469847,W002,39.99903,-104.998608
2026-06-26 10:09:38.469847,W003,39.998829,-104.998877
2026-06-26 10:19:38.469847,W004,39.999099,-104.998638
2026-06-26 10:29:38.469847,W005,39.998824,-104.99895
2026-06-26 10:39:38.469847,W006,39.999061,-104.998731
2026-06-26 11:12:49.195811,W003,39.999118,-104.998512
2026-06-26 11:22:49.195811,W004,39.999379,-104.998891
2026-06-26 11:32:49.195811,W005,39.999483,-104.998087
2026-06-26 11:42:49.195811,W006,39.999558,-104.999046
2026-06-26 11:52:49.195811,W001,39.998999,-104.99935
2026-06-26 12:18:23.003161,W004,39.998618,-104.998233
2026-06-26 12:28:23.003161,W005,39.998994,-104.999173
2026-06-26 12:38:23.003161,W006,39.999246,-104.999664
2026-06-26 12:48:23.003161,W001,40.000136,-104.998785
2026-06-26 12:58:23.003161,W002,39.999447,-104.998923
2026-06-26 13:26:12.753837,W005,39.998552,-104.999058
2026-06-26 13:36:12.753837,W006,39.998659,-104.999941
2026-06-26 13:46:12.753837,W001,39.999299,-104.999174
2026-06-26 13:56:12.753837,W002,39.999559,-104.998379
2026-06-26 14:20:16.072292,W006,39.999187,-104.99879
2026-06-26 14:30:16.072292,W001,39.999837,-104.998817
2026-06-26 14:40:16.072292,W002,39.998848,-104.998999
2026-06-26 14:50:16.072292,W003,39.999334,-104.998739
2026-06-26 15:00:16.072292,W004,39.998862,-104.99948
2026-06-26 15:27:34.520802,W001,39.999478,-104.998838
2026-06-26 15:37:34.520802,W002,39.999017,-104.998168
2026-06-26 15:47:34.520802,W003,39.998674,-104.999229
2026-06-26 15:57:34.520802,W004,39.999147,-104.998264
2026-06-26 07:00:00.000000,W002,39.999924,-105.001402
2026-06-26 07:10:00.000000,W003,40.001308,-105.000787
2026-06-26 07:20:00.000000,W004,40.000402,-105.000806
2026-06-26 07:30:00.000000,W005,40.0004,-105.001135
2026-06-26 07:55:51.670972,W003,40.001089,-105.001328
2026-06-26 08:05:51.670972,W004,40.001071,-105.00095
2026-06-26 08:15:51.670972,W005,40.001512,-105.000697
2026-06-26 08:25:51.670972,W006,40.000465,-105.000593
2026-06-26 08:35:51.670972,W001,40.001176,-105.001488
2026-06-26 08:45:51.670972,W002,40.000738,-105.000478
2026-06-26 09:16:26.653592,W004,40.000071,-105.002065
2026-06-26 09:26:26.653592,W005,40.000371,-105.000707
2026-06-26 09:36:26.653592,W006,40.000086,-105.001536
2026-06-26 09:46:26.653592,W001,40.000285,-105.001521
2026-06-26 10:11:52.912465,W005,39.999873,-105.000896
2026-06-26 10:21:52.912465,W006,40.000388,-105.001049
2026-06-26 10:31:52.912465,W001,40.00019,-105.001509
2026-06-26 10:54:15.882176,W006,40.000411,-105.001323
2026-06-26 11:04:15.882176,W001,40.000189,-105.000964
2026-06-26 11:14:15.882176,W002,40.00032,-105.000957
2026-06-26 11:24:15.882176,W003,40.000202,-105.000274
2026-06-26 11:34:15.882176,W004,40.000402,-105.000867
2026-06-26 12:01:44.268712,W001,40.00076,-105.001359
2026-06-26 12:11:44.268712,W002,40.000213,-105.000994
2026-06-26 12:21:44.268712,W003,40.000104,-105.001601
2026-06-26 12:31:44.268712,W004,40.000297,-105.000818
2026-06-26 12:41:44.268712,W005,40.000593,-105.000418
2026-06-26 12:51:44.268712,W006,40.000601,-105.001388
2026-06-26 13:01:44.268712,W001,40.000611,-105.001021
2026-06-26 13:20:56.613084,W002,39.999689,-105.001087
2026-06-26 13:30:56.613084,W003,40.000949,-105.001176
2026-06-26 13:40:56.613084,W004,40.000529,-105.001254
2026-06-26 13:50:56.613084,W005,40.000623,-105.001546
2026-06-27 07:00:00.000000,W003,40.0,-105.000549
2026-06-27 07:10:00.000000,W004,40.000393,-104.999427
2026-06-27 07:20:00.000000,W005,39.999658,-105.000163
2026-06-27 07:30:00.000000,W006,39.999789,-105.000367
2026-06-27 07:40:00.000000,W001,39.999739,-104.999318
2026-06-27 08:05:02.070265,W004,39.999837,-105.000528
2026-06-27 08:15:02.070265,W005,39.999634,-104.999912
2026-06-27 08:25:02.070265,W006,39.999545,-104.999438
2026-06-27 08:45:50.239556,W005,40.000725,-104.999249
2026-06-27 08:55:50.239556,W006,39.99955,-105.000373
2026-06-27 09:05:50.239556,W001,39.999266,-104.99978
2026-06-27 09:15:50.239556,W002,39.999601,-105.000344
2026-06-27 09:25:50.239556,W003,39.999965,-104.999717
2026-06-27 09:35:50.239556,W004,40.000067,-105.000099
2026-06-27 09:56:10.216763,W006,40.000283,-105.000367
2026-06-27 10:06:10.216763,W001,39.999503,-104.999137
2026-06-27 10:16:10.216763,W002,39.999638,-105.000469
2026-06-27 10:26:10.216763,W003,40.000188,-104.999692
2026-06-27 10:36:10.216763,W004,39.999218,-105.000881
2026-06-27 10:46:10.216763,W005,39.999339,-105.000109
2026-06-27 11:06:20.845990,W001,40.000792,-105.000019
2026-06-27 11:16:20.845990,W002,40.00011,-105.000456
2026-06-27 11:26:20.845990,W003,40.000216,-104.999546
2026-06-27 11:36:20.845990,W004,39.999678,-104.999886
2026-06-27 11:46:20.845990,W005,39.999762,-104.999732
2026-06-27 12:13:46.488221,W002,40.000051,-105.000358
2026-06-27 12:23:46.488221,W003,39.999673,-104.999855
2026-06-27 12:33:46.488221,W004,39.999118,-104.999952
2026-06-27 12:43:46.488221,W005,39.99963,-105.000457
2026-06-27 07:00:00.000000,W003,40.000756,-104.999268
2026-06-27 07:10:00.000000,W004,40.001294,-104.999275
2026-06-27 07:20:00.000000,W005,40.000859,-104.999352
2026-06-27 07:30:00.000000,W006,40.000957,-104.999278
2026-06-27 07:40:00.000000,W001,40.000594,-104.999696
2026-06-27 07:50:00.000000,W002,40.000603,-104.999346
2026-06-27 08:00:00.000000,W003,40.000127,-104.999484
2026-06-27 08:10:00.000000,W004,40.000859,-104.999735
2026-06-27 08:20:00.000000,W005,40.00052,-104.999446
2026-06-27 08:30:00.000000,W006,40.001563,-104.999121
2026-06-27 08:54:26.008094,W004,40.000342,-104.99877
2026-06-27 09:04:26.008094,W005,40.001049,-104.999901
2026-06-27 09:14:26.008094,W006,40.000693,-104.999693
2026-06-27 09:24:26.008094,W001,40.001228,-104.999609
2026-06-27 09:34:26.008094,W002,40.00121,-104.999569
2026-06-27 09:44:26.008094,W003,40.000968,-105.000135
2026-06-27 09:54:26.008094,W004,40.000836,-104.999805
2026-06-27 10:17:33.740715,W005,40.001041,-104.999752
2026-06-27 10:27:33.740715,W006,40.000799,-104.998919
2026-06-27 10:37:33.740715,W001,40.001035,-104.999752
2026-06-27 10:47:33.740715,W002,40.000658,-104.999548
2026-06-27 10:57:33.740715,W003,40.001436,-104.999703
2026-06-27 11:07:33.740715,W004,40.001279,-104.999558
2026-06-27 11:17:33.740715,W005,40.00109,-104.999065
2026-06-27 11:27:33.740715,W006,40.001114,-104.999051
2026-06-27 11:37:33.740715,W001,40.000968,-104.999474
2026-06-27 11:47:33.740715,W002,40.000615,-104.999576
2026-06-27 11:57:33.740715,W003,40.000598,-104.99963
2026-06-27 12:07:33.740715,W004,40.000796,-104.999009
2026-06-27 12:17:33.740715,W005,40.000642,-104.99995
2026-06-27 12:48:32.166086,W006,40.001528,-104.99954
2026-06-27 12:58:32.166086,W001,40.001473,-104.999381
2026-06-27 13:08:32.166086,W002,40.001361,-104.99992
2026-06-27 13:18:32.166086,W003,40.001489,-105.000259
2026-06-27 13:28:32.166086,W004,40.00099,-104.999646
2026-06-27 13:53:07.598954,W001,40.001925,-104.999559
2026-06-27 14:03:07.598954,W002,40.000739,-104.999074
2026-06-27 14:13:07.598954,W003,40.001445,-104.999808
2026-06-27 14:23:07.598954,W004,40.00131,-104.999403
2026-06-27 14:33:07.598954,W005,40.000597,-104.998848
2026-06-27 14:43:07.598954,W006,40.001425,-104.999263
2026-06-27 15:14:29.624191,W002,40.001139,-104.999263
2026-06-27 15:24:29.624191,W003,40.000802,-104.999261
2026-06-27 15:34:29.624191,W004,40.001322,-104.999263
2026-06-27 15:44:29.624191,W005,40.00145,-104.998821
2026-06-27 15:54:29.624191,W006,40.00139,-104.999763
2026-06-27 16:04:29.624191,W001,40.000549,-104.999925
2026-06-27 16:14:29.624191,W002,40.000746,-105.000262
2026-06-27 16:42:53.645739,W003,40.000911,-104.999378
2026-06-27 16:52:53.645739,W004,40.001123,-104.99937
2026-06-27 17:02:53.645739,W005,40.000801,-105.000504
2026-06-27 17:12:53.645739,W006,40.001626,-104.998978
2026-06-27 17:22:53.645739,W001,40.001139,-104.999392
2026-06-27 17:32:53.645739,W002,40.000346,-104.999559
2026-06-27 17:42:53.645739,W003,40.000962,-104.999495
2026-06-27 17:52:53.645739,W004,40.001137,-104.999614
2026-06-27 18:02:53.645739,W005,40.001095,-104.999739
2026-06-27 18:12:53.645739,W006,40.001355,-104.999278
2026-06-27 18:22:53.645739,W001,40.001061,-104.999036
2026-06-27 18:32:53.645739,W002,40.001574,-104.999408
2026-06-27 07:00:00.000000,W004,39.999293,-104.998321
2026-06-27 07:10:00.000000,W005,39.998958,-104.99798
2026-06-27 07:20:00.000000,W006,39.99947,-104.999631
2026-06-27 07:30:00.000000,W001,39.998898,-104.998442
2026-06-27 07:40:00.000000,W002,39.999386,-104.998709
2026-06-27 08:09:20.427386,W005,39.998791,-104.999148
2026-06-27 08:19:20.427386,W006,39.999198,-104.998412
2026-06-27 08:29:20.427386,W001,39.999375,-104.998648
2026-06-27 08:39:20.427386,W002,39.99965,-104.998707
2026-06-27 08:49:20.427386,W003,40.000219,-104.998965
2026-06-27 08:59:20.427386,W004,39.999178,-104.998824
2026-06-27 09:09:20.427386,W005,39.999377,-104.999143
2026-06-27 09:33:39.049815,W006,39.999707,-104.999459
2026-06-27 09:43:39.049815,W001,39.998976,-104.998681
2026-06-27 09:53:39.049815,W002,39.998726,-104.99853
2026-06-27 10:18:52.264303,W001,39.999478,-104.998808
2026-06-27 10:28:52.264303,W002,39.999875,-104.998737
2026-06-27 10:38:52.264303,W003,39.999416,-104.998674
2026-06-27 10:48:52.264303,W004,39.998743,-104.999273
2026-06-27 10:58:52.264303,W005,39.999002,-104.998859
2026-06-27 11:22:12.346701,W002,39.998798,-104.998188
2026-06-27 11:32:12.346701,W003,39.999858,-104.998459
2026-06-27 11:42:12.346701,W004,39.999093,-104.999228
2026-06-27 11:52:12.346701,W005,39.998533,-104.998948
2026-06-27 12:02:12.346701,W006,39.99936,-104.998492
2026-06-27 12:12:12.346701,W001,39.999547,-104.998791
2026-06-27 07:00:00.000000,W003,40.000604,-105.001171
2026-06-27 07:10:00.000000,W004,40.000641,-105.001282
2026-06-27 07:20:00.000000,W005,40.000954,-105.000849
2026-06-27 07:43:28.938217,W004,40.000435,-105.000736
2026-06-27 07:53:28.938217,W005,40.000608,-105.000908
2026-06-27 08:03:28.938217,W006,40.000905,-105.001436
2026-06-27 08:13:28.938217,W001,40.000275,-105.001309
2026-06-27 08:44:22.593857,W005,40.000359,-105.000407
2026-06-27 08:54:22.593857,W006,40.000795,-105.001353
2026-06-27 09:04:22.593857,W001,40.000144,-105.000555
2026-06-27 09:14:22.593857,W002,40.000121,-105.001052
2026-06-27 09:24:22.593857,W003,40.000182,-105.000483
2026-06-27 09:34:22.593857,W004,40.000219,-105.00119
2026-06-27 09:44:22.593857,W005,40.001056,-105.000708
2026-06-27 10:09:55.757493,W006,40.000153,-105.001476
2026-06-27 10:19:55.757493,W001,40.00093,-105.001358
2026-06-27 10:29:55.757493,W002,40.001035,-105.000536
2026-06-27 10:39:55.757493,W003,40.001431,-105.000206
2026-06-27 10:49:55.757493,W004,40.00058,-105.000981
2026-06-27 10:59:55.757493,W005,40.000199,-105.001252
2026-06-27 11:09:55.757493,W006,40.00047,-105.001776
2026-06-27 11:19:55.757493,W001,40.001097,-105.000999
2026-06-27 11:29:55.757493,W002,40.000955,-105.000832
2026-06-27 11:53:20.644895,W001,40.000312,-105.001611
2026-06-27 12:03:20.644895,W002,40.000403,-105.000676
2026-06-27 12:13:20.644895,W003,39.999832,-105.000869
2026-06-27 12:23:20.644895,W004,40.000338,-105.001358
2026-06-27 07:00:00.000000,W002,39.999923,-105.000321
2026-06-27 07:10:00.000000,W003,39.999602,-104.999894
2026-06-27 07:20:00.000000,W004,40.00015,-104.999677
2026-06-27 07:30:00.000000,W005,39.999909,-104.99984
2026-06-27 07:46:57.426210,W003,40.000792,-105.000195
2026-06-27 07:56:57.426210,W004,39.999773,-104.999867
2026-06-27 08:06:57.426210,W005,40.000116,-104.999939
2026-06-27 08:16:57.426210,W006,39.999999,-104.999987
2026-06-27 08:26:57.426210,W001,40.000218,-105.00053
2026-06-27 08:59:15.488103,W004,39.99914,-105.000211
2026-06-27 09:09:15.488103,W005,40.000036,-104.999151
2026-06-27 09:19:15.488103,W006,39.9999,-105.00032
2026-06-27 09:46:57.445115,W005,40.00039,-105.000272
2026-06-27 09:56:57.445115,W006,40.000179,-104.99971
2026-06-27 10:06:57.445115,W001,39.999873,-105.001027
2026-06-27 10:16:57.445115,W002,40.000294,-104.999989
2026-06-27 10:43:51.151925,W006,39.999335,-105.000106
2026-06-27 10:53:51.151925,W001,40.000176,-105.000074
2026-06-27 11:16:13.299192,W001,39.99946,-104.99989
2026-06-27 11:26:13.299192,W002,39.999532,-104.999067
2026-06-27 11:36:13.299192,W003,40.000279,-105.000155
2026-06-27 11:46:13.299192,W004,40.000033,-104.999903
2026-06-27 11:56:13.299192,W005,39.999971,-105.000165
2026-06-27 12:24:07.388015,W002,40.000117,-105.000488
2026-06-27 12:34:07.388015,W003,39.999709,-105.000056
2026-06-27 12:44:07.388015,W004,40.000262,-104.999249
2026-06-27 07:00:00.000000,W003,40.000476,-104.999714
2026-06-27 07:10:00.000000,W004,40.000886,-104.999341
2026-06-27 07:20:00.000000,W005,40.000832,-104.9993
2026-06-27 07:30:00.000000,W006,40.001228,-104.999376
2026-06-27 07:40:00.000000,W001,40.001402,-104.999699
2026-06-27 07:50:00.000000,W002,40.000735,-104.998994
2026-06-27 08:00:00.000000,W003,40.0014,-104.999649
2026-06-27 08:18:04.738837,W004,40.001395,-104.998915
2026-06-27 08:28:04.738837,W005,40.000362,-104.999407
2026-06-27 08:38:04.738837,W006,40.001203,-104.999764
2026-06-27 08:48:04.738837,W001,40.000389,-104.999909
2026-06-27 08:58:04.738837,W002,40.001447,-104.999885
2026-06-27 09:08:04.738837,W003,40.000775,-104.999552
2026-06-27 09:18:04.738837,W004,40.001266,-104.99977
2026-06-27 09:28:04.738837,W005,40.001306,-104.999382
2026-06-27 09:38:04.738837,W006,40.001121,-105.000535
2026-06-27 10:04:32.356574,W005,40.000975,-104.999746
2026-06-27 10:14:32.356574,W006,40.001459,-104.999308
2026-06-27 10:24:32.356574,W001,40.001328,-104.999703
2026-06-27 10:34:32.356574,W002,40.000305,-105.000244
2026-06-27 10:44:32.356574,W003,40.000898,-104.999273
2026-06-27 10:54:32.356574,W004,40.000048,-104.999993
2026-06-27 11:04:32.356574,W005,40.001195,-104.998727
2026-06-27 11:14:32.356574,W006,40.000818,-104.99988
2026-06-27 11:39:02.151545,W006,40.000885,-105.00026
2026-06-27 11:49:02.151545,W001,40.001148,-104.999961
2026-06-27 11:59:02.151545,W002,40.000713,-104.998936
2026-06-27 12:09:02.151545,W003,40.000881,-104.998782
2026-06-27 12:19:02.151545,W004,40.000994,-104.999546
2026-06-27 12:29:02.151545,W005,40.000892,-104.999866
2026-06-27 07:00:00.000000,W001,39.998819,-104.998352
2026-06-27 07:10:00.000000,W002,39.998693,-104.998278
2026-06-27 07:20:00.000000,W003,39.99825,-104.99907
2026-06-27 07:30:00.000000,W004,39.998751,-104.998792
2026-06-27 07:40:00.000000,W005,39.998752,-104.998755
2026-06-27 07:50:00.000000,W006,39.999619,-104.998483
2026-06-27 08:00:00.000000,W001,39.999038,-104.999034
2026-06-27 08:23:50.227170,W002,39.999063,-104.99912
2026-06-27 08:33:50.227170,W003,39.999279,-104.999623
2026-06-27 08:43:50.227170,W004,39.998644,-104.998679
2026-06-27 08:53:50.227170,W005,40.000132,-104.998807
2026-06-27 09:26:45.646028,W003,39.999356,-104.999104
2026-06-27 09:36:45.646028,W004,39.99932,-104.998515
2026-06-27 09:46:45.646028,W005,39.999352,-104.998754
2026-06-27 09:56:45.646028,W006,39.998674,-104.998492
2026-06-27 10:06:45.646028,W001,39.99953,-104.998694
2026-06-27 10:26:21.242193,W004,39.99921,-104.998418
2026-06-27 10:36:21.242193,W005,39.999576,-104.998409
2026-06-27 10:46:21.242193,W006,40.000247,-104.999012
2026-06-27 11:05:39.306477,W005,39.999355,-104.998867
2026-06-27 11:15:39.306477,W006,39.998818,-104.998635
2026-06-27 11:25:39.306477,W001,39.999292,-104.999464
2026-06-27 11:35:39.306477,W002,39.999292,-104.998297
2026-06-27 11:45:39.306477,W003,39.999186,-104.998783
2026-06-27 12:10:52.232589,W006,39.998947,-104.998209
2026-06-27 12:20:52.232589,W001,39.999587,-104.998901
2026-06-27 12:30:52.232589,W002,39.999169,-104.998607
2026-06-27 12:40:52.232589,W003,39.99925,-104.998887
2026-06-27 12:50:52.232589,W004,39.999177,-104.999582
2026-06-27 13:00:52.232589,W005,39.9992,-104.998808
2026-06-27 13:10:52.232589,W006,39.999017,-104.998585
2026-06-27 13:20:52.232589,W001,39.999892,-104.998456
2026-06-27 13:46:10.838773,W001,39.99964,-104.998976
2026-06-27 13:56:10.838773,W002,39.999187,-104.999131
2026-06-27 14:06:10.838773,W003,39.999342,-104.999383
2026-06-27 14:16:10.838773,W004,39.99917,-104.999385
2026-06-27 14:26:10.838773,W005,39.999077,-104.998335
2026-06-27 14:36:10.838773,W006,39.999031,-104.998342
2026-06-27 07:00:00.000000,W002,40.000367,-105.001049
2026-06-27 07:10:00.000000,W003,40.000942,-105.001207
2026-06-27 07:20:00.000000,W004,40.000804,-105.001037
2026-06-27 07:30:00.000000,W005,40.000766,-105.000672
2026-06-27 07:58:16.258696,W003,40.001177,-105.00166
2026-06-27 08:08:16.258696,W004,40.000694,-105.001348
2026-06-27 08:18:16.258696,W005,40.000897,-105.000841
2026-06-27 08:47:44.703621,W004,40.000485,-105.000468
2026-06-27 08:57:44.703621,W005,40.001298,-105.000492
2026-06-27 09:07:44.703621,W006,40.000364,-105.001091
2026-06-27 09:17:44.703621,W001,40.000723,-105.001311
2026-06-27 09:37:05.853019,W005,40.000902,-105.000404
2026-06-27 09:47:05.853019,W006,40.000378,-105.00045
2026-06-27 09:57:05.853019,W001,40.000928,-105.001048
2026-06-27 10:07:05.853019,W002,40.000367,-105.00106
2026-06-27 10:17:05.853019,W003,40.000739,-105.000698
2026-06-27 10:27:05.853019,W004,40.001206,-105.000711
2026-06-27 10:47:33.163799,W006,40.000798,-105.00113
2026-06-27 10:57:33.163799,W001,39.999856,-105.000279
2026-06-27 11:07:33.163799,W002,40.000711,-105.000855
2026-06-27 11:17:33.163799,W003,40.000522,-105.001162
2026-06-27 11:27:33.163799,W004,40.001265,-105.000854
2026-06-27 11:37:33.163799,W005,40.000291,-105.000504
2026-06-27 11:47:33.163799,W006,40.000398,-105.000888
2026-06-28 07:00:00.000000,W001,40.000536,-105.000025
2026-06-28 07:10:00.000000,W002,40.000298,-104.9999
2026-06-28 07:20:00.000000,W003,39.999651,-104.999518
2026-06-28 07:30:00.000000,W004,39.999565,-104.999606
2026-06-28 07:40:00.000000,W005,39.99946,-105.000797
2026-06-28 07:50:00.000000,W006,40.00045,-104.999447
2026-06-28 08:13:32.224243,W002,40.000361,-104.999939
2026-06-28 08:23:32.224243,W003,39.999841,-104.999815
2026-06-28 08:33:32.224243,W004,39.999595,-104.999721
2026-06-28 08:43:32.224243,W005,39.99985,-105.000177
2026-06-28 09:16:09.529947,W003,40.000176,-104.999577
2026-06-28 09:26:09.529947,W004,40.00064,-104.999642
2026-06-28 09:36:09.529947,W005,39.999976,-105.000246
2026-06-28 09:46:09.529947,W006,39.999679,-105.000456
2026-06-28 09:56:09.529947,W001,39.999618,-105.000213
2026-06-28 10:06:09.529947,W002,39.999767,-104.999815
2026-06-28 10:26:13.636307,W004,40.00032,-104.999875
2026-06-28 10:36:13.636307,W005,39.999775,-104.999933
2026-06-28 10:46:13.636307,W006,39.999937,-105.000481
2026-06-28 10:56:13.636307,W001,40.000223,-104.999649
2026-06-28 11:06:13.636307,W002,40.000054,-105.000129
2026-06-28 11:16:13.636307,W003,39.999694,-105.00024
2026-06-28 11:26:13.636307,W004,40.000194,-105.000315
2026-06-28 11:50:35.400074,W005,40.000894,-105.00033
2026-06-28 12:00:35.400074,W006,40.000149,-104.999756
2026-06-28 12:10:35.400074,W001,39.999652,-105.00021
2026-06-28 12:20:35.400074,W002,39.999838,-104.999735
2026-06-28 12:36:11.089079,W006,40.000254,-105.000251
2026-06-28 12:46:11.089079,W001,40.000646,-104.999947
2026-06-28 12:56:11.089079,W002,40.000216,-105.000546
2026-06-28 13:06:11.089079,W003,39.999939,-105.000038
2026-06-28 13:16:11.089079,W004,39.999838,-105.000192
2026-06-28 13:26:11.089079,W005,40.000827,-105.000112
2026-06-28 13:36:11.089079,W006,40.000081,-104.998824
2026-06-28 07:00:00.000000,W001,40.000902,-104.999158
2026-06-28 07:10:00.000000,W002,40.001782,-104.999664
2026-06-28 07:20:00.000000,W003,40.000397,-104.999203
2026-06-28 07:30:00.000000,W004,40.001323,-104.998886
2026-06-28 07:40:00.000000,W005,40.001137,-104.999776
2026-06-28 07:50:00.000000,W006,40.0014,-104.999488
2026-06-28 08:00:00.000000,W001,40.00037,-104.999821
2026-06-28 08:10:00.000000,W002,40.000258,-104.999332
2026-06-28 08:20:00.000000,W003,40.000802,-104.999442
2026-06-28 08:30:00.000000,W004,40.00117,-104.999766
2026-06-28 08:40:00.000000,W005,40.000665,-104.999152
2026-06-28 09:05:26.557581,W002,40.000454,-105.000096
2026-06-28 09:15:26.557581,W003,40.001202,-105.000091
2026-06-28 09:25:26.557581,W004,39.999994,-104.999848
2026-06-28 09:35:26.557581,W005,40.00024,-104.998833
2026-06-28 09:45:26.557581,W006,40.001138,-104.999728
2026-06-28 09:55:26.557581,W001,40.000277,-105.00023
2026-06-28 10:05:26.557581,W002,40.000676,-104.999998
2026-06-28 10:15:26.557581,W003,40.00092,-105.000608
2026-06-28 10:25:26.557581,W004,40.000674,-104.999608
2026-06-28 10:35:26.557581,W005,40.000196,-104.998959
2026-06-28 10:45:26.557581,W006,40.001101,-104.999397
2026-06-28 10:55:26.557581,W001,40.001217,-104.999755
2026-06-28 11:05:26.557581,W002,40.001435,-104.999427
2026-06-28 11:23:40.973979,W003,40.001022,-104.999824
2026-06-28 11:33:40.973979,W004,40.001299,-104.999552
2026-06-28 11:43:40.973979,W005,40.000883,-105.000015
2026-06-28 11:53:40.973979,W006,40.000824,-104.999759
2026-06-28 12:03:40.973979,W001,40.000889,-104.999325
2026-06-28 12:13:40.973979,W002,40.000635,-104.99895
2026-06-28 12:23:40.973979,W003,40.001743,-104.999964
2026-06-28 12:33:40.973979,W004,40.000946,-105.000115
2026-06-28 12:43:40.973979,W005,40.001536,-104.999203
2026-06-28 12:53:40.973979,W006,40.001179,-104.999694
2026-06-28 13:03:40.973979,W001,40.001302,-104.999517
2026-06-28 13:33:51.916256,W004,40.000372,-104.999094
2026-06-28 13:43:51.916256,W005,40.000724,-104.999036
2026-06-28 13:53:51.916256,W006,40.001337,-104.99938
2026-06-28 14:03:51.916256,W001,40.000482,-105.000039
2026-06-28 14:13:51.916256,W002,40.001143,-104.999943
2026-06-28 14:23:51.916256,W003,40.001274,-104.999811
2026-06-28 14:33:51.916256,W004,40.00064,-104.999747
2026-06-28 14:43:51.916256,W005,40.001686,-104.998809
2026-06-28 14:53:51.916256,W006,40.000454,-104.9995
2026-06-28 15:17:08.714838,W005,40.00098,-104.999156
2026-06-28 15:27:08.714838,W006,40.000794,-104.999427
2026-06-28 15:37:08.714838,W001,40.000709,-104.999601
2026-06-28 15:47:08.714838,W002,40.001542,-105.000036
2026-06-28 15:57:08.714838,W003,40.001119,-104.99902
2026-06-28 16:07:08.714838,W004,40.000536,-104.999545
2026-06-28 16:17:08.714838,W005,40.000609,-104.999095
2026-06-28 16:27:08.714838,W006,40.000883,-104.999381
2026-06-28 16:37:08.714838,W001,40.000909,-104.999736
2026-06-28 16:47:08.714838,W002,40.001053,-104.998706
2026-06-28 16:57:08.714838,W003,40.000832,-104.999876
2026-06-28 17:07:08.714838,W004,40.000388,-104.998962
2026-06-28 17:17:08.714838,W005,40.001439,-104.99926
2026-06-28 17:27:08.714838,W006,40.001068,-104.999673
2026-06-28 17:37:08.714838,W001,40.001278,-104.99873
2026-06-28 17:47:08.714838,W002,40.001322,-104.999164
2026-06-28 07:00:00.000000,W006,39.99918,-104.998826
2026-06-28 07:10:00.000000,W001,39.998689,-104.998887
2026-06-28 07:20:00.000000,W002,39.99916,-104.998668
2026-06-28 07:30:00.000000,W003,39.998955,-104.999066
2026-06-28 07:40:00.000000,W004,39.999948,-104.998755
2026-06-28 07:50:00.000000,W005,39.999039,-104.998911
2026-06-28 08:00:00.000000,W006,39.999168,-104.998777
2026-06-28 08:24:10.912498,W001,39.999725,-104.999586
2026-06-28 08:34:10.912498,W002,39.998997,-104.999287
2026-06-28 08:44:10.912498,W003,39.998639,-104.998241
2026-06-28 08:54:10.912498,W004,39.999604,-104.999007
2026-06-28 09:16:31.886159,W002,39.998809,-104.998898
2026-06-28 09:26:31.886159,W003,39.999257,-104.998565
2026-06-28 09:36:31.886159,W004,39.998824,-104.998892
2026-06-28 09:46:31.886159,W005,39.999123,-104.998564
2026-06-28 09:56:31.886159,W006,39.999116,-104.998889
2026-06-28 10:06:31.886159,W001,39.99924,-104.999096
2026-06-28 10:16:31.886159,W002,39.998658,-104.998672
2026-06-28 10:26:31.886159,W003,39.998737,-104.999159
2026-06-28 10:49:40.212592,W003,39.999458,-104.999226
2026-06-28 10:59:40.212592,W004,39.999658,-104.999236
2026-06-28 11:09:40.212592,W005,39.999353,-104.998699
2026-06-28 11:19:40.212592,W006,39.998448,-104.999736
2026-06-28 11:29:40.212592,W001,39.998605,-104.998696
2026-06-28 11:39:40.212592,W002,39.999053,-104.998874
2026-06-28 11:49:40.212592,W003,39.999543,-104.998842
2026-06-28 12:12:01.479275,W004,39.999109,-104.99815
2026-06-28 12:22:01.479275,W005,39.999354,-104.998711
2026-06-28 12:32:01.479275,W006,39.999122,-104.999596
2026-06-28 12:42:01.479275,W001,39.998862,-104.998806
2026-06-28 13:11:58.814963,W005,39.999725,-104.998393
2026-06-28 13:21:58.814963,W006,39.998786,-104.999224
2026-06-28 13:31:58.814963,W001,39.999029,-104.99885
2026-06-28 13:41:58.814963,W002,39.99935,-104.99973
2026-06-28 13:51:58.814963,W003,39.998404,-104.998575
2026-06-28 07:00:00.000000,W006,40.000858,-105.000932
2026-06-28 07:10:00.000000,W001,40.000234,-105.001187
2026-06-28 07:20:00.000000,W002,40.00055,-105.000589
2026-06-28 07:30:00.000000,W003,40.000567,-105.000944
2026-06-28 07:40:00.000000,W004,40.000068,-105.001325
2026-06-28 07:50:00.000000,W005,40.000956,-105.000708
2026-06-28 08:00:00.000000,W006,40.000679,-105.000594
2026-06-28 08:29:47.065618,W001,40.00094,-105.000542
2026-06-28 08:39:47.065618,W002,40.000888,-105.000982
2026-06-28 08:49:47.065618,W003,40.000048,-105.000347
2026-06-28 08:59:47.065618,W004,40.000115,-105.001267
2026-06-28 09:29:26.557966,W002,40.000845,-104.999953
2026-06-28 09:39:26.557966,W003,40.001116,-105.00144
2026-06-28 09:49:26.557966,W004,40.000772,-105.000479
2026-06-28 09:59:26.557966,W005,40.000251,-105.000738
2026-06-28 10:09:26.557966,W006,40.000927,-105.001162
2026-06-28 10:19:26.557966,W001,40.000196,-105.000959
2026-06-28 10:29:26.557966,W002,40.000981,-105.00071
2026-06-28 10:54:27.165810,W003,40.000519,-105.001886
2026-06-28 11:04:27.165810,W004,40.000711,-105.001112
2026-06-28 11:14:27.165810,W005,39.999938,-105.001159
2026-06-28 11:24:27.165810,W006,40.000494,-105.001002
2026-06-28 11:34:27.165810,W001,40.000238,-105.001811
2026-06-28 11:44:27.165810,W002,40.001084,-105.00114
2026-06-28 11:54:27.165810,W003,40.000555,-105.000947
2026-06-28 12:04:27.165810,W004,39.999664,-105.000852
2026-06-28 12:14:27.165810,W005,40.000573,-105.000586
2026-06-28 12:40:17.787507,W004,40.001434,-105.001046
2026-06-28 12:50:17.787507,W005,40.000316,-105.001247
2026-06-28 13:00:17.787507,W006,40.000649,-105.001012
2026-06-28 07:00:00.000000,W005,39.999685,-104.999602
2026-06-28 07:10:00.000000,W006,40.000164,-105.000243
2026-06-28 07:20:00.000000,W001,40.00076,-105.000062
2026-06-28 07:30:00.000000,W002,40.000932,-105.00011
2026-06-28 07:40:00.000000,W003,40.000611,-104.999829
2026-06-28 07:50:00.000000,W004,40.000612,-105.000091
2026-06-28 08:00:00.000000,W005,39.999395,-104.999309
2026-06-28 08:25:27.786704,W006,39.999989,-104.999799
2026-06-28 08:35:27.786704,W001,40.000471,-104.999982
2026-06-28 08:45:27.786704,W002,40.000851,-105.000772
2026-06-28 09:02:53.753578,W001,39.999557,-105.000433
2026-06-28 09:12:53.753578,W002,39.999775,-105.000166
2026-06-28 09:22:53.753578,W003,40.000013,-104.999902
2026-06-28 09:32:53.753578,W004,39.999891,-104.999879
2026-06-28 09:42:53.753578,W005,39.999434,-104.999823
2026-06-28 09:52:53.753578,W006,39.999884,-104.999971
2026-06-28 10:13:04.030262,W002,40.000365,-105.000346
2026-06-28 10:23:04.030262,W003,40.000802,-104.99973
2026-06-28 10:33:04.030262,W004,40.00014,-105.000397
2026-06-28 10:43:04.030262,W005,40.000032,-104.999632
2026-06-28 10:53:04.030262,W006,39.999741,-104.99983
2026-06-28 11:03:04.030262,W001,39.999744,-104.999984
2026-06-28 11:27:53.024308,W003,39.999543,-105.000054
2026-06-28 11:37:53.024308,W004,39.99984,-104.999915
2026-06-28 12:02:26.374252,W004,40.000054,-104.999728
2026-06-28 12:12:26.374252,W005,40.000049,-105.000187
2026-06-28 12:22:26.374252,W006,40.000209,-104.999567
2026-06-28 12:32:26.374252,W001,40.000024,-104.999188
2026-06-28 12:42:26.374252,W002,39.999674,-104.999781
2026-06-28 07:00:00.000000,W005,40.001163,-104.999419
2026-06-28 07:10:00.000000,W006,40.00038,-104.999674
2026-06-28 07:20:00.000000,W001,40.000217,-104.999387
2026-06-28 07:30:00.000000,W002,40.001141,-104.998747
2026-06-28 07:56:25.628405,W006,40.000969,-104.999306
2026-06-28 08:06:25.628405,W001,40.00157,-104.99949
2026-06-28 08:16:25.628405,W002,40.000991,-104.999608
2026-06-28 08:26:25.628405,W003,40.000806,-104.999412
2026-06-28 08:36:25.628405,W004,40.000925,-104.999082
2026-06-28 09:01:08.815541,W001,40.001252,-104.998839
2026-06-28 09:11:08.815541,W002,40.000241,-104.999448
2026-06-28 09:21:08.815541,W003,40.001058,-104.999512
2026-06-28 09:31:08.815541,W004,40.000766,-104.999975
2026-06-28 09:41:08.815541,W005,40.00109,-104.999232
2026-06-28 09:51:08.815541,W006,40.001339,-104.999539
2026-06-28 10:01:08.815541,W001,40.000061,-104.999592
2026-06-28 10:28:58.530817,W002,40.00017,-104.999827
2026-06-28 10:38:58.530817,W003,40.000905,-104.998663
2026-06-28 10:48:58.530817,W004,40.000855,-104.999137
2026-06-28 10:58:58.530817,W005,40.001638,-104.999874
2026-06-28 11:08:58.530817,W006,40.001461,-104.999393
2026-06-28 11:18:58.530817,W001,40.000544,-104.999193
2026-06-28 11:28:58.530817,W002,40.00095,-104.999571
2026-06-28 07:00:00.000000,W003,39.999071,-104.998785
2026-06-28 07:10:00.000000,W004,39.999106,-104.998771
2026-06-28 07:20:00.000000,W005,39.998834,-104.998844
2026-06-28 07:30:00.000000,W006,39.999939,-104.998484
2026-06-28 07:40:00.000000,W001,39.999712,-104.999521
2026-06-28 07:50:00.000000,W002,39.999516,-104.998967
2026-06-28 08:00:00.000000,W003,39.998745,-104.999052
2026-06-28 08:20:13.347700,W004,39.999626,-104.998096
2026-06-28 08:30:13.347700,W005,39.999349,-104.998399
2026-06-28 08:40:13.347700,W006,39.998796,-104.998906
2026-06-28 08:50:13.347700,W001,39.998446,-104.998242
2026-06-28 09:00:13.347700,W002,39.999155,-104.997898
2026-06-28 09:26:42.725545,W005,39.998859,-104.998463
2026-06-28 09:36:42.725545,W006,39.999432,-104.999218
2026-06-28 09:46:42.725545,W001,39.999704,-104.999407
2026-06-28 10:04:09.529109,W006,39.999386,-104.99874
2026-06-28 10:14:09.529109,W001,39.99923,-104.99963
2026-06-28 10:34:50.305937,W001,39.999555,-104.998952
2026-06-28 10:44:50.305937,W002,39.99979,-104.999266
2026-06-28 10:54:50.305937,W003,39.99957,-104.997889
2026-06-28 11:04:50.305937,W004,39.999603,-104.999203
2026-06-28 11:36:43.096444,W002,39.999222,-104.998525
2026-06-28 11:46:43.096444,W003,39.99913,-104.998731
2026-06-28 11:56:43.096444,W004,39.999088,-104.998629
2026-06-28 12:06:43.096444,W005,39.999555,-104.999338
2026-06-28 12:16:43.096444,W006,39.999334,-104.998702
2026-06-28 12:26:43.096444,W001,39.998527,-104.999784
2026-06-28 12:36:43.096444,W002,39.998785,-104.998773
2026-06-28 12:55:26.128919,W003,39.999035,-104.998953
2026-06-28 13:05:26.128919,W004,39.999227,-104.998801
2026-06-28 13:15:26.128919,W005,39.999017,-104.99954
2026-06-28 13:25:26.128919,W006,39.999205,-104.999501
2026-06-28 13:35:26.128919,W001,39.999589,-104.99871
2026-06-28 13:45:26.128919,W002,39.999443,-104.998668
2026-06-28 13:55:26.128919,W003,39.999428,-104.999387
2026-06-28 14:16:40.883445,W004,39.999005,-104.998775
2026-06-28 14:26:40.883445,W005,39.999372,-104.999053
2026-06-28 14:36:40.883445,W006,39.999216,-104.999109
2026-06-28 14:46:40.883445,W001,39.999031,-104.997946
2026-06-28 14:56:40.883445,W002,39.999013,-104.998633
2026-06-28 15:06:40.883445,W003,39.999258,-104.999149
2026-06-28 15:16:40.883445,W004,39.999546,-104.998793
2026-06-28 15:26:40.883445,W005,39.998848,-104.999621
2026-06-28 07:00:00.000000,W005,40.001137,-105.001311
2026-06-28 07:10:00.000000,W006,40.00072,-105.00102
2026-06-28 07:20:00.000000,W001,40.000525,-105.000936
2026-06-28 07:42:06.952309,W006,40.001015,-105.001893
2026-06-28 07:52:06.952309,W001,40.000641,-105.001165
2026-06-28 08:02:06.952309,W002,40.000879,-105.001106
2026-06-28 08:12:06.952309,W003,40.000645,-105.000716
2026-06-28 08:40:02.631494,W001,40.000155,-105.000722
2026-06-28 08:50:02.631494,W002,39.999561,-105.001059
2026-06-28 09:00:02.631494,W003,40.00138,-105.001142
2026-06-28 09:20:19.888354,W002,40.001067,-105.001332
2026-06-28 09:30:19.888354,W003,40.000399,-105.001566
2026-06-28 09:40:19.888354,W004,40.000473,-105.001984
2026-06-28 09:50:19.888354,W005,40.00029,-105.000681
2026-06-28 10:20:36.748636,W003,39.999793,-105.000933
2026-06-28 10:30:36.748636,W004,40.000661,-105.001165
2026-06-28 10:40:36.748636,W005,40.000407,-105.001263
2026-06-28 10:50:36.748636,W006,40.000141,-105.000076
2026-06-28 11:00:36.748636,W001,40.000213,-105.000632
2026-06-28 11:10:36.748636,W002,40.001349,-105.001114
2026-06-29 07:00:00.000000,W004,40.000435,-105.000316
2026-06-29 07:10:00.000000,W005,39.999853,-105.000471
2026-06-29 07:20:00.000000,W006,39.999778,-104.999639
2026-06-29 07:30:00.000000,W001,40.000071,-105.000027
2026-06-29 07:40:00.000000,W002,39.999758,-105.000326
2026-06-29 07:59:01.387499,W005,39.999768,-104.999954
2026-06-29 08:09:01.387499,W006,39.999796,-105.000243
2026-06-29 08:19:01.387499,W001,40.000195,-105.000039
2026-06-29 08:29:01.387499,W002,39.999636,-105.000369
2026-06-29 08:39:01.387499,W003,40.000203,-105.000129
2026-06-29 08:49:01.387499,W004,40.000337,-105.000191
2026-06-29 08:59:01.387499,W005,39.999677,-104.999625
2026-06-29 09:09:01.387499,W006,39.999475,-105.000402
2026-06-29 09:29:18.099972,W006,39.999731,-105.000163
2026-06-29 09:39:18.099972,W001,40.000262,-105.000923
2026-06-29 09:49:18.099972,W002,40.000541,-105.000314
2026-06-29 10:15:18.993798,W001,39.99964,-105.000003
2026-06-29 10:25:18.993798,W002,39.999987,-104.999977
2026-06-29 10:35:18.993798,W003,40.000253,-104.999808
2026-06-29 10:45:18.993798,W004,39.999871,-104.999521
2026-06-29 11:12:18.052517,W002,39.999804,-104.99957
2026-06-29 11:22:18.052517,W003,40.000413,-104.999388
2026-06-29 11:32:18.052517,W004,40.00031,-104.999914
2026-06-29 11:42:18.052517,W005,40.000268,-105.000019
2026-06-29 11:52:18.052517,W006,39.999875,-104.999966
2026-06-29 12:02:18.052517,W001,39.999457,-105.000305
2026-06-29 12:20:39.241229,W003,40.000222,-105.000122
2026-06-29 12:30:39.241229,W004,39.999461,-104.999849
2026-06-29 12:40:39.241229,W005,40.000306,-104.999503
2026-06-29 12:50:39.241229,W006,40.000042,-105.000056
2026-06-29 13:16:34.341084,W004,39.999517,-104.999915
2026-06-29 13:26:34.341084,W005,39.999989,-104.999773
2026-06-29 13:36:34.341084,W006,39.999913,-105.000202
2026-06-29 13:46:34.341084,W001,39.999889,-105.000067
2026-06-29 13:56:34.341084,W002,39.999802,-105.000267
2026-06-29 14:20:07.670191,W005,39.999015,-105.000832
2026-06-29 14:30:07.670191,W006,40.00001,-105.000013
2026-06-29 14:40:07.670191,W001,40.000174,-105.000387
2026-06-29 14:50:07.670191,W002,39.999766,-105.000807
2026-06-29 15:00:07.670191,W003,39.999006,-105.000246
2026-06-29 15:10:07.670191,W004,39.999077,-105.000002
2026-06-29 15:20:07.670191,W005,39.999686,-105.000118
2026-06-29 15:30:07.670191,W006,40.000382,-105.000159
2026-06-29 07:00:00.000000,W006,40.000516,-104.999436
2026-06-29 07:10:00.000000,W001,40.001068,-104.999285
2026-06-29 07:20:00.000000,W002,40.000978,-104.999533
2026-06-29 07:30:00.000000,W003,40.000437,-104.999348
2026-06-29 07:40:00.000000,W004,40.000519,-104.999448
2026-06-29 07:50:00.000000,W005,40.000718,-104.99964
2026-06-29 08:00:00.000000,W006,40.001756,-104.999635
2026-06-29 08:10:00.000000,W001,40.000285,-104.999381
2026-06-29 08:20:00.000000,W002,40.000851,-104.99977
2026-06-29 08:30:00.000000,W003,40.001402,-104.999375
2026-06-29 08:40:00.000000,W004,40.000928,-104.999011
2026-06-29 08:50:00.000000,W005,40.001107,-104.999216
2026-06-29 09:00:00.000000,W006,40.000285,-104.999618
2026-06-29 09:29:36.645097,W001,40.000612,-104.999343
2026-06-29 09:39:36.645097,W002,40.001477,-104.999598
2026-06-29 09:49:36.645097,W003,40.00143,-104.999648
2026-06-29 09:59:36.645097,W004,40.002068,-104.998945
2026-06-29 10:09:36.645097,W005,40.001197,-104.99962
2026-06-29 10:19:36.645097,W006,40.000697,-104.99917
2026-06-29 10:29:36.645097,W001,40.001162,-104.999461
2026-06-29 10:56:51.363385,W002,40.000677,-104.999803
2026-06-29 11:06:51.363385,W003,40.000716,-104.999805
2026-06-29 11:16:51.363385,W004,40.000784,-104.999291
2026-06-29 11:26:51.363385,W005,40.000995,-104.999503
2026-06-29 11:36:51.363385,W006,40.000813,-104.999135
2026-06-29 12:07:48.691822,W003,40.00131,-104.999516
2026-06-29 12:17:48.691822,W004,40.000772,-104.999568
2026-06-29 12:27:48.691822,W005,40.000835,-104.999762
2026-06-29 12:37:48.691822,W006,40.001594,-105.000262
2026-06-29 12:47:48.691822,W001,40.001004,-104.999428
2026-06-29 12:57:48.691822,W002,40.000658,-104.99962
2026-06-29 13:07:48.691822,W003,40.00093,-104.999821
2026-06-29 13:17:48.691822,W004,40.001201,-104.999849
2026-06-29 13:27:48.691822,W005,40.000192,-104.999868
2026-06-29 13:37:48.691822,W006,40.001041,-104.999151
2026-06-29 13:47:48.691822,W001,40.000683,-104.999281
2026-06-29 13:57:48.691822,W002,40.000646,-104.999741
2026-06-29 14:07:48.691822,W003,40.000471,-104.999937
2026-06-29 14:31:00.009162,W004,40.001218,-104.999777
2026-06-29 14:41:00.009162,W005,40.000488,-104.999874
2026-06-29 14:51:00.009162,W006,40.001131,-104.999143
2026-06-29 15:01:00.009162,W001,40.000644,-104.999388
2026-06-29 15:11:00.009162,W002,40.001421,-104.999709
2026-06-29 15:21:00.009162,W003,40.001013,-105.000019
2026-06-29 15:31:00.009162,W004,40.001005,-104.999619
2026-06-29 15:41:00.009162,W005,40.000354,-104.998473
2026-06-29 15:51:00.009162,W006,40.001165,-104.999751
2026-06-29 16:01:00.009162,W001,40.001351,-104.999603
2026-06-29 07:00:00.000000,W005,39.998857,-104.998526
2026-06-29 07:10:00.000000,W006,39.999252,-104.998657
2026-06-29 07:20:00.000000,W001,40.000139,-104.998866
2026-06-29 07:30:00.000000,W002,39.999165,-104.99893
2026-06-29 07:40:00.000000,W003,39.998895,-104.99847
2026-06-29 08:10:16.012007,W006,39.999397,-104.999608
2026-06-29 08:20:16.012007,W001,39.999636,-104.998815
2026-06-29 08:30:16.012007,W002,39.99904,-104.998488
2026-06-29 08:40:16.012007,W003,39.999114,-104.999236
2026-06-29 09:04:16.899213,W001,39.998897,-104.999038
2026-06-29 09:14:16.899213,W002,39.999679,-104.997929
2026-06-29 09:24:16.899213,W003,39.999319,-104.999015
2026-06-29 09:34:16.899213,W004,39.999239,-104.998852
2026-06-29 09:44:16.899213,W005,39.998587,-104.998834
2026-06-29 10:09:33.309353,W002,39.998985,-104.999018
2026-06-29 10:19:33.309353,W003,39.998981,-104.998987
2026-06-29 10:29:33.309353,W004,39.998869,-104.998918
2026-06-29 07:00:00.000000,W003,40.000921,-105.000579
2026-06-29 07:10:00.000000,W004,40.000828,-105.00111
2026-06-29 07:20:00.000000,W005,40.000368,-105.000658
2026-06-29 07:30:00.000000,W006,39.999945,-105.000791
2026-06-29 07:47:33.362951,W004,40.000892,-105.000778
2026-06-29 07:57:33.362951,W005,40.000896,-105.001046
2026-06-29 08:07:33.362951,W006,40.000425,-105.000528
2026-06-29 08:17:33.362951,W001,40.000274,-105.001086
2026-06-29 08:34:29.105292,W005,40.000763,-105.000946
2026-06-29 08:44:29.105292,W006,39.999997,-105.00074
2026-06-29 08:54:29.105292,W001,40.000919,-105.001185
2026-06-29 09:04:29.105292,W002,40.000521,-105.000503
2026-06-29 09:14:29.105292,W003,40.000793,-105.001289
2026-06-29 09:36:18.685160,W006,40.000013,-105.000582
2026-06-29 09:46:18.685160,W001,40.000003,-105.001429
2026-06-29 09:56:18.685160,W002,40.000374,-105.00038
2026-06-29 10:06:18.685160,W003,40.000861,-105.001196
2026-06-29 10:33:39.722338,W001,40.000101,-105.001138
2026-06-29 10:43:39.722338,W002,40.000075,-105.000894
2026-06-29 10:53:39.722338,W003,40.000538,-105.001207
2026-06-29 11:03:39.722338,W004,40.000149,-105.00136
2026-06-29 11:13:39.722338,W005,40.000761,-105.00057
2026-06-29 11:37:52.853677,W002,40.000461,-105.000598
2026-06-29 11:47:52.853677,W003,40.000202,-105.00094
2026-06-29 11:57:52.853677,W004,40.000163,-105.001077
2026-06-29 12:07:52.853677,W005,40.00034,-105.001267
2026-06-29 12:17:52.853677,W006,40.000813,-105.000826
2026-06-29 12:27:52.853677,W001,40.000493,-105.000917
2026-06-29 07:00:00.000000,W003,39.999962,-104.999254
2026-06-29 07:10:00.000000,W004,39.999769,-105.000409
2026-06-29 07:20:00.000000,W005,40.000347,-105.000338
2026-06-29 07:30:00.000000,W006,40.000141,-105.000429
2026-06-29 07:50:02.052337,W004,39.999847,-105.000553
2026-06-29 08:00:02.052337,W005,40.000354,-104.9996
2026-06-29 08:10:02.052337,W006,40.000133,-104.999605
2026-06-29 08:20:02.052337,W001,40.000497,-104.999734
2026-06-29 08:39:15.834234,W005,39.99971,-104.999673
2026-06-29 08:49:15.834234,W006,40.001014,-105.00098
2026-06-29 08:59:15.834234,W001,40.000461,-105.000935
2026-06-29 09:09:15.834234,W002,39.999914,-104.999918
2026-06-29 09:36:52.761154,W006,40.000457,-105.000064
2026-06-29 09:46:52.761154,W001,40.001194,-104.999114
2026-06-29 09:56:52.761154,W002,39.999824,-104.999899
2026-06-29 10:06:52.761154,W003,40.000537,-104.999437
2026-06-29 10:16:52.761154,W004,40.000156,-104.999755
2026-06-29 10:36:18.255477,W001,40.000125,-104.999838
2026-06-29 10:46:18.255477,W002,39.999996,-104.999975
2026-06-29 10:56:18.255477,W003,40.000398,-105.000326
2026-06-29 11:06:18.255477,W004,39.999669,-105.000655
2026-06-29 11:16:18.255477,W005,39.999818,-105.00006
2026-06-29 11:45:56.673947,W002,39.999917,-105.000524
2026-06-29 11:55:56.673947,W003,39.999758,-104.999677
2026-06-29 12:05:56.673947,W004,40.000041,-104.999612
2026-06-29 12:15:56.673947,W005,40.000208,-104.999938
2026-06-29 12:25:56.673947,W006,39.999809,-105.000135
2026-06-29 07:00:00.000000,W003,40.000863,-104.999984
2026-06-29 07:10:00.000000,W004,40.001226,-104.99945
2026-06-29 07:20:00.000000,W005,40.001024,-104.998903
2026-06-29 07:30:00.000000,W006,40.000566,-105.000391
2026-06-29 07:40:00.000000,W001,40.000957,-104.998963
2026-06-29 07:50:00.000000,W002,40.000855,-104.999562
2026-06-29 08:00:00.000000,W003,40.001344,-104.999679
2026-06-29 08:32:05.628241,W004,40.000604,-105.000243
2026-06-29 08:42:05.628241,W005,40.001149,-104.999482
2026-06-29 08:52:05.628241,W006,40.000983,-104.999556
2026-06-29 09:02:05.628241,W001,40.000776,-104.999223
2026-06-29 09:12:05.628241,W002,40.001355,-104.99926
2026-06-29 09:22:05.628241,W003,40.001367,-105.000003
2026-06-29 09:32:05.628241,W004,40.000891,-104.999651
2026-06-29 09:42:05.628241,W005,40.000666,-104.999967
2026-06-29 10:08:09.122438,W005,40.00097,-104.999143
2026-06-29 10:18:09.122438,W006,40.001897,-104.999388
2026-06-29 10:28:09.122438,W001,40.000855,-104.999252
2026-06-29 10:38:09.122438,W002,40.000792,-104.999632
2026-06-29 10:48:09.122438,W003,40.000104,-104.999357
2026-06-29 10:58:09.122438,W004,40.000917,-104.999005
2026-06-29 11:08:09.122438,W005,40.000618,-105.00021
2026-06-29 11:29:28.834756,W006,40.00077,-104.999826
2026-06-29 11:39:28.834756,W001,40.00163,-104.999854
2026-06-29 11:49:28.834756,W002,40.000404,-104.99959
2026-06-29 11:59:28.834756,W003,40.001217,-104.99951
2026-06-29 12:09:28.834756,W004,40.00097,-104.999607
2026-06-29 07:00:00.000000,W001,39.998964,-104.998687
2026-06-29 07:10:00.000000,W002,39.999116,-104.998743
2026-06-29 07:20:00.000000,W003,39.998925,-104.998941
2026-06-29 07:30:00.000000,W004,39.998933,-104.999329
2026-06-29 07:40:00.000000,W005,39.999412,-104.998926
2026-06-29 07:50:00.000000,W006,39.999582,-104.998824
2026-06-29 08:17:27.055207,W002,39.999313,-104.999657
2026-06-29 08:27:27.055207,W003,39.998965,-104.998532
2026-06-29 08:37:27.055207,W004,39.999388,-104.998652
2026-06-29 08:47:27.055207,W005,39.998837,-104.998098
2026-06-29 08:57:27.055207,W006,39.998832,-104.998639
2026-06-29 09:07:27.055207,W001,39.998119,-104.999623
2026-06-29 09:17:27.055207,W002,39.999747,-104.998794
2026-06-29 09:38:16.915384,W003,39.999925,-104.998891
2026-06-29 09:48:16.915384,W004,39.999565,-104.99949
2026-06-29 09:58:16.915384,W005,39.99935,-104.998569
2026-06-29 10:08:16.915384,W006,39.998868,-104.999122
2026-06-29 10:18:16.915384,W001,39.999213,-104.999113
2026-06-29 10:44:43.214535,W004,39.999763,-104.998618
2026-06-29 10:54:43.214535,W005,39.9988,-104.998512
2026-06-29 11:04:43.214535,W006,39.999064,-104.998751
2026-06-29 11:14:43.214535,W001,39.99853,-104.999269
2026-06-29 11:36:23.440400,W005,39.999725,-104.998085
2026-06-29 11:46:23.440400,W006,39.998637,-104.998043
2026-06-29 11:56:23.440400,W001,39.998851,-104.998216
2026-06-29 12:06:23.440400,W002,39.999489,-104.999666
2026-06-29 12:16:23.440400,W003,39.999504,-104.998606
2026-06-29 12:44:22.771837,W006,39.99963,-104.999059
2026-06-29 12:54:22.771837,W001,39.999562,-104.998694
2026-06-29 13:04:22.771837,W002,39.999089,-104.999427
2026-06-29 13:14:22.771837,W003,39.99998,-104.999318
2026-06-29 13:24:22.771837,W004,39.999454,-104.99862
2026-06-29 13:34:22.771837,W005,39.998739,-104.999498
2026-06-29 13:44:22.771837,W006,39.999191,-104.999234
2026-06-29 14:10:03.828796,W001,39.998945,-104.999919
2026-06-29 14:20:03.828796,W002,39.999484,-104.999086
2026-06-29 14:30:03.828796,W003,39.998779,-104.9991
2026-06-29 14:40:03.828796,W004,39.999187,-104.999373
2026-06-29 14:50:03.828796,W005,39.999898,-104.999548
2026-06-29 15:00:03.828796,W006,39.999315,-104.998217
2026-06-29 07:00:00.000000,W002,40.000832,-105.000846
2026-06-29 07:10:00.000000,W003,40.000563,-105.000379
2026-06-29 07:20:00.000000,W004,40.000371,-105.000718
2026-06-29 07:30:00.000000,W005,40.000546,-105.0007
2026-06-29 07:40:00.000000,W006,40.000559,-105.000809
2026-06-29 07:50:00.000000,W001,40.000451,-105.001433
2026-06-29 08:15:13.333100,W003,40.000407,-105.000988
2026-06-29 08:25:13.333100,W004,40.000702,-105.000667
2026-06-29 08:35:13.333100,W005,40.000707,-105.001557
2026-06-29 08:45:13.333100,W006,40.001023,-105.000382
2026-06-29 08:55:13.333100,W001,39.999865,-105.001245
2026-06-29 09:22:31.161854,W004,40.000187,-105.001088
2026-06-29 09:32:31.161854,W005,40.000338,-105.000844
2026-06-29 09:42:31.161854,W006,40.000484,-105.001074
2026-06-29 09:52:31.161854,W001,40.000389,-105.001788
2026-06-29 10:19:41.660430,W005,40.000357,-105.001185
2026-06-29 10:29:41.660430,W006,40.000659,-105.001412
2026-06-29 10:39:41.660430,W001,40.000192,-105.001745
2026-06-29 10:49:41.660430,W002,40.000482,-105.000999
2026-06-29 10:59:41.660430,W003,40.000644,-105.00134
2026-06-29 11:23:15.014111,W006,40.000483,-105.001262
2026-06-29 11:33:15.014111,W001,39.9998,-105.001159
2026-06-29 11:43:15.014111,W002,40.00131,-105.000765
2026-06-29 11:53:15.014111,W003,40.000104,-105.000346
2026-06-29 12:18:51.941196,W001,40.000275,-105.00124
2026-06-29 12:28:51.941196,W002,40.000389,-105.000802
2026-06-29 13:00:38.230471,W002,40.000592,-105.000974
2026-06-29 13:10:38.230471,W003,40.000126,-105.000776
2026-06-29 13:20:38.230471,W004,40.000596,-105.001608
2026-06-29 13:30:38.230471,W005,40.000035,-105.000421
2026-06-29 13:40:38.230471,W006,40.000089,-105.000531
2026-06-30 07:00:00.000000,W003,40.000608,-105.000328
2026-06-30 07:10:00.000000,W004,39.999896,-105.000563
2026-06-30 07:36:23.444882,W004,40.00017,-104.999954
2026-06-30 07:46:23.444882,W005,40.000129,-105.000272
2026-06-30 07:56:23.444882,W006,40.000445,-105.000298
2026-06-30 08:06:23.444882,W001,40.000788,-105.000155
2026-06-30 08:16:23.444882,W002,39.99976,-104.999889
2026-06-30 08:46:25.568596,W005,40.000079,-104.999511
2026-06-30 08:56:25.568596,W006,39.999662,-105.000603
2026-06-30 09:06:25.568596,W001,40.000772,-104.999864
2026-06-30 09:16:25.568596,W002,40.000124,-105.000237
2026-06-30 09:26:25.568596,W003,39.999824,-105.000528
2026-06-30 09:50:58.563040,W006,40.001202,-105.000339
2026-06-30 10:00:58.563040,W001,39.999389,-104.999361
2026-06-30 10:10:58.563040,W002,40.000096,-105.000216
2026-06-30 10:20:58.563040,W003,40.000171,-105.000064
2026-06-30 10:30:58.563040,W004,39.999322,-105.000105
2026-06-30 10:40:58.563040,W005,39.999864,-104.999592
2026-06-30 11:05:55.984438,W001,40.00025,-105.000284
2026-06-30 11:15:55.984438,W002,40.000048,-104.999522
2026-06-30 11:25:55.984438,W003,40.000435,-105.000515
2026-06-30 11:35:55.984438,W004,40.000262,-104.999991
2026-06-30 07:00:00.000000,W002,40.00157,-104.999941
2026-06-30 07:10:00.000000,W003,40.000972,-104.999184
2026-06-30 07:20:00.000000,W004,40.000324,-104.999571
2026-06-30 07:30:00.000000,W005,40.000606,-104.999851
2026-06-30 07:40:00.000000,W006,40.000366,-104.999161
2026-06-30 07:50:00.000000,W001,40.001303,-104.999347
2026-06-30 08:00:00.000000,W002,40.001454,-104.999544
2026-06-30 08:10:00.000000,W003,40.001417,-105.000145
2026-06-30 08:20:00.000000,W004,40.001304,-104.999979
2026-06-30 08:30:00.000000,W005,40.000882,-104.999547
2026-06-30 08:40:00.000000,W006,40.001666,-104.999377
2026-06-30 09:10:59.872507,W003,40.001325,-104.999581
2026-06-30 09:20:59.872507,W004,40.001133,-104.999644
2026-06-30 09:30:59.872507,W005,40.00116,-104.99936
2026-06-30 09:40:59.872507,W006,40.000859,-104.999589
2026-06-30 09:50:59.872507,W001,40.000571,-104.99918
2026-06-30 10:00:59.872507,W002,40.001702,-105.000092
2026-06-30 10:10:59.872507,W003,40.00126,-104.999012
2026-06-30 10:20:59.872507,W004,40.001066,-104.999413
2026-06-30 10:30:59.872507,W005,40.000705,-104.999477
2026-06-30 10:40:59.872507,W006,40.000692,-104.998859
2026-06-30 10:50:59.872507,W001,40.000797,-104.999365
2026-06-30 11:00:59.872507,W002,40.001607,-104.999032
2026-06-30 11:10:59.872507,W003,40.001803,-104.999623
2026-06-30 11:20:59.872507,W004,40.001325,-104.999705
2026-06-30 11:30:59.872507,W005,40.001146,-104.99906
2026-06-30 11:40:59.872507,W006,40.000757,-104.998897
2026-06-30 11:50:59.872507,W001,40.001332,-105.000401
2026-06-30 12:00:59.872507,W002,40.001345,-104.999604
2026-06-30 12:10:59.872507,W003,40.001254,-104.999229
2026-06-30 12:20:59.872507,W004,40.000608,-104.999168
2026-06-30 12:53:53.428521,W004,40.000821,-105.000335
2026-06-30 13:03:53.428521,W005,40.001228,-104.999646
2026-06-30 13:13:53.428521,W006,40.001472,-104.999043
2026-06-30 13:23:53.428521,W001,40.001045,-104.998992
2026-06-30 13:33:53.428521,W002,40.001706,-104.999271
2026-06-30 13:43:53.428521,W003,40.00052,-104.99928
2026-06-30 13:53:53.428521,W004,40.001006,-104.999419
2026-06-30 14:03:53.428521,W005,40.001013,-104.999354
2026-06-30 14:13:53.428521,W006,40.000832,-104.999523
2026-06-30 14:23:53.428521,W001,40.000818,-104.999768
2026-06-30 14:33:53.428521,W002,40.000973,-104.998849
2026-06-30 14:43:53.428521,W003,40.00112,-105.000109
2026-06-30 14:53:53.428521,W004,40.001234,-104.999101
2026-06-30 15:03:53.428521,W005,40.000619,-104.999696
2026-06-30 15:32:03.377187,W005,40.000009,-105.000189
2026-06-30 15:42:03.377187,W006,40.000909,-105.000106
2026-06-30 15:52:03.377187,W001,40.00135,-104.99917
2026-06-30 16:02:03.377187,W002,40.000944,-104.999634
2026-06-30 16:12:03.377187,W003,40.000919,-104.999057
2026-06-30 16:22:03.377187,W004,40.001204,-104.999587
2026-06-30 16:32:03.377187,W005,40.000847,-104.999522
2026-06-30 16:42:03.377187,W006,40.001392,-104.999088
2026-06-30 16:52:03.377187,W001,40.001076,-104.999684
2026-06-30 17:02:03.377187,W002,40.001319,-105.000433
2026-06-30 07:00:00.000000,W006,39.99875,-104.999596
2026-06-30 07:10:00.000000,W001,39.999688,-104.998781
2026-06-30 07:20:00.000000,W002,39.999308,-104.99863
2026-06-30 07:30:00.000000,W003,39.998852,-104.998665
2026-06-30 07:40:00.000000,W004,39.998687,-104.998734
2026-06-30 08:02:45.472266,W001,39.999208,-104.999032
2026-06-30 08:12:45.472266,W002,40.0,-104.998419
2026-06-30 08:22:45.472266,W003,39.998727,-104.998652
2026-06-30 08:32:45.472266,W004,39.99984,-104.997993
2026-06-30 08:56:24.860389,W002,39.999224,-104.998199
2026-06-30 09:06:24.860389,W003,39.999192,-104.998628
2026-06-30 09:16:24.860389,W004,39.99966,-104.999432
2026-06-30 09:26:24.860389,W005,39.999006,-104.999087
2026-06-30 09:36:24.860389,W006,39.999184,-104.998818
2026-06-30 10:04:16.522895,W003,39.999412,-104.998715
2026-06-30 10:14:16.522895,W004,39.999757,-104.999413
2026-06-30 10:24:16.522895,W005,39.999306,-104.997982
2026-06-30 10:34:16.522895,W006,39.999581,-104.998695
2026-06-30 10:44:16.522895,W001,39.999035,-104.998358
2026-06-30 07:00:00.000000,W004,40.000948,-105.001061
2026-06-30 07:10:00.000000,W005,39.999664,-105.001135
2026-06-30 07:20:00.000000,W006,40.000423,-105.001529
2026-06-30 07:30:00.000000,W001,40.001299,-105.001821
2026-06-30 07:40:00.000000,W002,40.000062,-105.000792
2026-06-30 08:00:32.273418,W005,40.000363,-105.000893
2026-06-30 08:10:32.273418,W006,40.000501,-105.001053
2026-06-30 08:20:32.273418,W001,40.000775,-105.000833
2026-06-30 08:30:32.273418,W002,40.000006,-105.000692
2026-06-30 08:40:32.273418,W003,40.000692,-105.000965
2026-06-30 09:06:36.144041,W006,40.000478,-105.000753
2026-06-30 09:16:36.144041,W001,40.000934,-105.000956
2026-06-30 09:26:36.144041,W002,40.000341,-105.001838
2026-06-30 09:36:36.144041,W003,40.000445,-105.00102
2026-06-30 09:46:36.144041,W004,40.0005,-105.00117
2026-06-30 09:56:36.144041,W005,40.00053,-105.000102
2026-06-30 10:06:36.144041,W006,40.000312,-105.001345
2026-06-30 10:25:40.163392,W001,40.001533,-105.00122
2026-06-30 10:35:40.163392,W002,40.000826,-105.001683
2026-06-30 10:45:40.163392,W003,40.001443,-105.001249
2026-06-30 10:55:40.163392,W004,40.000718,-105.0012
2026-06-30 11:05:40.163392,W005,40.000248,-105.001396
2026-06-30 07:00:00.000000,W002,39.99966,-105.000397
2026-06-30 07:10:00.000000,W003,40.00045,-104.999284
2026-06-30 07:20:00.000000,W004,39.9996,-104.999395
2026-06-30 07:30:00.000000,W005,39.999723,-104.99969
2026-06-30 07:40:00.000000,W006,39.999961,-104.999946
2026-06-30 07:50:00.000000,W001,39.999853,-104.999994
2026-06-30 08:00:00.000000,W002,39.999687,-105.000215
2026-06-30 08:23:22.523947,W003,40.000165,-105.000112
2026-06-30 08:33:22.523947,W004,40.000193,-105.000296
2026-06-30 08:43:22.523947,W005,40.000487,-104.999862
2026-06-30 08:53:22.523947,W006,39.999828,-105.000406
2026-06-30 09:03:22.523947,W001,39.999927,-104.999895
2026-06-30 09:13:22.523947,W002,40.000667,-105.000217
2026-06-30 09:42:45.414453,W004,40.000068,-104.999679
2026-06-30 09:52:45.414453,W005,39.999557,-105.000537
2026-06-30 10:02:45.414453,W006,40.000224,-104.999915
2026-06-30 10:12:45.414453,W001,40.000132,-105.000053
2026-06-30 10:22:45.414453,W002,40.000269,-104.999742
2026-06-30 10:46:34.896981,W005,39.999858,-104.999598
2026-06-30 10:56:34.896981,W006,39.999944,-105.000012
2026-06-30 11:06:34.896981,W001,40.000377,-105.000986
2026-06-30 11:16:34.896981,W002,39.999535,-105.000128
2026-06-30 11:26:34.896981,W003,40.000349,-104.999262
2026-06-30 11:36:34.896981,W004,40.00004,-105.000015
2026-06-30 12:07:27.074798,W006,39.999832,-105.000692
2026-06-30 12:17:27.074798,W001,39.999805,-105.000324
2026-06-30 12:27:27.074798,W002,39.999602,-105.000398
2026-06-30 12:37:27.074798,W003,40.000232,-104.999662
2026-06-30 12:47:27.074798,W004,39.999736,-104.999913
2026-06-30 12:57:27.074798,W005,40.000213,-104.999475
2026-06-30 13:21:12.301374,W001,40.000357,-105.000135
2026-06-30 13:31:12.301374,W002,39.999986,-104.999958
2026-06-30 13:41:12.301374,W003,40.000435,-104.999988
2026-06-30 13:51:12.301374,W004,39.999355,-105.000233
2026-06-30 14:01:12.301374,W005,39.999404,-104.999395
2026-06-30 07:00:00.000000,W002,40.001315,-104.999562
2026-06-30 07:10:00.000000,W003,40.000174,-104.999416
2026-06-30 07:20:00.000000,W004,40.001533,-104.999242
2026-06-30 07:30:00.000000,W005,40.001083,-104.999673
2026-06-30 07:40:00.000000,W006,40.001164,-104.999744
2026-06-30 07:50:00.000000,W001,40.001047,-104.999465
2026-06-30 08:00:00.000000,W002,40.001317,-104.999246
2026-06-30 08:10:00.000000,W003,40.000913,-104.999459
2026-06-30 08:33:33.961675,W003,40.001402,-104.999786
2026-06-30 08:43:33.961675,W004,40.000348,-105.000021
2026-06-30 08:53:33.961675,W005,40.001465,-104.999896
2026-06-30 09:03:33.961675,W006,40.001326,-104.999696
2026-06-30 09:13:33.961675,W001,40.000851,-104.999338
2026-06-30 09:23:33.961675,W002,40.000728,-105.000285
2026-06-30 09:33:33.961675,W003,40.001029,-104.999264
2026-06-30 09:52:26.524681,W004,40.001198,-104.999486
2026-06-30 10:02:26.524681,W005,40.000886,-104.999712
2026-06-30 10:12:26.524681,W006,40.000899,-104.998456
2026-06-30 10:22:26.524681,W001,40.00082,-104.99909
2026-06-30 10:32:26.524681,W002,40.001061,-104.999572
2026-06-30 10:42:26.524681,W003,40.000805,-104.999673
2026-06-30 11:02:54.718843,W005,40.000875,-104.999678
2026-06-30 11:12:54.718843,W006,40.000548,-104.998642
2026-06-30 11:22:54.718843,W001,40.000477,-104.99992
2026-06-30 11:32:54.718843,W002,40.001095,-104.999759
2026-06-30 11:42:54.718843,W003,40.000617,-104.999911
2026-06-30 12:09:10.774211,W006,40.000693,-104.999519
2026-06-30 12:19:10.774211,W001,40.001144,-105.000245
2026-06-30 12:29:10.774211,W002,40.000734,-105.000683
2026-06-30 12:39:10.774211,W003,40.000875,-105.000226
2026-06-30 12:49:10.774211,W004,40.000624,-104.999355
2026-06-30 12:59:10.774211,W005,40.000943,-104.999245
2026-06-30 13:24:01.399891,W001,40.000436,-104.999015
2026-06-30 13:34:01.399891,W002,40.00135,-104.999343
2026-06-30 13:44:01.399891,W003,40.001006,-104.999364
2026-06-30 13:54:01.399891,W004,40.00161,-104.999549
2026-06-30 14:04:01.399891,W005,40.000657,-104.999278
2026-06-30 14:14:01.399891,W006,40.001442,-104.999748
2026-06-30 14:24:01.399891,W001,40.000942,-105.000229
2026-06-30 07:00:00.000000,W002,39.999091,-104.999013
2026-06-30 07:10:00.000000,W003,39.999287,-104.999098
2026-06-30 07:20:00.000000,W004,39.999308,-104.99875
2026-06-30 07:30:00.000000,W005,39.999874,-104.999021
2026-06-30 07:40:00.000000,W006,39.999569,-104.998523
2026-06-30 07:50:00.000000,W001,39.999462,-104.999346
2026-06-30 08:06:42.946372,W003,39.999413,-104.999075
2026-06-30 08:16:42.946372,W004,39.999682,-104.998411
2026-06-30 08:26:42.946372,W005,39.999899,-104.999104
2026-06-30 08:51:59.373187,W004,39.999977,-104.998208
2026-06-30 09:01:59.373187,W005,39.999608,-104.999363
2026-06-30 09:11:59.373187,W006,39.999243,-104.998919
2026-06-30 09:21:59.373187,W001,39.999556,-104.999007
2026-06-30 09:31:59.373187,W002,39.999747,-104.999214
2026-06-30 09:41:59.373187,W003,39.99895,-104.997965
2026-06-30 10:09:27.405446,W005,39.999192,-104.998543
2026-06-30 10:19:27.405446,W006,39.999801,-104.999244
2026-06-30 10:29:27.405446,W001,39.999434,-104.998907
2026-06-30 10:39:27.405446,W002,39.999815,-104.998548
2026-06-30 10:49:27.405446,W003,39.99946,-104.999125
2026-06-30 10:59:27.405446,W004,39.998885,-104.998483
2026-06-30 11:26:00.878548,W006,39.999803,-104.99848
2026-06-30 11:36:00.878548,W001,39.998788,-104.999763
2026-06-30 11:46:00.878548,W002,39.99843,-104.998455
2026-06-30 11:56:00.878548,W003,39.998661,-104.999009
2026-06-30 12:06:00.878548,W004,39.999213,-104.998797
2026-06-30 12:16:00.878548,W005,39.998739,-104.999674
2026-06-30 12:26:00.878548,W006,39.999396,-104.999438
2026-06-30 12:36:00.878548,W001,39.999424,-104.998365
2026-06-30 07:00:00.000000,W001,40.001083,-105.000814
2026-06-30 07:10:00.000000,W002,40.00011,-105.000668
2026-06-30 07:20:00.000000,W003,40.000697,-105.001504
2026-06-30 07:30:00.000000,W004,40.000749,-105.001295
2026-06-30 07:40:00.000000,W005,40.000207,-105.00093
2026-06-30 08:08:45.098331,W002,40.00013,-105.000658
2026-06-30 08:18:45.098331,W003,40.000663,-105.000969
2026-06-30 08:28:45.098331,W004,40.000675,-105.000671
2026-06-30 08:38:45.098331,W005,40.000743,-105.001139
2026-06-30 08:48:45.098331,W006,40.000612,-105.001555
2026-06-30 09:07:17.760696,W003,40.000581,-105.001484
2026-06-30 09:17:17.760696,W004,39.999882,-105.001104
2026-06-30 09:27:17.760696,W005,40.000329,-105.001286
2026-06-30 09:37:17.760696,W006,40.000324,-105.000611
2026-06-30 09:47:17.760696,W001,40.000315,-105.000707
2026-06-30 10:07:41.801611,W004,40.0005,-105.000998
2026-06-30 10:17:41.801611,W005,39.999316,-105.001298
2026-06-30 10:27:41.801611,W006,40.00084,-105.000983
2026-06-30 10:37:41.801611,W001,40.000535,-105.001358
2026-06-30 10:47:41.801611,W002,40.000487,-105.001229
2026-06-30 11:13:33.300397,W005,39.999971,-105.000888
2026-06-30 11:23:33.300397,W006,40.000201,-105.001195
2026-06-30 11:33:33.300397,W001,40.001983,-105.001307
2026-06-30 11:43:33.300397,W002,40.000479,-105.000993
2026-06-30 11:53:33.300397,W003,40.000546,-105.001255
2026-06-30 12:03:33.300397,W004,40.000334,-105.000856
2026-06-30 12:13:33.300397,W005,40.000032,-105.001869
2026-06-30 12:23:33.300397,W006,40.000216,-105.000558
2026-06-30 12:33:33.300397,W001,40.000156,-105.000904
2026-06-30 12:59:04.327714,W006,40.000762,-105.000627
2026-06-30 13:09:04.327714,W001,40.00101,-105.001315
2026-06-30 13:19:04.327714,W002,39.999671,-105.001808
2026-06-30 13:29:04.327714,W003,40.000438,-105.001183
2026-06-30 13:50:39.377028,W001,40.000005,-105.001048
2026-06-30 14:00:39.377028,W002,40.000526,-105.001313
2026-06-30 14:10:39.377028,W003,40.000804,-105.000992
2026-06-30 14:20:39.377028,W004,40.000565,-105.000672
2026-06-30 14:30:39.377028,W005,40.000595,-105.000978
2026-06-30 15:01:18.564913,W002,40.001068,-105.000709
2026-06-30 15:11:18.564913,W003,40.000833,-105.001045
2026-06-30 15:21:18.564913,W004,40.000382,-105.000999
2026-06-30 15:31:18.564913,W005,40.00162,-105.000884
2026-06-30 15:41:18.564913,W006,40.000508,-105.000718
2026-06-30 15:51:18.564913,W001,40.001112,-105.000964
2026-06-30 16:01:18.564913,W002,40.000318,-105.000886
2026-06-30 16:11:18.564913,W003,40.001019,-105.001693
2026-07-01 07:00:00.000000,W003,39.999631,-104.999204
2026-07-01 07:10:00.000000,W004,40.000226,-104.998999
2026-07-01 07:20:00.000000,W005,40.000274,-105.000272
2026-07-01 07:30:00.000000,W006,39.999568,-105.000406
2026-07-01 07:40:00.000000,W001,40.000055,-104.999977
2026-07-01 07:50:00.000000,W002,40.000356,-104.999434
2026-07-01 08:00:00.000000,W003,39.999459,-104.999625
2026-07-01 08:27:31.024581,W004,39.999646,-104.999782
2026-07-01 08:37:31.024581,W005,39.999068,-104.999858
2026-07-01 08:47:31.024581,W006,40.000148,-105.000867
2026-07-01 08:57:31.024581,W001,39.999381,-104.999464
2026-07-01 09:07:31.024581,W002,39.999834,-105.000605
2026-07-01 09:17:31.024581,W003,40.0005,-104.999774
2026-07-01 09:27:31.024581,W004,40.000601,-105.000726
2026-07-01 09:37:31.024581,W005,40.000068,-104.999959
2026-07-01 10:01:26.590221,W005,40.000408,-104.999354
2026-07-01 10:11:26.590221,W006,39.998566,-104.999724
2026-07-01 10:21:26.590221,W001,40.000083,-104.999737
2026-07-01 10:31:26.590221,W002,39.999321,-105.000315
2026-07-01 11:01:13.565798,W006,40.000073,-104.999937
2026-07-01 11:11:13.565798,W001,39.999718,-104.999991
2026-07-01 11:21:13.565798,W002,39.999839,-105.000372
2026-07-01 11:31:13.565798,W003,40.00021,-104.999831
2026-07-01 11:41:13.565798,W004,39.999682,-104.999693
2026-07-01 11:51:13.565798,W005,40.00003,-104.999637
2026-07-01 12:01:13.565798,W006,40.000875,-104.999788
2026-07-01 12:11:13.565798,W001,39.999623,-104.999759
2026-07-01 12:21:13.565798,W002,40.00081,-105.000305
2026-07-01 07:00:00.000000,W001,40.000926,-104.999156
2026-07-01 07:10:00.000000,W002,40.001636,-104.99934
2026-07-01 07:20:00.000000,W003,40.001078,-105.000472
2026-07-01 07:30:00.000000,W004,40.001961,-105.000117
2026-07-01 07:40:00.000000,W005,40.001268,-104.998992
2026-07-01 07:50:00.000000,W006,40.001334,-104.999126
2026-07-01 08:00:00.000000,W001,40.000768,-104.999571
2026-07-01 08:10:00.000000,W002,40.001031,-104.999744
2026-07-01 08:20:00.000000,W003,40.00055,-104.999418
2026-07-01 08:30:00.000000,W004,40.000394,-105.000059
2026-07-01 08:45:07.653978,W002,40.000665,-104.99972
2026-07-01 08:55:07.653978,W003,40.000548,-105.00002
2026-07-01 09:05:07.653978,W004,40.001569,-104.999348
2026-07-01 09:15:07.653978,W005,40.000703,-104.999898
2026-07-01 09:25:07.653978,W006,40.001316,-104.999585
2026-07-01 09:35:07.653978,W001,40.001114,-104.999709
2026-07-01 09:53:34.951641,W003,40.000339,-104.999963
2026-07-01 10:03:34.951641,W004,40.001128,-104.998565
2026-07-01 10:13:34.951641,W005,40.000775,-104.999245
2026-07-01 10:23:34.951641,W006,40.00077,-104.999404
2026-07-01 10:33:34.951641,W001,40.001226,-105.000161
2026-07-01 10:43:34.951641,W002,40.000508,-104.999245
2026-07-01 10:53:34.951641,W003,40.000226,-104.999826
2026-07-01 11:03:34.951641,W004,40.001126,-104.999292
2026-07-01 11:29:58.727749,W004,40.001221,-105.000194
2026-07-01 11:39:58.727749,W005,40.000301,-104.999435
2026-07-01 11:49:58.727749,W006,40.001046,-104.999696
2026-07-01 11:59:58.727749,W001,40.001422,-104.998594
2026-07-01 12:09:58.727749,W002,40.001262,-104.999349
2026-07-01 12:19:58.727749,W003,40.001081,-104.998762
2026-07-01 12:29:58.727749,W004,40.000943,-104.999837
2026-07-01 12:39:58.727749,W005,40.000676,-105.000146
2026-07-01 12:49:58.727749,W006,40.001137,-104.999718
2026-07-01 12:59:58.727749,W001,40.001851,-104.998635
2026-07-01 13:09:58.727749,W002,40.001481,-104.999406
2026-07-01 13:19:58.727749,W003,40.001007,-104.999503
2026-07-01 13:49:09.032745,W005,40.001237,-104.999702
2026-07-01 13:59:09.032745,W006,40.000585,-104.999073
2026-07-01 14:09:09.032745,W001,40.000286,-104.999534
2026-07-01 14:19:09.032745,W002,40.001184,-104.999644
2026-07-01 14:45:16.305662,W006,40.000626,-105.000036
2026-07-01 14:55:16.305662,W001,40.000947,-104.999915
2026-07-01 15:05:16.305662,W002,40.001597,-104.999638
2026-07-01 15:15:16.305662,W003,40.000726,-104.998985
2026-07-01 15:25:16.305662,W004,40.000864,-104.999882
2026-07-01 15:35:16.305662,W005,40.001961,-104.999638
2026-07-01 15:45:16.305662,W006,40.001334,-104.99915
2026-07-01 15:55:16.305662,W001,40.001246,-105.000087
2026-07-01 16:05:16.305662,W002,40.000699,-104.999408
2026-07-01 07:00:00.000000,W001,39.999486,-104.99848
2026-07-01 07:10:00.000000,W002,39.998778,-104.998592
2026-07-01 07:20:00.000000,W003,39.999495,-104.998552
2026-07-01 07:30:00.000000,W004,39.99884,-104.999005
2026-07-01 07:40:00.000000,W005,39.999039,-104.997968
2026-07-01 08:08:45.321198,W002,39.999948,-104.998751
2026-07-01 08:18:45.321198,W003,39.999306,-104.997987
2026-07-01 08:28:45.321198,W004,39.999302,-104.999092
2026-07-01 08:38:45.321198,W005,39.99938,-104.998574
2026-07-01 08:48:45.321198,W006,39.998834,-104.998518
2026-07-01 08:58:45.321198,W001,39.999205,-104.998439
2026-07-01 09:08:45.321198,W002,39.999379,-104.998704
2026-07-01 09:18:45.321198,W003,39.999521,-104.99861
2026-07-01 09:44:46.438314,W003,39.998602,-104.999074
2026-07-01 09:54:46.438314,W004,39.999354,-104.998353
2026-07-01 10:04:46.438314,W005,39.999649,-104.99858
2026-07-01 10:14:46.438314,W006,39.998774,-104.998636
2026-07-01 10:24:46.438314,W001,39.99991,-104.998217
2026-07-01 10:34:46.438314,W002,39.999188,-104.999207
2026-07-01 11:08:25.705155,W004,39.999196,-104.9986
2026-07-01 11:18:25.705155,W005,39.999032,-104.998187
2026-07-01 11:28:25.705155,W006,39.999735,-104.998139
2026-07-01 11:38:25.705155,W001,39.999046,-104.998919
2026-07-01 12:06:07.115823,W005,39.998424,-104.998484
2026-07-01 12:16:07.115823,W006,39.998672,-104.998344
2026-07-01 12:26:07.115823,W001,39.998856,-104.999475
2026-07-01 12:36:07.115823,W002,39.998298,-104.998547
2026-07-01 13:01:25.407052,W006,39.999428,-104.998426
2026-07-01 13:11:25.407052,W001,39.998876,-104.999055
2026-07-01 13:21:25.407052,W002,39.998603,-104.998251
2026-07-01 13:31:25.407052,W003,39.999575,-104.998712
2026-07-01 13:41:25.407052,W004,39.998696,-104.999258
2026-07-01 14:03:46.921973,W001,39.998944,-104.998861
2026-07-01 14:13:46.921973,W002,39.999208,-104.999178
2026-07-01 14:23:46.921973,W003,40.000314,-104.998447
2026-07-01 14:33:46.921973,W004,40.000027,-104.999214
2026-07-01 14:43:46.921973,W005,39.999637,-104.998596
2026-07-01 14:53:46.921973,W006,39.998932,-104.99871
2026-07-01 15:03:46.921973,W001,39.999431,-104.998561
2026-07-01 07:00:00.000000,W002,40.000367,-105.000846
2026-07-01 07:10:00.000000,W003,40.000677,-105.001106
2026-07-01 07:20:00.000000,W004,40.001593,-105.001042
2026-07-01 07:30:00.000000,W005,39.99966,-105.001372
2026-07-01 07:40:00.000000,W006,40.001376,-105.000474
2026-07-01 07:50:00.000000,W001,40.000886,-105.001389
2026-07-01 08:00:00.000000,W002,40.00077,-105.001144
2026-07-01 08:10:00.000000,W003,40.000778,-105.001047
2026-07-01 08:20:00.000000,W004,40.001536,-105.00186
2026-07-01 08:36:37.531889,W003,40.00044,-105.000945
2026-07-01 08:46:37.531889,W004,40.000843,-105.001217
2026-07-01 08:56:37.531889,W005,40.001277,-105.001481
2026-07-01 09:06:37.531889,W006,40.000069,-105.002
2026-07-01 09:16:37.531889,W001,40.000588,-105.000453
2026-07-01 09:43:37.917301,W004,40.001001,-105.001032
2026-07-01 09:53:37.917301,W005,40.000123,-105.001196
2026-07-01 10:03:37.917301,W006,39.999808,-105.001177
2026-07-01 10:13:37.917301,W001,40.00053,-105.00158
2026-07-01 10:23:37.917301,W002,39.999831,-105.000826
2026-07-01 10:33:37.917301,W003,40.000617,-105.000547
2026-07-01 10:43:37.917301,W004,40.000681,-105.001374
2026-07-01 10:53:37.917301,W005,40.000388,-105.001099
2026-07-01 11:03:37.917301,W006,40.000526,-105.000677
2026-07-01 11:13:37.917301,W001,40.000214,-105.001328
2026-07-01 11:23:37.917301,W002,40.000694,-105.001113
2026-07-01 11:44:25.857917,W005,40.000524,-105.000677
2026-07-01 11:54:25.857917,W006,40.000363,-105.000595
2026-07-01 12:04:25.857917,W001,40.000131,-105.001065
2026-07-01 12:14:25.857917,W002,39.999808,-105.001098
2026-07-01 12:24:25.857917,W003,40.00008,-105.000986
2026-07-01 12:57:32.848312,W006,40.000332,-105.001791
2026-07-01 13:07:32.848312,W001,40.000577,-105.000875
2026-07-01 13:17:32.848312,W002,40.000158,-105.000563
2026-07-01 13:27:32.848312,W003,40.000389,-105.000712
2026-07-01 13:49:53.587684,W001,40.000335,-105.000102
2026-07-01 13:59:53.587684,W002,40.000525,-105.000736
2026-07-01 14:09:53.587684,W003,40.00015,-105.000958
2026-07-01 14:19:53.587684,W004,40.000666,-105.00084
2026-07-01 14:29:53.587684,W005,40.001368,-105.000863
2026-07-01 14:39:53.587684,W006,40.000767,-105.000744
2026-07-01 14:49:53.587684,W001,40.000585,-105.001303
2026-07-01 15:10:18.567574,W002,40.000176,-105.001282
2026-07-01 15:20:18.567574,W003,40.000215,-105.001262
2026-07-01 15:30:18.567574,W004,40.001241,-105.001149
2026-07-01 15:40:18.567574,W005,40.000536,-105.000687
2026-07-01 15:50:18.567574,W006,40.000752,-105.000657
2026-07-01 16:13:46.730078,W003,40.000558,-105.000879
2026-07-01 16:23:46.730078,W004,40.000991,-105.000771
2026-07-01 16:33:46.730078,W005,40.000256,-105.001422
2026-07-01 16:43:46.730078,W006,40.0005,-105.001436
2026-07-01 07:00:00.000000,W004,39.999962,-105.000154
2026-07-01 07:10:00.000000,W005,40.000041,-105.00036
2026-07-01 07:20:00.000000,W006,40.000545,-105.000081
2026-07-01 07:30:00.000000,W001,40.000483,-105.000424
2026-07-01 07:40:00.000000,W002,40.000325,-104.999944
2026-07-01 07:50:00.000000,W003,39.999831,-104.999067
2026-07-01 08:00:00.000000,W004,40.000012,-105.000619
2026-07-01 08:25:03.759342,W005,40.00037,-104.999587
2026-07-01 08:35:03.759342,W006,40.000655,-105.000329
2026-07-01 08:45:03.759342,W001,40.000587,-105.000214
2026-07-01 08:55:03.759342,W002,39.999707,-105.000042
2026-07-01 09:05:03.759342,W003,40.000019,-104.999771
2026-07-01 09:23:06.171296,W006,40.000451,-105.000066
2026-07-01 09:33:06.171296,W001,39.999991,-104.999841
2026-07-01 09:43:06.171296,W002,39.999891,-104.999068
2026-07-01 09:53:06.171296,W003,39.99981,-105.000516
2026-07-01 10:03:06.171296,W004,39.999764,-105.000409
2026-07-01 10:30:57.099422,W001,40.000439,-105.000092
2026-07-01 10:40:57.099422,W002,39.99894,-105.00045
2026-07-01 10:50:57.099422,W003,39.99976,-104.999405
2026-07-01 11:21:24.619517,W002,40.000829,-104.999785
2026-07-01 11:31:24.619517,W003,40.000299,-104.999953
2026-07-01 11:41:24.619517,W004,40.000295,-104.999804
2026-07-01 11:51:24.619517,W005,39.999931,-104.999434
2026-07-01 12:01:24.619517,W006,40.000246,-104.999638
2026-07-01 12:11:24.619517,W001,40.000163,-105.000105
2026-07-01 12:21:24.619517,W002,40.000191,-105.000292
2026-07-01 12:31:24.619517,W003,39.999234,-104.999844
2026-07-01 12:41:24.619517,W004,39.999917,-104.999544
2026-07-01 12:51:24.619517,W005,39.999684,-105.000467
2026-07-01 13:16:05.685809,W003,40.000357,-104.999605
2026-07-01 13:26:05.685809,W004,40.000274,-104.999091
2026-07-01 13:36:05.685809,W005,39.999485,-105.000016
2026-07-01 13:46:05.685809,W006,40.000345,-105.000118
2026-07-01 13:56:05.685809,W001,39.99948,-104.999731
2026-07-01 14:06:05.685809,W002,39.999804,-104.99991
2026-07-01 14:16:05.685809,W003,39.999923,-105.000332
2026-07-01 07:00:00.000000,W004,40.00116,-105.000358
2026-07-01 07:10:00.000000,W005,40.000628,-104.999306
2026-07-01 07:20:00.000000,W006,40.001264,-104.99862
2026-07-01 07:30:00.000000,W001,40.001018,-104.999882
2026-07-01 07:55:40.977219,W005,40.000577,-104.999326
2026-07-01 08:05:40.977219,W006,40.001223,-104.999547
2026-07-01 08:15:40.977219,W001,40.001441,-104.999595
2026-07-01 08:25:40.977219,W002,40.000578,-104.999596
2026-07-01 08:35:40.977219,W003,40.001366,-104.999272
2026-07-01 08:45:40.977219,W004,40.000241,-104.999466
2026-07-01 08:55:40.977219,W005,40.001333,-104.999251
2026-07-01 09:25:02.866197,W006,40.001513,-104.999379
2026-07-01 09:35:02.866197,W001,40.000923,-104.999705
2026-07-01 09:45:02.866197,W002,40.000359,-104.999085
2026-07-01 09:55:02.866197,W003,40.000257,-104.999985
2026-07-01 10:05:02.866197,W004,40.0013,-104.999278
2026-07-01 10:15:02.866197,W005,40.001238,-104.999533
2026-07-01 10:36:50.205775,W001,40.001771,-104.999618
2026-07-01 10:46:50.205775,W002,40.001393,-104.999073
2026-07-01 10:56:50.205775,W003,40.000916,-104.999381
2026-07-01 11:06:50.205775,W004,40.001063,-104.999812
2026-07-01 11:30:56.029507,W002,39.999947,-105.000231
2026-07-01 11:40:56.029507,W003,40.001116,-104.999178
2026-07-01 11:50:56.029507,W004,40.001429,-104.999617
2026-07-01 12:00:56.029507,W005,40.001094,-104.99987
2026-07-01 12:27:38.950275,W003,40.001594,-105.000331
2026-07-01 12:37:38.950275,W004,40.000146,-104.999739
2026-07-01 12:47:38.950275,W005,40.001158,-104.99801
2026-07-01 12:57:38.950275,W006,40.000804,-104.999372
2026-07-01 13:07:38.950275,W001,40.000909,-104.998753
2026-07-01 13:17:38.950275,W002,40.00118,-104.999652
2026-07-01 13:27:38.950275,W003,40.001143,-104.998767
2026-07-01 13:37:38.950275,W004,40.001173,-104.999051
2026-07-01 13:47:38.950275,W005,40.000895,-105.000458
2026-07-01 13:57:38.950275,W006,40.00066,-104.999681
2026-07-01 14:07:38.950275,W001,40.001533,-104.999372
2026-07-01 07:00:00.000000,W004,39.999288,-104.999112
2026-07-01 07:10:00.000000,W005,39.998923,-104.998351
2026-07-01 07:20:00.000000,W006,39.999956,-104.998412
2026-07-01 07:30:00.000000,W001,40.000293,-104.998676
2026-07-01 07:40:00.000000,W002,39.999374,-104.999227
2026-07-01 07:50:00.000000,W003,39.999184,-104.999165
2026-07-01 08:18:13.400597,W005,39.998859,-104.998716
2026-07-01 08:28:13.400597,W006,39.999528,-104.997963
2026-07-01 08:38:13.400597,W001,39.998661,-104.999307
2026-07-01 09:08:39.570438,W006,39.999315,-104.99919
2026-07-01 09:18:39.570438,W001,39.999885,-104.998281
2026-07-01 09:28:39.570438,W002,39.998775,-104.998878
2026-07-01 09:38:39.570438,W003,39.99979,-104.999218
2026-07-01 09:48:39.570438,W004,39.999622,-104.998953
2026-07-01 09:58:39.570438,W005,39.999197,-104.999353
2026-07-01 10:27:07.126586,W001,39.999694,-104.99936
2026-07-01 10:37:07.126586,W002,39.999906,-104.998463
2026-07-01 10:47:07.126586,W003,39.998779,-104.999183
2026-07-01 10:57:07.126586,W004,39.998926,-104.998688
2026-07-01 11:07:07.126586,W005,39.999017,-104.998813
2026-07-01 07:00:00.000000,W002,40.000714,-105.000243
2026-07-01 07:10:00.000000,W003,39.999535,-105.001406
2026-07-01 07:20:00.000000,W004,40.000051,-105.001077
2026-07-01 07:30:00.000000,W005,40.000781,-105.000849
2026-07-01 07:40:00.000000,W006,40.000746,-105.001112
2026-07-01 08:01:49.163241,W003,40.00023,-105.000074
2026-07-01 08:11:49.163241,W004,40.000282,-105.000858
2026-07-01 08:21:49.163241,W005,40.000254,-105.000805
2026-07-01 08:31:49.163241,W006,40.001022,-105.001733
2026-07-01 08:58:15.077416,W004,40.000838,-105.001575
2026-07-01 09:08:15.077416,W005,40.000626,-105.000822
2026-07-01 09:18:15.077416,W006,40.000731,-105.000651
2026-07-01 09:28:15.077416,W001,39.999755,-105.000853
2026-07-01 09:38:15.077416,W002,40.000488,-105.00064
2026-07-01 09:48:15.077416,W003,40.000365,-105.00085
2026-07-01 10:18:44.005989,W005,40.000324,-105.000876
2026-07-01 10:28:44.005989,W006,40.000074,-105.001647
2026-07-01 10:38:44.005989,W001,39.999877,-105.001343
2026-07-01 10:48:44.005989,W002,40.000055,-105.001316
2026-07-01 10:58:44.005989,W003,40.000756,-105.000339
2026-07-01 11:08:44.005989,W004,40.000854,-105.000813
2026-07-01 11:42:22.824447,W006,40.000618,-105.001397
2026-07-01 11:52:22.824447,W001,40.000686,-105.001051
2026-07-01 12:02:22.824447,W002,40.000434,-105.000981
2026-07-01 12:12:22.824447,W003,40.000218,-105.000676
2026-07-01 12:22:22.824447,W004,40.001175,-105.00075
2026-07-01 12:45:58.957943,W001,39.999729,-105.000958
2026-07-01 12:55:58.957943,W002,40.000103,-105.001442
2026-07-01 13:05:58.957943,W003,40.000379,-105.001253
2026-07-01 13:15:58.957943,W004,40.000442,-105.000581
2026-07-01 13:25:58.957943,W005,40.000512,-105.000964
2026-07-01 13:35:58.957943,W006,40.000679,-105.000342
2026-07-01 13:45:58.957943,W001,40.000466,-105.001699
2026-07-01 14:07:17.701180,W002,40.000587,-105.000587
2026-07-01 14:17:17.701180,W003,40.000871,-105.001034
2026-07-01 14:27:17.701180,W004,40.000721,-105.001645
2026-07-01 14:37:17.701180,W005,39.999656,-105.000971
2026-07-01 14:47:17.701180,W006,40.00097,-105.000409
2026-07-02 07:00:00.000000,W003,40.000116,-104.999821
2026-07-02 07:10:00.000000,W004,40.000437,-104.999678
2026-07-02 07:20:00.000000,W005,39.999695,-104.999855
2026-07-02 07:30:00.000000,W006,39.999423,-105.00052
2026-07-02 07:40:00.000000,W001,40.00004,-105.000124
2026-07-02 08:04:30.994228,W004,39.999981,-104.999779
2026-07-02 08:14:30.994228,W005,40.000483,-105.000831
2026-07-02 08:24:30.994228,W006,40.000011,-105.000198
2026-07-02 08:34:30.994228,W001,40.000351,-104.999712
2026-07-02 08:44:30.994228,W002,40.000035,-104.999999
2026-07-02 09:09:25.266846,W005,39.999537,-104.999367
2026-07-02 09:19:25.266846,W006,40.000861,-104.999665
2026-07-02 09:29:25.266846,W001,39.999587,-105.000615
2026-07-02 09:39:25.266846,W002,39.999695,-105.000072
2026-07-02 09:49:25.266846,W003,40.000188,-105.000234
2026-07-02 09:59:25.266846,W004,39.999868,-105.000555
2026-07-02 10:17:57.281391,W006,39.99929,-104.999912
2026-07-02 10:27:57.281391,W001,40.000039,-105.000484
2026-07-02 10:37:57.281391,W002,40.000138,-104.999821
2026-07-02 10:55:38.970400,W001,40.000195,-105.000122
2026-07-02 11:05:38.970400,W002,39.999236,-104.99992
2026-07-02 07:00:00.000000,W002,40.001617,-104.999021
2026-07-02 07:10:00.000000,W003,40.001101,-105.000388
2026-07-02 07:20:00.000000,W004,40.001689,-104.999522
2026-07-02 07:30:00.000000,W005,40.00058,-104.999618
2026-07-02 07:40:00.000000,W006,40.001067,-104.999344
2026-07-02 08:04:06.102666,W003,40.001509,-104.999447
2026-07-02 08:14:06.102666,W004,40.000804,-104.99954
2026-07-02 08:24:06.102666,W005,40.000033,-104.999361
2026-07-02 08:34:06.102666,W006,40.000759,-104.999191
2026-07-02 08:44:06.102666,W001,40.000446,-104.999582
2026-07-02 08:54:06.102666,W002,40.000907,-104.998976
2026-07-02 09:23:13.125406,W004,40.000907,-105.000172
2026-07-02 09:33:13.125406,W005,40.001399,-105.000069
2026-07-02 09:43:13.125406,W006,40.0007,-104.999032
2026-07-02 09:53:13.125406,W001,40.000959,-104.99924
2026-07-02 10:03:13.125406,W002,40.000983,-104.999546
2026-07-02 10:13:13.125406,W003,40.001147,-104.99946
2026-07-02 10:23:13.125406,W004,40.000275,-105.000037
2026-07-02 10:33:13.125406,W005,40.001379,-104.999526
2026-07-02 10:43:13.125406,W006,40.000763,-104.999282
2026-07-02 11:15:48.362178,W005,39.999991,-104.999655
2026-07-02 11:25:48.362178,W006,40.001355,-104.999892
2026-07-02 11:35:48.362178,W001,40.001132,-104.999968
2026-07-02 11:45:48.362178,W002,40.00101,-104.999009
2026-07-02 11:55:48.362178,W003,40.001648,-104.999531
2026-07-02 12:05:48.362178,W004,40.000921,-104.999877
2026-07-02 12:15:48.362178,W005,40.000861,-104.999369
2026-07-02 12:25:48.362178,W006,40.001565,-104.999189
2026-07-02 12:48:42.337860,W006,40.00116,-104.9997
2026-07-02 12:58:42.337860,W001,40.000662,-104.999015
2026-07-02 13:08:42.337860,W002,40.000481,-104.999628
2026-07-02 13:18:42.337860,W003,40.001507,-105.000046
2026-07-02 13:28:42.337860,W004,40.001206,-104.999862
2026-07-02 13:38:42.337860,W005,40.002142,-104.999433
2026-07-02 13:48:42.337860,W006,40.000811,-104.998873
2026-07-02 13:58:42.337860,W001,40.000275,-104.999211
2026-07-02 14:08:42.337860,W002,40.000238,-104.999777
2026-07-02 14:18:42.337860,W003,40.000595,-104.999812
2026-07-02 14:49:13.537131,W001,40.001187,-104.999835
2026-07-02 14:59:13.537131,W002,40.000896,-104.999033
2026-07-02 15:09:13.537131,W003,40.000667,-104.999105
2026-07-02 15:19:13.537131,W004,40.001145,-104.999406
2026-07-02 15:29:13.537131,W005,40.00113,-104.999136
2026-07-02 15:39:13.537131,W006,40.000781,-105.000003
2026-07-02 16:01:35.641912,W002,40.001188,-104.998815
2026-07-02 16:11:35.641912,W003,40.000845,-104.998952
2026-07-02 16:21:35.641912,W004,40.000766,-105.00004
2026-07-02 16:31:35.641912,W005,40.000998,-105.000071
2026-07-02 16:41:35.641912,W006,40.001067,-104.999129
2026-07-02 16:51:35.641912,W001,40.001158,-104.998821
2026-07-02 17:01:35.641912,W002,40.000575,-104.998946
2026-07-02 17:11:35.641912,W003,40.001439,-104.998808
2026-07-02 17:21:35.641912,W004,40.000569,-104.999335
2026-07-02 17:31:35.641912,W005,40.000603,-104.99972
2026-07-02 17:41:35.641912,W006,40.000644,-104.999495
2026-07-02 17:51:35.641912,W001,40.000878,-105.000721
2026-07-02 18:01:35.641912,W002,40.000578,-104.999556
2026-07-02 18:11:35.641912,W003,40.001098,-104.99955
2026-07-02 07:00:00.000000,W003,39.999047,-104.998245
2026-07-02 07:10:00.000000,W004,39.999438,-104.998857
2026-07-02 07:20:00.000000,W005,39.999276,-104.998406
2026-07-02 07:30:00.000000,W006,39.998893,-104.99885
2026-07-02 07:51:41.510056,W004,39.998282,-104.998727
2026-07-02 08:01:41.510056,W005,39.99916,-104.998553
2026-07-02 08:11:41.510056,W006,39.998767,-104.998725
2026-07-02 08:21:41.510056,W001,39.9992,-104.998998
2026-07-02 08:36:59.745337,W005,39.998917,-104.999625
2026-07-02 08:46:59.745337,W006,39.99954,-104.998672
2026-07-02 08:56:59.745337,W001,39.999075,-104.998724
2026-07-02 09:06:59.745337,W002,39.999271,-104.999278
2026-07-02 09:16:59.745337,W003,39.999098,-104.999336
2026-07-02 09:26:59.745337,W004,39.999002,-104.99864
2026-07-02 09:53:52.022475,W006,39.999514,-104.998976
2026-07-02 10:03:52.022475,W001,39.999,-104.998276
2026-07-02 10:13:52.022475,W002,39.99989,-104.998055
2026-07-02 10:23:52.022475,W003,39.998961,-104.998443
2026-07-02 10:33:52.022475,W004,39.998846,-104.999243
2026-07-02 10:43:52.022475,W005,39.998757,-104.998913
2026-07-02 10:53:52.022475,W006,39.999668,-104.9985
2026-07-02 07:00:00.000000,W001,40.000722,-105.000981
2026-07-02 07:10:00.000000,W002,40.000407,-105.001269
2026-07-02 07:20:00.000000,W003,40.000152,-105.000991
2026-07-02 07:30:00.000000,W004,39.999915,-105.000966
2026-07-02 07:40:00.000000,W005,40.000748,-105.000825
2026-07-02 07:50:00.000000,W006,40.000887,-105.000856
2026-07-02 08:09:17.821052,W002,40.00039,-105.000697
2026-07-02 08:19:17.821052,W003,40.000608,-105.001182
2026-07-02 08:29:17.821052,W004,40.001121,-105.000712
2026-07-02 08:39:17.821052,W005,40.000446,-105.001123
2026-07-02 08:49:17.821052,W006,39.999895,-105.000676
2026-07-02 09:19:04.817408,W003,40.000745,-105.000627
2026-07-02 09:29:04.817408,W004,40.00013,-105.001043
2026-07-02 09:39:04.817408,W005,40.000519,-105.001046
2026-07-02 09:49:04.817408,W006,40.000083,-105.000527
2026-07-02 09:59:04.817408,W001,40.00028,-105.000552
2026-07-02 10:26:25.188014,W004,40.000474,-105.000298
2026-07-02 10:36:25.188014,W005,40.001112,-105.001604
2026-07-02 10:46:25.188014,W006,40.001258,-105.001047
2026-07-02 07:00:00.000000,W005,39.999935,-104.9999
2026-07-02 07:10:00.000000,W006,39.999914,-104.99916
2026-07-02 07:20:00.000000,W001,40.0002,-104.999749
2026-07-02 07:30:00.000000,W002,40.000509,-104.999822
2026-07-02 07:40:00.000000,W003,40.000215,-105.000251
2026-07-02 07:50:00.000000,W004,40.000193,-105.000164
2026-07-02 08:00:00.000000,W005,39.999205,-104.999966
2026-07-02 08:10:00.000000,W006,40.00017,-105.000294
2026-07-02 08:33:44.768427,W006,40.000182,-104.999957
2026-07-02 08:43:44.768427,W001,40.000259,-105.000317
2026-07-02 08:53:44.768427,W002,39.999455,-104.999594
2026-07-02 09:20:38.546780,W001,39.999883,-105.001002
2026-07-02 09:30:38.546780,W002,39.999687,-105.000077
2026-07-02 09:40:38.546780,W003,39.999789,-105.000956
2026-07-02 09:50:38.546780,W004,40.000291,-104.999682
2026-07-02 10:13:20.350421,W002,40.000368,-104.999301
2026-07-02 10:23:20.350421,W003,39.999745,-104.999632
2026-07-02 10:33:20.350421,W004,39.999824,-105.000249
2026-07-02 10:43:20.350421,W005,40.000159,-104.999939
2026-07-02 10:53:20.350421,W006,40.000026,-105.000045
2026-07-02 11:03:20.350421,W001,40.00006,-105.000131
2026-07-02 11:13:20.350421,W002,39.999921,-105.001641
2026-07-02 11:46:34.956453,W003,40.000269,-104.999663
2026-07-02 11:56:34.956453,W004,40.000602,-104.999761
2026-07-02 12:06:34.956453,W005,40.000207,-105.000078
2026-07-02 12:16:34.956453,W006,39.998851,-105.000487
2026-07-02 12:26:34.956453,W001,40.000063,-105.000065
2026-07-02 12:36:34.956453,W002,40.000468,-104.999866
2026-07-02 13:02:19.947852,W004,39.999373,-105.000354
2026-07-02 13:12:19.947852,W005,39.999543,-105.000395
2026-07-02 13:22:19.947852,W006,40.000064,-105.000204
2026-07-02 13:32:19.947852,W001,39.99957,-104.999953
2026-07-02 13:42:19.947852,W002,40.000433,-105.000243
2026-07-02 13:52:19.947852,W003,40.000274,-104.999713
2026-07-02 14:02:19.947852,W004,39.999983,-105.000038
2026-07-02 14:21:19.499640,W005,39.999663,-105.00055
2026-07-02 14:31:19.499640,W006,40.000232,-104.99933
2026-07-02 14:41:19.499640,W001,39.999956,-104.999914
2026-07-02 14:51:19.499640,W002,39.999867,-104.999435
2026-07-02 15:01:19.499640,W003,40.000391,-104.999542
2026-07-02 15:11:19.499640,W004,39.999868,-104.999943
2026-07-02 07:00:00.000000,W006,40.001243,-104.999854
2026-07-02 07:10:00.000000,W001,40.000728,-105.000465
2026-07-02 07:20:00.000000,W002,40.000813,-104.999784
2026-07-02 07:30:00.000000,W003,40.001264,-105.0
2026-07-02 07:40:00.000000,W004,40.001947,-104.999899
2026-07-02 07:50:00.000000,W005,40.000913,-104.998689
2026-07-02 08:00:00.000000,W006,40.001353,-104.998591
2026-07-02 08:20:33.332350,W001,40.000969,-104.99946
2026-07-02 08:30:33.332350,W002,40.000902,-104.99925
2026-07-02 08:40:33.332350,W003,40.001264,-104.998836
2026-07-02 08:50:33.332350,W004,40.000211,-104.998665
2026-07-02 09:00:33.332350,W005,40.000788,-104.999503
2026-07-02 09:10:33.332350,W006,40.001288,-104.999609
2026-07-02 09:20:33.332350,W001,40.0013,-104.999256
2026-07-02 09:45:02.623968,W002,40.001004,-104.999181
2026-07-02 09:55:02.623968,W003,40.001144,-104.998836
2026-07-02 10:05:02.623968,W004,40.000931,-104.999007
2026-07-02 10:15:02.623968,W005,40.001309,-104.99926
2026-07-02 10:25:02.623968,W006,40.001415,-104.999645
2026-07-02 10:35:02.623968,W001,40.00096,-104.999496
2026-07-02 11:02:27.538996,W003,40.001083,-104.999113
2026-07-02 11:12:27.538996,W004,40.001331,-105.000034
2026-07-02 11:22:27.538996,W005,40.001463,-104.999139
2026-07-02 11:32:27.538996,W006,40.000846,-104.999275
2026-07-02 12:02:58.476919,W004,40.000963,-104.999512
2026-07-02 12:12:58.476919,W005,40.000289,-105.000317
2026-07-02 12:22:58.476919,W006,40.000749,-104.999551
2026-07-02 12:32:58.476919,W001,40.001407,-104.999429
2026-07-02 12:42:58.476919,W002,40.000958,-104.999698
2026-07-02 07:00:00.000000,W005,39.998911,-104.99889
2026-07-02 07:10:00.000000,W006,40.000326,-104.998392
2026-07-02 07:20:00.000000,W001,39.998918,-104.999167
2026-07-02 07:30:00.000000,W002,39.999036,-104.998908
2026-07-02 07:40:00.000000,W003,39.998406,-104.998143
2026-07-02 07:50:00.000000,W004,39.99877,-104.998633
2026-07-02 08:00:00.000000,W005,39.998907,-104.999104
2026-07-02 08:10:00.000000,W006,39.999255,-104.998508
2026-07-02 08:33:58.485060,W006,40.000122,-104.998978
2026-07-02 08:43:58.485060,W001,39.999073,-104.998743
2026-07-02 08:53:58.485060,W002,39.999418,-104.99909
2026-07-02 09:15:27.376920,W001,39.998893,-104.99881
2026-07-02 09:25:27.376920,W002,39.998853,-104.999281
2026-07-02 09:35:27.376920,W003,39.998265,-104.998447
2026-07-02 09:45:27.376920,W004,39.998768,-104.999115
2026-07-02 09:55:27.376920,W005,39.999134,-104.999572
2026-07-02 10:25:50.577868,W002,39.999062,-104.999061
2026-07-02 10:35:50.577868,W003,39.99947,-104.999755
2026-07-02 10:45:50.577868,W004,39.999629,-104.998858
2026-07-02 10:55:50.577868,W005,39.998579,-104.998512
2026-07-02 11:05:50.577868,W006,39.999141,-104.999064
2026-07-02 11:15:50.577868,W001,39.999109,-104.999552
2026-07-02 11:48:06.509496,W003,39.998856,-104.99875
2026-07-02 11:58:06.509496,W004,39.998552,-104.999082
2026-07-02 12:08:06.509496,W005,39.998435,-104.998991
2026-07-02 12:18:06.509496,W006,39.999605,-104.997924
2026-07-02 12:28:06.509496,W001,39.999243,-104.998549
2026-07-02 12:38:06.509496,W002,39.999386,-104.998881
2026-07-02 12:48:06.509496,W003,39.998761,-104.998225
2026-07-02 07:00:00.000000,W004,40.000531,-105.001318
2026-07-02 07:10:00.000000,W005,39.999966,-105.001776
2026-07-02 07:20:00.000000,W006,40.000716,-105.000959
2026-07-02 07:30:00.000000,W001,40.000497,-105.001125
2026-07-02 07:40:00.000000,W002,40.000425,-105.000786
2026-07-02 07:50:00.000000,W003,40.000696,-105.001596
2026-07-02 08:23:41.943180,W005,40.000466,-105.000934
2026-07-02 08:33:41.943180,W006,40.000381,-105.001173
2026-07-02 08:43:41.943180,W001,40.000418,-105.000615
2026-07-02 08:53:41.943180,W002,40.000674,-105.00073
2026-07-02 09:13:57.658084,W006,40.000759,-105.000532
2026-07-02 09:23:57.658084,W001,40.000507,-105.000994
2026-07-02 09:33:57.658084,W002,40.000516,-105.001443
2026-07-02 09:43:57.658084,W003,40.000598,-105.001461
2026-07-02 09:53:57.658084,W004,40.000896,-105.001043
2026-07-02 10:12:49.543616,W001,40.000677,-105.000885
2026-07-02 10:22:49.543616,W002,40.000777,-105.001023
2026-07-02 10:32:49.543616,W003,40.000336,-105.001285
2026-07-02 10:42:49.543616,W004,40.001086,-105.001118
2026-07-02 11:06:35.343523,W002,40.000943,-105.000348
2026-07-02 11:16:35.343523,W003,40.000006,-105.001661
2026-07-02 11:26:35.343523,W004,40.000239,-105.001253
2026-07-02 11:36:35.343523,W005,39.999573,-105.001527
2026-07-02 11:46:35.343523,W006,40.000602,-105.000533
2026-07-02 11:56:35.343523,W001,40.000647,-105.00164
2026-07-02 12:06:35.343523,W002,39.999592,-105.001156
2026-07-02 12:31:50.882407,W003,40.000809,-105.001508
2026-07-02 12:41:50.882407,W004,40.000867,-105.000629
2026-07-02 12:51:50.882407,W005,40.000687,-105.000459
2026-07-02 13:01:50.882407,W006,40.000494,-105.000381
2026-07-02 13:11:50.882407,W001,39.999663,-105.000864
2026-07-02 13:21:50.882407,W002,40.000532,-105.001008
2026-07-02 13:31:50.882407,W003,40.000929,-105.001305
2026-07-03 07:00:00.000000,W004,39.999849,-104.999537
2026-07-03 07:10:00.000000,W005,40.000404,-105.000267
2026-07-03 07:20:00.000000,W006,39.999635,-105.000207
2026-07-03 07:30:00.000000,W001,39.999308,-104.999864
2026-07-03 07:40:00.000000,W002,40.000003,-105.00044
2026-07-03 08:06:22.726435,W005,40.000267,-104.999438
2026-07-03 08:16:22.726435,W006,39.999443,-105.000008
2026-07-03 08:26:22.726435,W001,40.000305,-104.999542
2026-07-03 08:53:43.550182,W006,39.999745,-105.000568
2026-07-03 09:03:43.550182,W001,39.999857,-105.000106
2026-07-03 09:13:43.550182,W002,40.000433,-104.999603
2026-07-03 09:23:43.550182,W003,39.999648,-104.999621
2026-07-03 09:33:43.550182,W004,39.999926,-105.000078
2026-07-03 09:43:43.550182,W005,39.999851,-105.000132
2026-07-03 09:53:43.550182,W006,40.000059,-104.999994
2026-07-03 10:03:43.550182,W001,40.000117,-104.998985
2026-07-03 10:13:43.550182,W002,39.999677,-104.999931
2026-07-03 10:39:37.516484,W001,39.999869,-105.000338
2026-07-03 10:49:37.516484,W002,39.999502,-105.00005
2026-07-03 10:59:37.516484,W003,40.000441,-105.000406
2026-07-03 11:09:37.516484,W004,40.000907,-104.999971
2026-07-03 11:19:37.516484,W005,39.999818,-105.000031
2026-07-03 11:29:37.516484,W006,39.999652,-105.000471
2026-07-03 11:39:37.516484,W001,40.001071,-104.999917
2026-07-03 07:00:00.000000,W002,40.001185,-104.99945
2026-07-03 07:10:00.000000,W003,40.000955,-104.999528
2026-07-03 07:20:00.000000,W004,40.000663,-104.998955
2026-07-03 07:30:00.000000,W005,40.000722,-105.000033
2026-07-03 07:40:00.000000,W006,40.001006,-104.999203
2026-07-03 07:50:00.000000,W001,40.001056,-104.999556
2026-07-03 08:10:35.406631,W003,40.001517,-104.999391
2026-07-03 08:20:35.406631,W004,40.001505,-104.999432
2026-07-03 08:30:35.406631,W005,40.001023,-104.999683
2026-07-03 08:40:35.406631,W006,40.001568,-104.999688
2026-07-03 08:50:35.406631,W001,40.000957,-104.999425
2026-07-03 09:00:35.406631,W002,40.001549,-104.999912
2026-07-03 09:10:35.406631,W003,40.001551,-104.999404
2026-07-03 09:42:29.655154,W004,40.00088,-105.00008
2026-07-03 09:52:29.655154,W005,40.000733,-104.999297
2026-07-03 10:02:29.655154,W006,40.001261,-104.999623
2026-07-03 10:12:29.655154,W001,40.00054,-104.999513
2026-07-03 10:22:29.655154,W002,40.001225,-105.000083
2026-07-03 10:32:29.655154,W003,40.000545,-104.9995
2026-07-03 10:42:29.655154,W004,40.000889,-104.99974
2026-07-03 10:52:29.655154,W005,40.000888,-104.999957
2026-07-03 11:02:29.655154,W006,40.000594,-104.999018
2026-07-03 11:12:29.655154,W001,40.001641,-104.999459
2026-07-03 11:22:29.655154,W002,40.001013,-104.999543
2026-07-03 11:32:29.655154,W003,40.000644,-104.999176
2026-07-03 11:42:29.655154,W004,40.001011,-104.999452
2026-07-03 11:52:29.655154,W005,40.00064,-104.999906
2026-07-03 12:02:29.655154,W006,40.001222,-105.000442
2026-07-03 12:12:29.655154,W001,40.001774,-104.999148
2026-07-03 12:22:29.655154,W002,40.001126,-105.000019
2026-07-03 12:48:07.718557,W005,40.001569,-104.998584
2026-07-03 12:58:07.718557,W006,40.00063,-104.99942
2026-07-03 13:08:07.718557,W001,40.000685,-104.999521
2026-07-03 13:18:07.718557,W002,40.000987,-104.999613
2026-07-03 13:28:07.718557,W003,40.000606,-104.999719
2026-07-03 13:38:07.718557,W004,40.000939,-104.999131
2026-07-03 13:48:07.718557,W005,40.00123,-104.999415
2026-07-03 13:58:07.718557,W006,40.00088,-104.999482
2026-07-03 14:08:07.718557,W001,40.001576,-104.999034
2026-07-03 14:18:07.718557,W002,40.001451,-105.0001
2026-07-03 14:28:07.718557,W003,40.001138,-104.999128
2026-07-03 14:56:57.303491,W006,40.000859,-104.999425
2026-07-03 15:06:57.303491,W001,40.000322,-104.998517
2026-07-03 15:16:57.303491,W002,40.000635,-104.999695
2026-07-03 15:26:57.303491,W003,40.000487,-104.999766
2026-07-03 15:36:57.303491,W004,40.001834,-104.999492
2026-07-03 15:46:57.303491,W005,40.001218,-104.999912
2026-07-03 15:56:57.303491,W006,40.001072,-104.999243
2026-07-03 16:06:57.303491,W001,40.000605,-104.999773
2026-07-03 16:16:57.303491,W002,40.001058,-104.998905
2026-07-03 16:26:57.303491,W003,40.001489,-104.998988
2026-07-03 16:36:57.303491,W004,40.001583,-104.998854
2026-07-03 16:46:57.303491,W005,40.000881,-104.999869
2026-07-03 07:00:00.000000,W001,39.999367,-104.998578
2026-07-03 07:10:00.000000,W002,39.998845,-104.998961
2026-07-03 07:20:00.000000,W003,39.999034,-104.998956
2026-07-03 07:30:00.000000,W004,39.999739,-104.999123
2026-07-03 07:40:00.000000,W005,39.999678,-104.998519
2026-07-03 08:00:36.991969,W002,39.998312,-104.999091
2026-07-03 08:10:36.991969,W003,39.99895,-104.998539
2026-07-03 08:20:36.991969,W004,39.99874,-104.998481
2026-07-03 08:30:36.991969,W005,39.999256,-104.997934
2026-07-03 09:01:12.998037,W003,39.999862,-104.999573
2026-07-03 09:11:12.998037,W004,39.998931,-104.998607
2026-07-03 09:21:12.998037,W005,39.999401,-104.998859
2026-07-03 09:52:25.750156,W004,39.998211,-104.998511
2026-07-03 10:02:25.750156,W005,39.999826,-104.998341
2026-07-03 10:12:25.750156,W006,39.999066,-104.999173
2026-07-03 10:22:25.750156,W001,39.999405,-104.998645
2026-07-03 10:32:25.750156,W002,39.999129,-104.998482
2026-07-03 10:59:44.804971,W005,39.999821,-104.999632
2026-07-03 11:09:44.804971,W006,39.999975,-104.998385
2026-07-03 11:19:44.804971,W001,39.998544,-104.999007
2026-07-03 11:29:44.804971,W002,39.999644,-104.998863
2026-07-03 11:52:02.109290,W006,39.999573,-104.999209
2026-07-03 12:02:02.109290,W001,39.999063,-104.997991
2026-07-03 12:12:02.109290,W002,39.999188,-104.998791
2026-07-03 12:29:27.114853,W001,39.999211,-104.998814
2026-07-03 12:39:27.114853,W002,39.99979,-104.998573
2026-07-03 12:49:27.114853,W003,39.999229,-104.999092
2026-07-03 12:59:27.114853,W004,39.99915,-104.999211
2026-07-03 13:09:27.114853,W005,39.99924,-104.998741
2026-07-03 13:19:27.114853,W006,39.999567,-104.998893
2026-07-03 13:47:55.356248,W002,39.999714,-104.99862
2026-07-03 13:57:55.356248,W003,39.999993,-104.999474
2026-07-03 14:07:55.356248,W004,39.998917,-104.998564
2026-07-03 14:17:55.356248,W005,39.998901,-104.998807
2026-07-03 14:27:55.356248,W006,39.999325,-104.999505
2026-07-03 14:37:55.356248,W001,39.99837,-104.999116
2026-07-03 07:00:00.000000,W003,40.000432,-105.000988
2026-07-03 07:10:00.000000,W004,40.000655,-105.00114
2026-07-03 07:20:00.000000,W005,40.00083,-105.001752
2026-07-03 07:45:51.507738,W004,40.000921,-105.000573
2026-07-03 07:55:51.507738,W005,40.000298,-105.000685
2026-07-03 08:05:51.507738,W006,40.0,-105.001309
2026-07-03 08:15:51.507738,W001,40.00023,-105.00051
2026-07-03 08:25:51.507738,W002,40.000503,-105.000993
2026-07-03 08:35:51.507738,W003,40.000551,-105.001119
2026-07-03 09:02:35.152170,W005,40.000762,-105.000619
2026-07-03 09:12:35.152170,W006,40.000752,-105.00054
2026-07-03 09:22:35.152170,W001,40.000178,-105.000637
2026-07-03 09:32:35.152170,W002,40.000353,-105.001235
2026-07-03 09:42:35.152170,W003,40.000425,-105.000601
2026-07-03 09:52:35.152170,W004,40.000597,-105.001445
2026-07-03 10:02:35.152170,W005,40.000364,-105.001141
2026-07-03 10:29:22.890112,W006,40.000784,-105.00104
2026-07-03 10:39:22.890112,W001,40.000808,-105.001394
2026-07-03 10:49:22.890112,W002,40.001057,-105.000714
2026-07-03 10:59:22.890112,W003,40.000653,-105.000472
2026-07-03 11:09:22.890112,W004,40.000267,-105.001109
2026-07-03 11:19:22.890112,W005,40.000099,-105.001033
2026-07-03 11:48:47.245200,W001,40.000341,-105.001375
2026-07-03 11:58:47.245200,W002,40.001276,-105.000738
2026-07-03 12:08:47.245200,W003,40.00011,-105.001152
2026-07-03 12:18:47.245200,W004,40.000368,-105.00099
2026-07-03 12:28:47.245200,W005,40.000577,-105.001272
2026-07-03 12:38:47.245200,W006,40.000854,-105.000679
2026-07-03 13:00:53.397717,W002,40.000482,-105.00141
2026-07-03 13:10:53.397717,W003,40.000927,-105.000564
2026-07-03 13:20:53.397717,W004,40.000525,-105.001135
2026-07-03 13:30:53.397717,W005,40.001182,-105.001319
2026-07-03 13:40:53.397717,W006,40.000974,-105.00089
2026-07-03 13:50:53.397717,W001,40.000341,-105.001061
2026-07-03 07:00:00.000000,W003,39.99992,-104.999733
2026-07-03 07:10:00.000000,W004,40.000094,-104.999693
2026-07-03 07:20:00.000000,W005,39.999902,-104.999876
2026-07-03 07:30:00.000000,W006,39.999613,-105.000586
2026-07-03 07:40:00.000000,W001,39.999691,-105.000018
2026-07-03 08:06:16.468133,W004,40.001248,-105.000187
2026-07-03 08:16:16.468133,W005,39.99995,-104.99996
2026-07-03 08:26:16.468133,W006,39.999733,-105.000445
2026-07-03 08:36:16.468133,W001,39.999052,-105.000738
2026-07-03 08:46:16.468133,W002,40.000716,-104.999842
2026-07-03 08:56:16.468133,W003,40.000325,-105.000011
2026-07-03 09:18:08.469195,W005,39.999558,-105.000834
2026-07-03 09:28:08.469195,W006,39.999264,-105.00105
2026-07-03 09:38:08.469195,W001,40.000112,-105.000041
2026-07-03 10:10:36.547187,W006,39.999546,-104.99965
2026-07-03 10:20:36.547187,W001,39.999342,-104.999952
2026-07-03 07:00:00.000000,W001,40.001359,-104.9992
2026-07-03 07:10:00.000000,W002,40.001433,-104.999681
2026-07-03 07:20:00.000000,W003,40.001231,-105.000116
2026-07-03 07:30:00.000000,W004,40.001294,-104.999769
2026-07-03 07:40:00.000000,W005,40.000436,-105.00005
2026-07-03 07:50:00.000000,W006,40.001186,-104.999068
2026-07-03 08:09:40.965605,W002,40.001267,-104.99961
2026-07-03 08:19:40.965605,W003,40.001196,-104.999373
2026-07-03 08:29:40.965605,W004,40.000775,-104.999482
2026-07-03 08:39:40.965605,W005,40.001058,-104.998567
2026-07-03 08:49:40.965605,W006,40.001267,-104.999364
2026-07-03 08:59:40.965605,W001,40.000926,-104.999298
2026-07-03 09:09:40.965605,W002,40.000824,-104.999736
2026-07-03 09:28:12.736768,W003,40.000886,-104.999666
2026-07-03 09:38:12.736768,W004,40.00126,-104.999635
2026-07-03 09:48:12.736768,W005,40.000295,-104.999574
2026-07-03 09:58:12.736768,W006,40.000848,-104.999578
2026-07-03 10:08:12.736768,W001,40.000234,-104.999781
2026-07-03 10:35:50.863029,W004,40.00105,-104.999005
2026-07-03 10:45:50.863029,W005,40.001572,-104.999757
2026-07-03 10:55:50.863029,W006,40.001447,-104.999413
2026-07-03 11:05:50.863029,W001,40.001064,-104.999484
2026-07-03 11:15:50.863029,W002,40.000344,-104.999029
2026-07-03 11:25:50.863029,W003,40.001498,-105.000156
2026-07-03 11:45:01.164466,W005,40.001738,-104.999624
2026-07-03 11:55:01.164466,W006,40.001385,-105.000079
2026-07-03 12:05:01.164466,W001,40.000731,-104.998626
2026-07-03 12:15:01.164466,W002,40.000931,-104.999165
2026-07-03 12:25:01.164466,W003,40.00101,-104.999816
2026-07-03 12:45:42.177919,W006,40.000581,-104.999342
2026-07-03 12:55:42.177919,W001,40.000384,-105.000124
2026-07-03 13:05:42.177919,W002,40.001024,-104.999694
2026-07-03 13:15:42.177919,W003,40.000327,-104.999866
2026-07-03 13:25:42.177919,W004,40.000231,-105.000031
2026-07-03 13:35:42.177919,W005,40.000403,-104.999668
2026-07-03 13:54:56.566558,W001,40.000916,-104.999258
2026-07-03 14:04:56.566558,W002,40.000661,-104.998609
2026-07-03 14:14:56.566558,W003,40.001573,-105.000142
2026-07-03 14:24:56.566558,W004,40.000662,-104.999214
2026-07-03 14:34:56.566558,W005,40.002142,-104.999565
2026-07-03 14:44:56.566558,W006,40.001009,-104.999528
2026-07-03 15:10:54.708925,W002,40.00082,-104.999416
2026-07-03 15:20:54.708925,W003,40.001111,-104.999377
2026-07-03 15:30:54.708925,W004,40.000806,-104.999374
2026-07-03 15:40:54.708925,W005,40.001053,-104.999384
2026-07-03 15:50:54.708925,W006,40.001172,-105.000437
2026-07-03 16:00:54.708925,W001,40.001282,-104.999052
2026-07-03 07:00:00.000000,W003,39.999355,-104.998687
2026-07-03 07:10:00.000000,W004,39.99871,-104.998952
2026-07-03 07:20:00.000000,W005,39.99898,-104.998951
2026-07-03 07:30:00.000000,W006,39.998574,-104.999199
2026-07-03 07:40:00.000000,W001,39.998924,-104.998795
2026-07-03 08:04:43.987109,W004,39.999301,-104.999166
2026-07-03 08:14:43.987109,W005,39.999115,-104.997953
2026-07-03 08:39:19.423836,W005,39.999332,-104.998983
2026-07-03 08:49:19.423836,W006,39.99896,-104.999002
2026-07-03 08:59:19.423836,W001,40.000116,-104.999152
2026-07-03 09:09:19.423836,W002,39.999307,-104.999117
2026-07-03 09:32:06.299768,W006,39.999791,-104.998572
2026-07-03 09:42:06.299768,W001,39.999831,-104.99814
2026-07-03 09:52:06.299768,W002,40.000253,-104.998381
2026-07-03 10:02:06.299768,W003,39.999476,-104.998112
2026-07-03 10:12:06.299768,W004,39.999154,-104.998279
2026-07-03 10:22:06.299768,W005,39.999629,-104.998661
2026-07-03 10:54:08.951343,W001,39.998575,-104.997953
2026-07-03 11:04:08.951343,W002,39.999677,-104.999167
2026-07-03 11:14:08.951343,W003,40.000084,-104.998271
2026-07-03 11:24:08.951343,W004,39.998577,-104.999261
2026-07-03 11:34:08.951343,W005,39.999235,-104.998543
2026-07-03 11:44:08.951343,W006,39.999396,-104.997991
2026-07-03 12:09:01.297797,W002,39.998644,-104.997714
2026-07-03 12:19:01.297797,W003,39.998745,-104.998588
2026-07-03 12:29:01.297797,W004,39.999694,-104.999253
2026-07-03 12:39:01.297797,W005,39.999434,-104.998722
2026-07-03 12:49:01.297797,W006,39.999025,-104.99865
2026-07-03 12:59:01.297797,W001,39.999257,-104.999337
2026-07-03 07:00:00.000000,W003,40.00083,-105.001048
2026-07-03 07:10:00.000000,W004,39.999815,-105.000447
2026-07-03 07:20:00.000000,W005,40.000273,-105.001687
2026-07-03 07:30:00.000000,W006,40.000942,-105.001818
2026-07-03 07:40:00.000000,W001,40.001043,-105.001728
2026-07-03 08:08:40.862455,W004,40.001011,-105.000795
2026-07-03 08:18:40.862455,W005,39.999823,-105.00151
2026-07-03 08:28:40.862455,W006,40.00024,-105.000379
2026-07-03 08:38:40.862455,W001,40.000279,-105.00049
2026-07-03 08:48:40.862455,W002,39.999929,-105.001217
2026-07-03 09:14:05.233245,W005,40.000398,-105.001499
2026-07-03 09:24:05.233245,W006,40.000375,-105.002024
2026-07-03 09:34:05.233245,W001,40.000379,-105.001009
2026-07-03 09:57:05.744616,W006,40.000078,-105.001538
2026-07-03 10:07:05.744616,W001,40.000745,-105.00131
2026-07-03 10:17:05.744616,W002,40.000868,-105.000898
2026-07-03 10:27:05.744616,W003,40.000827,-105.001564
2026-07-03 10:37:05.744616,W004,39.999493,-105.000976
2026-07-03 11:03:35.962338,W001,39.999944,-105.000733
2026-07-03 11:13:35.962338,W002,40.000771,-105.001319
2026-07-03 11:23:35.962338,W003,40.000056,-105.001255
2026-07-03 11:33:35.962338,W004,40.000313,-105.001195
2026-07-03 11:43:35.962338,W005,40.000285,-105.00103
2026-07-04 07:00:00.000000,W002,39.99977,-105.000369
2026-07-04 07:10:00.000000,W003,40.000087,-104.999577
2026-07-04 07:20:00.000000,W004,40.000358,-104.999996
2026-07-04 07:30:00.000000,W005,39.999461,-105.000085
2026-07-04 07:40:00.000000,W006,40.000458,-104.999904
2026-07-04 07:50:00.000000,W001,40.00006,-104.999475
2026-07-04 08:11:16.423922,W003,40.000449,-104.999503
2026-07-04 08:21:16.423922,W004,40.000029,-105.000305
2026-07-04 08:31:16.423922,W005,39.999251,-105.000421
2026-07-04 08:41:16.423922,W006,40.000167,-105.000285
2026-07-04 08:51:16.423922,W001,40.000173,-105.000724
2026-07-04 09:07:22.505594,W004,40.000071,-105.000002
2026-07-04 09:17:22.505594,W005,40.000373,-105.000614
2026-07-04 09:27:22.505594,W006,40.000007,-104.999552
2026-07-04 09:37:22.505594,W001,40.000725,-105.000462
2026-07-04 09:47:22.505594,W002,39.999448,-105.000076
2026-07-04 10:12:35.780411,W005,40.000057,-104.999826
2026-07-04 10:22:35.780411,W006,39.999265,-104.999825
2026-07-04 10:32:35.780411,W001,39.99998,-105.00016
2026-07-04 10:42:35.780411,W002,39.999987,-104.99929
2026-07-04 10:52:35.780411,W003,39.999885,-104.99966
2026-07-04 11:02:35.780411,W004,40.00068,-104.999304
2026-07-04 07:00:00.000000,W006,40.000698,-104.999967
2026-07-04 07:10:00.000000,W001,40.001288,-104.999628
2026-07-04 07:20:00.000000,W002,40.001879,-104.999203
2026-07-04 07:30:00.000000,W003,40.001172,-104.999703
2026-07-04 07:40:00.000000,W004,40.000514,-104.99972
2026-07-04 07:50:00.000000,W005,40.00127,-104.998966
2026-07-04 08:00:00.000000,W006,40.001454,-104.999382
2026-07-04 08:19:41.035015,W001,40.00055,-105.000014
2026-07-04 08:29:41.035015,W002,40.000617,-104.999644
2026-07-04 08:39:41.035015,W003,40.000226,-104.998969
2026-07-04 08:49:41.035015,W004,40.000989,-104.999598
2026-07-04 08:59:41.035015,W005,40.000291,-104.999696
2026-07-04 09:09:41.035015,W006,40.000579,-104.998903
2026-07-04 09:19:41.035015,W001,40.000485,-104.999775
2026-07-04 09:45:03.819293,W002,40.000968,-104.999516
2026-07-04 09:55:03.819293,W003,40.000787,-104.999834
2026-07-04 10:05:03.819293,W004,40.000404,-104.999509
2026-07-04 10:15:03.819293,W005,40.001716,-104.999737
2026-07-04 10:25:03.819293,W006,40.000944,-104.999013
2026-07-04 10:35:03.819293,W001,40.000647,-104.999182
2026-07-04 10:45:03.819293,W002,40.001093,-104.999889
2026-07-04 10:55:03.819293,W003,40.000782,-104.999215
2026-07-04 11:05:03.819293,W004,40.000748,-104.998718
2026-07-04 11:15:03.819293,W005,40.001217,-104.999294
2026-07-04 11:25:03.819293,W006,40.001503,-104.999614
2026-07-04 11:35:03.819293,W001,40.000891,-104.999335
2026-07-04 12:07:04.748561,W003,40.000764,-105.000245
2026-07-04 12:17:04.748561,W004,40.000718,-104.999835
2026-07-04 12:27:04.748561,W005,40.000645,-104.999093
2026-07-04 12:37:04.748561,W006,40.001584,-104.999325
2026-07-04 12:47:04.748561,W001,40.000507,-104.999717
2026-07-04 12:57:04.748561,W002,40.000822,-105.000081
2026-07-04 13:07:04.748561,W003,40.001171,-104.998944
2026-07-04 13:17:04.748561,W004,40.000395,-104.999677
2026-07-04 13:27:04.748561,W005,40.001294,-105.000202
2026-07-04 13:37:04.748561,W006,40.001194,-104.998818
2026-07-04 13:47:04.748561,W001,40.000707,-104.999595
2026-07-04 14:15:38.030753,W004,40.001146,-104.999224
2026-07-04 14:25:38.030753,W005,40.00132,-104.999136
2026-07-04 14:35:38.030753,W006,40.00058,-104.999279
2026-07-04 14:45:38.030753,W001,40.000869,-104.999251
2026-07-04 14:55:38.030753,W002,40.000499,-104.999754
2026-07-04 15:05:38.030753,W003,40.001149,-105.00017
2026-07-04 15:15:38.030753,W004,40.000967,-104.999509
2026-07-04 15:25:38.030753,W005,40.00066,-104.999797
2026-07-04 15:35:38.030753,W006,40.00167,-104.999771
2026-07-04 16:02:12.417733,W005,40.001458,-104.999619
2026-07-04 16:12:12.417733,W006,40.001063,-104.999412
2026-07-04 16:22:12.417733,W001,40.001264,-104.999445
2026-07-04 16:32:12.417733,W002,40.000771,-104.999473
2026-07-04 16:42:12.417733,W003,40.00077,-105.000155
2026-07-04 16:52:12.417733,W004,40.000767,-104.999219
2026-07-04 17:02:12.417733,W005,40.001009,-105.00033
2026-07-04 17:12:12.417733,W006,40.002106,-104.999275
2026-07-04 17:22:12.417733,W001,40.000514,-104.999544
2026-07-04 07:00:00.000000,W006,39.99934,-104.999045
2026-07-04 07:10:00.000000,W001,39.999882,-104.998945
2026-07-04 07:20:00.000000,W002,39.999539,-104.997942
2026-07-04 07:30:00.000000,W003,39.998951,-104.998556
2026-07-04 07:40:00.000000,W004,39.999311,-104.998847
2026-07-04 07:58:07.624818,W001,39.999249,-104.999154
2026-07-04 08:08:07.624818,W002,39.999409,-104.999045
2026-07-04 08:18:07.624818,W003,39.999094,-104.998203
2026-07-04 08:28:07.624818,W004,39.999641,-104.997947
2026-07-04 08:38:07.624818,W005,39.999146,-104.998902
2026-07-04 08:59:54.303130,W002,39.999314,-104.999341
2026-07-04 09:09:54.303130,W003,39.999802,-104.999839
2026-07-04 09:19:54.303130,W004,39.999162,-104.998403
2026-07-04 09:29:54.303130,W005,39.998935,-104.998496
2026-07-04 09:39:54.303130,W006,39.999152,-104.998539
2026-07-04 10:00:55.459585,W003,39.998201,-104.998949
2026-07-04 10:10:55.459585,W004,39.999147,-104.998468
2026-07-04 10:20:55.459585,W005,39.998268,-104.998751
2026-07-04 10:30:55.459585,W006,39.998942,-104.998827
2026-07-04 10:40:55.459585,W001,39.99933,-104.99937
2026-07-04 11:06:12.260872,W004,39.999936,-104.998247
2026-07-04 11:16:12.260872,W005,39.998966,-104.998265
2026-07-04 11:26:12.260872,W006,39.999344,-104.998159
2026-07-04 11:36:12.260872,W001,39.998781,-104.99738
2026-07-04 12:02:12.817642,W005,39.998511,-104.998007
2026-07-04 12:12:12.817642,W006,39.997788,-104.998067
2026-07-04 12:22:12.817642,W001,39.999185,-104.99849
2026-07-04 12:32:12.817642,W002,40.000013,-104.999517
2026-07-04 12:42:12.817642,W003,39.999012,-104.999188
2026-07-04 13:12:43.199449,W006,39.998971,-104.999247
2026-07-04 13:22:43.199449,W001,39.999341,-104.99955
2026-07-04 13:32:43.199449,W002,39.999385,-104.999023
2026-07-04 13:42:43.199449,W003,39.999213,-104.998658
2026-07-04 13:52:43.199449,W004,39.999247,-104.99903
2026-07-04 14:02:43.199449,W005,39.999455,-104.999061
2026-07-04 14:12:43.199449,W006,39.999248,-104.998972
2026-07-04 14:22:43.199449,W001,39.998838,-104.998412
2026-07-04 14:32:43.199449,W002,39.998787,-104.998953
2026-07-04 14:53:36.445928,W001,39.999033,-104.99906
2026-07-04 15:03:36.445928,W002,39.999248,-104.998469
2026-07-04 15:13:36.445928,W003,40.000023,-104.998743
2026-07-04 15:23:36.445928,W004,39.998661,-104.998999
2026-07-04 07:00:00.000000,W002,40.00033,-105.001537
2026-07-04 07:10:00.000000,W003,39.999615,-105.002234
2026-07-04 07:20:00.000000,W004,40.000532,-105.000704
2026-07-04 07:30:00.000000,W005,40.000469,-105.000679
2026-07-04 07:40:00.000000,W006,40.000577,-105.001315
2026-07-04 07:50:00.000000,W001,40.000512,-105.00161
2026-07-04 08:00:00.000000,W002,40.000987,-105.000349
2026-07-04 08:10:00.000000,W003,40.000287,-105.001683
2026-07-04 08:37:23.837730,W003,39.999733,-105.000507
2026-07-04 08:47:23.837730,W004,40.00045,-105.000818
2026-07-04 08:57:23.837730,W005,40.000218,-105.001524
2026-07-04 09:07:23.837730,W006,40.000495,-105.000611
2026-07-04 09:17:23.837730,W001,40.00069,-105.000943
2026-07-04 09:27:23.837730,W002,40.000873,-105.001286
2026-07-04 09:37:23.837730,W003,40.000557,-105.001441
2026-07-04 10:09:18.079044,W004,40.000934,-105.000442
2026-07-04 10:19:18.079044,W005,40.00078,-105.000392
2026-07-04 10:29:18.079044,W006,40.00024,-105.000801
2026-07-04 10:39:18.079044,W001,40.001111,-105.000918
2026-07-04 11:04:17.637751,W005,40.001116,-105.001342
2026-07-04 11:14:17.637751,W006,40.000472,-105.000512
2026-07-04 11:24:17.637751,W001,40.000391,-105.000898
2026-07-04 11:34:17.637751,W002,40.000463,-105.000744
2026-07-04 11:44:17.637751,W003,40.001016,-105.001098
2026-07-04 11:54:17.637751,W004,40.000327,-105.001221
2026-07-04 07:00:00.000000,W006,39.99941,-104.999992
2026-07-04 07:10:00.000000,W001,40.000228,-104.999638
2026-07-04 07:20:00.000000,W002,39.99964,-105.000577
2026-07-04 07:30:00.000000,W003,39.999733,-105.000427
2026-07-04 07:40:00.000000,W004,40.00067,-105.00011
2026-07-04 07:50:00.000000,W005,39.999834,-104.99998
2026-07-04 08:00:00.000000,W006,40.000223,-104.99976
2026-07-04 08:21:18.220285,W001,40.000245,-104.999723
2026-07-04 08:31:18.220285,W002,40.000358,-105.000519
2026-07-04 08:41:18.220285,W003,40.000275,-105.000328
2026-07-04 09:15:11.918655,W002,39.99994,-105.000052
2026-07-04 09:25:11.918655,W003,39.999708,-104.999996
2026-07-04 09:35:11.918655,W004,40.000061,-105.000433
2026-07-04 09:45:11.918655,W005,39.999973,-104.999802
2026-07-04 09:55:11.918655,W006,39.999879,-105.000046
2026-07-04 10:05:11.918655,W001,40.000103,-104.999422
2026-07-04 10:15:11.918655,W002,39.999692,-105.000017
2026-07-04 10:36:01.604009,W003,40.000599,-105.000474
2026-07-04 10:46:01.604009,W004,39.999469,-104.999838
2026-07-04 10:56:01.604009,W005,40.000013,-104.999533
2026-07-04 11:06:01.604009,W006,39.999907,-105.000572
2026-07-04 11:16:01.604009,W001,39.999878,-105.000645
2026-07-04 07:00:00.000000,W004,40.000146,-105.000287
2026-07-04 07:10:00.000000,W005,40.00081,-104.999959
2026-07-04 07:20:00.000000,W006,40.001376,-104.999851
2026-07-04 07:30:00.000000,W001,40.000988,-104.999601
2026-07-04 07:40:00.000000,W002,40.000905,-104.999324
2026-07-04 07:50:00.000000,W003,40.000868,-104.999597
2026-07-04 08:00:00.000000,W004,40.001674,-104.999425
2026-07-04 08:23:01.100202,W005,40.001065,-104.999516
2026-07-04 08:33:01.100202,W006,40.000743,-104.999373
2026-07-04 08:43:01.100202,W001,40.001044,-104.999129
2026-07-04 08:53:01.100202,W002,40.000819,-104.99985
2026-07-04 09:03:01.100202,W003,40.000694,-104.999243
2026-07-04 09:13:01.100202,W004,40.001349,-105.000169
2026-07-04 09:23:01.100202,W005,40.001181,-104.99988
2026-07-04 09:52:22.000367,W006,40.000451,-104.999602
2026-07-04 10:02:22.000367,W001,40.001214,-104.999641
2026-07-04 10:12:22.000367,W002,40.00123,-104.999887
2026-07-04 10:22:22.000367,W003,40.001378,-104.999461
2026-07-04 10:49:38.234392,W001,40.000533,-105.000082
2026-07-04 10:59:38.234392,W002,40.001491,-104.999846
2026-07-04 11:09:38.234392,W003,40.000266,-104.999745
2026-07-04 11:19:38.234392,W004,40.001241,-104.998761
2026-07-04 11:29:38.234392,W005,40.000723,-104.999214
2026-07-04 11:39:38.234392,W006,40.000272,-104.999808
2026-07-04 11:49:38.234392,W001,40.00125,-104.999724
2026-07-04 11:59:38.234392,W002,40.001379,-104.999386
2026-07-04 12:09:38.234392,W003,40.001047,-105.000125
2026-07-04 12:35:23.996461,W002,40.000983,-104.998604
2026-07-04 12:45:23.996461,W003,40.000864,-104.999644
2026-07-04 12:55:23.996461,W004,40.001042,-104.999356
2026-07-04 13:05:23.996461,W005,40.000634,-105.000074
2026-07-04 13:35:28.390618,W003,40.00089,-104.999789
2026-07-04 13:45:28.390618,W004,40.001665,-104.999421
2026-07-04 13:55:28.390618,W005,40.000941,-104.999147
2026-07-04 14:05:28.390618,W006,40.001117,-105.000046
2026-07-04 14:15:28.390618,W001,40.00024,-104.999776
2026-07-04 14:25:28.390618,W002,40.000999,-104.999465
2026-07-04 14:53:46.541654,W004,40.000826,-104.999439
2026-07-04 15:03:46.541654,W005,40.001725,-104.99908
2026-07-04 15:13:46.541654,W006,40.000438,-104.999558
2026-07-04 15:23:46.541654,W001,40.000832,-105.000025
2026-07-04 15:33:46.541654,W002,40.000411,-104.999626
2026-07-04 15:55:33.406270,W005,40.001413,-104.999804
2026-07-04 16:05:33.406270,W006,40.001187,-104.999714
2026-07-04 16:15:33.406270,W001,40.000653,-104.999479
2026-07-04 16:25:33.406270,W002,40.001195,-104.999338
2026-07-04 16:35:33.406270,W003,40.001306,-104.99955
2026-07-04 07:00:00.000000,W006,39.998963,-104.999198
2026-07-04 07:10:00.000000,W001,39.999069,-104.999131
2026-07-04 07:20:00.000000,W002,39.999686,-104.998819
2026-07-04 07:30:00.000000,W003,39.998134,-104.99876
2026-07-04 07:56:29.722364,W001,39.998978,-104.998348
2026-07-04 08:06:29.722364,W002,39.999032,-104.998482
2026-07-04 08:16:29.722364,W003,40.00003,-104.998745
2026-07-04 08:26:29.722364,W004,39.999078,-104.999278
2026-07-04 08:36:29.722364,W005,39.999559,-104.999034
2026-07-04 08:46:29.722364,W006,39.999359,-104.99841
2026-07-04 08:56:29.722364,W001,39.998997,-104.998719
2026-07-04 09:06:29.722364,W002,39.999312,-104.999017
2026-07-04 09:23:55.223226,W002,39.99965,-104.998542
2026-07-04 09:33:55.223226,W003,39.999346,-104.998725
2026-07-04 09:43:55.223226,W004,39.999336,-104.998588
2026-07-04 09:53:55.223226,W005,39.999331,-104.999198
2026-07-04 10:22:50.479817,W003,39.998743,-104.998035
2026-07-04 10:32:50.479817,W004,40.000053,-104.998715
2026-07-04 10:42:50.479817,W005,39.998872,-104.998561
2026-07-04 10:52:50.479817,W006,39.998176,-104.999039
2026-07-04 11:02:50.479817,W001,39.998928,-104.999298
2026-07-04 11:12:50.479817,W002,39.999382,-104.999001
2026-07-04 11:22:50.479817,W003,39.999228,-104.999229
2026-07-04 11:51:05.523717,W004,39.999371,-104.998382
2026-07-04 12:01:05.523717,W005,39.999571,-104.999016
2026-07-04 12:11:05.523717,W006,40.000039,-104.999131
2026-07-04 12:21:05.523717,W001,39.998843,-104.998464
2026-07-04 12:31:05.523717,W002,39.998895,-104.998621
2026-07-04 12:41:05.523717,W003,39.999285,-104.999311
2026-07-04 12:51:05.523717,W004,39.999046,-104.998904
2026-07-04 13:01:05.523717,W005,39.999522,-104.999326
2026-07-04 13:21:10.691539,W005,39.998935,-104.999028
2026-07-04 13:31:10.691539,W006,39.99978,-104.999125
2026-07-04 13:41:10.691539,W001,39.999013,-104.998731
2026-07-04 13:51:10.691539,W002,39.999291,-104.999086
2026-07-04 14:01:10.691539,W003,39.99989,-104.99902
2026-07-04 14:11:10.691539,W004,39.998506,-104.998916
2026-07-04 14:21:10.691539,W005,39.999178,-104.999317
2026-07-04 14:47:09.173164,W006,39.999034,-104.998611
2026-07-04 14:57:09.173164,W001,39.998776,-104.99873
2026-07-04 15:07:09.173164,W002,39.999364,-104.998861
2026-07-04 15:17:09.173164,W003,39.999165,-104.998824
2026-07-04 15:27:09.173164,W004,39.999039,-104.998173
2026-07-04 15:37:09.173164,W005,39.999491,-104.998498
2026-07-04 15:47:09.173164,W006,39.999522,-104.998844
2026-07-04 15:57:09.173164,W001,39.998543,-104.998748
2026-07-04 16:24:11.731278,W001,39.998912,-104.999044
2026-07-04 16:34:11.731278,W002,39.999867,-104.998866
2026-07-04 16:44:11.731278,W003,39.998985,-104.998481
2026-07-04 16:54:11.731278,W004,39.999186,-104.999116
2026-07-04 07:00:00.000000,W002,40.000498,-105.00094
2026-07-04 07:10:00.000000,W003,40.000289,-105.000585
2026-07-04 07:20:00.000000,W004,40.000623,-105.000673
2026-07-04 07:30:00.000000,W005,40.00089,-105.000354
2026-07-04 07:40:00.000000,W006,40.000446,-105.00086
2026-07-04 08:08:07.758136,W003,40.00096,-105.00134
2026-07-04 08:18:07.758136,W004,40.000169,-105.000915
2026-07-04 08:28:07.758136,W005,40.000688,-105.001306
2026-07-04 08:38:07.758136,W006,40.00046,-105.001312
2026-07-04 08:48:07.758136,W001,40.000117,-105.000929
2026-07-04 08:58:07.758136,W002,40.001251,-105.000889
2026-07-04 09:24:07.970867,W004,40.000057,-105.000442
2026-07-04 09:34:07.970867,W005,39.999976,-105.000783
2026-07-04 09:44:07.970867,W006,40.000278,-105.000796
2026-07-04 09:54:07.970867,W001,40.000726,-105.001441
2026-07-04 10:04:07.970867,W002,40.00044,-105.001278
2026-07-04 10:27:30.511391,W005,39.999853,-105.000668
2026-07-04 10:37:30.511391,W006,40.00066,-105.000838
2026-07-04 10:47:30.511391,W001,40.000138,-105.001201
2026-07-04 10:57:30.511391,W002,40.001317,-105.000715
2026-07-04 11:07:30.511391,W003,40.000674,-105.000581
2026-07-04 11:26:41.222679,W006,39.999776,-105.001085
2026-07-04 11:36:41.222679,W001,40.000024,-105.000329
2026-07-04 11:46:41.222679,W002,40.000884,-105.001829
2026-07-04 11:56:41.222679,W003,40.000466,-105.000416
2026-07-04 12:06:41.222679,W004,40.000492,-105.001496
2026-07-04 12:28:56.353861,W001,40.001553,-105.000743
2026-07-04 12:38:56.353861,W002,40.000897,-105.000906
2026-07-04 12:48:56.353861,W003,40.00027,-105.001106
2026-07-04 12:58:56.353861,W004,40.000248,-105.000987
2026-07-04 13:22:11.848272,W002,40.000198,-105.000693
2026-07-04 13:32:11.848272,W003,39.999819,-105.000462
2026-07-04 13:42:11.848272,W004,40.000796,-105.001796
2026-07-04 13:52:11.848272,W005,40.000812,-105.000961
2026-07-04 14:02:11.848272,W006,40.000239,-105.000791
2026-07-04 14:12:11.848272,W001,40.000864,-105.000596
2026-07-04 14:22:11.848272,W002,40.000415,-105.000978
2026-07-04 14:40:13.507008,W003,40.000098,-105.001158
2026-07-04 14:50:13.507008,W004,40.000493,-105.001008
2026-07-04 15:00:13.507008,W005,40.000826,-105.000528
2026-07-04 15:10:13.507008,W006,40.00057,-105.000575
2026-07-04 15:20:13.507008,W001,40.000247,-105.000875
2026-07-04 15:30:13.507008,W002,40.000652,-105.001154
2026-07-05 07:00:00.000000,W004,39.999786,-105.000152
2026-07-05 07:10:00.000000,W005,39.999705,-105.00017
2026-07-05 07:20:00.000000,W006,40.000264,-104.999836
2026-07-05 07:30:00.000000,W001,39.999845,-104.999939
2026-07-05 08:00:12.619051,W005,40.000818,-105.000273
2026-07-05 08:10:12.619051,W006,39.999826,-105.000497
2026-07-05 08:20:12.619051,W001,40.000589,-104.999679
2026-07-05 08:30:12.619051,W002,39.999373,-104.999929
2026-07-05 08:54:44.354910,W006,40.000559,-104.999554
2026-07-05 09:04:44.354910,W001,40.00034,-104.999961
2026-07-05 09:14:44.354910,W002,40.000518,-104.999745
2026-07-05 09:24:44.354910,W003,39.999601,-104.999711
2026-07-05 09:34:44.354910,W004,40.00055,-105.000011
2026-07-05 09:54:25.842916,W001,39.999723,-105.00002
2026-07-05 10:04:25.842916,W002,40.000154,-104.999712
2026-07-05 10:14:25.842916,W003,39.999871,-104.999633
2026-07-05 10:39:50.797133,W002,39.999974,-104.999961
2026-07-05 10:49:50.797133,W003,40.000466,-104.999942
2026-07-05 10:59:50.797133,W004,39.999809,-105.000545
2026-07-05 11:26:46.153438,W003,40.000527,-104.999903
2026-07-05 11:36:46.153438,W004,40.00038,-105.00017
2026-07-05 11:46:46.153438,W005,40.000337,-105.000151
2026-07-05 11:56:46.153438,W006,39.999489,-105.000197
2026-07-05 12:06:46.153438,W001,40.000063,-105.00005
2026-07-05 12:16:46.153438,W002,40.000134,-105.000338
2026-07-05 12:26:46.153438,W003,39.999818,-105.00001
2026-07-05 12:36:46.153438,W004,39.999453,-104.999927
2026-07-05 13:08:40.748653,W004,39.999789,-104.999923
2026-07-05 13:18:40.748653,W005,39.999423,-105.000513
2026-07-05 13:28:40.748653,W006,39.999907,-104.999728
2026-07-05 13:38:40.748653,W001,39.999741,-105.000396
2026-07-05 13:48:40.748653,W002,39.999476,-105.000972
2026-07-05 13:58:40.748653,W003,40.00034,-105.000205
2026-07-05 14:08:40.748653,W004,39.999144,-104.999424
2026-07-05 14:18:40.748653,W005,40.000662,-104.999694
2026-07-05 07:00:00.000000,W005,40.000814,-104.999714
2026-07-05 07:10:00.000000,W006,40.001073,-104.999504
2026-07-05 07:20:00.000000,W001,40.000593,-104.998995
2026-07-05 07:30:00.000000,W002,40.000758,-105.000268
2026-07-05 07:40:00.000000,W003,40.001477,-104.998958
2026-07-05 07:50:00.000000,W004,40.000901,-104.999346
2026-07-05 08:00:00.000000,W005,40.000924,-104.999373
2026-07-05 08:10:00.000000,W006,40.000099,-104.999102
2026-07-05 08:20:00.000000,W001,40.000962,-104.998611
2026-07-05 08:30:00.000000,W002,40.000974,-104.999487
2026-07-05 08:40:00.000000,W003,40.001402,-104.99958
2026-07-05 08:50:00.000000,W004,40.001502,-104.999262
2026-07-05 09:00:00.000000,W005,40.000366,-104.998695
2026-07-05 09:24:39.628842,W006,40.001614,-104.999363
2026-07-05 09:34:39.628842,W001,40.000955,-104.999422
2026-07-05 09:44:39.628842,W002,40.000678,-104.999348
2026-07-05 09:54:39.628842,W003,40.00031,-104.999883
2026-07-05 10:04:39.628842,W004,40.000919,-104.999637
2026-07-05 10:14:39.628842,W005,40.001543,-104.999552
2026-07-05 10:24:39.628842,W006,40.001021,-104.99895
2026-07-05 10:34:39.628842,W001,40.001208,-104.999972
2026-07-05 10:44:39.628842,W002,40.001279,-104.999379
2026-07-05 10:54:39.628842,W003,40.001589,-104.999919
2026-07-05 11:04:39.628842,W004,40.001042,-104.999565
2026-07-05 11:14:39.628842,W005,40.001384,-104.999553
2026-07-05 11:24:39.628842,W006,40.000521,-104.999546
2026-07-05 11:34:39.628842,W001,40.001162,-104.998767
2026-07-05 11:44:39.628842,W002,40.001703,-105.000704
2026-07-05 11:54:39.628842,W003,40.000841,-104.99956
2026-07-05 12:17:49.359846,W001,40.000727,-104.999119
2026-07-05 12:27:49.359846,W002,40.001297,-104.999657
2026-07-05 12:37:49.359846,W003,40.001506,-104.999811
2026-07-05 12:47:49.359846,W004,40.001203,-104.999883
2026-07-05 12:57:49.359846,W005,40.000299,-105.00011
2026-07-05 13:07:49.359846,W006,40.00118,-104.999401
2026-07-05 13:17:49.359846,W001,40.000758,-104.999199
2026-07-05 13:27:49.359846,W002,40.000852,-104.998974
2026-07-05 13:37:49.359846,W003,40.000641,-104.999461
2026-07-05 13:47:49.359846,W004,40.000506,-105.000037
2026-07-05 13:57:49.359846,W005,40.000714,-104.999462
2026-07-05 14:07:49.359846,W006,40.001336,-104.999756
2026-07-05 14:17:49.359846,W001,40.00078,-104.999251
2026-07-05 14:27:49.359846,W002,40.001377,-104.999271
2026-07-05 14:37:49.359846,W003,40.001359,-104.999496
2026-07-05 14:47:49.359846,W004,40.001289,-104.99996
2026-07-05 15:16:44.413361,W002,39.999974,-104.999594
2026-07-05 15:26:44.413361,W003,40.000905,-104.999509
2026-07-05 15:36:44.413361,W004,40.001895,-104.999564
2026-07-05 15:46:44.413361,W005,40.000496,-104.999847
2026-07-05 15:56:44.413361,W006,40.001187,-104.999373
2026-07-05 16:06:44.413361,W001,40.001027,-104.999644
2026-07-05 16:16:44.413361,W002,40.001013,-104.999763
2026-07-05 16:26:44.413361,W003,40.001204,-104.999219
2026-07-05 16:36:44.413361,W004,40.001091,-104.999542
2026-07-05 16:46:44.413361,W005,40.000738,-104.999838
2026-07-05 16:56:44.413361,W006,40.001203,-104.999499
2026-07-05 07:00:00.000000,W003,39.999233,-104.999271
2026-07-05 07:10:00.000000,W004,39.998647,-104.999047
2026-07-05 07:20:00.000000,W005,39.999099,-104.999247
2026-07-05 07:30:00.000000,W006,39.999117,-104.998417
2026-07-05 07:40:00.000000,W001,39.998952,-104.998703
2026-07-05 07:50:00.000000,W002,39.999471,-104.99948
2026-07-05 08:12:18.571757,W004,39.998666,-104.999179
2026-07-05 08:22:18.571757,W005,39.999453,-104.998567
2026-07-05 08:32:18.571757,W006,39.999103,-104.999169
2026-07-05 08:42:18.571757,W001,39.999288,-104.997888
2026-07-05 09:14:35.962998,W005,39.999195,-104.999003
2026-07-05 09:24:35.962998,W006,39.999695,-104.999104
2026-07-05 09:34:35.962998,W001,39.999035,-104.998934
2026-07-05 09:44:35.962998,W002,39.999073,-104.998457
2026-07-05 10:11:29.326620,W006,39.998828,-104.997751
2026-07-05 10:21:29.326620,W001,39.999465,-104.999351
2026-07-05 10:31:29.326620,W002,39.999031,-104.999225
2026-07-05 10:41:29.326620,W003,39.999446,-104.999028
2026-07-05 10:51:29.326620,W004,39.999643,-104.998812
2026-07-05 11:01:29.326620,W005,39.999095,-104.999075
2026-07-05 11:11:29.326620,W006,39.99917,-104.998843
2026-07-05 11:33:37.154824,W001,39.998508,-104.999447
2026-07-05 11:43:37.154824,W002,39.998919,-104.998598
2026-07-05 11:53:37.154824,W003,39.998722,-104.99839
2026-07-05 12:03:37.154824,W004,39.998642,-104.998553
2026-07-05 12:23:36.814055,W002,39.999012,-104.998789
2026-07-05 12:33:36.814055,W003,39.998655,-104.998637
2026-07-05 12:43:36.814055,W004,39.999545,-104.998319
2026-07-05 12:53:36.814055,W005,39.999958,-104.998808
2026-07-05 13:03:36.814055,W006,39.999383,-104.998828
2026-07-05 13:13:36.814055,W001,39.999594,-104.998137
2026-07-05 13:23:36.814055,W002,39.999076,-104.998519
2026-07-05 13:33:36.814055,W003,39.998817,-104.998981
2026-07-05 13:58:10.989741,W003,39.999019,-104.998519
2026-07-05 14:08:10.989741,W004,39.999486,-104.998753
2026-07-05 14:18:10.989741,W005,39.998972,-104.999047
2026-07-05 14:28:10.989741,W006,39.998991,-104.999183
2026-07-05 14:38:10.989741,W001,39.999886,-104.998103
2026-07-05 07:00:00.000000,W004,40.000465,-105.001419
2026-07-05 07:10:00.000000,W005,40.000328,-105.000818
2026-07-05 07:20:00.000000,W006,40.000635,-105.001518
2026-07-05 07:30:00.000000,W001,40.000513,-105.000804
2026-07-05 07:40:00.000000,W002,40.000145,-105.000362
2026-07-05 07:50:00.000000,W003,40.000975,-105.000738
2026-07-05 08:00:00.000000,W004,40.001173,-105.001016
2026-07-05 08:10:00.000000,W005,40.000208,-105.000881
2026-07-05 08:34:12.196029,W005,40.000388,-105.001446
2026-07-05 08:44:12.196029,W006,40.000039,-105.001215
2026-07-05 08:54:12.196029,W001,40.000125,-105.001296
2026-07-05 09:04:12.196029,W002,40.00066,-105.000759
2026-07-05 09:14:12.196029,W003,40.000733,-105.001673
2026-07-05 09:45:55.664412,W006,40.000575,-105.001113
2026-07-05 09:55:55.664412,W001,40.000753,-105.000197
2026-07-05 10:05:55.664412,W002,40.000508,-105.00074
2026-07-05 10:15:55.664412,W003,40.000161,-105.000079
2026-07-05 10:25:55.664412,W004,40.000741,-105.001037
2026-07-05 10:50:24.169206,W001,40.000597,-105.001001
2026-07-05 11:00:24.169206,W002,40.000013,-105.001968
2026-07-05 11:10:24.169206,W003,40.000511,-105.001595
2026-07-05 11:20:24.169206,W004,40.000603,-105.001442
2026-07-05 11:30:24.169206,W005,40.000579,-105.000558
2026-07-05 11:40:24.169206,W006,40.001142,-105.001272
2026-07-05 12:07:49.524178,W002,40.000442,-105.000548
2026-07-05 12:17:49.524178,W003,40.000962,-105.00096
2026-07-05 12:27:49.524178,W004,40.000734,-105.001579
2026-07-05 12:37:49.524178,W005,40.000029,-105.001052
2026-07-05 12:47:49.524178,W006,40.000238,-105.001819
2026-07-05 12:57:49.524178,W001,39.999898,-105.00094
2026-07-05 13:07:49.524178,W002,40.000396,-105.000363
2026-07-05 13:36:43.527905,W003,40.000508,-105.00078
2026-07-05 13:46:43.527905,W004,40.000879,-105.001636
2026-07-05 13:56:43.527905,W005,40.001346,-105.000814
2026-07-05 14:06:43.527905,W006,40.000383,-105.001036
2026-07-05 14:16:43.527905,W001,40.00012,-105.000996
2026-07-05 14:26:43.527905,W002,40.000946,-105.000849
2026-07-05 14:36:43.527905,W003,40.000839,-105.000542
2026-07-05 15:02:53.354669,W004,40.000136,-105.001168
2026-07-05 15:12:53.354669,W005,40.000679,-105.001089
2026-07-05 15:22:53.354669,W006,40.000874,-105.001641
2026-07-05 15:32:53.354669,W001,40.000727,-105.001056
2026-07-05 07:00:00.000000,W005,39.999,-104.999209
2026-07-05 07:10:00.000000,W006,39.999418,-105.000253
2026-07-05 07:20:00.000000,W001,40.000041,-104.999599
2026-07-05 07:30:00.000000,W002,39.999931,-105.000262
2026-07-05 07:40:00.000000,W003,39.999695,-105.00057
2026-07-05 07:50:00.000000,W004,40.000496,-104.999332
2026-07-05 08:00:00.000000,W005,40.000367,-104.999717
2026-07-05 08:17:10.323439,W006,40.000121,-104.999757
2026-07-05 08:27:10.323439,W001,39.999797,-104.999568
2026-07-05 08:37:10.323439,W002,39.999635,-105.000157
2026-07-05 08:47:10.323439,W003,39.999795,-104.99949
2026-07-05 09:04:13.782507,W001,39.999627,-104.99974
2026-07-05 09:14:13.782507,W002,39.99984,-105.00005
2026-07-05 09:24:13.782507,W003,39.999919,-104.999903
2026-07-05 09:39:40.512514,W002,40.000029,-104.999999
2026-07-05 09:49:40.512514,W003,39.999483,-105.000498
2026-07-05 09:59:40.512514,W004,39.999383,-105.000229
2026-07-05 10:09:40.512514,W005,39.999741,-105.000075
2026-07-05 10:33:38.263316,W003,40.0003,-104.999325
2026-07-05 10:43:38.263316,W004,39.999666,-105.000372
2026-07-05 10:53:38.263316,W005,40.000321,-104.999437
2026-07-05 11:03:38.263316,W006,39.999895,-104.999423
2026-07-05 11:13:38.263316,W001,39.999908,-105.000059
2026-07-05 11:23:38.263316,W002,40.000093,-104.999624
2026-07-05 11:33:38.263316,W003,40.000377,-104.999531
2026-07-05 11:57:14.538055,W004,39.998798,-105.000154
2026-07-05 12:07:14.538055,W005,39.999636,-105.000994
2026-07-05 12:17:14.538055,W006,40.000641,-105.000631
2026-07-05 12:27:14.538055,W001,39.999473,-105.000054
2026-07-05 07:00:00.000000,W005,40.000504,-104.999477
2026-07-05 07:10:00.000000,W006,40.000648,-105.000053
2026-07-05 07:20:00.000000,W001,40.001042,-104.99945
2026-07-05 07:30:00.000000,W002,40.001188,-104.999213
2026-07-05 07:40:00.000000,W003,40.001224,-104.999636
2026-07-05 07:50:00.000000,W004,40.000853,-104.999261
2026-07-05 08:00:00.000000,W005,40.000884,-104.999263
2026-07-05 08:10:00.000000,W006,40.001085,-104.999932
2026-07-05 08:32:56.988417,W006,40.001181,-104.999442
2026-07-05 08:42:56.988417,W001,40.000503,-104.999804
2026-07-05 08:52:56.988417,W002,40.00112,-104.99972
2026-07-05 09:02:56.988417,W003,40.000808,-104.999613
2026-07-05 09:12:56.988417,W004,40.001445,-104.999726
2026-07-05 09:22:56.988417,W005,40.001006,-104.999021
2026-07-05 09:47:24.644672,W001,40.00074,-104.999823
2026-07-05 09:57:24.644672,W002,40.000674,-104.999397
2026-07-05 10:07:24.644672,W003,40.001221,-105.000114
2026-07-05 10:17:24.644672,W004,40.000315,-104.999964
2026-07-05 10:27:24.644672,W005,40.000825,-104.999282
2026-07-05 10:37:24.644672,W006,40.001211,-104.999544
2026-07-05 10:47:24.644672,W001,40.000541,-104.999153
2026-07-05 10:57:24.644672,W002,40.00149,-104.999849
2026-07-05 11:20:12.998235,W002,40.001521,-104.99862
2026-07-05 11:30:12.998235,W003,40.000795,-104.999365
2026-07-05 11:40:12.998235,W004,40.000877,-104.999443
2026-07-05 11:50:12.998235,W005,40.000794,-105.000051
2026-07-05 12:00:12.998235,W006,40.001071,-104.999301
2026-07-05 12:10:12.998235,W001,40.001606,-104.999363
2026-07-05 12:35:18.829900,W003,40.000883,-104.999306
2026-07-05 12:45:18.829900,W004,40.000856,-104.999659
2026-07-05 12:55:18.829900,W005,40.001002,-104.999449
2026-07-05 13:05:18.829900,W006,40.00087,-104.999463
2026-07-05 13:15:18.829900,W001,40.001322,-104.999775
2026-07-05 13:25:18.829900,W002,40.001745,-104.998767
2026-07-05 13:35:18.829900,W003,40.00101,-104.999604
2026-07-05 14:00:21.713888,W004,40.00162,-104.999486
2026-07-05 14:10:21.713888,W005,40.001135,-104.999616
2026-07-05 14:20:21.713888,W006,40.001471,-104.999887
2026-07-05 14:30:21.713888,W001,40.000264,-105.000194
2026-07-05 14:40:21.713888,W002,40.001756,-104.999412
2026-07-05 14:50:21.713888,W003,40.001467,-104.999724
2026-07-05 15:00:21.713888,W004,40.000567,-105.000003
2026-07-05 07:00:00.000000,W005,39.999446,-104.998799
2026-07-05 07:10:00.000000,W006,39.999414,-104.999038
2026-07-05 07:20:00.000000,W001,39.998846,-104.998352
2026-07-05 07:30:00.000000,W002,39.998749,-104.998906
2026-07-05 07:40:00.000000,W003,39.999018,-104.999333
2026-07-05 08:11:29.992604,W006,39.999094,-104.999226
2026-07-05 08:21:29.992604,W001,39.999162,-104.998723
2026-07-05 08:46:31.881617,W001,39.99924,-104.998542
2026-07-05 08:56:31.881617,W002,39.999378,-104.998581
2026-07-05 09:06:31.881617,W003,39.99899,-104.998887
2026-07-05 09:16:31.881617,W004,39.99859,-104.999007
2026-07-05 09:48:37.117052,W002,39.999768,-104.999113
2026-07-05 09:58:37.117052,W003,39.998809,-104.998831
2026-07-05 10:08:37.117052,W004,39.998966,-104.999109
2026-07-05 10:18:37.117052,W005,39.999263,-104.998703
2026-07-05 10:28:37.117052,W006,39.997767,-104.99832
2026-07-05 10:38:37.117052,W001,39.999188,-104.998539
2026-07-05 11:04:08.974606,W003,39.998964,-104.998329
2026-07-05 11:14:08.974606,W004,39.998619,-104.999077
2026-07-05 11:24:08.974606,W005,39.999043,-104.998953
2026-07-05 11:58:08.457338,W004,39.999354,-104.998552
2026-07-05 12:08:08.457338,W005,39.999337,-104.999122
2026-07-05 12:18:08.457338,W006,39.999494,-104.998189
2026-07-05 12:28:08.457338,W001,39.999276,-104.999074
2026-07-05 12:38:08.457338,W002,39.998827,-104.998865
2026-07-05 12:48:08.457338,W003,39.998974,-104.99863
2026-07-05 07:00:00.000000,W005,39.999943,-105.001043
2026-07-05 07:10:00.000000,W006,40.00057,-105.000362
2026-07-05 07:20:00.000000,W001,40.0003,-105.00071
2026-07-05 07:30:00.000000,W002,40.00006,-105.001471
2026-07-05 07:40:00.000000,W003,40.000978,-105.000718
2026-07-05 08:02:53.326607,W006,39.999633,-105.000954
2026-07-05 08:12:53.326607,W001,40.000933,-105.000735
2026-07-05 08:22:53.326607,W002,40.001114,-105.000428
2026-07-05 08:32:53.326607,W003,40.00041,-105.000982
2026-07-05 08:42:53.326607,W004,40.000955,-105.000976
2026-07-05 09:03:23.287174,W001,40.000462,-105.001078
2026-07-05 09:13:23.287174,W002,40.000532,-105.000379
2026-07-05 09:23:23.287174,W003,39.999574,-105.001084
2026-07-05 09:33:23.287174,W004,40.000418,-105.001163
2026-07-05 09:43:23.287174,W005,39.999251,-105.001593
2026-07-05 09:53:23.287174,W006,40.000282,-105.001226
2026-07-05 10:18:07.837104,W002,40.001034,-105.001062
2026-07-05 10:28:07.837104,W003,40.00109,-105.000976
2026-07-05 10:38:07.837104,W004,40.000791,-105.001162
2026-07-05 11:05:59.911958,W003,40.000638,-105.000316
2026-07-05 11:15:59.911958,W004,40.000444,-105.000952
2026-07-05 11:25:59.911958,W005,40.000084,-105.000985
2026-07-05 11:35:59.911958,W006,40.000733,-105.001345
2026-07-05 11:45:59.911958,W001,40.000713,-105.000877
2026-07-05 11:55:59.911958,W002,40.00105,-105.001223
2026-07-05 12:16:21.155088,W004,40.000682,-105.001157
2026-07-05 12:26:21.155088,W005,40.000232,-105.000822
2026-07-05 12:36:21.155088,W006,40.000675,-105.001101
2026-07-05 12:46:21.155088,W001,40.000239,-105.000973
2026-07-05 12:56:21.155088,W002,40.00103,-105.001476
2026-07-05 13:06:21.155088,W003,39.999889,-105.00124
2026-07-05 13:16:21.155088,W004,39.999566,-105.000452
2026-07-05 13:26:21.155088,W005,40.000052,-105.001558
2026-07-05 13:46:31.093658,W005,40.000698,-105.000608
2026-07-05 13:56:31.093658,W006,40.000308,-105.0006
2026-07-05 14:06:31.093658,W001,40.000999,-105.000983
2026-07-05 14:16:31.093658,W002,40.000614,-105.001535
2026-07-05 14:26:31.093658,W003,40.000344,-105.001422
2026-07-05 14:36:31.093658,W004,40.000923,-105.000436
2026-07-05 14:46:31.093658,W005,40.000552,-105.000829
2026-07-05 14:56:31.093658,W006,40.000085,-105.000661
2026-07-05 15:06:31.093658,W001,40.000403,-105.001299
2026-07-05 15:16:31.093658,W002,40.0011,-105.000781
2026-07-06 07:00:00.000000,W006,40.000579,-105.000143
2026-07-06 07:10:00.000000,W001,40.000352,-104.999743
2026-07-06 07:20:00.000000,W002,40.000006,-104.999966
2026-07-06 07:30:00.000000,W003,40.000235,-105.00078
2026-07-06 07:40:00.000000,W004,39.999999,-105.000005
2026-07-06 07:50:00.000000,W005,40.000179,-104.999607
2026-07-06 08:00:00.000000,W006,40.000121,-105.000284
2026-07-06 08:10:00.000000,W001,39.999741,-105.000606
2026-07-06 08:20:00.000000,W002,39.999222,-105.00012
2026-07-06 08:43:32.718193,W001,40.000084,-104.999253
2026-07-06 08:53:32.718193,W002,40.000302,-105.000477
2026-07-06 09:03:32.718193,W003,39.999941,-105.000213
2026-07-06 09:13:32.718193,W004,40.000402,-104.999727
2026-07-06 09:35:16.369508,W002,39.999778,-104.999882
2026-07-06 09:45:16.369508,W003,40.000069,-105.000085
2026-07-06 09:55:16.369508,W004,39.999453,-104.99978
2026-07-06 10:05:16.369508,W005,39.999499,-104.999931
2026-07-06 10:15:16.369508,W006,39.99941,-105.000246
2026-07-06 10:25:16.369508,W001,40.00014,-104.999893
2026-07-06 10:52:45.343628,W003,40.000922,-104.999809
2026-07-06 11:02:45.343628,W004,40.00005,-104.999709
2026-07-06 11:12:45.343628,W005,40.000253,-105.000005
2026-07-06 11:22:45.343628,W006,40.00005,-105.000354
2026-07-06 11:32:45.343628,W001,39.999467,-105.000852
2026-07-06 12:01:38.434844,W004,40.000425,-105.000391
2026-07-06 12:11:38.434844,W005,40.000251,-104.999807
2026-07-06 12:21:38.434844,W006,40.000397,-104.998937
2026-07-06 12:31:38.434844,W001,40.000136,-104.999653
2026-07-06 12:41:38.434844,W002,39.999727,-105.000734
2026-07-06 12:51:38.434844,W003,39.999901,-104.999787
2026-07-06 07:00:00.000000,W005,40.000648,-104.999528
2026-07-06 07:10:00.000000,W006,40.000877,-104.999176
2026-07-06 07:20:00.000000,W001,40.000444,-104.998794
2026-07-06 07:30:00.000000,W002,40.000532,-104.999082
2026-07-06 07:40:00.000000,W003,40.000752,-104.999407
2026-07-06 07:50:00.000000,W004,40.001283,-104.999353
2026-07-06 08:00:00.000000,W005,40.001541,-104.99886
2026-07-06 08:30:29.889942,W006,40.000684,-105.000496
2026-07-06 08:40:29.889942,W001,40.000615,-104.999756
2026-07-06 08:50:29.889942,W002,40.000728,-104.99972
2026-07-06 09:00:29.889942,W003,40.001749,-104.998602
2026-07-06 09:10:29.889942,W004,40.001805,-104.999217
2026-07-06 09:20:29.889942,W005,40.000879,-104.999341
2026-07-06 09:30:29.889942,W006,40.001002,-104.999565
2026-07-06 09:40:29.889942,W001,40.00089,-104.999434
2026-07-06 09:50:29.889942,W002,40.00159,-104.999819
2026-07-06 10:00:29.889942,W003,40.001428,-104.999595
2026-07-06 10:23:36.827280,W001,40.000948,-104.999558
2026-07-06 10:33:36.827280,W002,40.001134,-104.999275
2026-07-06 10:43:36.827280,W003,40.001444,-105.00006
2026-07-06 10:53:36.827280,W004,40.001188,-104.999884
2026-07-06 11:03:36.827280,W005,40.001283,-104.999154
2026-07-06 11:13:36.827280,W006,40.000462,-104.99931
2026-07-06 11:23:36.827280,W001,40.001194,-104.999967
2026-07-06 11:33:36.827280,W002,40.001303,-104.999953
2026-07-06 11:43:36.827280,W003,40.001803,-104.998494
2026-07-06 11:53:36.827280,W004,40.000779,-104.999604
2026-07-06 12:03:36.827280,W005,40.000528,-104.999875
2026-07-06 12:13:36.827280,W006,40.00149,-104.99972
2026-07-06 12:23:36.827280,W001,40.000599,-104.999534
2026-07-06 12:33:36.827280,W002,40.001439,-104.999377
2026-07-06 12:43:36.827280,W003,40.000608,-104.999347
2026-07-06 12:53:36.827280,W004,40.000845,-104.999991
2026-07-06 13:19:27.910429,W002,40.00102,-104.999488
2026-07-06 13:29:27.910429,W003,40.001357,-104.999317
2026-07-06 13:39:27.910429,W004,40.001146,-104.999862
2026-07-06 13:49:27.910429,W005,40.000786,-104.999283
2026-07-06 13:59:27.910429,W006,40.00094,-104.999015
2026-07-06 14:09:27.910429,W001,40.001149,-104.999047
2026-07-06 14:19:27.910429,W002,40.00146,-104.999744
2026-07-06 14:29:27.910429,W003,40.001019,-105.00016
2026-07-06 14:39:27.910429,W004,40.000773,-104.999535
2026-07-06 14:49:27.910429,W005,40.000633,-104.999916
2026-07-06 14:59:27.910429,W006,40.000159,-104.999713
2026-07-06 15:24:06.686523,W003,40.000512,-104.999315
2026-07-06 15:34:06.686523,W004,40.001054,-104.999633
2026-07-06 15:44:06.686523,W005,40.000904,-104.999113
2026-07-06 15:54:06.686523,W006,40.000473,-104.999594
2026-07-06 16:04:06.686523,W001,40.000794,-104.998926
2026-07-06 16:14:06.686523,W002,40.000679,-104.999734
2026-07-06 16:24:06.686523,W003,40.000672,-104.999579
2026-07-06 16:34:06.686523,W004,40.00137,-104.999746
2026-07-06 16:44:06.686523,W005,40.000043,-104.999251
2026-07-06 16:54:06.686523,W006,40.001225,-104.999499
2026-07-06 07:00:00.000000,W004,39.999305,-104.998511
2026-07-06 07:10:00.000000,W005,39.998833,-104.998534
2026-07-06 07:20:00.000000,W006,39.998609,-104.998584
2026-07-06 07:30:00.000000,W001,39.9996,-104.99815
2026-07-06 07:54:52.312074,W005,39.999686,-104.998569
2026-07-06 08:04:52.312074,W006,39.999286,-104.998536
2026-07-06 08:14:52.312074,W001,39.999333,-104.999031
2026-07-06 08:24:52.312074,W002,39.999088,-104.997491
2026-07-06 08:50:24.259945,W006,39.999595,-104.999123
2026-07-06 09:00:24.259945,W001,39.99995,-104.998757
2026-07-06 09:10:24.259945,W002,39.998971,-104.998716
2026-07-06 09:20:24.259945,W003,39.999203,-104.998998
2026-07-06 09:30:24.259945,W004,39.998821,-104.998844
2026-07-06 09:55:20.028810,W001,39.99917,-104.998993
2026-07-06 10:05:20.028810,W002,39.999153,-104.998111
2026-07-06 10:15:20.028810,W003,39.999922,-104.998948
2026-07-06 10:25:20.028810,W004,39.999205,-104.998209
2026-07-06 10:35:20.028810,W005,39.99897,-104.999114
2026-07-06 10:45:20.028810,W006,39.99875,-104.998055
2026-07-06 10:55:20.028810,W001,39.999015,-104.998793
2026-07-06 11:13:57.053841,W002,39.99958,-104.998967
2026-07-06 11:23:57.053841,W003,39.999246,-104.998484
2026-07-06 11:33:57.053841,W004,39.999201,-104.998784
2026-07-06 11:43:57.053841,W005,39.999429,-104.998752
2026-07-06 11:53:57.053841,W006,39.998915,-104.998842
2026-07-06 12:03:57.053841,W001,39.998816,-104.998448
2026-07-06 12:13:57.053841,W002,39.999242,-104.999272
2026-07-06 12:47:46.155691,W003,39.999446,-104.998047
2026-07-06 12:57:46.155691,W004,39.999045,-104.999125
2026-07-06 13:07:46.155691,W005,39.999227,-104.998296
2026-07-06 13:17:46.155691,W006,39.999323,-104.99891
2026-07-06 13:27:46.155691,W001,39.999075,-104.998769
2026-07-06 07:00:00.000000,W004,40.000275,-105.001069
2026-07-06 07:10:00.000000,W005,39.999958,-105.00047
2026-07-06 07:20:00.000000,W006,40.000751,-105.00123
2026-07-06 07:30:00.000000,W001,40.000194,-105.001554
2026-07-06 07:40:00.000000,W002,40.000112,-105.000423
2026-07-06 07:50:00.000000,W003,40.000517,-105.001012
2026-07-06 08:00:00.000000,W004,40.000576,-105.00149
2026-07-06 08:20:35.801532,W005,39.999298,-105.000449
2026-07-06 08:30:35.801532,W006,40.00062,-105.000683
2026-07-06 08:40:35.801532,W001,40.000191,-105.000892
2026-07-06 08:50:35.801532,W002,40.0005,-105.001114
2026-07-06 09:00:35.801532,W003,40.000569,-105.00054
2026-07-06 09:10:35.801532,W004,40.000443,-105.000617
2026-07-06 09:20:35.801532,W005,39.999933,-105.000781
2026-07-06 09:30:35.801532,W006,40.000542,-105.000857
2026-07-06 09:54:22.400232,W006,40.001134,-105.000812
2026-07-06 10:04:22.400232,W001,40.001241,-105.00124
2026-07-06 10:14:22.400232,W002,40.00097,-105.000685
2026-07-06 10:24:22.400232,W003,39.999926,-105.000884
2026-07-06 10:34:22.400232,W004,40.000637,-105.000244
2026-07-06 10:44:22.400232,W005,40.000883,-105.001169
2026-07-06 11:13:48.538523,W001,40.000914,-105.000428
2026-07-06 11:23:48.538523,W002,40.001246,-105.001115
2026-07-06 11:33:48.538523,W003,40.000136,-105.001527
2026-07-06 12:00:50.626207,W002,40.000609,-105.001381
2026-07-06 12:10:50.626207,W003,40.000086,-105.000623
2026-07-06 12:20:50.626207,W004,40.000355,-105.001448
2026-07-06 12:30:50.626207,W005,39.999773,-105.001084
2026-07-06 12:40:50.626207,W006,40.000879,-105.000717
2026-07-06 12:50:50.626207,W001,40.000886,-105.001388
2026-07-06 13:00:50.626207,W002,40.000481,-105.001021
2026-07-06 13:27:47.565270,W003,39.999294,-105.00116
2026-07-06 13:37:47.565270,W004,40.000617,-105.001585
2026-07-06 13:47:47.565270,W005,40.000205,-105.000466
2026-07-06 13:57:47.565270,W006,40.000713,-105.001686
2026-07-06 14:07:47.565270,W001,39.999944,-105.00062
2026-07-06 14:17:47.565270,W002,40.001395,-105.001036
2026-07-06 14:27:47.565270,W003,40.000664,-105.000825
2026-07-06 14:37:47.565270,W004,40.000979,-105.001113
2026-07-06 15:06:42.449143,W004,39.999957,-105.000835
2026-07-06 15:16:42.449143,W005,40.000553,-105.00089
2026-07-06 15:26:42.449143,W006,40.000744,-105.002258
2026-07-06 15:36:42.449143,W001,40.00096,-105.001877
2026-07-06 15:46:42.449143,W002,40.001023,-105.000612
2026-07-06 07:00:00.000000,W005,40.000414,-105.000423
2026-07-06 07:10:00.000000,W006,40.000507,-104.999831
2026-07-06 07:20:00.000000,W001,39.999744,-105.000255
2026-07-06 07:30:00.000000,W002,40.000205,-105.000812
2026-07-06 07:40:00.000000,W003,39.999427,-105.000409
2026-07-06 07:50:00.000000,W004,40.00006,-105.000026
2026-07-06 08:00:00.000000,W005,39.99973,-105.00029
2026-07-06 08:10:00.000000,W006,40.000022,-105.000352
2026-07-06 08:20:00.000000,W001,39.999717,-105.000375
2026-07-06 08:30:00.000000,W002,40.000075,-104.999775
2026-07-06 08:48:44.872660,W006,39.999483,-104.999985
2026-07-06 08:58:44.872660,W001,40.000456,-104.99961
2026-07-06 09:08:44.872660,W002,39.999773,-105.000092
2026-07-06 09:18:44.872660,W003,40.000063,-104.99993
2026-07-06 09:28:44.872660,W004,40.000018,-104.999574
2026-07-06 09:55:51.736314,W001,40.00051,-105.000193
2026-07-06 10:05:51.736314,W002,39.999974,-105.000068
2026-07-06 10:15:51.736314,W003,39.999881,-104.999531
2026-07-06 10:25:51.736314,W004,39.999962,-104.999267
2026-07-06 10:45:03.268503,W002,39.999481,-105.000102
2026-07-06 10:55:03.268503,W003,40.000003,-104.999502
2026-07-06 11:05:03.268503,W004,40.000195,-104.999547
2026-07-06 11:15:03.268503,W005,40.000743,-104.99997
2026-07-06 11:46:53.452921,W003,39.999627,-104.999683
2026-07-06 11:56:53.452921,W004,39.999521,-105.000823
2026-07-06 12:06:53.452921,W005,39.999763,-105.000203
2026-07-06 12:16:53.452921,W006,40.000649,-105.000211
2026-07-06 12:26:53.452921,W001,40.000297,-105.000097
2026-07-06 12:48:39.086288,W004,39.999745,-105.000262
2026-07-06 12:58:39.086288,W005,40.000137,-104.9999
2026-07-06 13:08:39.086288,W006,40.000313,-104.99967
2026-07-06 13:18:39.086288,W001,40.000669,-104.999851
2026-07-06 13:28:39.086288,W002,40.000378,-104.999435
2026-07-06 13:38:39.086288,W003,39.999987,-105.0001
2026-07-06 14:03:26.942373,W005,39.99966,-104.999302
2026-07-06 14:13:26.942373,W006,39.999499,-105.000924
2026-07-06 14:23:26.942373,W001,39.999747,-105.000468
2026-07-06 14:33:26.942373,W002,40.000061,-104.999429
2026-07-06 07:00:00.000000,W006,40.001278,-104.999622
2026-07-06 07:10:00.000000,W001,40.001459,-104.999303
2026-07-06 07:20:00.000000,W002,40.001535,-104.999232
2026-07-06 07:30:00.000000,W003,40.000868,-104.999524
2026-07-06 07:40:00.000000,W004,40.000813,-104.999279
2026-07-06 07:50:00.000000,W005,40.000806,-104.999289
2026-07-06 08:00:00.000000,W006,40.00134,-104.999444
2026-07-06 08:23:17.437124,W001,40.000992,-104.999577
2026-07-06 08:33:17.437124,W002,40.001109,-104.999023
2026-07-06 08:43:17.437124,W003,40.001188,-104.99952
2026-07-06 08:53:17.437124,W004,40.001433,-104.999658
2026-07-06 09:03:17.437124,W005,40.001296,-105.000105
2026-07-06 09:30:57.016646,W002,40.000652,-104.999413
2026-07-06 09:40:57.016646,W003,40.001574,-104.99886
2026-07-06 09:50:57.016646,W004,40.000956,-104.999039
2026-07-06 10:00:57.016646,W005,40.000952,-104.999365
2026-07-06 10:10:57.016646,W006,40.001042,-105.000061
2026-07-06 10:20:57.016646,W001,40.00049,-104.999384
2026-07-06 10:50:36.143622,W003,40.001013,-104.999463
2026-07-06 11:00:36.143622,W004,40.001747,-104.999653
2026-07-06 11:10:36.143622,W005,40.000584,-104.999447
2026-07-06 11:20:36.143622,W006,40.001462,-104.999402
2026-07-06 11:36:45.187151,W004,40.00167,-104.999226
2026-07-06 11:46:45.187151,W005,40.000969,-104.999309
2026-07-06 11:56:45.187151,W006,40.00182,-104.999156
2026-07-06 12:06:45.187151,W001,40.000699,-104.999835
2026-07-06 12:16:45.187151,W002,40.000605,-104.999572
2026-07-06 12:26:45.187151,W003,40.000676,-104.999479
2026-07-06 12:36:45.187151,W004,40.001603,-105.000013
2026-07-06 13:07:40.705491,W005,40.001327,-104.999888
2026-07-06 13:17:40.705491,W006,40.001462,-104.999141
2026-07-06 13:27:40.705491,W001,40.00114,-104.999772
2026-07-06 13:37:40.705491,W002,40.001484,-104.999384
2026-07-06 13:47:40.705491,W003,40.001169,-104.999383
2026-07-06 13:57:40.705491,W004,40.001388,-104.9992
2026-07-06 07:00:00.000000,W006,39.999852,-104.999339
2026-07-06 07:10:00.000000,W001,39.999663,-104.998411
2026-07-06 07:20:00.000000,W002,39.999372,-104.998733
2026-07-06 07:30:00.000000,W003,39.999202,-104.998626
2026-07-06 07:40:00.000000,W004,39.999418,-104.998265
2026-07-06 07:50:00.000000,W005,39.998575,-105.000263
2026-07-06 08:00:00.000000,W006,39.998448,-104.99873
2026-07-06 08:22:19.657634,W001,39.999325,-104.999528
2026-07-06 08:32:19.657634,W002,39.999712,-104.999051
2026-07-06 08:42:19.657634,W003,39.999162,-104.999125
2026-07-06 08:52:19.657634,W004,39.999345,-104.998726
2026-07-06 09:02:19.657634,W005,39.999834,-104.999244
2026-07-06 09:12:19.657634,W006,39.999704,-104.998858
2026-07-06 09:22:19.657634,W001,39.999056,-104.998905
2026-07-06 09:47:22.019747,W002,39.999021,-104.998481
2026-07-06 09:57:22.019747,W003,39.998741,-104.998228
2026-07-06 10:07:22.019747,W004,39.999144,-104.998805
2026-07-06 10:35:31.586914,W003,39.998998,-104.998874
2026-07-06 10:45:31.586914,W004,39.998714,-104.99846
2026-07-06 10:55:31.586914,W005,39.999035,-104.998979
2026-07-06 11:05:31.586914,W006,40.000022,-104.9988
2026-07-06 11:15:31.586914,W001,39.998969,-104.998777
2026-07-06 07:00:00.000000,W004,40.000738,-105.000598
2026-07-06 07:10:00.000000,W005,40.000864,-105.001056
2026-07-06 07:20:00.000000,W006,40.000408,-105.001356
2026-07-06 07:45:07.342407,W005,40.000805,-105.001547
2026-07-06 07:55:07.342407,W006,40.000075,-105.001378
2026-07-06 08:05:07.342407,W001,40.00049,-105.001211
2026-07-06 08:15:07.342407,W002,40.000678,-105.001198
2026-07-06 08:25:07.342407,W003,40.000106,-105.000755
2026-07-06 08:58:29.699788,W006,40.000244,-105.001158
2026-07-06 09:08:29.699788,W001,40.000185,-105.000886
2026-07-06 09:18:29.699788,W002,40.000883,-105.000738
2026-07-06 09:28:29.699788,W003,40.00005,-105.00118
2026-07-06 09:38:29.699788,W004,40.00075,-105.000911
2026-07-06 09:48:29.699788,W005,40.001329,-105.001396
2026-07-06 09:58:29.699788,W006,40.000478,-105.000677
2026-07-06 10:21:28.893511,W001,40.000831,-105.001783
2026-07-06 10:31:28.893511,W002,40.001231,-105.001387
2026-07-06 10:41:28.893511,W003,39.999863,-105.000689
2026-07-06 10:51:28.893511,W004,39.99982,-105.001368
2026-07-06 11:01:28.893511,W005,40.000814,-105.000809
2026-07-06 11:11:28.893511,W006,40.000368,-105.001338
2026-07-06 11:21:28.893511,W001,39.999984,-105.000402
2026-07-06 11:37:55.638766,W002,40.001022,-105.000894
2026-07-06 11:47:55.638766,W003,40.001191,-105.00123
2026-07-06 11:57:55.638766,W004,40.000314,-105.000804
2026-07-06 12:07:55.638766,W005,40.000481,-105.000693
2026-07-06 12:17:55.638766,W006,40.000814,-105.001079
2026-07-06 12:27:55.638766,W001,40.000118,-105.000949
2026-07-06 12:37:55.638766,W002,40.001539,-104.999909
2026-07-06 13:07:44.307737,W003,40.000166,-105.001689
2026-07-06 13:17:44.307737,W004,40.000322,-105.00114
2026-07-06 13:27:44.307737,W005,40.000366,-105.0005
2026-07-06 13:37:44.307737,W006,40.000283,-105.001044
2026-07-06 13:47:44.307737,W001,40.000437,-105.000918
2026-07-06 13:57:44.307737,W002,40.000661,-105.000825
2026-07-06 14:07:44.307737,W003,40.000302,-105.001107
2026-07-06 14:17:44.307737,W004,40.000604,-105.001343
2026-07-06 14:27:44.307737,W005,39.99963,-105.000025
2026-07-06 14:48:44.920783,W004,40.000298,-105.000652
2026-07-06 14:58:44.920783,W005,40.000327,-105.000514
2026-07-06 15:08:44.920783,W006,40.001017,-105.000422
2026-07-06 15:18:44.920783,W001,40.000575,-105.001133
2026-07-06 15:28:44.920783,W002,40.000512,-105.001196
2026-07-06 15:38:44.920783,W003,40.000724,-105.001423
2026-07-06 16:04:09.337595,W005,40.000426,-105.00182
2026-07-06 16:14:09.337595,W006,40.000562,-105.000998
2026-07-06 16:24:09.337595,W001,40.000091,-105.000932
2026-07-07 07:00:00.000000,W006,40.000817,-104.999657
2026-07-07 07:10:00.000000,W001,40.000618,-105.000582
2026-07-07 07:20:00.000000,W002,40.000209,-104.99993
2026-07-07 07:30:00.000000,W003,39.999918,-105.000654
2026-07-07 07:40:00.000000,W004,40.000519,-104.999535
2026-07-07 08:12:56.168096,W001,39.999664,-105.000483
2026-07-07 08:22:56.168096,W002,40.000311,-104.99982
2026-07-07 08:32:56.168096,W003,40.000021,-104.999859
2026-07-07 08:42:56.168096,W004,39.999823,-105.000013
2026-07-07 08:52:56.168096,W005,39.999997,-104.999814
2026-07-07 09:02:56.168096,W006,39.999918,-105.000614
2026-07-07 09:12:56.168096,W001,39.999987,-104.999548
2026-07-07 09:39:36.573676,W002,40.00023,-105.000493
2026-07-07 09:49:36.573676,W003,39.999932,-104.999762
2026-07-07 09:59:36.573676,W004,40.000186,-105.00038
2026-07-07 10:09:36.573676,W005,40.00024,-104.999495
2026-07-07 10:19:36.573676,W006,39.9994,-105.00068
2026-07-07 10:43:45.640026,W003,40.000736,-104.999178
2026-07-07 10:53:45.640026,W004,39.999995,-105.000005
2026-07-07 11:03:45.640026,W005,40.000564,-105.000312
2026-07-07 11:13:45.640026,W006,40.000121,-105.000383
2026-07-07 11:23:45.640026,W001,40.000071,-104.999582
2026-07-07 11:33:45.640026,W002,39.999739,-104.999746
2026-07-07 11:43:45.640026,W003,39.9994,-105.000017
2026-07-07 11:53:45.640026,W004,40.00031,-104.999618
2026-07-07 12:03:45.640026,W005,39.999532,-104.999764
2026-07-07 12:25:59.779079,W004,40.000351,-104.999757
2026-07-07 12:35:59.779079,W005,40.000314,-105.000242
2026-07-07 12:45:59.779079,W006,39.999693,-105.000232
2026-07-07 12:55:59.779079,W001,40.000003,-105.000071
2026-07-07 13:25:08.335945,W005,39.999573,-104.999862
2026-07-07 13:35:08.335945,W006,39.999738,-105.00015
2026-07-07 13:45:08.335945,W001,40.000275,-105.00001
2026-07-07 13:55:08.335945,W002,40.000538,-104.999649
2026-07-07 14:05:08.335945,W003,39.999469,-104.999864
2026-07-07 14:15:08.335945,W004,40.000126,-105.000172
2026-07-07 14:25:08.335945,W005,40.000174,-105.000181
2026-07-07 14:35:08.335945,W006,40.00032,-104.999786
2026-07-07 14:59:46.840121,W006,39.999869,-104.999531
2026-07-07 15:09:46.840121,W001,40.000439,-105.000107
2026-07-07 15:19:46.840121,W002,40.000068,-105.000775
2026-07-07 15:29:46.840121,W003,40.000357,-104.999791
2026-07-07 15:39:46.840121,W004,40.000231,-105.00016
2026-07-07 15:49:46.840121,W005,40.000105,-104.999161
2026-07-07 07:00:00.000000,W001,40.000756,-104.999671
2026-07-07 07:10:00.000000,W002,40.000712,-104.999689
2026-07-07 07:20:00.000000,W003,40.000632,-104.999538
2026-07-07 07:30:00.000000,W004,40.001012,-104.999599
2026-07-07 07:40:00.000000,W005,40.00039,-104.999964
2026-07-07 07:50:00.000000,W006,40.000527,-104.999929
2026-07-07 08:00:00.000000,W001,40.001432,-104.999462
2026-07-07 08:10:00.000000,W002,40.000976,-104.999518
2026-07-07 08:20:00.000000,W003,40.001375,-104.998917
2026-07-07 08:30:00.000000,W004,40.000465,-104.999821
2026-07-07 08:55:56.071703,W002,40.000263,-104.999383
2026-07-07 09:05:56.071703,W003,40.000989,-104.999697
2026-07-07 09:15:56.071703,W004,40.001053,-104.999451
2026-07-07 09:25:56.071703,W005,40.000791,-104.999359
2026-07-07 09:35:56.071703,W006,40.000931,-104.999597
2026-07-07 09:45:56.071703,W001,40.001454,-104.999672
2026-07-07 09:55:56.071703,W002,40.001085,-104.999286
2026-07-07 10:05:56.071703,W003,40.001145,-104.999455
2026-07-07 10:15:56.071703,W004,40.001266,-104.99947
2026-07-07 10:25:56.071703,W005,40.001445,-104.999838
2026-07-07 10:48:34.652719,W003,40.00098,-104.999518
2026-07-07 10:58:34.652719,W004,40.000248,-104.999506
2026-07-07 11:08:34.652719,W005,40.001487,-104.999338
2026-07-07 11:18:34.652719,W006,40.001527,-104.999629
2026-07-07 11:28:34.652719,W001,40.001299,-104.999381
2026-07-07 11:38:34.652719,W002,40.000838,-104.999475
2026-07-07 11:48:34.652719,W003,40.000805,-105.000082
2026-07-07 11:58:34.652719,W004,40.000844,-104.999274
2026-07-07 12:24:45.745277,W004,40.000534,-104.99956
2026-07-07 12:34:45.745277,W005,40.001345,-104.999072
2026-07-07 12:44:45.745277,W006,40.00129,-104.999472
2026-07-07 12:54:45.745277,W001,40.000124,-104.999541
2026-07-07 13:04:45.745277,W002,40.000525,-104.999291
2026-07-07 13:14:45.745277,W003,40.001188,-104.999699
2026-07-07 13:24:45.745277,W004,40.00036,-104.999007
2026-07-07 13:34:45.745277,W005,40.001117,-104.99983
2026-07-07 13:44:45.745277,W006,40.001344,-105.000007
2026-07-07 13:54:45.745277,W001,40.00028,-104.999215
2026-07-07 07:00:00.000000,W005,39.998567,-104.999171
2026-07-07 07:10:00.000000,W006,39.999352,-104.999395
2026-07-07 07:20:00.000000,W001,39.999188,-104.998764
2026-07-07 07:30:00.000000,W002,39.999604,-104.998894
2026-07-07 07:40:00.000000,W003,39.999495,-104.999093
2026-07-07 08:09:52.624133,W006,39.999199,-104.998808
2026-07-07 08:19:52.624133,W001,39.999066,-104.999235
2026-07-07 08:29:52.624133,W002,39.999114,-104.9982
2026-07-07 08:39:52.624133,W003,39.9994,-104.998993
2026-07-07 08:49:52.624133,W004,39.999759,-104.998833
2026-07-07 09:16:50.528201,W001,39.999274,-104.998516
2026-07-07 09:26:50.528201,W002,39.998917,-104.999034
2026-07-07 09:36:50.528201,W003,39.998508,-104.99803
2026-07-07 09:46:50.528201,W004,39.999069,-104.998049
2026-07-07 09:56:50.528201,W005,39.999424,-104.998433
2026-07-07 10:27:28.362258,W002,39.99985,-104.998166
2026-07-07 10:37:28.362258,W003,39.998808,-104.999034
2026-07-07 10:47:28.362258,W004,39.998868,-104.998785
2026-07-07 10:57:28.362258,W005,40.000019,-104.998789
2026-07-07 11:15:46.015481,W003,39.999611,-104.998044
2026-07-07 11:25:46.015481,W004,39.998228,-104.998286
2026-07-07 11:35:46.015481,W005,39.998736,-104.998722
2026-07-07 11:45:46.015481,W006,39.998866,-104.998913
2026-07-07 11:55:46.015481,W001,39.998534,-104.998517
2026-07-07 12:05:46.015481,W002,39.999266,-104.998909
2026-07-07 12:15:46.015481,W003,39.998914,-104.998549
2026-07-07 12:25:46.015481,W004,39.999027,-104.999024
2026-07-07 12:35:46.015481,W005,39.998962,-104.998431
2026-07-07 07:00:00.000000,W004,40.001161,-105.001208
2026-07-07 07:10:00.000000,W005,40.00043,-105.000742
2026-07-07 07:20:00.000000,W006,40.000896,-105.000751
2026-07-07 07:30:00.000000,W001,40.000713,-105.000765
2026-07-07 07:40:00.000000,W002,40.000454,-105.001148
2026-07-07 07:50:00.000000,W003,40.00034,-105.000596
2026-07-07 08:16:22.081895,W005,40.00053,-105.001455
2026-07-07 08:26:22.081895,W006,40.000237,-105.000962
2026-07-07 08:36:22.081895,W001,40.000537,-105.000929
2026-07-07 08:46:22.081895,W002,40.000363,-105.000898
2026-07-07 08:56:22.081895,W003,40.001066,-105.001389
2026-07-07 09:06:22.081895,W004,40.000775,-105.001443
2026-07-07 09:16:22.081895,W005,40.000522,-105.000708
2026-07-07 09:44:59.039829,W006,40.000098,-105.000536
2026-07-07 09:54:59.039829,W001,40.000166,-105.000866
2026-07-07 10:04:59.039829,W002,40.000641,-105.001411
2026-07-07 10:14:59.039829,W003,39.999828,-105.001006
2026-07-07 10:24:59.039829,W004,40.001646,-105.000804
2026-07-07 10:34:59.039829,W005,40.001081,-105.001073
2026-07-07 11:07:41.451737,W001,40.000298,-105.001058
2026-07-07 11:17:41.451737,W002,40.000723,-105.001083
2026-07-07 11:27:41.451737,W003,40.000709,-105.000422
2026-07-07 11:37:41.451737,W004,40.000661,-105.000911
2026-07-07 11:47:41.451737,W005,39.999987,-105.001091
2026-07-07 11:57:41.451737,W006,40.001229,-105.001246
2026-07-07 12:07:41.451737,W001,40.000491,-105.000939
2026-07-07 12:34:21.360528,W002,40.000033,-105.001992
2026-07-07 12:44:21.360528,W003,40.000847,-105.001274
2026-07-07 12:54:21.360528,W004,40.000096,-105.001077
2026-07-07 13:04:21.360528,W005,40.000053,-105.00084
2026-07-07 13:14:21.360528,W006,40.001182,-105.001286
2026-07-07 13:24:21.360528,W001,40.000352,-105.000686
2026-07-07 13:34:21.360528,W002,40.000811,-105.001233
2026-07-07 13:44:21.360528,W003,40.000925,-105.000736
2026-07-07 13:54:21.360528,W004,40.000397,-105.00177
2026-07-07 14:04:21.360528,W005,40.000324,-105.00138
2026-07-07 14:24:24.619569,W003,40.000128,-105.001375
2026-07-07 14:34:24.619569,W004,39.999891,-105.000819
2026-07-07 14:44:24.619569,W005,40.000419,-104.999958
2026-07-07 14:54:24.619569,W006,40.00096,-105.000775
2026-07-07 15:04:24.619569,W001,40.000821,-105.001066
2026-07-07 15:14:24.619569,W002,40.000592,-105.000969
2026-07-07 07:00:00.000000,W004,40.000184,-104.999959
2026-07-07 07:10:00.000000,W005,40.000323,-104.999664
2026-07-07 07:20:00.000000,W006,40.000236,-104.999489
2026-07-07 07:30:00.000000,W001,39.99972,-105.000707
2026-07-07 07:40:00.000000,W002,40.000165,-105.000057
2026-07-07 07:50:00.000000,W003,39.999414,-104.999763
2026-07-07 08:12:46.344544,W005,39.999879,-105.000528
2026-07-07 08:22:46.344544,W006,40.000171,-105.000374
2026-07-07 08:32:46.344544,W001,40.000314,-105.000067
2026-07-07 08:42:46.344544,W002,39.999949,-104.999794
2026-07-07 08:52:46.344544,W003,39.999674,-104.999785
2026-07-07 09:18:06.825401,W006,39.999775,-104.999846
2026-07-07 09:28:06.825401,W001,40.000439,-105.00019
2026-07-07 09:38:06.825401,W002,39.999834,-105.000568
2026-07-07 10:03:08.506060,W001,39.999858,-104.999261
2026-07-07 10:13:08.506060,W002,40.000033,-104.998937
2026-07-07 10:23:08.506060,W003,39.999771,-105.000062
2026-07-07 10:33:08.506060,W004,39.999634,-104.999892
2026-07-07 10:43:08.506060,W005,39.999787,-104.99983
2026-07-07 11:02:08.936066,W002,40.000544,-105.000929
2026-07-07 11:12:08.936066,W003,40.000153,-104.999785
2026-07-07 11:22:08.936066,W004,40.000224,-105.000198
2026-07-07 11:32:08.936066,W005,40.00002,-104.999798
2026-07-07 11:42:08.936066,W006,39.999641,-105.000258
2026-07-07 11:52:08.936066,W001,40.00002,-104.999994
2026-07-07 12:02:08.936066,W002,39.999632,-104.999572
2026-07-07 12:12:08.936066,W003,40.000403,-104.999549
2026-07-07 12:35:26.681164,W003,39.999977,-104.999432
2026-07-07 12:45:26.681164,W004,39.999875,-104.999944
2026-07-07 12:55:26.681164,W005,40.000447,-104.99967
2026-07-07 13:05:26.681164,W006,39.99958,-104.999998
2026-07-07 13:35:41.318283,W004,39.999355,-104.999853
2026-07-07 13:45:41.318283,W005,40.000085,-104.999502
2026-07-07 13:55:41.318283,W006,40.000671,-105.000588
2026-07-07 14:05:41.318283,W001,40.000478,-104.999433
2026-07-07 14:15:41.318283,W002,40.000145,-104.999994
2026-07-07 07:00:00.000000,W005,40.000795,-104.999968
2026-07-07 07:10:00.000000,W006,40.001437,-104.999839
2026-07-07 07:20:00.000000,W001,40.001214,-104.999788
2026-07-07 07:30:00.000000,W002,40.001428,-104.999789
2026-07-07 07:40:00.000000,W003,40.001195,-104.999476
2026-07-07 07:50:00.000000,W004,40.001189,-104.999565
2026-07-07 08:00:00.000000,W005,40.000621,-104.998768
2026-07-07 08:10:00.000000,W006,40.000857,-104.999899
2026-07-07 08:35:28.153579,W006,40.000873,-104.999251
2026-07-07 08:45:28.153579,W001,40.001041,-104.999475
2026-07-07 08:55:28.153579,W002,40.000758,-104.999225
2026-07-07 09:05:28.153579,W003,40.000754,-104.99947
2026-07-07 09:15:28.153579,W004,40.001329,-104.999702
2026-07-07 09:38:40.241634,W001,40.000499,-104.999736
2026-07-07 09:48:40.241634,W002,40.001759,-104.999694
2026-07-07 09:58:40.241634,W003,40.001578,-104.998745
2026-07-07 10:08:40.241634,W004,40.000874,-104.999683
2026-07-07 10:18:40.241634,W005,40.001181,-104.999125
2026-07-07 10:28:40.241634,W006,40.000983,-104.999387
2026-07-07 10:48:55.564344,W002,40.001276,-104.999751
2026-07-07 10:58:55.564344,W003,40.000832,-104.999908
2026-07-07 11:08:55.564344,W004,40.000599,-104.999988
2026-07-07 11:18:55.564344,W005,40.001361,-104.999672
2026-07-07 11:28:55.564344,W006,40.001157,-104.99992
2026-07-07 11:38:55.564344,W001,40.000863,-104.999417
2026-07-07 11:48:55.564344,W002,40.001829,-104.999539
2026-07-07 11:58:55.564344,W003,40.001299,-104.999809
2026-07-07 12:08:55.564344,W004,40.001077,-104.999772
2026-07-07 12:18:55.564344,W005,40.000907,-104.999757
2026-07-07 12:47:34.407328,W003,40.001394,-104.998773
2026-07-07 12:57:34.407328,W004,40.000729,-104.998758
2026-07-07 13:07:34.407328,W005,40.000581,-104.999677
2026-07-07 13:17:34.407328,W006,40.000619,-104.999132
2026-07-07 13:46:16.660195,W004,40.001194,-104.99915
2026-07-07 13:56:16.660195,W005,40.001544,-104.999634
2026-07-07 14:06:16.660195,W006,40.000766,-104.999978
2026-07-07 14:16:16.660195,W001,40.000574,-104.999669
2026-07-07 14:26:16.660195,W002,40.000683,-104.999585
2026-07-07 14:36:16.660195,W003,40.001214,-105.000413
2026-07-07 07:00:00.000000,W005,39.998958,-104.998826
2026-07-07 07:10:00.000000,W006,39.999113,-104.998038
2026-07-07 07:20:00.000000,W001,39.99948,-104.999246
2026-07-07 07:40:14.160473,W006,39.999476,-104.999217
2026-07-07 07:50:14.160473,W001,39.999242,-104.998651
2026-07-07 08:00:14.160473,W002,39.999335,-104.998616
2026-07-07 08:10:14.160473,W003,39.999192,-104.998802
2026-07-07 08:20:14.160473,W004,39.998968,-104.998591
2026-07-07 08:30:14.160473,W005,39.999202,-104.998601
2026-07-07 08:40:14.160473,W006,39.999089,-104.998245
2026-07-07 08:50:14.160473,W001,39.999247,-104.998819
2026-07-07 09:00:14.160473,W002,39.999127,-104.998844
2026-07-07 09:10:14.160473,W003,39.998874,-104.998774
2026-07-07 09:42:40.802274,W001,40.000032,-104.998646
2026-07-07 09:52:40.802274,W002,39.998976,-104.998065
2026-07-07 10:02:40.802274,W003,39.998538,-104.999097
2026-07-07 10:12:40.802274,W004,39.998653,-104.998635
2026-07-07 10:22:40.802274,W005,40.000159,-104.998812
2026-07-07 10:51:25.636511,W002,39.999174,-104.99949
2026-07-07 11:01:25.636511,W003,39.999175,-104.999084
2026-07-07 11:11:25.636511,W004,39.998937,-104.999162
2026-07-07 11:21:25.636511,W005,39.998757,-104.998586
2026-07-07 11:31:25.636511,W006,39.999088,-104.99951
2026-07-07 11:41:25.636511,W001,39.998733,-104.999211
2026-07-07 12:02:31.382841,W003,39.999391,-104.99928
2026-07-07 12:12:31.382841,W004,39.999417,-104.998496
2026-07-07 12:22:31.382841,W005,39.999816,-104.998706
2026-07-07 12:32:31.382841,W006,39.999544,-104.998332
2026-07-07 12:42:31.382841,W001,39.999472,-104.999019
2026-07-07 12:52:31.382841,W002,39.999679,-104.998561
2026-07-07 13:10:18.704291,W004,39.9986,-104.998949
2026-07-07 13:20:18.704291,W005,39.999362,-104.998519
2026-07-07 13:30:18.704291,W006,39.999215,-104.999193
2026-07-07 13:40:18.704291,W001,39.999809,-104.999445
2026-07-07 13:50:18.704291,W002,39.998728,-104.998472
2026-07-07 14:00:18.704291,W003,39.999266,-104.998566
2026-07-07 14:10:18.704291,W004,39.999401,-104.998155
2026-07-07 14:32:26.840617,W005,39.998832,-104.999326
2026-07-07 14:42:26.840617,W006,39.998995,-104.99971
2026-07-07 14:52:26.840617,W001,39.999354,-104.999077
2026-07-07 15:02:26.840617,W002,39.998621,-104.999143
2026-07-07 15:12:26.840617,W003,39.999314,-104.998935
2026-07-07 07:00:00.000000,W006,40.000339,-105.002059
2026-07-07 07:10:00.000000,W001,40.000748,-105.001828
2026-07-07 07:20:00.000000,W002,40.000456,-105.001115
2026-07-07 07:30:00.000000,W003,40.001153,-105.000957
2026-07-07 07:40:00.000000,W004,40.000592,-105.001148
2026-07-07 07:50:00.000000,W005,39.999823,-105.001683
2026-07-07 08:18:21.547187,W001,40.000262,-105.000513
2026-07-07 08:28:21.547187,W002,40.000518,-105.001004
2026-07-07 08:38:21.547187,W003,40.000359,-105.000501
2026-07-07 08:48:21.547187,W004,40.000544,-105.000782
2026-07-07 09:19:28.055891,W002,40.000688,-105.000379
2026-07-07 09:29:28.055891,W003,40.000103,-105.000698
2026-07-07 09:39:28.055891,W004,40.000715,-105.001266
2026-07-07 09:49:28.055891,W005,39.999598,-105.001174
2026-07-07 09:59:28.055891,W006,40.001374,-105.000027
2026-07-07 10:09:28.055891,W001,40.000381,-105.00197
2026-07-07 10:32:51.947989,W003,40.001057,-105.000735
2026-07-07 10:42:51.947989,W004,40.000834,-105.001877
2026-07-07 10:52:51.947989,W005,40.000479,-105.001275
2026-07-07 11:02:51.947989,W006,40.001281,-105.000778
2026-07-07 11:12:51.947989,W001,39.999982,-105.00138
2026-07-07 11:22:51.947989,W002,40.000479,-105.001709
2026-07-07 11:50:34.614064,W004,40.000784,-105.001343
2026-07-07 12:00:34.614064,W005,40.00044,-105.001585
2026-07-07 12:10:34.614064,W006,40.000791,-105.000777
2026-07-07 12:20:34.614064,W001,40.000187,-105.00056
2026-07-07 12:30:34.614064,W002,40.000781,-105.001072
2026-07-07 12:40:34.614064,W003,40.000409,-105.001314
2026-07-07 12:50:34.614064,W004,39.999901,-105.001187
2026-07-07 13:00:34.614064,W005,40.000668,-105.000822
2026-07-07 13:10:34.614064,W006,40.000402,-105.000586
2026-07-07 13:36:46.620469,W005,40.000836,-105.001361
2026-07-07 13:46:46.620469,W006,40.000009,-105.001463
2026-07-07 13:56:46.620469,W001,40.000771,-105.000579
2026-07-07 14:06:46.620469,W002,40.00062,-105.000612
2026-07-07 14:16:46.620469,W003,40.000289,-105.001359
2026-07-08 07:00:00.000000,W006,39.999905,-105.00094
2026-07-08 07:10:00.000000,W001,40.000509,-104.999841
2026-07-08 07:20:00.000000,W002,39.999766,-105.000311
2026-07-08 07:30:00.000000,W003,40.00051,-104.999739
2026-07-08 07:40:00.000000,W004,39.999769,-105.000194
2026-07-08 07:50:00.000000,W005,39.999987,-104.999394
2026-07-08 08:00:00.000000,W006,40.000628,-104.99947
2026-07-08 08:25:21.209323,W001,40.000076,-105.000306
2026-07-08 08:35:21.209323,W002,40.000067,-104.999586
2026-07-08 08:45:21.209323,W003,39.999677,-105.000354
2026-07-08 08:55:21.209323,W004,40.000405,-105.000279
2026-07-08 09:26:16.148660,W002,39.999234,-104.99951
2026-07-08 09:36:16.148660,W003,40.000405,-105.000217
2026-07-08 09:46:16.148660,W004,39.999748,-104.998977
2026-07-08 09:56:16.148660,W005,40.000118,-104.99959
2026-07-08 10:06:16.148660,W006,39.999921,-104.999516
2026-07-08 10:16:16.148660,W001,39.999984,-104.999693
2026-07-08 10:26:16.148660,W002,40.00099,-105.0007
2026-07-08 10:36:16.148660,W003,39.999546,-105.000274
2026-07-08 11:02:46.481702,W003,39.999155,-104.999922
2026-07-08 11:12:46.481702,W004,40.000971,-104.999765
2026-07-08 11:22:46.481702,W005,39.999562,-105.000322
2026-07-08 11:51:43.702447,W004,39.999674,-104.999922
2026-07-08 12:01:43.702447,W005,39.999998,-104.999855
2026-07-08 12:11:43.702447,W006,40.000398,-105.000056
2026-07-08 12:21:43.702447,W001,40.000461,-104.999344
2026-07-08 12:31:43.702447,W002,40.000261,-104.999887
2026-07-08 12:41:43.702447,W003,40.000726,-105.000092
2026-07-08 13:02:53.919956,W005,40.000156,-105.00025
2026-07-08 13:12:53.919956,W006,40.000749,-104.999383
2026-07-08 13:22:53.919956,W001,40.000469,-105.000442
2026-07-08 13:32:53.919956,W002,40.000367,-104.999836
2026-07-08 13:42:53.919956,W003,39.99912,-105.000038
2026-07-08 13:52:53.919956,W004,40.000279,-105.000228
2026-07-08 07:00:00.000000,W006,40.001312,-104.99927
2026-07-08 07:10:00.000000,W001,40.000932,-104.999588
2026-07-08 07:20:00.000000,W002,40.000987,-104.999748
2026-07-08 07:30:00.000000,W003,40.001155,-104.999575
2026-07-08 07:40:00.000000,W004,40.000991,-104.999493
2026-07-08 07:50:00.000000,W005,40.000824,-104.999029
2026-07-08 08:00:00.000000,W006,40.000938,-104.999632
2026-07-08 08:10:00.000000,W001,40.000878,-104.9993
2026-07-08 08:20:00.000000,W002,40.001597,-104.999276
2026-07-08 08:30:00.000000,W003,40.001096,-104.999428
2026-07-08 08:40:00.000000,W004,40.001091,-104.999529
2026-07-08 09:04:00.911751,W001,40.000991,-104.999485
2026-07-08 09:14:00.911751,W002,40.00147,-104.999487
2026-07-08 09:24:00.911751,W003,40.00087,-104.999471
2026-07-08 09:34:00.911751,W004,40.00043,-104.999244
2026-07-08 09:44:00.911751,W005,40.001465,-104.998615
2026-07-08 09:54:00.911751,W006,40.001477,-104.998994
2026-07-08 10:04:00.911751,W001,40.000433,-104.999266
2026-07-08 10:14:00.911751,W002,40.001295,-105.000622
2026-07-08 10:24:00.911751,W003,40.000304,-105.000348
2026-07-08 10:34:00.911751,W004,40.000975,-104.999508
2026-07-08 10:44:00.911751,W005,40.000502,-104.999485
2026-07-08 10:54:00.911751,W006,40.001534,-105.000373
2026-07-08 11:17:14.504435,W002,40.001391,-104.999599
2026-07-08 11:27:14.504435,W003,40.000948,-104.998744
2026-07-08 11:37:14.504435,W004,40.000675,-104.999532
2026-07-08 11:47:14.504435,W005,40.001482,-104.998704
2026-07-08 11:57:14.504435,W006,40.00109,-104.999405
2026-07-08 12:07:14.504435,W001,40.000774,-104.999764
2026-07-08 12:17:14.504435,W002,40.000688,-104.999745
2026-07-08 12:27:14.504435,W003,40.000823,-104.998911
2026-07-08 12:37:14.504435,W004,40.000979,-104.999305
2026-07-08 12:47:14.504435,W005,40.00043,-104.999485
2026-07-08 13:13:30.064187,W003,40.000433,-104.99927
2026-07-08 13:23:30.064187,W004,40.001857,-105.000181
2026-07-08 13:33:30.064187,W005,40.000673,-105.000024
2026-07-08 13:43:30.064187,W006,40.000756,-104.999789
2026-07-08 13:53:30.064187,W001,40.000948,-104.999487
2026-07-08 14:03:30.064187,W002,40.000706,-104.998814
2026-07-08 14:13:30.064187,W003,40.000902,-104.999582
2026-07-08 14:44:36.667373,W004,40.000918,-104.999224
2026-07-08 14:54:36.667373,W005,40.0008,-104.999698
2026-07-08 15:04:36.667373,W006,40.00122,-104.999282
2026-07-08 15:14:36.667373,W001,40.001634,-104.99899
2026-07-08 15:24:36.667373,W002,40.001835,-104.998986
2026-07-08 15:34:36.667373,W003,40.001103,-104.999144
2026-07-08 15:44:36.667373,W004,40.000315,-105.00007
2026-07-08 16:17:52.917795,W005,40.001121,-104.999663
2026-07-08 16:27:52.917795,W006,40.000654,-104.999287
2026-07-08 16:37:52.917795,W001,40.001554,-104.99951
2026-07-08 16:47:52.917795,W002,40.001556,-104.999819
2026-07-08 16:57:52.917795,W003,40.000806,-104.999991
2026-07-08 17:07:52.917795,W004,40.000662,-104.999484
2026-07-08 17:17:52.917795,W005,40.000938,-104.998664
2026-07-08 17:27:52.917795,W006,40.001315,-104.999877
2026-07-08 17:37:52.917795,W001,39.999908,-104.999621
2026-07-08 17:47:52.917795,W002,40.001295,-104.999593
2026-07-08 07:00:00.000000,W006,39.998664,-104.999348
2026-07-08 07:10:00.000000,W001,39.9987,-104.998976
2026-07-08 07:20:00.000000,W002,39.999118,-104.998684
2026-07-08 07:30:00.000000,W003,39.998842,-104.998839
2026-07-08 07:40:00.000000,W004,39.999852,-104.998469
2026-07-08 07:50:00.000000,W005,39.99922,-104.998828
2026-07-08 08:00:00.000000,W006,39.999155,-104.998686
2026-07-08 08:10:00.000000,W001,39.999301,-104.999188
2026-07-08 08:20:00.000000,W002,39.998694,-104.998864
2026-07-08 08:46:27.056253,W001,39.998942,-104.998878
2026-07-08 08:56:27.056253,W002,39.999158,-104.999107
2026-07-08 09:06:27.056253,W003,39.998844,-104.998931
2026-07-08 09:16:27.056253,W004,39.999683,-104.999389
2026-07-08 09:42:44.509777,W002,39.998682,-104.998472
2026-07-08 09:52:44.509777,W003,39.999354,-104.998645
2026-07-08 10:02:44.509777,W004,39.998778,-104.998541
2026-07-08 10:12:44.509777,W005,39.999416,-104.998501
2026-07-08 10:22:44.509777,W006,39.999141,-104.99838
2026-07-08 10:32:44.509777,W001,39.999249,-104.998919
2026-07-08 10:52:51.746372,W003,39.998152,-104.998726
2026-07-08 11:02:51.746372,W004,39.999257,-104.99877
2026-07-08 11:12:51.746372,W005,39.999602,-104.998775
2026-07-08 11:22:51.746372,W006,39.998788,-104.999488
2026-07-08 11:32:51.746372,W001,39.999897,-104.998732
2026-07-08 11:57:12.244441,W004,39.998718,-104.99884
2026-07-08 12:07:12.244441,W005,39.998704,-104.999268
2026-07-08 12:17:12.244441,W006,39.999166,-104.999037
2026-07-08 12:27:12.244441,W001,39.999738,-104.999045
2026-07-08 12:37:12.244441,W002,39.999272,-104.999384
2026-07-08 12:47:12.244441,W003,39.998775,-104.998992
2026-07-08 07:00:00.000000,W005,40.00012,-105.000679
2026-07-08 07:10:00.000000,W006,40.000824,-105.001437
2026-07-08 07:20:00.000000,W001,40.001367,-105.001481
2026-07-08 07:30:00.000000,W002,40.000253,-105.001108
2026-07-08 07:40:00.000000,W003,39.999773,-105.000625
2026-07-08 07:50:00.000000,W004,40.000854,-105.001295
2026-07-08 08:00:00.000000,W005,40.000369,-105.001018
2026-07-08 08:10:00.000000,W006,40.000575,-105.00138
2026-07-08 08:26:06.236729,W006,40.000583,-105.001014
2026-07-08 08:36:06.236729,W001,40.000469,-105.001824
2026-07-08 08:46:06.236729,W002,40.000421,-105.000919
2026-07-08 08:56:06.236729,W003,40.000557,-105.001478
2026-07-08 09:06:06.236729,W004,40.000234,-105.000803
2026-07-08 09:16:06.236729,W005,40.00041,-105.001407
2026-07-08 09:39:48.273628,W001,39.999816,-105.000918
2026-07-08 09:49:48.273628,W002,40.000752,-105.001086
2026-07-08 09:59:48.273628,W003,40.000485,-105.000184
2026-07-08 10:09:48.273628,W004,40.000895,-105.001127
2026-07-08 10:19:48.273628,W005,40.000349,-105.000951
2026-07-08 10:29:48.273628,W006,40.000784,-105.001639
2026-07-08 11:01:32.713131,W002,40.000567,-105.001775
2026-07-08 11:11:32.713131,W003,40.000952,-105.000892
2026-07-08 11:21:32.713131,W004,40.000251,-105.001055
2026-07-08 11:31:32.713131,W005,39.999896,-105.00072
2026-07-08 11:41:32.713131,W006,40.000461,-105.001125
2026-07-08 12:10:32.306966,W003,40.001174,-105.001162
2026-07-08 12:20:32.306966,W004,40.000083,-105.000656
2026-07-08 12:30:32.306966,W005,40.000945,-105.000856
2026-07-08 12:40:32.306966,W006,40.000728,-105.001261
2026-07-08 12:50:32.306966,W001,40.000557,-104.999994
2026-07-08 13:08:02.187468,W004,40.000464,-105.001166
2026-07-08 13:18:02.187468,W005,39.999619,-105.001298
2026-07-08 13:28:02.187468,W006,40.000899,-105.001363
2026-07-08 13:38:02.187468,W001,39.999866,-105.000697
2026-07-08 13:48:02.187468,W002,40.001012,-105.00087
2026-07-08 13:58:02.187468,W003,39.999874,-105.001231
2026-07-08 14:08:02.187468,W004,40.000934,-105.001112
2026-07-08 14:30:35.121711,W005,40.000906,-105.001774
2026-07-08 14:40:35.121711,W006,40.000328,-105.000628
2026-07-08 14:50:35.121711,W001,40.000276,-105.000727
2026-07-08 15:00:35.121711,W002,40.000984,-105.000911
2026-07-08 15:10:35.121711,W003,40.000478,-105.001297
2026-07-08 15:20:35.121711,W004,40.000604,-105.001567
2026-07-08 15:30:35.121711,W005,40.000475,-105.000668
2026-07-08 15:56:05.127407,W006,40.000992,-105.001353
2026-07-08 16:06:05.127407,W001,40.000702,-105.000599
2026-07-08 16:16:05.127407,W002,40.000856,-105.000793
2026-07-08 16:26:05.127407,W003,40.000467,-105.000655
2026-07-08 16:36:05.127407,W004,39.999662,-105.00198
2026-07-08 16:46:05.127407,W005,40.000066,-105.000811
2026-07-08 16:56:05.127407,W006,40.000339,-105.000679
2026-07-08 07:00:00.000000,W001,39.999977,-104.999447
2026-07-08 07:10:00.000000,W002,40.00027,-105.000199
2026-07-08 07:20:00.000000,W003,39.999841,-104.999244
2026-07-08 07:30:00.000000,W004,39.999481,-105.000776
2026-07-08 07:40:00.000000,W005,40.000022,-104.999348
2026-07-08 07:50:00.000000,W006,40.000526,-104.999968
2026-07-08 08:00:00.000000,W001,39.999952,-104.998928
2026-07-08 08:10:00.000000,W002,40.000095,-104.99954
2026-07-08 08:31:11.433050,W002,39.999692,-104.999571
2026-07-08 08:41:11.433050,W003,40.000031,-104.999523
2026-07-08 08:51:11.433050,W004,39.999713,-104.999939
2026-07-08 09:01:11.433050,W005,39.999201,-104.999935
2026-07-08 09:11:11.433050,W006,39.999434,-104.999664
2026-07-08 09:38:17.307096,W003,39.999638,-104.999298
2026-07-08 09:48:17.307096,W004,40.000304,-104.999297
2026-07-08 09:58:17.307096,W005,39.999922,-105.000137
2026-07-08 10:08:17.307096,W006,39.999516,-105.000558
2026-07-08 10:18:17.307096,W001,39.999939,-104.999933
2026-07-08 10:28:17.307096,W002,40.000306,-104.999887
2026-07-08 10:38:17.307096,W003,39.999841,-104.999755
2026-07-08 10:48:17.307096,W004,40.000093,-105.000337
2026-07-08 11:20:55.812525,W004,39.999902,-105.000599
2026-07-08 11:30:55.812525,W005,40.000134,-105.000119
2026-07-08 11:40:55.812525,W006,39.999942,-104.999553
2026-07-08 11:50:55.812525,W001,39.999493,-104.999515
2026-07-08 12:00:55.812525,W002,39.999851,-105.000449
2026-07-08 12:10:55.812525,W003,39.999019,-104.999696
2026-07-08 12:20:55.812525,W004,40.000491,-105.00012
2026-07-08 12:42:53.192976,W005,39.999687,-104.999663
2026-07-08 12:52:53.192976,W006,39.999258,-105.000427
2026-07-08 13:02:53.192976,W001,39.999705,-104.999878
2026-07-08 13:25:33.564133,W006,39.999879,-105.000225
2026-07-08 13:35:33.564133,W001,40.000158,-105.000072
2026-07-08 13:45:33.564133,W002,39.999798,-104.999693
2026-07-08 13:55:33.564133,W003,40.000418,-104.999903
2026-07-08 14:28:53.563621,W001,39.999585,-105.000304
2026-07-08 14:38:53.563621,W002,40.000381,-105.000542
2026-07-08 14:48:53.563621,W003,40.000421,-105.000156
2026-07-08 14:58:53.563621,W004,40.000471,-105.000581
2026-07-08 15:08:53.563621,W005,39.999747,-105.00003
2026-07-08 07:00:00.000000,W002,40.000808,-104.999196
2026-07-08 07:10:00.000000,W003,40.001295,-104.999197
2026-07-08 07:20:00.000000,W004,40.001344,-104.998753
2026-07-08 07:30:00.000000,W005,40.000768,-104.999681
2026-07-08 07:40:00.000000,W006,40.00129,-104.999372
2026-07-08 07:50:00.000000,W001,40.001243,-104.999576
2026-07-08 08:00:00.000000,W002,40.000691,-104.999167
2026-07-08 08:10:00.000000,W003,40.000714,-104.999305
2026-07-08 08:20:00.000000,W004,40.000901,-104.999398
2026-07-08 08:36:25.135365,W003,40.000972,-104.999308
2026-07-08 08:46:25.135365,W004,40.00113,-104.999327
2026-07-08 08:56:25.135365,W005,40.001221,-105.000017
2026-07-08 09:06:25.135365,W006,40.00097,-104.99967
2026-07-08 09:16:25.135365,W001,39.999583,-104.999774
2026-07-08 09:26:25.135365,W002,40.000523,-104.999675
2026-07-08 09:36:25.135365,W003,40.000328,-104.999055
2026-07-08 09:46:25.135365,W004,40.001673,-104.999871
2026-07-08 10:15:31.837277,W004,40.001279,-104.999372
2026-07-08 10:25:31.837277,W005,40.001243,-104.999853
2026-07-08 10:35:31.837277,W006,40.000342,-104.999013
2026-07-08 10:45:31.837277,W001,40.000402,-104.998992
2026-07-08 10:55:31.837277,W002,40.001525,-104.99886
2026-07-08 11:05:31.837277,W003,40.000887,-104.99945
2026-07-08 11:15:31.837277,W004,40.001345,-104.999026
2026-07-08 11:25:31.837277,W005,40.000734,-104.999046
2026-07-08 11:35:31.837277,W006,40.000918,-104.999574
2026-07-08 11:56:45.386532,W005,40.00084,-104.999917
2026-07-08 12:06:45.386532,W006,40.000716,-104.999287
2026-07-08 12:16:45.386532,W001,40.001283,-104.999529
2026-07-08 12:26:45.386532,W002,40.001992,-104.999767
2026-07-08 12:36:45.386532,W003,40.000814,-104.99949
2026-07-08 12:46:45.386532,W004,40.001455,-104.999919
2026-07-08 12:56:45.386532,W005,40.002176,-105.000255
2026-07-08 13:21:04.034818,W006,40.001087,-104.999878
2026-07-08 13:31:04.034818,W001,40.001048,-104.998819
2026-07-08 13:41:04.034818,W002,40.00103,-104.999506
2026-07-08 13:51:04.034818,W003,40.000812,-104.999704
2026-07-08 14:01:04.034818,W004,40.001424,-105.000415
2026-07-08 14:11:04.034818,W005,40.000474,-104.999441
2026-07-08 14:21:04.034818,W006,40.001664,-104.999124
2026-07-08 14:31:04.034818,W001,40.001212,-104.99915
2026-07-08 14:41:04.034818,W002,40.000124,-104.999038
2026-07-08 15:05:02.079060,W001,40.001052,-104.999108
2026-07-08 15:15:02.079060,W002,40.001015,-104.999497
2026-07-08 15:25:02.079060,W003,40.000989,-104.99894
2026-07-08 15:35:02.079060,W004,40.000987,-104.999263
2026-07-08 15:45:02.079060,W005,40.000448,-104.999313
2026-07-08 15:55:02.079060,W006,40.000974,-104.999363
2026-07-08 16:05:02.079060,W001,40.001273,-104.999845
2026-07-08 16:15:02.079060,W002,40.001786,-104.999035
2026-07-08 16:38:37.350525,W002,40.001354,-104.999161
2026-07-08 16:48:37.350525,W003,40.001309,-104.998983
2026-07-08 16:58:37.350525,W004,40.001338,-104.999825
2026-07-08 17:08:37.350525,W005,40.0011,-104.999534
2026-07-08 17:18:37.350525,W006,40.000886,-104.999085
2026-07-08 17:28:37.350525,W001,40.001227,-104.999615
2026-07-08 17:38:37.350525,W002,40.000615,-104.999245
2026-07-08 07:00:00.000000,W003,39.998579,-104.998767
2026-07-08 07:10:00.000000,W004,39.999256,-104.998466
2026-07-08 07:20:00.000000,W005,39.999722,-104.999015
2026-07-08 07:30:00.000000,W006,39.998912,-104.997925
2026-07-08 07:40:00.000000,W001,39.999041,-104.998583
2026-07-08 07:50:00.000000,W002,39.999127,-104.998783
2026-07-08 08:00:00.000000,W003,39.998906,-104.999069
2026-07-08 08:10:00.000000,W004,39.99849,-104.999121
2026-07-08 08:35:57.131304,W004,39.999326,-104.999056
2026-07-08 08:45:57.131304,W005,39.99945,-104.998611
2026-07-08 08:55:57.131304,W006,39.999777,-104.999148
2026-07-08 09:05:57.131304,W001,39.999566,-104.998575
2026-07-08 09:15:57.131304,W002,39.99883,-104.998615
2026-07-08 09:25:57.131304,W003,39.999303,-104.998993
2026-07-08 09:35:57.131304,W004,39.999532,-104.999044
2026-07-08 09:45:57.131304,W005,39.999553,-104.998861
2026-07-08 10:14:36.267081,W005,39.999379,-104.998722
2026-07-08 10:24:36.267081,W006,39.999276,-104.998712
2026-07-08 10:34:36.267081,W001,39.999212,-104.998768
2026-07-08 11:07:28.559034,W006,39.999661,-104.998659
2026-07-08 11:17:28.559034,W001,39.999632,-104.999744
2026-07-08 11:27:28.559034,W002,39.998903,-104.998512
2026-07-08 11:37:28.559034,W003,39.999567,-104.9988
2026-07-08 11:47:28.559034,W004,39.998741,-104.998732
2026-07-08 11:57:28.559034,W005,39.99937,-104.999062
2026-07-08 12:07:28.559034,W006,39.999576,-104.998475
2026-07-08 12:17:28.559034,W001,39.999182,-104.998557
2026-07-08 12:42:37.853280,W001,39.999288,-104.998873
2026-07-08 12:52:37.853280,W002,39.99932,-104.99927
2026-07-08 13:02:37.853280,W003,39.99894,-104.998563
2026-07-08 13:12:37.853280,W004,39.999876,-104.999063
2026-07-08 13:22:37.853280,W005,39.999498,-104.998753
2026-07-08 13:32:37.853280,W006,39.998848,-104.999061
2026-07-08 13:42:37.853280,W001,39.999573,-104.998634
2026-07-08 07:00:00.000000,W002,40.000684,-105.000961
2026-07-08 07:10:00.000000,W003,40.000426,-105.000444
2026-07-08 07:20:00.000000,W004,40.000004,-105.001043
2026-07-08 07:30:00.000000,W005,39.999887,-105.000346
2026-07-08 07:40:00.000000,W006,40.000228,-105.000906
2026-07-08 07:50:00.000000,W001,40.000805,-105.00062
2026-07-08 08:00:00.000000,W002,40.000662,-105.001257
2026-07-08 08:20:46.079886,W003,40.000897,-105.000732
2026-07-08 08:30:46.079886,W004,39.999991,-105.001061
2026-07-08 08:40:46.079886,W005,40.000691,-105.001242
2026-07-08 08:50:46.079886,W006,40.000924,-105.001139
2026-07-08 09:16:24.966568,W004,40.000754,-105.000585
2026-07-08 09:26:24.966568,W005,40.000795,-105.000737
2026-07-08 09:36:24.966568,W006,40.000857,-105.000871
2026-07-08 09:46:24.966568,W001,40.000511,-105.000821
2026-07-08 09:56:24.966568,W002,40.000323,-105.000716
2026-07-08 10:06:24.966568,W003,40.000306,-105.001366
2026-07-08 10:29:52.611569,W005,39.999967,-105.000715
2026-07-08 10:39:52.611569,W006,40.000511,-105.000859
2026-07-08 10:49:52.611569,W001,40.00057,-105.000909
2026-07-08 10:59:52.611569,W002,39.999725,-105.000463
2026-07-08 11:09:52.611569,W003,39.999846,-105.001059
2026-07-08 11:19:52.611569,W004,40.000683,-105.001322
2026-07-08 11:52:08.244194,W006,40.001178,-105.000682
2026-07-08 12:02:08.244194,W001,40.000048,-105.001319
2026-07-08 12:12:08.244194,W002,40.000938,-105.000718
2026-07-08 12:22:08.244194,W003,40.000047,-105.001279
2026-07-09 07:00:00.000000,W001,39.999952,-104.999999
2026-07-09 07:10:00.000000,W002,40.000894,-104.999766
2026-07-09 07:20:00.000000,W003,39.999792,-104.999709
2026-07-09 07:30:00.000000,W004,40.000334,-105.000456
2026-07-09 07:40:00.000000,W005,40.000219,-104.999766
2026-07-09 07:50:00.000000,W006,40.000087,-104.999521
2026-07-09 08:00:00.000000,W001,39.999796,-105.00008
2026-07-09 08:18:10.643121,W002,39.998964,-104.999299
2026-07-09 08:28:10.643121,W003,39.999836,-105.001196
2026-07-09 08:38:10.643121,W004,40.00008,-104.999839
2026-07-09 08:48:10.643121,W005,40.00023,-105.000002
2026-07-09 08:58:10.643121,W006,40.000495,-104.999889
2026-07-09 09:08:10.643121,W001,40.000657,-104.99993
2026-07-09 09:18:10.643121,W002,40.000617,-104.999661
2026-07-09 09:41:56.117173,W003,39.999771,-105.000035
2026-07-09 09:51:56.117173,W004,40.000566,-105.000848
2026-07-09 10:19:31.597402,W004,40.0002,-104.999775
2026-07-09 10:29:31.597402,W005,40.000123,-104.999613
2026-07-09 10:39:31.597402,W006,40.000469,-105.000077
2026-07-09 10:49:31.597402,W001,39.999903,-105.000209
2026-07-09 10:59:31.597402,W002,40.00003,-104.999977
2026-07-09 11:09:31.597402,W003,40.000527,-105.000256
2026-07-09 11:25:32.924252,W005,39.999827,-105.000011
2026-07-09 11:35:32.924252,W006,40.000316,-105.000547
2026-07-09 11:45:32.924252,W001,39.999922,-104.999467
2026-07-09 11:55:32.924252,W002,40.000147,-105.000134
2026-07-09 07:00:00.000000,W006,40.000714,-104.9999
2026-07-09 07:10:00.000000,W001,40.000688,-104.999459
2026-07-09 07:20:00.000000,W002,40.000941,-104.99966
2026-07-09 07:30:00.000000,W003,40.000756,-104.999285
2026-07-09 07:40:00.000000,W004,40.000499,-104.99958
2026-07-09 07:50:00.000000,W005,40.000816,-105.000038
2026-07-09 08:15:24.072818,W001,40.001112,-104.999485
2026-07-09 08:25:24.072818,W002,40.000647,-104.998969
2026-07-09 08:35:24.072818,W003,40.000954,-104.999525
2026-07-09 08:45:24.072818,W004,40.000465,-104.998984
2026-07-09 08:55:24.072818,W005,40.000324,-104.999779
2026-07-09 09:05:24.072818,W006,40.001485,-104.999171
2026-07-09 09:15:24.072818,W001,40.000502,-104.998893
2026-07-09 09:32:10.104369,W002,40.001133,-104.999322
2026-07-09 09:42:10.104369,W003,40.000524,-105.000008
2026-07-09 09:52:10.104369,W004,40.000648,-104.99932
2026-07-09 10:02:10.104369,W005,40.001531,-104.999539
2026-07-09 10:12:10.104369,W006,40.001154,-104.999526
2026-07-09 10:22:10.104369,W001,40.000655,-104.999798
2026-07-09 10:49:36.638526,W003,40.001014,-104.999221
2026-07-09 10:59:36.638526,W004,40.001595,-104.999373
2026-07-09 11:09:36.638526,W005,40.000617,-104.999088
2026-07-09 11:19:36.638526,W006,40.000446,-105.000155
2026-07-09 11:29:36.638526,W001,40.00096,-104.999428
2026-07-09 11:39:36.638526,W002,40.000524,-104.999416
2026-07-09 11:49:36.638526,W003,40.000171,-104.999264
2026-07-09 11:59:36.638526,W004,40.001253,-104.999406
2026-07-09 12:09:36.638526,W005,40.001227,-104.998746
2026-07-09 12:19:36.638526,W006,40.001208,-104.999785
2026-07-09 12:29:36.638526,W001,40.000819,-104.999834
2026-07-09 12:39:36.638526,W002,40.001878,-105.000059
2026-07-09 12:49:36.638526,W003,40.001155,-104.999651
2026-07-09 12:59:36.638526,W004,40.001131,-104.999715
2026-07-09 13:09:36.638526,W005,40.001648,-104.99915
2026-07-09 13:19:36.638526,W006,40.001267,-104.999311
2026-07-09 13:29:36.638526,W001,40.000125,-104.999634
2026-07-09 13:39:36.638526,W002,40.001285,-104.99968
2026-07-09 13:49:36.638526,W003,40.001383,-104.999613
2026-07-09 13:59:36.638526,W004,40.001033,-104.998958
2026-07-09 14:19:46.652983,W004,40.000209,-104.999755
2026-07-09 14:29:46.652983,W005,40.000804,-104.99898
2026-07-09 14:39:46.652983,W006,40.001099,-105.000034
2026-07-09 14:49:46.652983,W001,40.001529,-104.999781
2026-07-09 14:59:46.652983,W002,40.001209,-104.999839
2026-07-09 15:09:46.652983,W003,40.000278,-104.998969
2026-07-09 15:19:46.652983,W004,40.000739,-104.999646
2026-07-09 15:29:46.652983,W005,40.000738,-104.999328
2026-07-09 15:39:46.652983,W006,40.00105,-104.999259
2026-07-09 15:49:46.652983,W001,40.001053,-104.998906
2026-07-09 15:59:46.652983,W002,40.000229,-105.000401
2026-07-09 16:09:46.652983,W003,40.000977,-104.999284
2026-07-09 16:19:46.652983,W004,40.001232,-104.999789
2026-07-09 07:00:00.000000,W005,39.998596,-104.998517
2026-07-09 07:10:00.000000,W006,39.998766,-104.998644
2026-07-09 07:20:00.000000,W001,39.998994,-104.998455
2026-07-09 07:30:00.000000,W002,39.999105,-104.998698
2026-07-09 07:40:00.000000,W003,39.999331,-104.998757
2026-07-09 08:07:42.162866,W006,39.998706,-104.999083
2026-07-09 08:17:42.162866,W001,39.9995,-104.999012
2026-07-09 08:27:42.162866,W002,39.999339,-104.998563
2026-07-09 08:37:42.162866,W003,39.999238,-104.999324
2026-07-09 08:47:42.162866,W004,39.998526,-104.999126
2026-07-09 08:57:42.162866,W005,39.998624,-104.998737
2026-07-09 09:21:46.720222,W001,39.99915,-104.998673
2026-07-09 09:31:46.720222,W002,39.999328,-104.998222
2026-07-09 09:41:46.720222,W003,39.999167,-104.998786
2026-07-09 09:51:46.720222,W004,39.998958,-104.998723
2026-07-09 10:13:32.113476,W002,39.999165,-104.998527
2026-07-09 10:23:32.113476,W003,39.999209,-104.998809
2026-07-09 10:33:32.113476,W004,39.999289,-104.998209
2026-07-09 10:43:32.113476,W005,39.999215,-104.998633
2026-07-09 10:53:32.113476,W006,39.998981,-104.999172
2026-07-09 11:25:22.148906,W003,39.998807,-104.999641
2026-07-09 11:35:22.148906,W004,39.99866,-104.999422
2026-07-09 11:45:22.148906,W005,39.998961,-104.998323
2026-07-09 11:55:22.148906,W006,39.999591,-104.998042
2026-07-09 07:00:00.000000,W004,39.999916,-105.000991
2026-07-09 07:10:00.000000,W005,40.000454,-105.000725
2026-07-09 07:20:00.000000,W006,40.000393,-105.000894
2026-07-09 07:30:00.000000,W001,39.99986,-105.001278
2026-07-09 07:40:00.000000,W002,39.999865,-105.000984
2026-07-09 08:03:01.274653,W005,40.000509,-105.000973
2026-07-09 08:13:01.274653,W006,40.00049,-105.000989
2026-07-09 08:23:01.274653,W001,40.000571,-105.001343
2026-07-09 08:33:01.274653,W002,39.999787,-105.00083
2026-07-09 08:43:01.274653,W003,40.000495,-105.00089
2026-07-09 08:53:01.274653,W004,40.000632,-105.0011
2026-07-09 09:03:01.274653,W005,40.000169,-105.000928
2026-07-09 09:13:01.274653,W006,40.000005,-105.000616
2026-07-09 09:23:01.274653,W001,40.001108,-105.001478
2026-07-09 09:45:14.507453,W006,39.999541,-105.001384
2026-07-09 09:55:14.507453,W001,40.000781,-105.001598
2026-07-09 10:05:14.507453,W002,40.000264,-105.000727
2026-07-09 10:15:14.507453,W003,40.00011,-105.000917
2026-07-09 10:25:14.507453,W004,40.000265,-105.001079
2026-07-09 10:47:37.164513,W001,40.000248,-105.000905
2026-07-09 10:57:37.164513,W002,40.000751,-105.00109
2026-07-09 11:07:37.164513,W003,40.000883,-105.00106
2026-07-09 11:17:37.164513,W004,39.999741,-105.001289
2026-07-09 11:45:22.024233,W002,40.000241,-105.001012
2026-07-09 11:55:22.024233,W003,40.000058,-105.001511
2026-07-09 12:05:22.024233,W004,40.000379,-105.001029
2026-07-09 12:15:22.024233,W005,40.000789,-105.001326
2026-07-09 12:25:22.024233,W006,39.999633,-105.000723
2026-07-09 12:35:22.024233,W001,40.000068,-105.001374
2026-07-09 12:45:22.024233,W002,40.000692,-105.001136
2026-07-09 13:10:32.302043,W003,40.000735,-105.001101
2026-07-09 13:20:32.302043,W004,40.000096,-105.001338
2026-07-09 13:30:32.302043,W005,40.000188,-105.000487
2026-07-09 13:40:32.302043,W006,40.000833,-105.001305
2026-07-09 13:50:32.302043,W001,40.00049,-105.000959
2026-07-09 14:00:32.302043,W002,40.000188,-105.000823
2026-07-09 14:26:02.272238,W004,40.000427,-105.001309
2026-07-09 14:36:02.272238,W005,40.000086,-105.00029
2026-07-09 14:46:02.272238,W006,39.99993,-105.001
2026-07-09 14:56:02.272238,W001,40.000563,-105.00088
2026-07-09 15:06:02.272238,W002,40.001239,-105.000992
2026-07-09 15:36:00.535913,W005,40.000056,-105.000532
2026-07-09 15:46:00.535913,W006,39.999893,-105.000307
2026-07-09 15:56:00.535913,W001,40.000242,-105.000009
2026-07-09 16:06:00.535913,W002,40.000582,-105.001157
2026-07-09 16:16:00.535913,W003,40.000456,-105.001173
2026-07-09 16:26:00.535913,W004,40.000519,-105.001041
2026-07-09 16:36:00.535913,W005,40.000667,-105.001297
2026-07-09 16:46:00.535913,W006,40.000896,-105.001043
2026-07-09 16:56:00.535913,W001,40.000723,-105.000426
2026-07-09 17:06:00.535913,W002,40.000566,-105.000686
2026-07-09 07:00:00.000000,W006,39.999719,-104.999575
2026-07-09 07:10:00.000000,W001,39.999482,-105.000027
2026-07-09 07:20:00.000000,W002,39.999532,-105.000414
2026-07-09 07:30:00.000000,W003,39.999855,-104.99978
2026-07-09 07:55:28.201042,W001,40.000037,-104.999881
2026-07-09 08:05:28.201042,W002,40.000234,-104.999496
2026-07-09 08:15:28.201042,W003,39.999998,-105.000007
2026-07-09 08:25:28.201042,W004,40.000065,-105.000257
2026-07-09 08:35:28.201042,W005,39.999876,-104.999648
2026-07-09 08:45:28.201042,W006,40.000274,-104.999619
2026-07-09 08:55:28.201042,W001,39.999579,-105.000053
2026-07-09 09:05:28.201042,W002,39.999512,-105.000265
2026-07-09 09:15:28.201042,W003,40.000089,-104.999466
2026-07-09 09:40:02.832134,W002,39.999947,-105.000215
2026-07-09 09:50:02.832134,W003,39.999904,-105.000074
2026-07-09 10:00:02.832134,W004,40.000156,-105.000385
2026-07-09 10:10:02.832134,W005,39.999468,-105.000777
2026-07-09 10:20:02.832134,W006,39.999872,-105.000106
2026-07-09 10:36:00.487246,W003,39.999983,-105.000076
2026-07-09 10:46:00.487246,W004,40.000563,-105.000201
2026-07-09 10:56:00.487246,W005,39.999971,-105.000057
2026-07-09 11:06:00.487246,W006,40.000072,-105.000183
2026-07-09 11:33:45.611510,W004,40.000215,-104.999742
2026-07-09 11:43:45.611510,W005,39.999973,-105.00009
2026-07-09 11:53:45.611510,W006,40.000036,-104.999822
2026-07-09 12:23:22.660042,W005,39.999832,-105.000235
2026-07-09 12:33:22.660042,W006,40.000487,-105.000115
2026-07-09 12:43:22.660042,W001,40.000297,-105.000285
2026-07-09 12:53:22.660042,W002,39.9999,-105.00022
2026-07-09 13:03:22.660042,W003,39.999917,-104.99942
2026-07-09 13:13:22.660042,W004,39.999425,-105.000879
2026-07-09 13:23:22.660042,W005,40.000319,-104.999846
2026-07-09 13:33:22.660042,W006,39.999872,-104.999887
2026-07-09 14:02:16.500646,W006,40.000457,-105.000707
2026-07-09 14:12:16.500646,W001,40.000002,-104.999883
2026-07-09 14:22:16.500646,W002,39.999728,-104.999668
2026-07-09 14:32:16.500646,W003,40.000002,-104.999672
2026-07-09 14:42:16.500646,W004,39.999963,-104.999704
2026-07-09 15:04:33.072824,W001,39.999584,-104.999922
2026-07-09 15:14:33.072824,W002,40.000151,-105.000485
2026-07-09 15:24:33.072824,W003,39.999788,-104.999595
2026-07-09 07:00:00.000000,W002,40.001294,-104.999055
2026-07-09 07:10:00.000000,W003,40.001033,-104.999904
2026-07-09 07:20:00.000000,W004,40.001225,-104.999079
2026-07-09 07:30:00.000000,W005,40.000637,-104.99956
2026-07-09 07:57:08.135293,W003,40.000903,-104.999637
2026-07-09 08:07:08.135293,W004,40.000954,-104.999044
2026-07-09 08:17:08.135293,W005,40.00109,-104.99932
2026-07-09 08:27:08.135293,W006,40.001202,-104.999302
2026-07-09 08:37:08.135293,W001,40.000899,-104.999343
2026-07-09 08:47:08.135293,W002,40.000719,-104.999695
2026-07-09 08:57:08.135293,W003,40.001762,-104.999008
2026-07-09 09:23:10.800815,W004,40.001707,-104.999768
2026-07-09 09:33:10.800815,W005,40.000873,-104.999296
2026-07-09 09:43:10.800815,W006,40.001141,-104.999819
2026-07-09 09:53:10.800815,W001,40.001095,-104.999359
2026-07-09 10:22:59.978197,W005,40.001551,-104.999285
2026-07-09 10:32:59.978197,W006,40.001204,-104.999108
2026-07-09 10:42:59.978197,W001,40.001033,-104.998982
2026-07-09 10:52:59.978197,W002,40.001968,-105.000091
2026-07-09 11:02:59.978197,W003,40.000777,-104.999073
2026-07-09 11:12:59.978197,W004,40.000768,-104.999573
2026-07-09 11:22:59.978197,W005,40.001327,-104.9997
2026-07-09 11:43:59.122922,W006,40.001025,-104.999313
2026-07-09 11:53:59.122922,W001,40.000572,-104.999597
2026-07-09 12:03:59.122922,W002,40.000967,-104.999222
2026-07-09 12:13:59.122922,W003,40.001458,-104.999896
2026-07-09 12:23:59.122922,W004,40.001164,-104.999694
2026-07-09 12:33:59.122922,W005,40.000847,-104.999249
2026-07-09 12:43:59.122922,W006,40.000845,-104.998971
2026-07-09 12:53:59.122922,W001,40.000807,-104.999641
2026-07-09 13:24:38.510703,W001,40.000501,-104.999783
2026-07-09 13:34:38.510703,W002,40.001293,-104.999338
2026-07-09 13:44:38.510703,W003,40.001153,-104.999406
2026-07-09 13:54:38.510703,W004,40.000841,-104.999762
2026-07-09 14:04:38.510703,W005,40.000629,-104.999186
2026-07-09 07:00:00.000000,W002,39.999124,-104.99952
2026-07-09 07:10:00.000000,W003,39.999783,-104.998802
2026-07-09 07:20:00.000000,W004,39.99906,-104.998357
2026-07-09 07:30:00.000000,W005,39.999349,-104.998916
2026-07-09 07:40:00.000000,W006,39.99912,-104.998497
2026-07-09 08:04:03.511244,W003,39.99972,-104.997801
2026-07-09 08:14:03.511244,W004,39.998769,-104.998594
2026-07-09 08:24:03.511244,W005,39.999642,-104.998849
2026-07-09 08:34:03.511244,W006,39.999716,-104.99858
2026-07-09 08:44:03.511244,W001,39.998541,-104.998389
2026-07-09 09:06:47.442408,W004,39.998963,-104.999065
2026-07-09 09:16:47.442408,W005,39.998936,-104.999
2026-07-09 09:26:47.442408,W006,39.999921,-104.998484
2026-07-09 09:36:47.442408,W001,40.000227,-104.998138
2026-07-09 09:46:47.442408,W002,39.99934,-104.999762
2026-07-09 10:17:35.531738,W005,39.999559,-104.99892
2026-07-09 10:27:35.531738,W006,39.999197,-104.998594
2026-07-09 10:37:35.531738,W001,39.999766,-104.998391
2026-07-09 10:47:35.531738,W002,39.999432,-104.998527
2026-07-09 10:57:35.531738,W003,39.998334,-104.998617
2026-07-09 11:07:35.531738,W004,39.999322,-104.998845
2026-07-09 11:17:35.531738,W005,39.999417,-104.999042
2026-07-09 11:27:35.531738,W006,39.998971,-104.999481
2026-07-09 11:51:32.376829,W006,39.999017,-104.998771
2026-07-09 12:01:32.376829,W001,39.999607,-104.998875
2026-07-09 12:11:32.376829,W002,39.998546,-104.99819
2026-07-09 12:21:32.376829,W003,39.999304,-104.99871
2026-07-09 12:31:32.376829,W004,39.998955,-104.998981
2026-07-09 12:41:32.376829,W005,39.999314,-104.998827
2026-07-09 13:08:50.477208,W001,39.998745,-104.998293
2026-07-09 13:18:50.477208,W002,39.998681,-104.999027
2026-07-09 13:28:50.477208,W003,39.999005,-104.999269
2026-07-09 13:38:50.477208,W004,39.999232,-104.998855
2026-07-09 13:48:50.477208,W005,39.999231,-104.998883
2026-07-09 07:00:00.000000,W002,40.001362,-105.000975
2026-07-09 07:10:00.000000,W003,40.000292,-105.001295
2026-07-09 07:20:00.000000,W004,40.001041,-105.00171
2026-07-09 07:30:00.000000,W005,40.000795,-105.001409
2026-07-09 07:53:33.005261,W003,40.000474,-105.001752
2026-07-09 08:03:33.005261,W004,40.00082,-105.001274
2026-07-09 08:13:33.005261,W005,40.000626,-105.001149
2026-07-09 08:23:33.005261,W006,40.000192,-105.001094
2026-07-09 08:33:33.005261,W001,40.001083,-105.000681
2026-07-09 08:54:19.798947,W004,40.00017,-105.000758
2026-07-09 09:04:19.798947,W005,40.000427,-105.001049
2026-07-09 09:14:19.798947,W006,40.000932,-105.00135
2026-07-09 09:42:17.158008,W005,40.000169,-105.000793
2026-07-09 09:52:17.158008,W006,40.000632,-105.001373
2026-07-09 10:02:17.158008,W001,40.000086,-105.001042
2026-07-09 10:12:17.158008,W002,40.00087,-105.00039
2026-07-10 07:00:00.000000,W006,40.000185,-104.999544
2026-07-10 07:10:00.000000,W001,39.999875,-104.999748
2026-07-10 07:20:00.000000,W002,40.000287,-104.999686
2026-07-10 07:30:00.000000,W003,40.000475,-105.000273
2026-07-10 07:40:00.000000,W004,40.000177,-104.999313
2026-07-10 07:50:00.000000,W005,39.999652,-105.00046
2026-07-10 08:00:00.000000,W006,40.000387,-105.000439
2026-07-10 08:10:00.000000,W001,40.000383,-105.000372
2026-07-10 08:20:00.000000,W002,40.000235,-105.000427
2026-07-10 08:47:20.594711,W001,40.000545,-104.99946
2026-07-10 08:57:20.594711,W002,40.000554,-104.999925
2026-07-10 09:07:20.594711,W003,40.000542,-104.999957
2026-07-10 09:17:20.594711,W004,39.999851,-105.000141
2026-07-10 09:27:20.594711,W005,39.999849,-104.999821
2026-07-10 09:57:11.259087,W002,39.999688,-104.999738
2026-07-10 10:07:11.259087,W003,39.999773,-105.000274
2026-07-10 10:17:11.259087,W004,40.000045,-104.999835
2026-07-10 10:27:11.259087,W005,39.999768,-105.000257
2026-07-10 10:52:45.885697,W003,40.000103,-104.999785
2026-07-10 11:02:45.885697,W004,39.999695,-104.999478
2026-07-10 11:12:45.885697,W005,39.999205,-104.999788
2026-07-10 11:39:37.845156,W004,40.000322,-105.000045
2026-07-10 11:49:37.845156,W005,40.00003,-104.999847
2026-07-10 11:59:37.845156,W006,40.000123,-105.00019
2026-07-10 12:09:37.845156,W001,39.999307,-104.999997
2026-07-10 12:19:37.845156,W002,40.000076,-104.999843
2026-07-10 12:29:37.845156,W003,40.000194,-104.999718
2026-07-10 12:48:28.256041,W005,40.000032,-105.000216
2026-07-10 12:58:28.256041,W006,39.99982,-105.000086
2026-07-10 13:08:28.256041,W001,39.99958,-104.999165
2026-07-10 13:18:28.256041,W002,39.999766,-105.000172
2026-07-10 13:28:28.256041,W003,40.000565,-105.000133
2026-07-10 13:53:36.852844,W006,40.000104,-104.999972
2026-07-10 14:03:36.852844,W001,40.000029,-105.000201
2026-07-10 14:13:36.852844,W002,39.999828,-105.000223
2026-07-10 14:23:36.852844,W003,39.999404,-105.000302
2026-07-10 14:33:36.852844,W004,40.00015,-104.999784
2026-07-10 14:55:22.523973,W001,40.000458,-104.999757
2026-07-10 15:05:22.523973,W002,39.999858,-104.999741
2026-07-10 15:15:22.523973,W003,40.000076,-105.000111
2026-07-10 15:25:22.523973,W004,39.999847,-104.999548
2026-07-10 15:35:22.523973,W005,39.999409,-105.000089
2026-07-10 07:00:00.000000,W002,40.001205,-105.00005
2026-07-10 07:10:00.000000,W003,40.000807,-104.999505
2026-07-10 07:20:00.000000,W004,40.001414,-104.999412
2026-07-10 07:30:00.000000,W005,40.000908,-104.999119
2026-07-10 07:40:00.000000,W006,40.000657,-104.999535
2026-07-10 07:50:00.000000,W001,40.001033,-105.000182
2026-07-10 08:00:00.000000,W002,40.000624,-104.999717
2026-07-10 08:10:00.000000,W003,40.00145,-104.999471
2026-07-10 08:20:00.000000,W004,40.001162,-104.999385
2026-07-10 08:30:00.000000,W005,40.00026,-104.999226
2026-07-10 08:40:00.000000,W006,40.001277,-104.999411
2026-07-10 08:50:00.000000,W001,40.000743,-104.999917
2026-07-10 09:00:00.000000,W002,40.00111,-104.999179
2026-07-10 09:24:32.694437,W003,40.001069,-104.999291
2026-07-10 09:34:32.694437,W004,40.00118,-104.999874
2026-07-10 09:44:32.694437,W005,40.001154,-104.998889
2026-07-10 09:54:32.694437,W006,40.000712,-104.999381
2026-07-10 10:04:32.694437,W001,40.001471,-104.999974
2026-07-10 10:14:32.694437,W002,40.001205,-104.999597
2026-07-10 10:24:32.694437,W003,40.000411,-104.999346
2026-07-10 10:34:32.694437,W004,40.000978,-104.999739
2026-07-10 10:44:32.694437,W005,40.001045,-104.99962
2026-07-10 11:02:55.126683,W004,40.001213,-104.999898
2026-07-10 11:12:55.126683,W005,40.001152,-104.999078
2026-07-10 11:22:55.126683,W006,40.000973,-104.999488
2026-07-10 11:32:55.126683,W001,40.000931,-104.999468
2026-07-10 11:42:55.126683,W002,40.000586,-104.999466
2026-07-10 11:52:55.126683,W003,40.0009,-105.00026
2026-07-10 12:02:55.126683,W004,40.001368,-104.999575
2026-07-10 12:24:36.088097,W005,40.000818,-104.999851
2026-07-10 12:34:36.088097,W006,40.001,-104.999791
2026-07-10 12:44:36.088097,W001,40.001322,-105.00012
2026-07-10 12:54:36.088097,W002,40.000685,-104.999561
2026-07-10 13:04:36.088097,W003,40.000998,-104.998966
2026-07-10 13:14:36.088097,W004,40.000689,-105.000304
2026-07-10 13:24:36.088097,W005,40.000872,-104.999678
2026-07-10 13:34:36.088097,W006,40.00128,-104.998924
2026-07-10 13:44:36.088097,W001,40.001162,-104.99997
2026-07-10 13:54:36.088097,W002,40.00101,-104.999478
2026-07-10 14:04:36.088097,W003,40.001055,-104.999681
2026-07-10 14:14:36.088097,W004,40.000946,-104.999844
2026-07-10 14:24:36.088097,W005,40.000758,-104.999756
2026-07-10 14:34:36.088097,W006,40.00151,-104.998984
2026-07-10 14:57:12.628028,W006,40.001162,-104.999216
2026-07-10 15:07:12.628028,W001,40.00083,-104.998851
2026-07-10 15:17:12.628028,W002,40.001414,-105.000188
2026-07-10 15:27:12.628028,W003,40.001286,-104.99905
2026-07-10 15:37:12.628028,W004,40.000574,-104.999467
2026-07-10 15:47:12.628028,W005,40.000509,-104.998983
2026-07-10 15:57:12.628028,W006,40.001239,-104.998775
2026-07-10 16:07:12.628028,W001,40.001138,-104.99953
2026-07-10 16:17:12.628028,W002,40.001088,-104.999499
2026-07-10 16:27:12.628028,W003,40.001097,-104.999551
2026-07-10 16:37:12.628028,W004,40.001645,-105.000062
2026-07-10 16:47:12.628028,W005,40.001087,-105.000114
2026-07-10 07:00:00.000000,W001,39.999253,-104.999698
2026-07-10 07:10:00.000000,W002,39.9997,-104.998758
2026-07-10 07:20:00.000000,W003,39.998975,-104.998764
2026-07-10 07:30:00.000000,W004,39.999382,-104.998096
2026-07-10 07:40:00.000000,W005,39.999501,-104.998821
2026-07-10 07:56:06.838828,W002,39.998891,-104.998529
2026-07-10 08:06:06.838828,W003,39.998949,-104.999358
2026-07-10 08:16:06.838828,W004,39.999398,-104.998257
2026-07-10 08:26:06.838828,W005,39.999238,-104.999112
2026-07-10 08:57:11.029089,W003,39.998659,-104.998316
2026-07-10 09:07:11.029089,W004,39.999685,-104.998559
2026-07-10 09:17:11.029089,W005,39.998439,-104.998643
2026-07-10 09:37:33.358581,W004,39.99859,-104.998769
2026-07-10 09:47:33.358581,W005,39.999147,-104.998574
2026-07-10 09:57:33.358581,W006,39.998827,-104.99862
2026-07-10 10:07:33.358581,W001,39.998292,-104.998705
2026-07-10 10:17:33.358581,W002,39.999185,-104.998284
2026-07-10 10:47:26.967136,W005,39.999462,-104.999066
2026-07-10 10:57:26.967136,W006,39.998623,-104.997628
2026-07-10 11:07:26.967136,W001,39.999486,-104.997638
2026-07-10 11:17:26.967136,W002,39.999371,-104.999105
2026-07-10 11:27:26.967136,W003,39.99868,-104.998141
2026-07-10 11:37:26.967136,W004,39.999285,-104.999065
2026-07-10 11:47:26.967136,W005,39.99928,-104.998673
2026-07-10 11:57:26.967136,W006,39.998855,-104.998584
2026-07-10 12:19:32.532741,W006,39.998776,-104.998276
2026-07-10 12:29:32.532741,W001,39.999754,-104.998459
2026-07-10 12:39:32.532741,W002,39.998783,-104.999127
2026-07-10 12:49:32.532741,W003,39.999331,-104.998851
2026-07-10 12:59:32.532741,W004,39.999303,-104.998187
2026-07-10 13:28:39.798015,W001,39.999128,-104.998584
2026-07-10 13:38:39.798015,W002,39.99958,-104.99882
2026-07-10 13:48:39.798015,W003,39.998987,-104.998238
2026-07-10 13:58:39.798015,W004,39.999289,-104.999378
2026-07-10 14:08:39.798015,W005,39.99881,-104.999308
2026-07-10 07:00:00.000000,W002,40.000285,-105.000858
2026-07-10 07:10:00.000000,W003,40.000751,-105.001562
2026-07-10 07:20:00.000000,W004,40.000727,-105.001253
2026-07-10 07:30:00.000000,W005,40.000102,-105.000651
2026-07-10 07:40:00.000000,W006,40.000423,-105.000958
2026-07-10 07:50:00.000000,W001,40.000712,-105.00154
2026-07-10 08:00:00.000000,W002,40.001098,-105.001649
2026-07-10 08:10:00.000000,W003,40.000872,-105.000945
2026-07-10 08:33:43.749002,W003,40.001239,-105.00139
2026-07-10 08:43:43.749002,W004,40.000498,-105.001005
2026-07-10 08:53:43.749002,W005,40.000635,-105.001812
2026-07-10 09:03:43.749002,W006,40.000787,-105.000526
2026-07-10 09:13:43.749002,W001,40.001123,-105.001011
2026-07-10 09:23:43.749002,W002,40.000304,-105.000435
2026-07-10 09:33:43.749002,W003,40.000687,-105.000754
2026-07-10 09:43:43.749002,W004,40.000676,-105.0007
2026-07-10 09:53:43.749002,W005,40.000203,-105.000687
2026-07-10 10:22:51.029030,W004,40.000843,-105.000765
2026-07-10 10:32:51.029030,W005,40.000263,-105.001348
2026-07-10 10:42:51.029030,W006,40.000973,-105.000982
2026-07-10 11:16:37.721767,W005,40.000174,-105.000826
2026-07-10 11:26:37.721767,W006,40.000113,-105.000965
2026-07-10 11:36:37.721767,W001,39.99988,-105.000852
2026-07-10 11:46:37.721767,W002,40.00067,-105.000836
2026-07-10 11:56:37.721767,W003,40.000338,-105.001205
2026-07-10 12:06:37.721767,W004,39.99999,-105.000869
2026-07-10 12:16:37.721767,W005,40.000731,-105.001099
2026-07-10 12:43:37.105292,W006,40.000719,-105.001289
2026-07-10 12:53:37.105292,W001,40.000921,-105.001445
2026-07-10 13:03:37.105292,W002,40.000979,-105.000856
2026-07-10 13:13:37.105292,W003,40.000282,-105.000426
2026-07-10 13:23:37.105292,W004,40.000283,-105.000481
2026-07-10 13:33:37.105292,W005,40.001197,-105.001661
2026-07-10 07:00:00.000000,W001,40.000403,-104.999694
2026-07-10 07:10:00.000000,W002,40.000747,-105.000407
2026-07-10 07:20:00.000000,W003,40.000132,-105.000369
2026-07-10 07:30:00.000000,W004,39.999837,-105.000299
2026-07-10 07:40:00.000000,W005,39.999558,-104.99986
2026-07-10 07:50:00.000000,W006,40.000174,-104.999804
2026-07-10 08:00:00.000000,W001,39.999758,-105.000203
2026-07-10 08:10:00.000000,W002,39.999661,-105.000193
2026-07-10 08:20:00.000000,W003,39.999809,-104.999493
2026-07-10 08:40:47.722700,W002,40.000221,-104.999952
2026-07-10 08:50:47.722700,W003,39.999598,-105.000553
2026-07-10 09:00:47.722700,W004,40.000388,-104.999517
2026-07-10 09:10:47.722700,W005,39.999453,-104.999832
2026-07-10 09:20:47.722700,W006,40.000451,-104.999784
2026-07-10 09:30:47.722700,W001,40.000187,-104.999396
2026-07-10 09:40:47.722700,W002,40.00037,-105.000076
2026-07-10 09:50:47.722700,W003,39.999842,-104.999418
2026-07-10 10:17:14.435428,W003,39.999548,-105.000076
2026-07-10 10:27:14.435428,W004,40.000108,-104.999644
2026-07-10 10:37:14.435428,W005,39.999695,-104.999721
2026-07-10 10:47:14.435428,W006,39.999619,-105.000004
2026-07-10 10:57:14.435428,W001,39.9997,-105.000431
2026-07-10 11:07:14.435428,W002,40.001417,-105.00007
2026-07-10 11:35:01.751939,W004,40.000631,-105.000437
2026-07-10 11:45:01.751939,W005,40.000106,-104.999989
2026-07-10 11:55:01.751939,W006,40.000012,-104.999998
2026-07-10 12:05:01.751939,W001,40.000189,-104.999959
2026-07-10 12:15:01.751939,W002,39.999883,-105.000082
2026-07-10 12:38:16.658752,W005,40.000757,-104.99999
2026-07-10 12:48:16.658752,W006,40.000076,-105.00056
2026-07-10 12:58:16.658752,W001,39.999846,-104.999732
2026-07-10 13:08:16.658752,W002,39.999544,-105.000097
2026-07-10 13:18:16.658752,W003,40.000642,-104.999937
2026-07-10 13:28:16.658752,W004,40.000183,-105.000415
2026-07-10 13:59:19.748237,W006,39.999857,-104.999768
2026-07-10 14:09:19.748237,W001,40.000107,-105.00009
2026-07-10 14:19:19.748237,W002,39.999694,-104.999951
2026-07-10 14:29:19.748237,W003,40.000774,-104.999723
2026-07-10 14:39:19.748237,W004,39.999738,-104.999722
2026-07-10 14:49:19.748237,W005,39.999476,-105.000246
2026-07-10 07:00:00.000000,W001,40.002029,-104.999353
2026-07-10 07:10:00.000000,W002,40.001008,-104.99941
2026-07-10 07:20:00.000000,W003,40.001049,-104.999006
2026-07-10 07:30:00.000000,W004,40.001051,-104.999252
2026-07-10 07:53:46.222805,W002,40.001018,-104.99935
2026-07-10 08:03:46.222805,W003,40.000282,-104.999499
2026-07-10 08:13:46.222805,W004,40.000595,-104.999587
2026-07-10 08:23:46.222805,W005,40.000448,-104.99938
2026-07-10 08:33:46.222805,W006,40.001214,-104.999166
2026-07-10 08:57:50.006865,W003,40.001318,-104.999635
2026-07-10 09:07:50.006865,W004,40.001559,-104.999042
2026-07-10 09:17:50.006865,W005,40.001264,-104.998848
2026-07-10 09:27:50.006865,W006,40.001488,-104.999431
2026-07-10 09:37:50.006865,W001,40.001105,-104.999425
2026-07-10 09:47:50.006865,W002,40.00095,-104.999877
2026-07-10 09:57:50.006865,W003,40.000861,-105.000034
2026-07-10 10:07:50.006865,W004,40.000421,-104.999431
2026-07-10 10:17:50.006865,W005,40.001459,-104.999382
2026-07-10 10:27:50.006865,W006,40.001022,-104.99985
2026-07-10 10:51:42.313293,W004,40.001424,-104.998969
2026-07-10 11:01:42.313293,W005,40.001335,-104.999395
2026-07-10 11:11:42.313293,W006,40.001374,-104.999343
2026-07-10 11:21:42.313293,W001,40.000987,-104.999117
2026-07-10 11:31:42.313293,W002,40.000978,-104.999707
2026-07-10 11:41:42.313293,W003,40.000869,-104.99933
2026-07-10 12:11:00.523105,W005,40.000727,-104.999274
2026-07-10 12:21:00.523105,W006,40.001327,-104.99984
2026-07-10 12:31:00.523105,W001,40.00106,-104.999372
2026-07-10 12:41:00.523105,W002,40.000808,-104.999644
2026-07-10 12:51:00.523105,W003,40.000619,-104.999215
2026-07-10 13:01:00.523105,W004,40.001771,-105.000374
2026-07-10 13:28:41.227269,W006,40.001475,-104.998617
2026-07-10 13:38:41.227269,W001,40.000871,-104.999428
2026-07-10 13:48:41.227269,W002,40.000575,-104.999771
2026-07-10 13:58:41.227269,W003,40.001534,-104.999938
2026-07-10 14:08:41.227269,W004,40.001447,-104.999574
2026-07-10 14:18:41.227269,W005,40.001539,-104.99968
2026-07-10 14:28:41.227269,W006,40.000638,-104.999284
2026-07-10 14:38:41.227269,W001,40.001053,-104.99992
2026-07-10 14:48:41.227269,W002,40.001142,-104.99903
2026-07-10 14:58:41.227269,W003,40.000888,-104.999742
2026-07-10 15:29:10.060814,W001,40.000844,-104.999336
2026-07-10 15:39:10.060814,W002,40.000915,-104.999501
2026-07-10 15:49:10.060814,W003,40.001092,-104.999956
2026-07-10 15:59:10.060814,W004,40.000579,-105.000466
2026-07-10 16:09:10.060814,W005,40.00062,-104.998577
2026-07-10 16:34:07.880374,W002,40.001053,-105.000222
2026-07-10 16:44:07.880374,W003,40.000629,-105.000005
2026-07-10 16:54:07.880374,W004,40.00117,-104.999684
2026-07-10 17:04:07.880374,W005,40.000841,-104.9994
2026-07-10 07:00:00.000000,W003,39.999688,-104.999468
2026-07-10 07:10:00.000000,W004,39.999223,-104.99877
2026-07-10 07:20:00.000000,W005,39.998426,-104.99899
2026-07-10 07:46:28.522839,W004,39.999217,-104.998799
2026-07-10 07:56:28.522839,W005,39.999843,-104.998534
2026-07-10 08:06:28.522839,W006,39.999488,-104.999221
2026-07-10 08:16:28.522839,W001,39.999281,-104.998171
2026-07-10 08:26:28.522839,W002,39.99976,-104.999036
2026-07-10 08:36:28.522839,W003,39.999313,-104.999014
2026-07-10 08:46:28.522839,W004,39.999647,-104.998976
2026-07-10 09:14:40.534254,W005,39.999815,-104.998345
2026-07-10 09:24:40.534254,W006,39.999426,-104.998665
2026-07-10 09:34:40.534254,W001,39.999588,-104.998635
2026-07-10 09:44:40.534254,W002,39.999452,-104.999334
2026-07-10 09:54:40.534254,W003,39.999577,-104.998599
2026-07-10 10:04:40.534254,W004,39.999203,-104.99902
2026-07-10 10:14:40.534254,W005,39.998988,-104.998485
2026-07-10 10:24:40.534254,W006,39.999444,-104.999562
2026-07-10 10:34:40.534254,W001,39.999074,-104.998858
2026-07-10 10:44:40.534254,W002,39.998904,-104.998939
2026-07-10 11:09:47.646968,W006,39.999385,-104.998799
2026-07-10 11:19:47.646968,W001,39.99958,-104.998299
2026-07-10 11:29:47.646968,W002,40.000015,-104.998553
2026-07-10 11:39:47.646968,W003,39.999651,-104.999081
2026-07-10 11:49:47.646968,W004,39.998948,-104.999816
2026-07-10 11:59:47.646968,W005,39.998765,-104.998301
2026-07-10 12:09:47.646968,W006,39.999622,-104.999233
2026-07-10 12:19:47.646968,W001,39.999209,-104.998809
2026-07-10 12:29:47.646968,W002,39.999551,-104.998238
2026-07-10 12:56:15.226687,W001,40.000018,-104.997979
2026-07-10 13:06:15.226687,W002,39.9993,-104.99887
2026-07-10 13:16:15.226687,W003,39.99906,-104.99922
2026-07-10 13:26:15.226687,W004,39.999915,-104.998899
2026-07-10 13:36:15.226687,W005,39.998745,-104.998192
2026-07-10 14:01:03.446597,W002,39.998909,-104.998749
2026-07-10 14:11:03.446597,W003,39.99859,-104.999179
2026-07-10 14:21:03.446597,W004,39.999512,-104.998909
2026-07-10 14:31:03.446597,W005,39.99899,-104.999425
2026-07-10 14:41:03.446597,W006,40.000196,-104.997937
2026-07-10 15:11:18.175160,W003,39.998966,-104.999268
2026-07-10 15:21:18.175160,W004,39.999431,-104.999271
2026-07-10 15:31:18.175160,W005,39.998786,-104.998741
2026-07-10 15:41:18.175160,W006,39.998394,-104.998116
2026-07-10 15:51:18.175160,W001,40.000182,-104.998698
2026-07-10 16:11:33.420447,W004,40.000151,-104.998471
2026-07-10 16:21:33.420447,W005,39.999517,-104.998829
2026-07-10 16:31:33.420447,W006,39.999288,-104.998683
2026-07-10 16:41:33.420447,W001,39.999611,-104.998791
2026-07-10 16:51:33.420447,W002,39.99964,-104.998603
2026-07-10 17:01:33.420447,W003,39.998603,-104.998427
2026-07-10 07:00:00.000000,W005,40.001216,-105.00105
2026-07-10 07:10:00.000000,W006,40.000569,-105.000505
2026-07-10 07:20:00.000000,W001,40.000345,-105.000956
2026-07-10 07:30:00.000000,W002,40.000842,-105.001282
2026-07-10 07:40:00.000000,W003,39.999556,-105.000825
2026-07-10 07:50:00.000000,W004,40.000216,-105.000897
2026-07-10 08:00:00.000000,W005,40.000669,-105.000173
2026-07-10 08:27:21.278456,W006,40.000618,-105.000827
2026-07-10 08:37:21.278456,W001,40.000333,-105.001178
2026-07-10 08:47:21.278456,W002,39.999909,-105.000514
2026-07-10 08:57:21.278456,W003,40.000858,-105.000708
2026-07-10 09:07:21.278456,W004,40.001007,-105.001464
2026-07-10 09:17:21.278456,W005,40.000005,-105.001496
2026-07-10 09:27:21.278456,W006,40.00107,-105.000945
2026-07-10 09:37:21.278456,W001,39.999881,-105.001478
2026-07-10 09:47:21.278456,W002,40.000232,-105.00101
2026-07-10 09:57:21.278456,W003,40.000574,-105.000713
2026-07-10 10:18:07.820731,W001,40.000678,-105.000399
2026-07-10 10:28:07.820731,W002,40.000723,-105.001138
2026-07-10 10:38:07.820731,W003,40.000327,-105.000415
2026-07-10 10:48:07.820731,W004,40.000024,-105.001468
2026-07-10 10:58:07.820731,W005,40.000391,-105.001617
2026-07-10 11:08:07.820731,W006,40.000775,-105.001093
2026-07-10 11:18:07.820731,W001,40.000849,-105.000734
2026-07-10 11:28:07.820731,W002,40.001151,-105.000601
2026-07-10 11:57:47.868485,W002,40.00079,-105.000948
2026-07-10 12:07:47.868485,W003,40.001186,-105.000906
2026-07-10 12:17:47.868485,W004,40.000744,-105.001154
2026-07-10 12:27:47.868485,W005,40.000832,-105.00145
2026-07-10 12:37:47.868485,W006,40.000874,-105.001516
2026-07-11 07:00:00.000000,W003,40.000307,-105.00025
2026-07-11 07:10:00.000000,W004,39.999208,-105.000046
2026-07-11 07:20:00.000000,W005,40.000045,-105.000777
2026-07-11 07:30:00.000000,W006,39.999131,-105.000213
2026-07-11 07:40:00.000000,W001,39.999362,-105.000588
2026-07-11 07:50:00.000000,W002,40.001189,-104.999966
2026-07-11 08:09:31.102701,W004,39.999508,-104.999942
2026-07-11 08:19:31.102701,W005,39.999843,-105.000043
2026-07-11 08:29:31.102701,W006,40.000009,-105.000205
2026-07-11 08:39:31.102701,W001,39.999841,-104.999548
2026-07-11 08:49:31.102701,W002,40.00056,-105.000254
2026-07-11 08:59:31.102701,W003,39.999689,-104.999834
2026-07-11 09:09:31.102701,W004,40.000208,-104.999638
2026-07-11 09:34:34.971743,W005,39.999849,-105.000168
2026-07-11 09:44:34.971743,W006,40.000339,-105.00039
2026-07-11 09:54:34.971743,W001,39.999899,-105.000654
2026-07-11 10:04:34.971743,W002,39.999467,-105.000394
2026-07-11 10:36:16.601079,W006,39.999968,-104.999284
2026-07-11 10:46:16.601079,W001,40.000237,-104.999593
2026-07-11 10:56:16.601079,W002,39.999738,-104.999254
2026-07-11 11:06:16.601079,W003,40.000526,-105.000001
2026-07-11 11:16:16.601079,W004,39.999906,-105.000679
2026-07-11 11:26:16.601079,W005,39.999665,-104.999523
2026-07-11 11:36:16.601079,W006,39.999977,-104.999993
2026-07-11 11:46:16.601079,W001,39.999424,-104.99946
2026-07-11 12:07:32.205165,W001,39.999757,-104.999859
2026-07-11 12:17:32.205165,W002,39.999997,-104.999732
2026-07-11 12:27:32.205165,W003,39.999935,-104.999759
2026-07-11 12:37:32.205165,W004,40.000071,-104.999598
2026-07-11 13:02:09.200499,W002,39.999904,-104.999434
2026-07-11 13:12:09.200499,W003,39.999942,-104.999394
2026-07-11 13:22:09.200499,W004,40.000402,-105.000169
2026-07-11 13:32:09.200499,W005,40.000186,-104.999862
2026-07-11 13:59:28.155922,W003,39.999515,-104.999841
2026-07-11 14:09:28.155922,W004,40.000075,-104.999979
2026-07-11 14:19:28.155922,W005,39.999397,-105.000137
2026-07-11 14:29:28.155922,W006,39.999374,-105.000559
2026-07-11 14:39:28.155922,W001,40.0002,-105.000291
2026-07-11 15:00:46.421295,W004,39.999854,-104.999753
2026-07-11 15:10:46.421295,W005,39.999286,-104.999778
2026-07-11 15:20:46.421295,W006,40.000364,-104.999594
2026-07-11 15:30:46.421295,W001,40.000212,-105.000494
2026-07-11 15:40:46.421295,W002,39.999815,-105.000288
2026-07-11 15:50:46.421295,W003,39.999452,-104.999432
2026-07-11 16:00:46.421295,W004,40.000322,-105.000557
2026-07-11 07:00:00.000000,W005,40.000941,-104.999262
2026-07-11 07:10:00.000000,W006,40.001523,-104.999553
2026-07-11 07:20:00.000000,W001,40.000661,-105.000074
2026-07-11 07:30:00.000000,W002,40.001777,-104.999231
2026-07-11 07:40:00.000000,W003,40.001045,-104.999761
2026-07-11 07:50:00.000000,W004,40.00101,-104.999274
2026-07-11 08:00:00.000000,W005,40.001146,-104.999595
2026-07-11 08:10:00.000000,W006,40.000584,-104.999509
2026-07-11 08:20:00.000000,W001,40.000587,-104.999279
2026-07-11 08:30:00.000000,W002,40.001299,-104.999565
2026-07-11 08:40:00.000000,W003,40.001128,-104.99956
2026-07-11 08:50:00.000000,W004,40.000588,-105.000108
2026-07-11 09:00:00.000000,W005,40.001173,-104.999376
2026-07-11 09:10:00.000000,W006,40.000433,-105.000004
2026-07-11 09:20:00.000000,W001,40.000803,-104.999761
2026-07-11 09:30:00.000000,W002,40.001014,-104.999099
2026-07-11 09:40:00.000000,W003,40.000481,-104.999097
2026-07-11 10:06:40.789336,W006,40.001264,-105.000088
2026-07-11 10:16:40.789336,W001,40.001649,-104.999748
2026-07-11 10:26:40.789336,W002,40.001569,-104.999212
2026-07-11 10:36:40.789336,W003,40.000863,-104.999932
2026-07-11 10:46:40.789336,W004,40.001088,-104.999349
2026-07-11 10:56:40.789336,W005,40.000854,-104.999142
2026-07-11 11:06:40.789336,W006,40.001229,-105.000103
2026-07-11 11:16:40.789336,W001,40.000595,-104.998894
2026-07-11 11:26:40.789336,W002,40.000721,-104.99992
2026-07-11 11:36:40.789336,W003,40.001186,-104.999481
2026-07-11 11:46:40.789336,W004,40.000988,-104.99941
2026-07-11 12:16:42.500601,W001,40.001249,-104.99972
2026-07-11 12:26:42.500601,W002,40.000594,-105.000256
2026-07-11 12:36:42.500601,W003,40.000981,-104.99933
2026-07-11 12:46:42.500601,W004,40.000527,-104.99893
2026-07-11 12:56:42.500601,W005,40.000496,-104.999349
2026-07-11 13:06:42.500601,W006,40.00099,-104.999016
2026-07-11 13:16:42.500601,W001,40.001198,-104.998992
2026-07-11 13:26:42.500601,W002,40.001029,-104.999339
2026-07-11 13:36:42.500601,W003,40.001203,-104.999609
2026-07-11 13:46:42.500601,W004,40.000861,-104.999842
2026-07-11 13:56:42.500601,W005,40.000938,-104.999277
2026-07-11 14:06:42.500601,W006,40.001587,-104.999445
2026-07-11 14:16:42.500601,W001,40.001158,-104.999584
2026-07-11 14:26:42.500601,W002,40.001227,-104.999506
2026-07-11 14:36:42.500601,W003,40.00085,-104.999129
2026-07-11 14:46:42.500601,W004,40.00045,-104.999755
2026-07-11 15:05:04.084996,W002,40.0015,-104.999044
2026-07-11 15:15:04.084996,W003,40.000487,-104.999165
2026-07-11 15:25:04.084996,W004,40.000773,-104.99969
2026-07-11 15:35:04.084996,W005,40.000987,-104.999743
2026-07-11 15:45:04.084996,W006,40.001608,-104.999876
2026-07-11 07:00:00.000000,W003,39.999641,-104.999023
2026-07-11 07:10:00.000000,W004,39.998796,-104.998931
2026-07-11 07:20:00.000000,W005,39.998912,-104.997693
2026-07-11 07:30:00.000000,W006,39.999324,-104.999091
2026-07-11 07:40:00.000000,W001,39.999701,-104.998844
2026-07-11 07:50:00.000000,W002,39.999596,-104.998136
2026-07-11 08:00:00.000000,W003,39.999432,-104.998259
2026-07-11 08:10:00.000000,W004,39.999444,-104.998728
2026-07-11 08:43:55.065617,W004,39.999246,-104.998971
2026-07-11 08:53:55.065617,W005,39.999393,-104.999699
2026-07-11 09:24:37.882499,W005,39.998638,-104.998665
2026-07-11 09:34:37.882499,W006,39.99952,-104.999309
2026-07-11 09:44:37.882499,W001,39.999859,-104.999571
2026-07-11 09:54:37.882499,W002,39.9988,-104.999317
2026-07-11 10:04:37.882499,W003,39.999032,-104.999095
2026-07-11 10:14:37.882499,W004,39.999557,-104.997978
2026-07-11 10:41:44.491369,W006,39.998751,-104.999392
2026-07-11 10:51:44.491369,W001,39.998665,-104.998823
2026-07-11 11:01:44.491369,W002,39.998945,-104.998862
2026-07-11 11:11:44.491369,W003,39.999057,-104.998812
2026-07-11 11:21:44.491369,W004,39.999321,-104.998809
2026-07-11 11:31:44.491369,W005,39.999235,-104.999058
2026-07-11 11:51:41.518004,W001,39.999393,-104.998724
2026-07-11 12:01:41.518004,W002,39.999502,-104.998728
2026-07-11 12:11:41.518004,W003,39.998971,-104.998434
2026-07-11 12:21:41.518004,W004,39.998648,-104.999383
2026-07-11 12:31:41.518004,W005,39.999154,-104.998555
2026-07-11 13:00:48.847774,W002,39.99899,-104.998785
2026-07-11 13:10:48.847774,W003,39.999281,-104.998846
2026-07-11 13:20:48.847774,W004,39.998523,-104.999026
2026-07-11 07:00:00.000000,W003,40.000097,-105.001552
2026-07-11 07:10:00.000000,W004,40.000488,-105.00123
2026-07-11 07:20:00.000000,W005,40.000515,-105.001592
2026-07-11 07:30:00.000000,W006,40.00033,-105.000723
2026-07-11 07:40:00.000000,W001,39.999975,-105.000899
2026-07-11 07:50:00.000000,W002,40.000253,-105.000386
2026-07-11 08:00:00.000000,W003,40.000627,-105.000697
2026-07-11 08:10:00.000000,W004,40.000713,-105.000337
2026-07-11 08:31:56.721325,W004,40.000339,-105.001412
2026-07-11 08:41:56.721325,W005,40.000626,-105.000675
2026-07-11 08:51:56.721325,W006,40.000466,-105.00093
2026-07-11 09:01:56.721325,W001,39.999971,-105.00081
2026-07-11 09:11:56.721325,W002,40.001165,-105.00214
2026-07-11 09:41:27.280648,W005,40.000161,-105.001336
2026-07-11 09:51:27.280648,W006,40.000231,-105.000889
2026-07-11 10:01:27.280648,W001,40.000912,-105.00076
2026-07-11 10:11:27.280648,W002,40.000142,-105.000879
2026-07-11 10:36:45.855776,W006,40.000616,-105.000775
2026-07-11 10:46:45.855776,W001,40.000465,-105.001162
2026-07-11 10:56:45.855776,W002,40.000241,-105.000227
2026-07-11 11:06:45.855776,W003,39.99998,-105.001125
2026-07-11 11:16:45.855776,W004,40.000653,-105.001219
2026-07-11 11:26:45.855776,W005,40.00072,-105.001225
2026-07-11 11:53:01.689604,W001,39.999834,-105.00141
2026-07-11 12:03:01.689604,W002,40.000489,-105.001093
2026-07-11 12:13:01.689604,W003,39.999887,-105.000686
2026-07-11 12:23:01.689604,W004,40.000496,-105.001121
2026-07-11 12:44:32.560375,W002,40.000382,-105.001486
2026-07-11 12:54:32.560375,W003,40.000263,-105.001169
2026-07-11 13:04:32.560375,W004,40.000151,-105.000815
2026-07-11 13:14:32.560375,W005,40.000566,-105.000219
2026-07-11 13:24:32.560375,W006,39.999826,-105.001197
2026-07-11 13:34:32.560375,W001,40.000323,-105.001351
2026-07-11 13:44:32.560375,W002,40.000595,-105.000848
2026-07-11 13:54:32.560375,W003,40.000491,-105.000957
2026-07-11 14:04:32.560375,W004,40.000595,-105.000985
2026-07-11 14:29:46.893442,W003,40.000316,-105.000701
2026-07-11 14:39:46.893442,W004,40.000249,-105.00079
2026-07-11 14:49:46.893442,W005,40.00023,-105.000393
2026-07-11 14:59:46.893442,W006,40.001138,-105.000732
2026-07-11 15:09:46.893442,W001,40.000906,-105.001146
2026-07-11 15:19:46.893442,W002,40.001044,-105.000404
2026-07-11 15:29:46.893442,W003,40.00067,-105.001011
2026-07-11 15:39:46.893442,W004,40.001097,-105.001354
2026-07-11 15:57:03.254585,W004,40.000318,-105.000831
2026-07-11 16:07:03.254585,W005,40.00041,-105.002277
2026-07-11 16:17:03.254585,W006,39.999963,-105.000954
2026-07-11 16:27:03.254585,W001,40.000697,-105.001577
2026-07-11 16:37:03.254585,W002,40.000703,-105.001344
2026-07-11 16:47:03.254585,W003,39.999754,-105.000573
2026-07-11 16:57:03.254585,W004,40.00053,-105.00166
2026-07-11 17:07:03.254585,W005,40.000286,-105.001323
2026-07-11 17:17:03.254585,W006,40.000056,-105.000737
2026-07-11 07:00:00.000000,W005,40.000432,-104.999843
2026-07-11 07:10:00.000000,W006,39.999488,-104.999732
2026-07-11 07:20:00.000000,W001,40.000204,-104.999965
2026-07-11 07:30:00.000000,W002,39.999478,-105.000528
2026-07-11 07:40:00.000000,W003,40.000573,-104.999539
2026-07-11 07:50:00.000000,W004,40.000746,-105.00001
2026-07-11 08:00:00.000000,W005,39.99999,-105.000003
2026-07-11 08:10:00.000000,W006,39.99976,-105.000274
2026-07-11 08:20:00.000000,W001,39.999975,-105.000184
2026-07-11 08:30:00.000000,W002,39.999921,-104.999232
2026-07-11 08:55:53.544352,W006,40.00026,-105.000782
2026-07-11 09:05:53.544352,W001,40.000217,-105.000307
2026-07-11 09:15:53.544352,W002,39.999627,-104.999768
2026-07-11 09:25:53.544352,W003,40.000497,-105.000615
2026-07-11 09:35:53.544352,W004,39.999625,-105.00054
2026-07-11 09:45:53.544352,W005,40.000565,-104.999621
2026-07-11 09:55:53.544352,W006,39.999574,-105.000355
2026-07-11 10:18:42.871125,W001,39.999996,-105.000036
2026-07-11 10:28:42.871125,W002,40.000114,-105.000005
2026-07-11 10:38:42.871125,W003,39.99998,-105.000163
2026-07-11 10:48:42.871125,W004,39.999963,-105.000231
2026-07-11 11:14:10.080743,W002,39.99973,-104.999232
2026-07-11 11:24:10.080743,W003,39.999582,-104.99974
2026-07-11 11:34:10.080743,W004,40.000425,-104.99951
2026-07-11 11:53:35.917994,W003,39.999781,-104.999827
2026-07-11 12:03:35.917994,W004,40.000046,-104.999709
2026-07-11 12:13:35.917994,W005,39.99985,-105.000719
2026-07-11 12:23:35.917994,W006,40.00028,-105.000217
2026-07-11 12:33:35.917994,W001,40.000119,-105.000124
2026-07-11 12:57:13.238854,W004,39.999469,-104.999979
2026-07-11 13:07:13.238854,W005,40.000133,-105.000081
2026-07-11 13:17:13.238854,W006,39.999528,-104.999857
2026-07-11 13:27:13.238854,W001,39.998868,-105.000333
2026-07-11 13:37:13.238854,W002,39.999783,-105.000039
2026-07-11 13:59:15.940487,W005,39.99995,-105.000204
2026-07-11 14:09:15.940487,W006,39.999804,-105.000049
2026-07-11 14:19:15.940487,W001,40.000426,-104.99954
2026-07-11 14:29:15.940487,W002,39.999556,-104.999522
2026-07-11 14:39:15.940487,W003,40.000176,-104.999981
2026-07-11 14:49:15.940487,W004,39.999916,-104.99978
2026-07-11 14:59:15.940487,W005,39.999803,-104.999987
2026-07-11 15:27:07.329592,W006,39.999793,-104.999944
2026-07-11 15:37:07.329592,W001,40.000723,-104.999975
2026-07-11 15:47:07.329592,W002,40.00043,-104.999531
2026-07-11 15:57:07.329592,W003,40.000412,-104.999948
2026-07-11 16:07:07.329592,W004,40.000235,-105.000313
2026-07-11 16:17:07.329592,W005,40.000329,-105.00001
2026-07-11 16:27:07.329592,W006,39.999819,-104.999747
2026-07-11 16:37:07.329592,W001,39.999504,-104.999333
2026-07-11 07:00:00.000000,W001,40.000982,-104.9997
2026-07-11 07:10:00.000000,W002,40.000729,-104.999288
2026-07-11 07:20:00.000000,W003,40.000652,-104.999447
2026-07-11 07:30:00.000000,W004,40.001304,-104.999298
2026-07-11 07:40:00.000000,W005,40.000448,-104.99876
2026-07-11 08:05:04.945713,W002,40.000738,-105.000302
2026-07-11 08:15:04.945713,W003,40.001281,-104.999152
2026-07-11 08:25:04.945713,W004,40.001032,-104.999043
2026-07-11 08:54:57.896008,W003,40.000382,-104.999865
2026-07-11 09:04:57.896008,W004,40.000954,-104.999202
2026-07-11 09:14:57.896008,W005,40.001599,-104.999473
2026-07-11 09:24:57.896008,W006,40.001564,-104.999634
2026-07-11 09:34:57.896008,W001,40.001535,-104.999476
2026-07-11 10:00:49.962644,W004,40.000046,-104.999475
2026-07-11 10:10:49.962644,W005,40.00127,-104.999036
2026-07-11 10:20:49.962644,W006,40.001769,-104.999981
2026-07-11 10:30:49.962644,W001,40.001129,-105.000197
2026-07-11 10:40:49.962644,W002,40.000683,-104.99981
2026-07-11 10:50:49.962644,W003,40.001508,-104.999626
2026-07-11 11:09:08.175575,W005,40.000976,-105.000124
2026-07-11 11:19:08.175575,W006,40.000635,-105.000182
2026-07-11 11:29:08.175575,W001,40.000657,-104.998753
2026-07-11 11:39:08.175575,W002,40.001622,-104.999329
2026-07-11 11:49:08.175575,W003,40.000681,-104.999211
2026-07-11 11:59:08.175575,W004,40.00093,-104.999443
2026-07-11 12:09:08.175575,W005,40.001346,-104.999185
2026-07-11 12:36:45.067438,W006,40.001156,-104.999221
2026-07-11 12:46:45.067438,W001,40.001058,-104.999415
2026-07-11 12:56:45.067438,W002,40.000734,-104.998731
2026-07-11 13:06:45.067438,W003,40.001255,-104.999556
2026-07-11 13:16:45.067438,W004,40.00113,-104.99981
2026-07-11 13:26:45.067438,W005,40.000861,-104.99986
2026-07-11 07:00:00.000000,W001,39.999581,-104.998029
2026-07-11 07:10:00.000000,W002,39.999123,-104.999169
2026-07-11 07:20:00.000000,W003,39.999712,-104.998878
2026-07-11 07:30:00.000000,W004,39.999182,-104.998287
2026-07-11 07:40:00.000000,W005,39.9992,-104.99835
2026-07-11 08:04:17.813462,W002,39.999492,-104.99874
2026-07-11 08:14:17.813462,W003,39.999312,-104.999088
2026-07-11 08:24:17.813462,W004,39.999803,-104.998813
2026-07-11 08:34:17.813462,W005,39.999253,-104.999187
2026-07-11 08:44:17.813462,W006,39.99865,-104.998469
2026-07-11 09:14:19.272100,W003,39.999448,-104.999223
2026-07-11 09:24:19.272100,W004,40.00009,-104.998689
2026-07-11 09:34:19.272100,W005,39.998502,-104.999269
2026-07-11 09:44:19.272100,W006,39.999314,-104.998528
2026-07-11 09:54:19.272100,W001,39.999113,-104.998811
2026-07-11 10:04:19.272100,W002,39.999119,-104.999039
2026-07-11 10:14:19.272100,W003,39.999293,-104.998945
2026-07-11 10:39:59.566878,W004,39.999201,-104.998596
2026-07-11 10:49:59.566878,W005,39.999826,-104.999186
2026-07-11 10:59:59.566878,W006,39.9989,-104.998847
2026-07-11 11:09:59.566878,W001,39.998906,-104.998704
2026-07-11 11:19:59.566878,W002,39.999454,-104.999421
2026-07-11 11:29:59.566878,W003,39.99906,-104.998735
2026-07-11 11:39:59.566878,W004,39.999016,-104.998682
2026-07-11 11:49:59.566878,W005,40.000154,-104.998985
2026-07-11 12:17:17.074226,W005,39.999766,-104.99933
2026-07-11 12:27:17.074226,W006,39.999186,-104.998583
2026-07-11 12:37:17.074226,W001,39.999032,-104.998575
2026-07-11 12:47:17.074226,W002,39.999181,-104.998756
2026-07-11 12:57:17.074226,W003,39.998498,-104.999096
2026-07-11 13:26:32.514982,W006,39.998727,-104.998771
2026-07-11 13:36:32.514982,W001,39.999611,-104.999022
2026-07-11 13:46:32.514982,W002,39.998946,-104.998889
2026-07-11 13:56:32.514982,W003,39.999242,-104.999627
2026-07-11 14:06:32.514982,W004,39.998763,-104.998759
2026-07-11 14:31:59.688584,W001,39.999065,-104.998646
2026-07-11 14:41:59.688584,W002,40.000194,-104.99873
2026-07-11 14:51:59.688584,W003,39.999455,-104.998757
2026-07-11 15:01:59.688584,W004,39.998913,-104.99896
2026-07-11 15:11:59.688584,W005,39.998678,-104.998977
2026-07-11 15:28:20.797214,W002,39.999879,-104.99869
2026-07-11 15:38:20.797214,W003,39.999505,-104.999092
2026-07-11 15:48:20.797214,W004,39.999451,-104.999477
2026-07-11 15:58:20.797214,W005,39.998986,-104.998912
2026-07-11 07:00:00.000000,W003,40.00049,-105.000979
2026-07-11 07:10:00.000000,W004,39.999981,-105.000957
2026-07-11 07:20:00.000000,W005,40.000888,-105.000978
2026-07-11 07:30:00.000000,W006,39.999545,-105.000881
2026-07-11 07:40:00.000000,W001,40.000909,-105.000873
2026-07-11 07:50:00.000000,W002,40.00079,-105.001671
2026-07-11 08:07:14.767526,W004,40.000387,-105.000827
2026-07-11 08:17:14.767526,W005,40.000494,-105.000965
2026-07-11 08:27:14.767526,W006,40.00128,-105.00151
2026-07-11 08:37:14.767526,W001,40.000784,-105.00065
2026-07-11 08:47:14.767526,W002,40.000571,-105.002145
2026-07-11 09:12:05.496558,W005,40.000754,-105.001465
2026-07-11 09:22:05.496558,W006,40.00095,-105.00104
2026-07-11 09:32:05.496558,W001,40.000124,-105.000927
2026-07-11 09:42:05.496558,W002,40.001173,-105.000616
2026-07-11 09:52:05.496558,W003,40.000406,-105.001389
2026-07-11 10:02:05.496558,W004,40.000392,-105.001317
2026-07-11 10:12:05.496558,W005,40.00016,-105.000649
2026-07-11 10:22:05.496558,W006,40.000541,-105.000801
2026-07-11 10:44:22.227982,W006,40.000501,-105.001023
2026-07-11 10:54:22.227982,W001,40.000513,-105.001239
2026-07-11 11:04:22.227982,W002,39.999979,-105.001014
2026-07-11 11:14:22.227982,W003,40.000037,-105.000431
2026-07-11 11:24:22.227982,W004,40.000707,-105.001578
2026-07-11 11:34:22.227982,W005,40.000956,-105.001744
2026-07-11 11:53:08.852002,W001,40.000716,-105.000939
2026-07-11 12:03:08.852002,W002,40.000255,-105.001827
2026-07-11 12:13:08.852002,W003,40.000241,-105.000826
2026-07-11 12:23:08.852002,W004,40.000744,-105.001266
2026-07-11 12:33:08.852002,W005,40.000906,-105.000852
2026-07-11 12:54:05.833857,W002,40.000101,-105.001595
2026-07-11 13:04:05.833857,W003,40.000036,-105.001188
2026-07-11 13:14:05.833857,W004,40.00077,-105.001313
2026-07-11 13:24:05.833857,W005,40.000083,-105.000505
2026-07-11 13:34:05.833857,W006,40.00078,-105.001259
2026-07-11 13:44:05.833857,W001,40.000386,-105.000765
2026-07-11 13:54:05.833857,W002,40.000331,-105.000697
2026-07-11 14:04:05.833857,W003,40.000161,-105.00111
2026-07-11 14:33:19.623523,W003,39.999983,-105.000878
2026-07-11 14:43:19.623523,W004,40.000601,-105.000811
2026-07-11 14:53:19.623523,W005,40.000596,-105.000777
2026-07-11 15:03:19.623523,W006,40.000927,-105.001728
2026-07-12 07:00:00.000000,W004,40.000237,-105.000109
2026-07-12 07:10:00.000000,W005,40.000515,-105.000738
2026-07-12 07:20:00.000000,W006,39.999831,-104.999638
2026-07-12 07:30:00.000000,W001,39.999896,-104.999576
2026-07-12 07:40:00.000000,W002,39.999614,-105.000017
2026-07-12 07:50:00.000000,W003,40.000706,-104.999876
2026-07-12 08:00:00.000000,W004,39.999798,-105.000108
2026-07-12 08:28:19.515781,W005,39.999943,-105.00073
2026-07-12 08:38:19.515781,W006,40.00036,-105.000032
2026-07-12 08:48:19.515781,W001,39.999598,-105.00002
2026-07-12 08:58:19.515781,W002,40.000419,-105.000886
2026-07-12 09:08:19.515781,W003,39.999914,-105.00024
2026-07-12 09:18:19.515781,W004,39.999717,-105.000262
2026-07-12 09:40:00.007000,W006,39.999625,-104.999984
2026-07-12 09:50:00.007000,W001,39.999879,-104.999621
2026-07-12 10:00:00.007000,W002,39.999921,-105.000388
2026-07-12 10:10:00.007000,W003,39.999989,-105.00035
2026-07-12 10:33:29.861770,W001,39.999655,-105.001024
2026-07-12 10:43:29.861770,W002,40.000372,-104.999652
2026-07-12 10:53:29.861770,W003,40.000822,-104.999602
2026-07-12 11:03:29.861770,W004,40.000392,-104.999757
2026-07-12 11:13:29.861770,W005,39.999985,-105.000001
2026-07-12 11:23:29.861770,W006,39.999628,-104.999102
2026-07-12 11:33:29.861770,W001,39.999912,-105.000427
2026-07-12 11:43:29.861770,W002,40.000279,-105.000277
2026-07-12 12:03:24.022423,W002,39.999727,-105.000846
2026-07-12 12:13:24.022423,W003,39.999921,-105.000073
2026-07-12 12:23:24.022423,W004,40.000025,-104.999459
2026-07-12 07:00:00.000000,W003,40.000601,-105.000117
2026-07-12 07:10:00.000000,W004,40.001287,-104.999116
2026-07-12 07:20:00.000000,W005,40.000623,-104.998803
2026-07-12 07:30:00.000000,W006,40.001006,-104.999031
2026-07-12 07:40:00.000000,W001,40.00093,-104.998862
2026-07-12 07:50:00.000000,W002,40.000746,-104.999761
2026-07-12 08:17:17.017060,W004,40.001021,-104.999491
2026-07-12 08:27:17.017060,W005,40.001511,-104.999662
2026-07-12 08:37:17.017060,W006,40.001282,-104.999847
2026-07-12 08:47:17.017060,W001,40.000968,-104.999487
2026-07-12 08:57:17.017060,W002,40.000614,-104.999365
2026-07-12 09:07:17.017060,W003,40.001448,-104.999744
2026-07-12 09:17:17.017060,W004,40.001527,-104.999281
2026-07-12 09:27:17.017060,W005,40.001052,-104.999366
2026-07-12 09:37:17.017060,W006,40.001132,-104.999392
2026-07-12 09:47:17.017060,W001,40.001023,-104.999989
2026-07-12 09:57:17.017060,W002,40.000833,-104.999595
2026-07-12 10:07:17.017060,W003,40.000928,-104.999772
2026-07-12 10:24:49.296526,W005,40.000704,-104.999435
2026-07-12 10:34:49.296526,W006,40.001295,-104.999862
2026-07-12 10:44:49.296526,W001,40.000782,-104.999341
2026-07-12 10:54:49.296526,W002,40.000927,-104.999221
2026-07-12 11:04:49.296526,W003,40.000875,-104.999067
2026-07-12 11:14:49.296526,W004,40.001258,-104.999409
2026-07-12 11:24:49.296526,W005,40.000915,-104.999169
2026-07-12 11:46:43.378630,W006,40.000801,-104.999399
2026-07-12 11:56:43.378630,W001,40.001311,-104.998641
2026-07-12 12:06:43.378630,W002,40.001053,-104.999416
2026-07-12 12:16:43.378630,W003,40.001531,-104.999541
2026-07-12 12:26:43.378630,W004,40.000643,-104.998904
2026-07-12 12:36:43.378630,W005,40.000986,-105.000103
2026-07-12 12:46:43.378630,W006,40.001166,-104.999081
2026-07-12 12:56:43.378630,W001,40.001537,-104.998868
2026-07-12 13:24:16.755523,W001,40.000395,-104.999333
2026-07-12 13:34:16.755523,W002,40.001213,-104.999625
2026-07-12 13:44:16.755523,W003,40.000985,-104.999595
2026-07-12 13:54:16.755523,W004,40.001129,-104.999731
2026-07-12 14:04:16.755523,W005,40.001176,-104.999486
2026-07-12 14:14:16.755523,W006,40.001036,-104.999685
2026-07-12 14:24:16.755523,W001,40.001177,-104.999656
2026-07-12 14:34:16.755523,W002,40.001313,-104.99946
2026-07-12 14:44:16.755523,W003,40.001069,-104.999601
2026-07-12 14:54:16.755523,W004,40.001042,-104.999567
2026-07-12 15:04:16.755523,W005,40.000194,-105.000353
2026-07-12 15:14:16.755523,W006,40.001292,-104.999022
2026-07-12 15:24:16.755523,W001,40.00135,-104.999412
2026-07-12 07:00:00.000000,W002,39.999158,-104.998716
2026-07-12 07:10:00.000000,W003,39.998875,-104.998557
2026-07-12 07:20:00.000000,W004,39.999348,-104.998354
2026-07-12 07:30:00.000000,W005,39.999397,-104.999102
2026-07-12 07:40:00.000000,W006,39.999209,-104.998811
2026-07-12 07:50:00.000000,W001,39.999628,-104.998752
2026-07-12 08:00:00.000000,W002,39.99908,-104.998972
2026-07-12 08:23:36.440743,W003,39.999174,-104.998806
2026-07-12 08:33:36.440743,W004,39.998805,-104.999392
2026-07-12 08:43:36.440743,W005,39.999802,-104.998891
2026-07-12 08:53:36.440743,W006,39.998902,-104.999254
2026-07-12 09:03:36.440743,W001,39.998274,-104.99843
2026-07-12 09:13:36.440743,W002,39.999201,-104.998756
2026-07-12 09:23:36.440743,W003,39.999142,-104.998816
2026-07-12 09:33:36.440743,W004,39.999246,-104.998661
2026-07-12 09:43:36.440743,W005,39.99879,-104.99889
2026-07-12 09:53:36.440743,W006,39.99939,-104.998823
2026-07-12 10:03:36.440743,W001,39.999079,-104.998539
2026-07-12 10:13:36.440743,W002,39.999721,-104.998281
2026-07-12 10:42:56.807121,W004,39.99888,-104.99777
2026-07-12 10:52:56.807121,W005,39.999175,-104.999156
2026-07-12 11:02:56.807121,W006,39.999025,-104.998597
2026-07-12 11:12:56.807121,W001,39.999229,-104.999244
2026-07-12 11:22:56.807121,W002,39.999259,-104.998584
2026-07-12 11:32:56.807121,W003,39.999221,-104.9988
2026-07-12 11:42:56.807121,W004,39.999366,-104.998705
2026-07-12 11:52:56.807121,W005,39.999371,-104.99853
2026-07-12 12:14:40.493876,W005,39.998698,-104.999161
2026-07-12 12:24:40.493876,W006,39.999294,-104.9988
2026-07-12 12:34:40.493876,W001,39.998883,-104.99906
2026-07-12 12:44:40.493876,W002,39.998124,-104.998766
2026-07-12 12:54:40.493876,W003,39.999518,-104.998476
2026-07-12 13:21:13.711204,W006,39.998902,-104.998228
2026-07-12 13:31:13.711204,W001,39.998994,-104.998643
2026-07-12 13:41:13.711204,W002,39.999368,-104.999164
2026-07-12 13:51:13.711204,W003,39.999243,-104.998508
2026-07-12 14:01:13.711204,W004,39.998617,-104.997702
2026-07-12 14:11:13.711204,W005,39.998982,-104.99869
2026-07-12 07:00:00.000000,W001,40.001241,-105.001163
2026-07-12 07:10:00.000000,W002,40.000458,-105.000664
2026-07-12 07:20:00.000000,W003,40.00049,-105.001308
2026-07-12 07:30:00.000000,W004,40.000125,-105.000831
2026-07-12 07:40:00.000000,W005,40.000494,-105.001009
2026-07-12 07:50:00.000000,W006,40.000567,-105.001486
2026-07-12 08:12:11.971536,W002,40.000395,-105.001005
2026-07-12 08:22:11.971536,W003,40.000505,-105.001112
2026-07-12 08:32:11.971536,W004,40.000866,-105.001542
2026-07-12 08:42:11.971536,W005,40.000502,-105.001006
2026-07-12 08:52:11.971536,W006,40.000394,-105.001103
2026-07-12 09:02:11.971536,W001,40.000363,-105.001803
2026-07-12 09:12:11.971536,W002,39.999509,-105.001023
2026-07-12 09:36:41.558453,W003,40.000746,-105.001148
2026-07-12 09:46:41.558453,W004,40.000917,-105.000753
2026-07-12 09:56:41.558453,W005,39.999614,-105.000836
2026-07-12 10:06:41.558453,W006,40.000513,-105.000324
2026-07-12 10:16:41.558453,W001,40.000435,-105.000916
2026-07-12 10:26:41.558453,W002,39.999731,-105.000729
2026-07-12 10:36:41.558453,W003,40.001322,-105.001242
2026-07-12 10:46:41.558453,W004,40.000547,-105.00081
2026-07-12 10:56:41.558453,W005,39.999869,-105.001017
2026-07-12 11:06:41.558453,W006,40.000456,-105.001273
2026-07-12 11:16:41.558453,W001,40.000503,-105.001139
2026-07-12 11:38:43.003125,W004,40.000596,-105.000743
2026-07-12 11:48:43.003125,W005,40.000525,-105.000648
2026-07-12 11:58:43.003125,W006,40.000011,-105.000967
2026-07-12 12:08:43.003125,W001,40.000674,-105.001282
2026-07-12 12:18:43.003125,W002,40.000666,-105.000901
2026-07-12 12:40:16.414910,W005,40.000664,-105.000878
2026-07-12 12:50:16.414910,W006,40.000932,-105.000978
2026-07-12 13:00:16.414910,W001,39.999974,-105.000971
2026-07-12 13:10:16.414910,W002,39.999847,-105.001116
2026-07-12 13:20:16.414910,W003,40.000854,-105.001204
2026-07-12 13:30:16.414910,W004,40.00043,-105.001157
2026-07-12 13:52:02.505607,W006,40.000728,-105.000838
2026-07-12 14:02:02.505607,W001,40.00029,-105.000994
2026-07-12 14:12:02.505607,W002,40.000075,-105.00091
2026-07-12 14:22:02.505607,W003,40.000175,-105.000853
2026-07-12 14:32:02.505607,W004,40.000484,-105.001269
2026-07-12 14:42:02.505607,W005,39.99985,-105.002178
2026-07-12 07:00:00.000000,W001,40.000038,-105.000017
2026-07-12 07:10:00.000000,W002,40.000288,-105.000635
2026-07-12 07:20:00.000000,W003,39.999292,-104.999733
2026-07-12 07:30:00.000000,W004,40.000271,-104.999937
2026-07-12 07:54:05.922831,W002,39.999925,-104.999188
2026-07-12 08:04:05.922831,W003,39.999757,-104.999845
2026-07-12 08:14:05.922831,W004,39.99999,-104.99969
2026-07-12 08:24:05.922831,W005,39.999924,-104.999668
2026-07-12 08:47:44.700103,W003,40.000153,-104.999708
2026-07-12 08:57:44.700103,W004,39.999466,-104.999845
2026-07-12 09:07:44.700103,W005,40.000327,-105.000065
2026-07-12 09:17:44.700103,W006,40.000121,-104.999829
2026-07-12 09:27:44.700103,W001,40.000062,-104.999978
2026-07-12 09:37:44.700103,W002,40.000541,-105.000449
2026-07-12 09:47:44.700103,W003,39.999295,-105.000391
2026-07-12 10:13:44.565973,W004,40.000179,-105.00048
2026-07-12 10:23:44.565973,W005,39.999555,-104.999998
2026-07-12 10:33:44.565973,W006,40.000098,-105.000294
2026-07-12 10:43:44.565973,W001,40.000355,-105.000568
2026-07-12 10:53:44.565973,W002,40.000986,-104.999898
2026-07-12 11:21:35.914293,W005,40.000248,-105.000581
2026-07-12 11:31:35.914293,W006,39.999705,-104.999919
2026-07-12 11:41:35.914293,W001,40.000078,-105.000108
2026-07-12 11:51:35.914293,W002,39.999521,-104.999917
2026-07-12 12:01:35.914293,W003,40.00005,-104.999932
2026-07-12 12:24:24.777406,W006,39.999674,-104.999614
2026-07-12 12:34:24.777406,W001,40.000418,-104.99991
2026-07-12 12:44:24.777406,W002,39.999657,-105.000081
2026-07-12 12:54:24.777406,W003,40.000323,-105.000366
2026-07-12 13:22:18.430970,W001,39.999892,-104.998652
2026-07-12 13:32:18.430970,W002,40.000286,-105.000174
2026-07-12 13:42:18.430970,W003,40.000359,-104.999784
2026-07-12 13:52:18.430970,W004,40.00037,-105.000084
2026-07-12 14:02:18.430970,W005,40.000436,-104.999966
2026-07-12 07:00:00.000000,W002,40.001039,-104.999385
2026-07-12 07:10:00.000000,W003,40.001702,-104.999453
2026-07-12 07:20:00.000000,W004,40.001347,-105.000481
2026-07-12 07:30:00.000000,W005,40.00078,-104.999167
2026-07-12 07:40:00.000000,W006,40.000686,-104.999686
2026-07-12 07:50:00.000000,W001,40.000516,-104.998603
2026-07-12 08:19:24.054139,W003,40.000819,-104.999911
2026-07-12 08:29:24.054139,W004,40.001709,-104.99901
2026-07-12 08:39:24.054139,W005,40.00097,-104.999003
2026-07-12 08:49:24.054139,W006,40.000967,-104.999493
2026-07-12 08:59:24.054139,W001,40.00124,-104.999432
2026-07-12 09:09:24.054139,W002,40.00125,-104.999789
2026-07-12 09:19:24.054139,W003,40.000732,-105.0001
2026-07-12 09:50:42.376065,W004,40.000825,-104.999834
2026-07-12 10:00:42.376065,W005,40.000481,-104.999465
2026-07-12 10:10:42.376065,W006,40.001055,-104.999929
2026-07-12 10:20:42.376065,W001,40.000888,-104.999503
2026-07-12 10:30:42.376065,W002,40.000361,-105.000026
2026-07-12 10:40:42.376065,W003,40.001169,-104.999039
2026-07-12 10:50:42.376065,W004,40.001805,-105.000278
2026-07-12 11:12:30.890546,W005,40.00154,-104.999618
2026-07-12 11:22:30.890546,W006,40.000985,-104.999634
2026-07-12 11:32:30.890546,W001,40.001736,-104.999551
2026-07-12 11:42:30.890546,W002,40.001277,-104.99863
2026-07-12 11:52:30.890546,W003,40.000507,-105.000104
2026-07-12 12:02:30.890546,W004,40.001367,-104.999597
2026-07-12 12:12:30.890546,W005,40.000593,-104.99899
2026-07-12 12:22:30.890546,W006,40.00085,-104.999573
2026-07-12 12:48:48.856860,W006,40.001205,-104.999117
2026-07-12 12:58:48.856860,W001,40.000869,-104.999815
2026-07-12 13:08:48.856860,W002,40.000693,-104.999523
2026-07-12 13:18:48.856860,W003,40.001204,-104.999634
2026-07-12 07:00:00.000000,W001,39.999087,-104.998225
2026-07-12 07:10:00.000000,W002,40.000171,-104.99877
2026-07-12 07:20:00.000000,W003,39.999453,-104.998918
2026-07-12 07:30:00.000000,W004,39.99849,-104.998919
2026-07-12 07:40:00.000000,W005,39.999541,-104.998321
2026-07-12 08:10:56.903080,W002,39.99973,-104.999351
2026-07-12 08:20:56.903080,W003,39.999578,-104.998348
2026-07-12 08:30:56.903080,W004,40.000007,-104.998545
2026-07-12 08:40:56.903080,W005,39.999029,-104.998697
2026-07-12 08:50:56.903080,W006,39.999399,-104.998312
2026-07-12 09:00:56.903080,W001,39.998984,-104.998498
2026-07-12 09:27:28.579275,W003,39.998616,-104.998975
2026-07-12 09:37:28.579275,W004,39.998797,-104.9991
2026-07-12 09:47:28.579275,W005,39.999132,-104.998241
2026-07-12 09:57:28.579275,W006,39.9991,-104.99819
2026-07-12 10:07:28.579275,W001,39.999108,-104.998824
2026-07-12 10:17:28.579275,W002,39.999545,-104.999128
2026-07-12 10:27:28.579275,W003,39.99914,-104.998003
2026-07-12 10:50:55.677940,W004,39.999026,-104.998343
2026-07-12 11:00:55.677940,W005,39.998976,-104.998035
2026-07-12 11:10:55.677940,W006,39.999341,-104.998254
2026-07-12 11:20:55.677940,W001,39.999028,-104.998948
2026-07-12 07:00:00.000000,W005,40.000083,-105.000624
2026-07-12 07:10:00.000000,W006,40.00037,-105.001001
2026-07-12 07:20:00.000000,W001,40.000579,-105.001721
2026-07-12 07:30:00.000000,W002,39.999905,-105.001021
2026-07-12 07:40:00.000000,W003,39.999926,-105.001336
2026-07-12 07:50:00.000000,W004,40.000766,-105.000858
2026-07-12 08:00:00.000000,W005,40.00065,-105.000364
2026-07-12 08:10:00.000000,W006,40.000165,-105.000796
2026-07-12 08:20:00.000000,W001,40.000667,-105.000777
2026-07-12 08:44:37.681024,W006,40.000962,-105.001248
2026-07-12 08:54:37.681024,W001,39.999723,-105.00139
2026-07-12 09:04:37.681024,W002,40.000225,-105.001
2026-07-12 09:14:37.681024,W003,40.000648,-105.000626
2026-07-12 09:24:37.681024,W004,40.000552,-105.000661
2026-07-12 09:34:37.681024,W005,40.000167,-105.000816
2026-07-12 09:56:55.641011,W001,40.000178,-105.000826
2026-07-12 10:06:55.641011,W002,40.000754,-105.001867
2026-07-12 10:16:55.641011,W003,40.000732,-105.001517
2026-07-12 10:26:55.641011,W004,40.001281,-105.001205
2026-07-12 10:57:47.392971,W002,40.000751,-105.000735
2026-07-12 11:07:47.392971,W003,40.000474,-105.001076
2026-07-12 11:17:47.392971,W004,40.000454,-105.000662
2026-07-12 11:27:47.392971,W005,40.000646,-105.000662
2026-07-12 11:37:47.392971,W006,39.999587,-105.000652
2026-07-12 12:00:46.471863,W003,40.001149,-105.001941
2026-07-12 12:10:46.471863,W004,40.000759,-105.000399
2026-07-12 12:20:46.471863,W005,40.000559,-105.000677
2026-07-12 12:30:46.471863,W006,40.000332,-105.001079
2026-07-12 12:40:46.471863,W001,40.001193,-105.000632
2026-07-12 12:50:46.471863,W002,40.000687,-105.001184
2026-07-12 13:00:46.471863,W003,40.000365,-105.000977
2026-07-12 13:10:46.471863,W004,40.000295,-105.000429
2026-07-12 13:31:47.190441,W004,40.000365,-105.001627
2026-07-12 13:41:47.190441,W005,40.001086,-105.001369
2026-07-12 13:51:47.190441,W006,40.000506,-105.000763
2026-07-12 14:01:47.190441,W001,40.000761,-105.001282
2026-07-12 14:28:36.899531,W005,39.999952,-105.001031
2026-07-12 14:38:36.899531,W006,40.000089,-105.000515
2026-07-12 14:48:36.899531,W001,40.000926,-105.000799
2026-07-12 14:58:36.899531,W002,40.000208,-105.001082
2026-07-12 15:08:36.899531,W003,40.000109,-105.001074
2026-07-12 15:18:36.899531,W004,40.000294,-105.000962
2026-07-12 15:28:36.899531,W005,40.000595,-105.001102
2026-07-12 15:38:36.899531,W006,40.00008,-105.000953
2026-07-12 15:48:36.899531,W001,40.000034,-105.000975
2026-07-12 15:58:36.899531,W002,40.000309,-105.000627
2026-07-12 16:08:36.899531,W003,40.000619,-105.000848
2026-07-12 16:18:36.899531,W004,40.000834,-105.001062
2026-07-12 16:28:36.899531,W005,40.001313,-105.000873
2026-07-13 07:00:00.000000,W006,39.999657,-104.999859
2026-07-13 07:10:00.000000,W001,39.999606,-105.000153
2026-07-13 07:20:00.000000,W002,39.999886,-104.999979
2026-07-13 07:30:00.000000,W003,40.000159,-104.99971
2026-07-13 07:40:00.000000,W004,39.999671,-105.00002
2026-07-13 07:50:00.000000,W005,39.999991,-104.99971
2026-07-13 08:09:57.239709,W001,40.000151,-104.999266
2026-07-13 08:19:57.239709,W002,40.000375,-104.999857
2026-07-13 08:29:57.239709,W003,40.000232,-104.999675
2026-07-13 08:39:57.239709,W004,39.999536,-104.999694
2026-07-13 08:49:57.239709,W005,40.000018,-105.000006
2026-07-13 08:59:57.239709,W006,40.000125,-104.999708
2026-07-13 09:24:21.569077,W002,40.000287,-105.000682
2026-07-13 09:34:21.569077,W003,40.000236,-105.000279
2026-07-13 09:44:21.569077,W004,39.999792,-105.000704
2026-07-13 09:54:21.569077,W005,40.000134,-104.999973
2026-07-13 10:23:16.522633,W003,40.000553,-104.999965
2026-07-13 10:33:16.522633,W004,40.000148,-104.999966
2026-07-13 10:43:16.522633,W005,40.000708,-105.000571
2026-07-13 10:53:16.522633,W006,39.999933,-105.000005
2026-07-13 11:03:16.522633,W001,40.000551,-104.999786
2026-07-13 11:13:16.522633,W002,39.999452,-104.999536
2026-07-13 11:23:16.522633,W003,39.999599,-104.999847
2026-07-13 11:50:24.065609,W004,40.000409,-104.999634
2026-07-13 12:00:24.065609,W005,39.999644,-105.000611
2026-07-13 12:10:24.065609,W006,39.999763,-104.999953
2026-07-13 12:20:24.065609,W001,40.00031,-104.999448
2026-07-13 12:30:24.065609,W002,39.999592,-104.999985
2026-07-13 12:40:24.065609,W003,39.99958,-105.000141
2026-07-13 12:50:24.065609,W004,39.999654,-104.999514
2026-07-13 13:00:24.065609,W005,39.999869,-105.0
2026-07-13 13:20:44.426025,W005,39.999709,-104.999655
2026-07-13 13:30:44.426025,W006,40.000477,-105.000057
2026-07-13 13:40:44.426025,W001,40.000265,-105.00006
2026-07-13 13:50:44.426025,W002,40.000649,-104.999832
2026-07-13 14:13:19.885416,W006,40.000339,-105.000813
2026-07-13 14:23:19.885416,W001,39.999672,-105.000565
2026-07-13 14:33:19.885416,W002,40.000312,-104.999563
2026-07-13 14:43:19.885416,W003,39.999729,-105.000368
2026-07-13 15:06:28.552281,W001,39.999559,-105.000095
2026-07-13 15:16:28.552281,W002,40.00021,-104.99977
2026-07-13 15:26:28.552281,W003,39.999511,-105.000485
2026-07-13 15:36:28.552281,W004,40.000685,-105.000151
2026-07-13 07:00:00.000000,W002,40.001126,-104.999812
2026-07-13 07:10:00.000000,W003,40.000937,-104.999985
2026-07-13 07:20:00.000000,W004,40.001006,-104.999288
2026-07-13 07:30:00.000000,W005,40.001324,-104.99982
2026-07-13 07:40:00.000000,W006,40.000277,-104.999744
2026-07-13 07:50:00.000000,W001,40.000219,-104.999416
2026-07-13 08:19:09.895330,W003,40.001092,-104.999522
2026-07-13 08:29:09.895330,W004,40.000869,-105.000561
2026-07-13 08:39:09.895330,W005,40.001222,-104.999365
2026-07-13 08:49:09.895330,W006,40.001011,-105.000143
2026-07-13 08:59:09.895330,W001,40.000917,-104.999374
2026-07-13 09:09:09.895330,W002,40.001366,-104.999684
2026-07-13 09:19:09.895330,W003,40.00125,-104.999392
2026-07-13 09:29:09.895330,W004,40.000509,-104.999197
2026-07-13 09:39:09.895330,W005,40.000813,-104.999101
2026-07-13 09:49:09.895330,W006,40.001635,-105.000037
2026-07-13 09:59:09.895330,W001,40.000721,-104.999376
2026-07-13 10:32:16.150739,W004,40.001916,-104.999944
2026-07-13 10:42:16.150739,W005,40.001573,-104.999575
2026-07-13 10:52:16.150739,W006,40.000116,-104.999308
2026-07-13 11:02:16.150739,W001,40.000875,-104.999435
2026-07-13 11:12:16.150739,W002,40.001172,-104.999356
2026-07-13 11:22:16.150739,W003,40.000869,-105.000043
2026-07-13 11:32:16.150739,W004,40.000365,-104.999533
2026-07-13 11:42:16.150739,W005,40.00114,-104.999633
2026-07-13 11:52:16.150739,W006,40.001313,-105.00023
2026-07-13 12:18:25.494675,W005,40.000746,-104.999394
2026-07-13 12:28:25.494675,W006,40.000522,-104.99972
2026-07-13 12:38:25.494675,W001,40.000808,-104.999512
2026-07-13 12:48:25.494675,W002,40.000725,-104.999834
2026-07-13 12:58:25.494675,W003,40.000466,-104.999413
2026-07-13 13:08:25.494675,W004,40.001141,-104.999308
2026-07-13 13:18:25.494675,W005,40.000566,-104.9987
2026-07-13 13:28:25.494675,W006,40.001427,-104.999305
2026-07-13 13:38:25.494675,W001,40.001298,-104.999273
2026-07-13 13:48:25.494675,W002,40.001286,-104.999789
2026-07-13 13:58:25.494675,W003,40.001248,-104.999936
2026-07-13 14:08:25.494675,W004,40.000672,-104.99891
2026-07-13 14:18:25.494675,W005,40.000695,-104.999256
2026-07-13 14:28:25.494675,W006,40.000728,-104.998894
2026-07-13 15:00:29.710518,W006,40.001579,-104.999597
2026-07-13 15:10:29.710518,W001,40.00109,-105.000211
2026-07-13 15:20:29.710518,W002,40.001304,-104.999934
2026-07-13 15:30:29.710518,W003,40.00087,-104.999808
2026-07-13 15:40:29.710518,W004,40.000696,-104.999434
2026-07-13 15:50:29.710518,W005,40.001001,-104.999449
2026-07-13 16:00:29.710518,W006,40.000788,-104.999648
2026-07-13 16:10:29.710518,W001,40.000995,-104.999207
2026-07-13 16:20:29.710518,W002,40.000982,-104.999477
2026-07-13 16:30:29.710518,W003,40.000815,-104.999431
2026-07-13 16:40:29.710518,W004,40.000436,-104.999631
2026-07-13 07:00:00.000000,W001,39.999254,-104.998609
2026-07-13 07:10:00.000000,W002,39.999574,-104.998628
2026-07-13 07:20:00.000000,W003,39.999198,-104.998554
2026-07-13 07:30:00.000000,W004,39.999708,-104.998832
2026-07-13 07:53:25.426016,W002,39.998901,-104.998684
2026-07-13 08:03:25.426016,W003,39.999987,-104.998762
2026-07-13 08:13:25.426016,W004,39.999923,-104.998676
2026-07-13 08:38:09.490922,W003,39.999017,-104.998876
2026-07-13 08:48:09.490922,W004,39.998928,-104.998709
2026-07-13 08:58:09.490922,W005,39.998866,-104.998678
2026-07-13 09:08:09.490922,W006,39.999665,-104.998449
2026-07-13 09:18:09.490922,W001,39.99869,-104.99886
2026-07-13 09:28:09.490922,W002,39.999034,-104.998982
2026-07-13 09:54:19.679340,W004,39.999012,-104.99892
2026-07-13 10:04:19.679340,W005,39.999272,-104.998961
2026-07-13 10:14:19.679340,W006,39.99888,-104.999521
2026-07-13 10:42:10.710498,W005,39.999021,-104.998831
2026-07-13 10:52:10.710498,W006,39.99941,-104.99846
2026-07-13 11:02:10.710498,W001,40.000045,-104.998881
2026-07-13 11:12:10.710498,W002,39.999205,-104.99851
2026-07-13 11:37:47.495296,W006,39.998887,-104.998974
2026-07-13 11:47:47.495296,W001,39.999293,-104.999412
2026-07-13 11:57:47.495296,W002,39.999001,-104.998316
2026-07-13 12:07:47.495296,W003,39.998855,-104.998964
2026-07-13 12:17:47.495296,W004,39.998617,-104.999085
2026-07-13 12:27:47.495296,W005,39.998626,-104.998429
2026-07-13 12:58:24.296932,W001,39.999039,-104.998345
2026-07-13 13:08:24.296932,W002,39.999416,-104.998363
2026-07-13 13:18:24.296932,W003,39.999263,-104.999535
2026-07-13 13:28:24.296932,W004,39.999221,-104.9986
2026-07-13 13:38:24.296932,W005,39.999209,-104.998773
2026-07-13 13:48:24.296932,W006,39.999283,-104.999235
2026-07-13 07:00:00.000000,W002,40.000138,-105.000779
2026-07-13 07:10:00.000000,W003,40.0008,-105.000883
2026-07-13 07:20:00.000000,W004,39.999791,-105.00055
2026-07-13 07:30:00.000000,W005,40.000213,-105.000917
2026-07-13 07:40:00.000000,W006,40.000477,-105.001244
2026-07-13 07:50:00.000000,W001,40.00053,-105.000282
2026-07-13 08:15:30.317042,W003,40.000121,-105.00116
2026-07-13 08:25:30.317042,W004,40.000822,-105.001655
2026-07-13 08:35:30.317042,W005,40.000705,-105.001802
2026-07-13 08:45:30.317042,W006,40.000775,-105.000903
2026-07-13 08:55:30.317042,W001,40.000454,-105.001862
2026-07-13 09:05:30.317042,W002,40.00061,-105.000766
2026-07-13 09:36:41.600266,W004,40.000472,-105.001755
2026-07-13 09:46:41.600266,W005,40.000766,-105.001206
2026-07-13 09:56:41.600266,W006,39.999773,-105.000464
2026-07-13 10:06:41.600266,W001,40.000458,-105.000815
2026-07-13 10:16:41.600266,W002,40.000881,-105.000319
2026-07-13 10:26:41.600266,W003,40.000328,-105.001539
2026-07-13 10:36:41.600266,W004,40.000489,-105.001061
2026-07-13 10:59:24.918619,W005,40.000968,-105.001136
2026-07-13 11:09:24.918619,W006,40.000685,-105.000863
2026-07-13 11:19:24.918619,W001,40.000506,-105.000975
2026-07-13 11:29:24.918619,W002,40.001073,-105.000359
2026-07-13 11:54:10.063986,W006,40.000157,-105.000698
2026-07-13 12:04:10.063986,W001,40.001307,-105.001306
2026-07-13 12:14:10.063986,W002,40.000816,-105.001379
2026-07-13 12:24:10.063986,W003,39.999804,-105.001247
2026-07-13 12:34:10.063986,W004,40.000491,-105.000731
2026-07-13 07:00:00.000000,W001,40.000577,-104.999854
2026-07-13 07:10:00.000000,W002,39.999907,-105.000185
2026-07-13 07:20:00.000000,W003,39.99909,-104.999936
2026-07-13 07:30:00.000000,W004,40.000305,-105.000042
2026-07-13 07:40:00.000000,W005,40.000651,-104.999626
2026-07-13 07:50:00.000000,W006,39.999623,-104.999354
2026-07-13 08:00:00.000000,W001,39.999506,-105.000485
2026-07-13 08:10:00.000000,W002,39.999958,-104.999961
2026-07-13 08:40:59.693760,W002,40.000018,-104.999988
2026-07-13 08:50:59.693760,W003,40.000095,-104.999736
2026-07-13 09:00:59.693760,W004,40.000318,-104.999444
2026-07-13 09:10:59.693760,W005,40.000491,-105.000247
2026-07-13 09:20:59.693760,W006,40.000323,-105.000424
2026-07-13 09:50:55.135510,W003,40.000236,-104.999165
2026-07-13 10:00:55.135510,W004,39.999733,-105.000266
2026-07-13 10:10:55.135510,W005,40.000274,-105.000077
2026-07-13 10:20:55.135510,W006,40.000403,-104.999654
2026-07-13 10:30:55.135510,W001,39.999855,-105.000287
2026-07-13 10:54:12.499085,W004,40.000215,-104.999825
2026-07-13 11:04:12.499085,W005,40.000315,-104.999473
2026-07-13 11:14:12.499085,W006,39.99976,-105.000095
2026-07-13 11:24:12.499085,W001,40.000064,-105.000245
2026-07-13 11:34:12.499085,W002,40.000418,-104.99983
2026-07-13 11:44:12.499085,W003,39.999921,-105.000102
2026-07-13 11:54:12.499085,W004,39.999747,-104.999225
2026-07-13 12:04:12.499085,W005,40.000074,-105.000281
2026-07-13 12:31:50.590048,W005,40.000778,-105.000298
2026-07-13 12:41:50.590048,W006,40.000139,-105.000442
2026-07-13 12:51:50.590048,W001,39.999892,-104.999554
2026-07-13 13:01:50.590048,W002,39.999845,-104.999561
2026-07-13 13:11:50.590048,W003,40.000043,-105.000482
2026-07-13 07:00:00.000000,W006,40.000564,-104.999149
2026-07-13 07:10:00.000000,W001,40.001126,-104.999816
2026-07-13 07:41:50.360762,W001,40.00125,-104.999728
2026-07-13 07:51:50.360762,W002,40.000789,-104.999899
2026-07-13 08:01:50.360762,W003,40.000852,-104.99976
2026-07-13 08:11:50.360762,W004,40.000707,-104.999267
2026-07-13 08:21:50.360762,W005,40.001006,-104.999259
2026-07-13 08:31:50.360762,W006,40.001203,-104.999258
2026-07-13 08:41:50.360762,W001,40.000964,-104.999178
2026-07-13 09:05:57.651881,W002,40.000613,-105.000254
2026-07-13 09:15:57.651881,W003,40.000398,-105.000272
2026-07-13 09:25:57.651881,W004,40.001279,-104.99944
2026-07-13 09:35:57.651881,W005,40.001165,-104.999617
2026-07-13 09:45:57.651881,W006,40.001128,-104.999186
2026-07-13 09:55:57.651881,W001,40.000912,-104.999813
2026-07-13 10:05:57.651881,W002,40.000582,-104.999307
2026-07-13 10:34:10.816470,W003,40.000157,-104.999768
2026-07-13 10:44:10.816470,W004,40.001241,-104.999725
2026-07-13 10:54:10.816470,W005,40.001728,-104.999245
2026-07-13 11:04:10.816470,W006,40.000751,-104.998621
2026-07-13 11:14:10.816470,W001,40.000595,-104.99927
2026-07-13 11:43:53.942819,W004,40.001057,-104.999354
2026-07-13 11:53:53.942819,W005,40.000564,-104.999139
2026-07-13 12:03:53.942819,W006,40.001577,-104.999047
2026-07-13 12:13:53.942819,W001,40.000855,-105.000127
2026-07-13 12:23:53.942819,W002,40.000067,-104.999087
2026-07-13 12:55:55.109654,W005,40.001431,-105.000097
2026-07-13 13:05:55.109654,W006,40.000505,-105.000057
2026-07-13 13:15:55.109654,W001,40.000626,-105.000084
2026-07-13 13:25:55.109654,W002,40.000736,-104.999393
2026-07-13 13:35:55.109654,W003,40.001047,-104.999057
2026-07-13 13:45:55.109654,W004,40.000862,-104.999479
2026-07-13 14:07:09.952526,W006,40.00038,-105.000287
2026-07-13 14:17:09.952526,W001,40.001417,-104.999737
2026-07-13 14:27:09.952526,W002,40.001191,-104.999293
2026-07-13 14:37:09.952526,W003,40.001265,-104.999233
2026-07-13 14:47:09.952526,W004,40.00033,-104.999436
2026-07-13 14:57:09.952526,W005,40.001397,-104.999473
2026-07-13 15:07:09.952526,W006,40.001569,-104.999532
2026-07-13 15:31:24.596889,W001,40.000945,-105.000342
2026-07-13 15:41:24.596889,W002,40.000553,-104.999458
2026-07-13 15:51:24.596889,W003,40.001963,-104.999568
2026-07-13 16:01:24.596889,W004,40.001481,-104.999433
2026-07-13 16:11:24.596889,W005,40.001527,-104.999315
2026-07-13 07:00:00.000000,W002,39.999707,-104.999014
2026-07-13 07:10:00.000000,W003,39.998792,-104.998521
2026-07-13 07:20:00.000000,W004,39.998959,-104.99846
2026-07-13 07:30:00.000000,W005,39.999252,-104.999378
2026-07-13 07:40:00.000000,W006,39.999418,-104.998572
2026-07-13 08:02:39.080718,W003,39.99861,-104.998859
2026-07-13 08:12:39.080718,W004,39.99952,-104.998489
2026-07-13 08:22:39.080718,W005,39.999463,-104.998571
2026-07-13 08:32:39.080718,W006,39.999807,-104.998932
2026-07-13 08:42:39.080718,W001,39.998888,-104.998507
2026-07-13 08:52:39.080718,W002,39.998676,-104.999192
2026-07-13 09:02:39.080718,W003,39.999256,-104.999217
2026-07-13 09:28:56.423808,W004,39.998692,-104.998857
2026-07-13 09:38:56.423808,W005,39.9998,-104.99893
2026-07-13 09:48:56.423808,W006,39.999192,-104.999052
2026-07-13 09:58:56.423808,W001,39.998607,-104.998949
2026-07-13 10:08:56.423808,W002,39.998977,-104.998728
2026-07-13 10:18:56.423808,W003,39.999141,-104.998577
2026-07-13 10:28:56.423808,W004,39.999044,-104.999214
2026-07-13 10:58:52.162269,W005,40.000037,-104.99886
2026-07-13 11:08:52.162269,W006,39.999172,-104.998774
2026-07-13 11:18:52.162269,W001,39.999055,-104.999025
2026-07-13 11:28:52.162269,W002,39.999252,-104.999126
2026-07-13 11:38:52.162269,W003,39.998266,-104.998953
2026-07-13 12:07:54.262413,W006,39.999183,-104.998769
2026-07-13 12:17:54.262413,W001,39.999263,-104.998841
2026-07-13 12:27:54.262413,W002,39.99933,-104.99798
2026-07-13 12:37:54.262413,W003,39.999561,-104.999177
2026-07-13 12:47:54.262413,W004,39.9996,-104.997896
2026-07-13 12:57:54.262413,W005,39.999855,-104.999391
2026-07-13 13:07:54.262413,W006,39.999137,-104.999894
2026-07-13 13:17:54.262413,W001,39.999078,-104.99916
2026-07-13 13:27:54.262413,W002,39.999646,-104.999203
2026-07-13 13:52:32.562272,W001,39.999033,-104.999036
2026-07-13 14:02:32.562272,W002,39.999115,-104.998251
2026-07-13 14:12:32.562272,W003,39.999347,-104.998498
2026-07-13 14:22:32.562272,W004,39.999,-104.997943
2026-07-13 14:32:32.562272,W005,39.998933,-104.998974
2026-07-13 14:42:32.562272,W006,39.999864,-104.998359
2026-07-13 14:52:32.562272,W001,39.999105,-104.998341
2026-07-13 07:00:00.000000,W002,40.000305,-105.001488
2026-07-13 07:10:00.000000,W003,40.000687,-105.001394
2026-07-13 07:44:19.320401,W003,40.000154,-105.000973
2026-07-13 07:54:19.320401,W004,40.000725,-105.000744
2026-07-13 08:04:19.320401,W005,40.000284,-105.000859
2026-07-13 08:14:19.320401,W006,40.000486,-105.000674
2026-07-13 08:38:46.418563,W004,40.001156,-105.000565
2026-07-13 08:48:46.418563,W005,40.000386,-105.001028
2026-07-13 08:58:46.418563,W006,40.00059,-105.000964
2026-07-13 09:08:46.418563,W001,40.000102,-105.00144
2026-07-13 09:18:46.418563,W002,40.000663,-105.000508
2026-07-13 09:28:46.418563,W003,40.000191,-105.000622
2026-07-13 09:58:42.154226,W005,40.000462,-105.000725
2026-07-13 10:08:42.154226,W006,40.000539,-105.000935
2026-07-13 10:18:42.154226,W001,40.000194,-105.00141
2026-07-13 10:28:42.154226,W002,40.000488,-105.001182
2026-07-13 10:38:42.154226,W003,40.000002,-105.00065
2026-07-13 10:48:42.154226,W004,40.000472,-105.001227
2026-07-14 07:00:00.000000,W006,39.999916,-105.0012
2026-07-14 07:10:00.000000,W001,40.000365,-105.000392
2026-07-14 07:20:00.000000,W002,39.999982,-105.00001
2026-07-14 07:30:00.000000,W003,40.000341,-104.999945
2026-07-14 07:56:05.945914,W001,39.999402,-104.999691
2026-07-14 08:06:05.945914,W002,39.999763,-104.999658
2026-07-14 08:16:05.945914,W003,39.999583,-105.000496
2026-07-14 08:26:05.945914,W004,39.999757,-104.999451
2026-07-14 08:36:05.945914,W005,40.000073,-104.99992
2026-07-14 08:46:05.945914,W006,40.00016,-105.000265
2026-07-14 09:05:29.450010,W002,40.000035,-104.999571
2026-07-14 09:15:29.450010,W003,39.999365,-104.999664
2026-07-14 09:25:29.450010,W004,39.999556,-104.999697
2026-07-14 09:35:29.450010,W005,40.000215,-105.000711
2026-07-14 10:03:59.026844,W003,39.999903,-104.999884
2026-07-14 10:13:59.026844,W004,39.999959,-104.999228
2026-07-14 10:23:59.026844,W005,40.000143,-105.000323
2026-07-14 10:33:59.026844,W006,40.00037,-105.000027
2026-07-14 10:43:59.026844,W001,39.999849,-105.000287
2026-07-14 10:53:59.026844,W002,39.999336,-105.000131
2026-07-14 11:03:59.026844,W003,40.000365,-104.999484
2026-07-14 07:00:00.000000,W004,40.00164,-105.000366
2026-07-14 07:10:00.000000,W005,40.001161,-104.999568
2026-07-14 07:20:00.000000,W006,40.00071,-104.999385
2026-07-14 07:30:00.000000,W001,40.001303,-105.000365
2026-07-14 07:57:03.404651,W005,40.001086,-104.999431
2026-07-14 08:07:03.404651,W006,40.000165,-104.999587
2026-07-14 08:17:03.404651,W001,40.000927,-104.998995
2026-07-14 08:27:03.404651,W002,40.001529,-104.999487
2026-07-14 08:37:03.404651,W003,40.000787,-104.999272
2026-07-14 08:47:03.404651,W004,40.001275,-104.999332
2026-07-14 08:57:03.404651,W005,40.000618,-104.999484
2026-07-14 09:07:03.404651,W006,40.001399,-104.999327
2026-07-14 09:17:03.404651,W001,40.001476,-105.000091
2026-07-14 09:27:03.404651,W002,40.001017,-104.999669
2026-07-14 09:42:42.921397,W006,40.001715,-104.999874
2026-07-14 09:52:42.921397,W001,40.000752,-104.999378
2026-07-14 10:02:42.921397,W002,40.000727,-104.999826
2026-07-14 10:12:42.921397,W003,40.001964,-104.999363
2026-07-14 10:22:42.921397,W004,40.001065,-104.999032
2026-07-14 10:32:42.921397,W005,40.000104,-104.999216
2026-07-14 10:42:42.921397,W006,40.001282,-104.999966
2026-07-14 10:52:42.921397,W001,40.000487,-104.999839
2026-07-14 11:02:42.921397,W002,40.001603,-104.998946
2026-07-14 11:27:14.509583,W001,40.000313,-104.99963
2026-07-14 11:37:14.509583,W002,40.001406,-104.999557
2026-07-14 11:47:14.509583,W003,40.000792,-104.999492
2026-07-14 11:57:14.509583,W004,40.000761,-104.999728
2026-07-14 12:07:14.509583,W005,40.001189,-104.999387
2026-07-14 12:17:14.509583,W006,40.000947,-104.999795
2026-07-14 12:27:14.509583,W001,40.001342,-104.999476
2026-07-14 12:37:14.509583,W002,40.000952,-104.99912
2026-07-14 12:47:14.509583,W003,40.000494,-104.999442
2026-07-14 12:57:14.509583,W004,40.001285,-104.999726
2026-07-14 13:07:14.509583,W005,40.001016,-104.999549
2026-07-14 07:00:00.000000,W002,39.999524,-104.998666
2026-07-14 07:10:00.000000,W003,39.998782,-104.998151
2026-07-14 07:20:00.000000,W004,39.9992,-104.99838
2026-07-14 07:30:00.000000,W005,39.998674,-104.998835
2026-07-14 07:47:51.528638,W003,39.999208,-104.998785
2026-07-14 07:57:51.528638,W004,39.999404,-104.998703
2026-07-14 08:07:51.528638,W005,39.999127,-104.999142
2026-07-14 08:17:51.528638,W006,39.999216,-104.998852
2026-07-14 08:27:51.528638,W001,39.998919,-104.998501
2026-07-14 08:37:51.528638,W002,39.998937,-104.998761
2026-07-14 08:47:51.528638,W003,40.000129,-104.998667
2026-07-14 09:11:58.817245,W004,39.998999,-104.998599
2026-07-14 09:21:58.817245,W005,39.998935,-104.998323
2026-07-14 09:31:58.817245,W006,39.998085,-104.998849
2026-07-14 09:41:58.817245,W001,39.998678,-104.999164
2026-07-14 09:51:58.817245,W002,39.999515,-104.998812
2026-07-14 10:14:34.589040,W005,39.998942,-104.998479
2026-07-14 10:24:34.589040,W006,39.998857,-104.998668
2026-07-14 10:34:34.589040,W001,39.999413,-104.999234
2026-07-14 10:44:34.589040,W002,39.998869,-104.999442
2026-07-14 10:54:34.589040,W003,39.999626,-104.998963
2026-07-14 11:04:34.589040,W004,39.999381,-104.998286
2026-07-14 11:14:34.589040,W005,39.998795,-104.998888
2026-07-14 11:24:34.589040,W006,39.998905,-104.998552
2026-07-14 11:49:39.237947,W006,39.998274,-104.998861
2026-07-14 11:59:39.237947,W001,39.999158,-104.998621
2026-07-14 12:09:39.237947,W002,39.999323,-104.998728
2026-07-14 07:00:00.000000,W001,39.99967,-105.001552
2026-07-14 07:10:00.000000,W002,40.001257,-105.0012
2026-07-14 07:20:00.000000,W003,40.00041,-105.001212
2026-07-14 07:30:00.000000,W004,40.000522,-105.000999
2026-07-14 07:40:00.000000,W005,39.99984,-105.001149
2026-07-14 08:06:53.784187,W002,39.999927,-105.000893
2026-07-14 08:16:53.784187,W003,40.000506,-105.001838
2026-07-14 08:26:53.784187,W004,39.999726,-105.000822
2026-07-14 08:36:53.784187,W005,40.000386,-105.00117
2026-07-14 08:46:53.784187,W006,40.000115,-105.000725
2026-07-14 09:10:02.260137,W003,40.000488,-105.000269
2026-07-14 09:20:02.260137,W004,39.999763,-105.001409
2026-07-14 09:30:02.260137,W005,40.000414,-105.000939
2026-07-14 09:40:02.260137,W006,39.999706,-105.000887
2026-07-14 09:50:02.260137,W001,40.000275,-105.000948
2026-07-14 10:00:02.260137,W002,40.000773,-105.001011
2026-07-14 10:30:40.152845,W004,40.000263,-105.001389
2026-07-14 10:40:40.152845,W005,40.000429,-105.000795
2026-07-14 10:50:40.152845,W006,40.000503,-105.000926
2026-07-14 11:00:40.152845,W001,40.000411,-105.000656
2026-07-14 11:10:40.152845,W002,40.000709,-105.000718
2026-07-14 11:20:40.152845,W003,40.000795,-105.000549
2026-07-14 11:51:19.747157,W005,40.000571,-105.001624
2026-07-14 12:01:19.747157,W006,39.999795,-105.001101
2026-07-14 12:11:19.747157,W001,39.999919,-105.000079
2026-07-14 12:21:19.747157,W002,40.001266,-105.001212
2026-07-14 12:31:19.747157,W003,40.000513,-105.001017
2026-07-14 12:41:19.747157,W004,40.000502,-105.001138
2026-07-14 13:10:02.382274,W006,40.000849,-105.000431
2026-07-14 13:20:02.382274,W001,40.001023,-105.001855
2026-07-14 13:30:02.382274,W002,39.999989,-105.001189
2026-07-14 13:40:02.382274,W003,40.001058,-105.001567
2026-07-14 13:50:02.382274,W004,40.000231,-105.001045
2026-07-14 14:00:02.382274,W005,40.000375,-105.000939
2026-07-14 14:10:02.382274,W006,40.000337,-105.001317
2026-07-14 07:00:00.000000,W001,40.001031,-105.000509
2026-07-14 07:10:00.000000,W002,39.999423,-104.999678
2026-07-14 07:20:00.000000,W003,40.000422,-105.000667
2026-07-14 07:30:00.000000,W004,39.99969,-105.000052
2026-07-14 07:40:00.000000,W005,39.999697,-104.99979
2026-07-14 07:50:00.000000,W006,40.000141,-105.000398
2026-07-14 08:00:00.000000,W001,39.999993,-105.000267
2026-07-14 08:28:18.833694,W002,39.999839,-105.00001
2026-07-14 08:38:18.833694,W003,40.000197,-105.00025
2026-07-14 08:48:18.833694,W004,40.000538,-105.000314
2026-07-14 08:58:18.833694,W005,39.999607,-104.999937
2026-07-14 09:08:18.833694,W006,39.999513,-105.000099
2026-07-14 09:18:18.833694,W001,39.999737,-104.999368
2026-07-14 09:28:18.833694,W002,39.999487,-105.000081
2026-07-14 09:54:33.486317,W003,39.999912,-104.999578
2026-07-14 10:04:33.486317,W004,39.999978,-105.000056
2026-07-14 10:14:33.486317,W005,39.999551,-104.999686
2026-07-14 10:24:33.486317,W006,39.999941,-105.000459
2026-07-14 10:34:33.486317,W001,40.000458,-104.999044
2026-07-14 10:44:33.486317,W002,40.000211,-105.000377
2026-07-14 10:54:33.486317,W003,40.000292,-105.000355
2026-07-14 11:19:10.888006,W004,40.00047,-105.00052
2026-07-14 11:29:10.888006,W005,40.000284,-104.999844
2026-07-14 11:39:10.888006,W006,39.999823,-105.00012
2026-07-14 11:49:10.888006,W001,39.999853,-104.999758
2026-07-14 11:59:10.888006,W002,40.00049,-105.000274
2026-07-14 12:09:10.888006,W003,39.999959,-105.0001
2026-07-14 12:19:10.888006,W004,39.999982,-105.00021
2026-07-14 12:29:10.888006,W005,40.000543,-105.00084
2026-07-14 12:39:10.888006,W006,39.999438,-104.999203
2026-07-14 12:49:10.888006,W001,40.000423,-105.000564
2026-07-14 07:00:00.000000,W005,40.001048,-104.999301
2026-07-14 07:10:00.000000,W006,40.000656,-104.999688
2026-07-14 07:20:00.000000,W001,40.001467,-104.999343
2026-07-14 07:30:00.000000,W002,40.001307,-104.99917
2026-07-14 07:52:43.565442,W006,40.000478,-104.999655
2026-07-14 08:02:43.565442,W001,40.000855,-104.998909
2026-07-14 08:12:43.565442,W002,40.001203,-104.999124
2026-07-14 08:22:43.565442,W003,40.001047,-104.999732
2026-07-14 08:32:43.565442,W004,40.001762,-104.997962
2026-07-14 08:58:28.235498,W001,40.000562,-104.999429
2026-07-14 09:08:28.235498,W002,40.001031,-104.998795
2026-07-14 09:18:28.235498,W003,40.00048,-104.999626
2026-07-14 09:28:28.235498,W004,40.001207,-104.999868
2026-07-14 09:38:28.235498,W005,40.001039,-104.998016
2026-07-14 09:48:28.235498,W006,40.001386,-104.999775
2026-07-14 10:14:51.090209,W002,40.001013,-104.999029
2026-07-14 10:24:51.090209,W003,40.001407,-104.999927
2026-07-14 10:34:51.090209,W004,40.001227,-104.999395
2026-07-14 10:44:51.090209,W005,40.00069,-104.99933
2026-07-14 10:54:51.090209,W006,40.001242,-104.99892
2026-07-14 11:04:51.090209,W001,40.00067,-105.000266
2026-07-14 11:25:36.913068,W003,40.001232,-104.999305
2026-07-14 11:35:36.913068,W004,40.001243,-104.999682
2026-07-14 11:45:36.913068,W005,40.000655,-104.998796
2026-07-14 11:55:36.913068,W006,40.001577,-104.999931
2026-07-14 12:05:36.913068,W001,40.000977,-104.999902
2026-07-14 12:15:36.913068,W002,40.000878,-104.998842
2026-07-14 12:25:36.913068,W003,40.000449,-104.999133
2026-07-14 12:35:36.913068,W004,40.001118,-104.999592
2026-07-14 12:45:36.913068,W005,40.001477,-104.998999
2026-07-14 07:00:00.000000,W004,39.998893,-104.999396
2026-07-14 07:10:00.000000,W005,39.99899,-104.999204
2026-07-14 07:20:00.000000,W006,39.998892,-104.998418
2026-07-14 07:30:00.000000,W001,39.999291,-104.998813
2026-07-14 07:40:00.000000,W002,39.999204,-104.998783
2026-07-14 07:50:00.000000,W003,39.998573,-104.998565
2026-07-14 08:00:00.000000,W004,39.999606,-104.998945
2026-07-14 08:10:00.000000,W005,39.999297,-104.999082
2026-07-14 08:20:00.000000,W006,39.998756,-104.998334
2026-07-14 08:30:00.000000,W001,39.999435,-104.998018
2026-07-14 08:56:29.075017,W005,39.999292,-104.998909
2026-07-14 09:06:29.075017,W006,39.999199,-104.998937
2026-07-14 09:16:29.075017,W001,39.99825,-104.999335
2026-07-14 09:26:29.075017,W002,39.999098,-104.998854
2026-07-14 09:36:29.075017,W003,39.999536,-104.998443
2026-07-14 09:46:29.075017,W004,39.99872,-104.99849
2026-07-14 09:56:29.075017,W005,39.999056,-104.999331
2026-07-14 10:06:29.075017,W006,39.999632,-104.998631
2026-07-14 10:34:03.261018,W006,39.999347,-104.998131
2026-07-14 10:44:03.261018,W001,39.999084,-104.99948
2026-07-14 10:54:03.261018,W002,39.999743,-104.998916
2026-07-14 11:04:03.261018,W003,39.99866,-104.999266
2026-07-14 11:14:03.261018,W004,39.999641,-104.998921
2026-07-14 11:37:25.531578,W001,39.999201,-104.998935
2026-07-14 11:47:25.531578,W002,39.999485,-104.998754
2026-07-14 11:57:25.531578,W003,39.999755,-104.998387
2026-07-14 12:07:25.531578,W004,39.999274,-104.999442
2026-07-14 12:17:25.531578,W005,39.999337,-104.998309
2026-07-14 12:27:25.531578,W006,39.999371,-104.998336
2026-07-14 12:37:25.531578,W001,39.998808,-104.998158
2026-07-14 12:47:25.531578,W002,39.999801,-104.999499
2026-07-14 13:12:54.240427,W002,39.998607,-104.998883
2026-07-14 13:22:54.240427,W003,39.999859,-104.99824
2026-07-14 13:32:54.240427,W004,39.999431,-104.999524
2026-07-14 13:42:54.240427,W005,39.999567,-104.998762
2026-07-14 13:52:54.240427,W006,39.999299,-104.999092
2026-07-14 14:02:54.240427,W001,39.999038,-104.998133
2026-07-14 07:00:00.000000,W003,40.001079,-105.000696
2026-07-14 07:10:00.000000,W004,40.001145,-105.000612
2026-07-14 07:20:00.000000,W005,40.000836,-105.000829
2026-07-14 07:30:00.000000,W006,40.000919,-105.00079
2026-07-14 07:40:00.000000,W001,40.000975,-105.001348
2026-07-14 08:05:48.980123,W004,40.000517,-105.001011
2026-07-14 08:15:48.980123,W005,39.99982,-105.000667
2026-07-14 08:25:48.980123,W006,40.001099,-105.001117
2026-07-14 08:35:48.980123,W001,40.000296,-105.001327
2026-07-14 08:45:48.980123,W002,40.000554,-105.000916
2026-07-14 08:55:48.980123,W003,40.000317,-105.001137
2026-07-14 09:19:27.183833,W005,40.00083,-105.001185
2026-07-14 09:29:27.183833,W006,40.000385,-105.000373
2026-07-14 09:39:27.183833,W001,39.999964,-105.001532
2026-07-14 09:49:27.183833,W002,40.000585,-105.000837
2026-07-14 09:59:27.183833,W003,40.000261,-105.000546
2026-07-14 10:09:27.183833,W004,39.999835,-105.000194
2026-07-14 10:19:27.183833,W005,40.00067,-105.001461
2026-07-14 10:29:27.183833,W006,40.000281,-105.001307
2026-07-14 10:39:27.183833,W001,39.999778,-105.00119
2026-07-14 11:03:39.430898,W006,39.999672,-105.000634
2026-07-14 11:13:39.430898,W001,40.000473,-105.000384
2026-07-14 11:23:39.430898,W002,40.000564,-105.001227
2026-07-14 11:33:39.430898,W003,39.999989,-105.001065
2026-07-14 11:43:39.430898,W004,40.000564,-105.000685
2026-07-14 11:53:39.430898,W005,40.00014,-105.000283
2026-07-14 12:03:39.430898,W006,40.000973,-105.000945
2026-07-14 12:13:39.430898,W001,40.001143,-105.001555
2026-07-14 12:23:39.430898,W002,40.000218,-105.001383
2026-07-14 12:33:39.430898,W003,40.000397,-105.000972
2026-07-14 12:57:30.981885,W001,40.000795,-105.000788
2026-07-14 13:07:30.981885,W002,40.000367,-105.001087
2026-07-14 13:17:30.981885,W003,40.000422,-105.000387
2026-07-14 13:27:30.981885,W004,40.001014,-105.001529
2026-07-14 13:37:30.981885,W005,40.000342,-105.000952
2026-07-14 13:47:30.981885,W006,40.000571,-105.001
2026-07-14 13:57:30.981885,W001,40.000503,-105.001074
2026-07-14 14:17:22.139122,W002,40.000649,-105.001429
2026-07-14 14:27:22.139122,W003,39.999865,-105.001463
2026-07-14 14:37:22.139122,W004,40.000349,-105.00096
2026-07-14 14:47:22.139122,W005,40.0014,-105.000553
2026-07-14 14:57:22.139122,W006,40.000524,-105.001021
2026-07-14 15:07:22.139122,W001,40.000367,-105.000468
2026-07-14 15:17:22.139122,W002,40.000728,-105.001022
2026-07-14 15:27:22.139122,W003,40.00085,-105.000906
2026-07-14 15:37:22.139122,W004,40.001213,-105.001506
2026-07-14 16:07:26.484000,W003,40.000644,-105.000988
2026-07-14 16:17:26.484000,W004,40.00028,-105.001056
2026-07-14 16:27:26.484000,W005,40.000995,-105.000699
2026-07-14 16:37:26.484000,W006,40.00073,-105.000907
2026-07-14 16:47:26.484000,W001,40.001117,-105.00145
2026-07-15 07:00:00.000000,W004,39.999654,-105.000166
2026-07-15 07:10:00.000000,W005,39.999946,-105.000428
2026-07-15 07:20:00.000000,W006,40.000223,-105.000284
2026-07-15 07:30:00.000000,W001,40.000382,-104.999444
2026-07-15 07:40:00.000000,W002,40.000017,-104.999995
2026-07-15 07:50:00.000000,W003,40.001273,-105.0002
2026-07-15 08:06:18.116580,W005,40.000092,-104.999673
2026-07-15 08:16:18.116580,W006,40.000271,-104.999627
2026-07-15 08:26:18.116580,W001,39.999809,-104.999518
2026-07-15 08:36:18.116580,W002,40.000527,-105.000222
2026-07-15 08:46:18.116580,W003,39.999916,-104.999928
2026-07-15 08:56:18.116580,W004,39.999876,-105.00037
2026-07-15 09:06:18.116580,W005,39.999849,-104.999665
2026-07-15 09:16:18.116580,W006,40.000426,-105.000001
2026-07-15 09:26:18.116580,W001,40.000613,-105.000303
2026-07-15 09:45:53.868726,W006,40.000404,-105.000493
2026-07-15 09:55:53.868726,W001,40.000504,-105.000744
2026-07-15 10:05:53.868726,W002,40.000424,-105.000332
2026-07-15 10:15:53.868726,W003,39.999841,-105.000764
2026-07-15 10:25:53.868726,W004,40.00068,-104.999973
2026-07-15 10:52:32.293142,W001,40.000026,-104.999362
2026-07-15 11:02:32.293142,W002,40.000018,-104.999687
2026-07-15 11:12:32.293142,W003,40.000261,-105.00007
2026-07-15 11:22:32.293142,W004,39.999914,-104.99964
2026-07-15 11:47:02.311581,W002,40.000509,-104.999655
2026-07-15 11:57:02.311581,W003,40.000327,-105.000213
2026-07-15 12:07:02.311581,W004,40.000158,-105.000404
2026-07-15 12:17:02.311581,W005,39.999606,-105.000223
2026-07-15 12:27:02.311581,W006,39.999276,-104.999709
2026-07-15 12:37:02.311581,W001,40.000096,-104.999664
2026-07-15 12:47:02.311581,W002,40.000634,-104.999751
2026-07-15 13:09:50.922844,W003,39.999938,-104.999835
2026-07-15 13:19:50.922844,W004,40.000061,-105.000393
2026-07-15 13:29:50.922844,W005,39.99996,-105.000109
2026-07-15 13:39:50.922844,W006,39.999959,-104.999619
2026-07-15 14:01:16.286576,W004,39.999327,-105.000447
2026-07-15 14:11:16.286576,W005,39.999809,-104.999815
2026-07-15 14:21:16.286576,W006,39.999383,-105.000537
2026-07-15 14:31:16.286576,W001,40.000076,-104.999688
2026-07-15 14:41:16.286576,W002,39.999948,-105.000827
2026-07-15 14:51:16.286576,W003,40.000196,-104.999786
2026-07-15 15:01:16.286576,W004,39.999801,-105.000426
2026-07-15 15:11:16.286576,W005,39.999767,-105.000394
2026-07-15 15:21:16.286576,W006,39.999726,-105.000507
2026-07-15 07:00:00.000000,W005,40.000981,-104.998911
2026-07-15 07:10:00.000000,W006,40.001783,-104.999966
2026-07-15 07:20:00.000000,W001,40.000805,-104.999447
2026-07-15 07:30:00.000000,W002,40.000982,-105.000087
2026-07-15 07:40:00.000000,W003,40.00017,-104.999631
2026-07-15 07:50:00.000000,W004,40.001131,-104.999144
2026-07-15 08:00:00.000000,W005,40.001738,-105.000222
2026-07-15 08:10:00.000000,W006,40.000804,-104.999648
2026-07-15 08:20:00.000000,W001,40.001041,-104.999467
2026-07-15 08:30:00.000000,W002,40.000698,-104.999671
2026-07-15 08:40:00.000000,W003,40.001494,-105.000012
2026-07-15 08:50:00.000000,W004,40.000577,-104.999679
2026-07-15 09:00:00.000000,W005,40.001615,-104.999039
2026-07-15 09:10:00.000000,W006,40.000719,-104.999561
2026-07-15 09:20:00.000000,W001,40.001752,-104.999142
2026-07-15 09:30:00.000000,W002,40.000753,-104.999644
2026-07-15 09:40:00.000000,W003,40.001258,-104.999311
2026-07-15 09:50:00.000000,W004,40.000966,-104.998975
2026-07-15 10:00:00.000000,W005,40.001,-104.999469
2026-07-15 10:25:37.512283,W006,40.001471,-104.999895
2026-07-15 10:35:37.512283,W001,40.001501,-104.999141
2026-07-15 10:45:37.512283,W002,40.001047,-104.999759
2026-07-15 10:55:37.512283,W003,40.000592,-104.999061
2026-07-15 11:05:37.512283,W004,40.001257,-104.999755
2026-07-15 11:15:37.512283,W005,40.000423,-104.999932
2026-07-15 11:25:37.512283,W006,40.001556,-105.000553
2026-07-15 11:49:48.426320,W001,40.00089,-104.99893
2026-07-15 11:59:48.426320,W002,40.000978,-104.999518
2026-07-15 12:09:48.426320,W003,40.001177,-104.999788
2026-07-15 12:19:48.426320,W004,40.001579,-104.999489
2026-07-15 12:29:48.426320,W005,40.001157,-104.998953
2026-07-15 12:39:48.426320,W006,40.001116,-104.999356
2026-07-15 12:49:48.426320,W001,40.001269,-104.999217
2026-07-15 12:59:48.426320,W002,40.001719,-104.999447
2026-07-15 13:09:48.426320,W003,40.00126,-104.999469
2026-07-15 13:19:48.426320,W004,40.001013,-104.999155
2026-07-15 13:29:48.426320,W005,40.001142,-104.999102
2026-07-15 13:39:48.426320,W006,40.001222,-104.998804
2026-07-15 13:49:48.426320,W001,40.001225,-104.999088
2026-07-15 13:59:48.426320,W002,40.000924,-104.999346
2026-07-15 14:09:48.426320,W003,40.000093,-104.999759
2026-07-15 14:19:48.426320,W004,40.001674,-104.999729
2026-07-15 14:29:48.426320,W005,40.001744,-104.999609
2026-07-15 14:54:01.545124,W002,40.001251,-105.000037
2026-07-15 15:04:01.545124,W003,40.00074,-104.998656
2026-07-15 15:14:01.545124,W004,40.001225,-104.999814
2026-07-15 15:24:01.545124,W005,40.000677,-104.999499
2026-07-15 15:34:01.545124,W006,40.001438,-104.999693
2026-07-15 15:44:01.545124,W001,40.001227,-104.999335
2026-07-15 15:54:01.545124,W002,40.001557,-104.999377
2026-07-15 07:00:00.000000,W003,39.999357,-104.998378
2026-07-15 07:10:00.000000,W004,39.999597,-104.999264
2026-07-15 07:20:00.000000,W005,39.999754,-104.999067
2026-07-15 07:30:00.000000,W006,39.999783,-104.998306
2026-07-15 07:40:00.000000,W001,39.999265,-104.998976
2026-07-15 07:50:00.000000,W002,39.99935,-104.99891
2026-07-15 08:00:00.000000,W003,39.999568,-104.998583
2026-07-15 08:30:00.293248,W004,39.999351,-104.998847
2026-07-15 08:40:00.293248,W005,39.999342,-104.999091
2026-07-15 08:50:00.293248,W006,39.998142,-104.998658
2026-07-15 09:00:00.293248,W001,39.998904,-104.998439
2026-07-15 09:10:00.293248,W002,40.000037,-104.998805
2026-07-15 09:32:27.159837,W005,39.999458,-104.998853
2026-07-15 09:42:27.159837,W006,39.999025,-104.999347
2026-07-15 09:52:27.159837,W001,39.999558,-104.998537
2026-07-15 10:02:27.159837,W002,39.998893,-104.998848
2026-07-15 10:12:27.159837,W003,39.999335,-104.999139
2026-07-15 10:33:11.335908,W006,39.99953,-104.998754
2026-07-15 10:43:11.335908,W001,39.999552,-104.998669
2026-07-15 10:53:11.335908,W002,39.999237,-104.998854
2026-07-15 11:03:11.335908,W003,39.999257,-104.999098
2026-07-15 11:24:38.074791,W001,39.998849,-104.998621
2026-07-15 11:34:38.074791,W002,39.998972,-104.999086
2026-07-15 11:44:38.074791,W003,39.999356,-104.998895
2026-07-15 11:54:38.074791,W004,39.999152,-104.997983
2026-07-15 12:04:38.074791,W005,39.999397,-104.999086
2026-07-15 12:14:38.074791,W006,39.999618,-104.998303
2026-07-15 12:42:05.184914,W002,39.9996,-104.998681
2026-07-15 12:52:05.184914,W003,39.99923,-104.99962
2026-07-15 13:02:05.184914,W004,39.999887,-104.998182
2026-07-15 13:12:05.184914,W005,39.999356,-104.999138
2026-07-15 13:35:22.845896,W003,39.998714,-104.99864
2026-07-15 13:45:22.845896,W004,39.999618,-104.998827
2026-07-15 13:55:22.845896,W005,39.999228,-104.998666
2026-07-15 14:05:22.845896,W006,39.999094,-104.999135
2026-07-15 14:15:22.845896,W001,39.999476,-104.998816
2026-07-15 07:00:00.000000,W004,40.000615,-105.000083
2026-07-15 07:10:00.000000,W005,39.99999,-105.000436
2026-07-15 07:20:00.000000,W006,40.000467,-105.000887
2026-07-15 07:30:00.000000,W001,40.000522,-105.000993
2026-07-15 07:40:00.000000,W002,40.000415,-105.000468
2026-07-15 07:50:00.000000,W003,40.000104,-105.00184
2026-07-15 08:23:31.029018,W005,40.000518,-105.001105
2026-07-15 08:33:31.029018,W006,40.000708,-105.00104
2026-07-15 08:43:31.029018,W001,40.001004,-105.00061
2026-07-15 08:53:31.029018,W002,40.000495,-105.001018
2026-07-15 09:03:31.029018,W003,40.000771,-105.00067
2026-07-15 09:13:31.029018,W004,40.000543,-105.001072
2026-07-15 09:36:01.870825,W006,39.999712,-105.000949
2026-07-15 09:46:01.870825,W001,40.000798,-105.000897
2026-07-15 09:56:01.870825,W002,40.000937,-105.000148
2026-07-15 10:06:01.870825,W003,40.000117,-105.00103
2026-07-15 10:16:01.870825,W004,40.000169,-105.000825
2026-07-15 10:44:55.766897,W001,39.999671,-105.0012
2026-07-15 10:54:55.766897,W002,40.00045,-105.000761
2026-07-15 11:04:55.766897,W003,40.000264,-105.001145
2026-07-15 11:14:55.766897,W004,40.001522,-105.000809
2026-07-15 11:24:55.766897,W005,40.000574,-105.000929
2026-07-15 11:34:55.766897,W006,40.000335,-105.000968
2026-07-15 11:44:55.766897,W001,40.000331,-105.000873
2026-07-15 12:07:12.499784,W002,40.00051,-105.001186
2026-07-15 12:17:12.499784,W003,40.000295,-104.999974
2026-07-15 12:27:12.499784,W004,40.000348,-105.000626
2026-07-15 12:37:12.499784,W005,40.00123,-105.00092
2026-07-15 13:05:25.721461,W003,40.000273,-105.000837
2026-07-15 13:15:25.721461,W004,40.000498,-105.001002
2026-07-15 13:25:25.721461,W005,40.000718,-105.000875
2026-07-15 13:35:25.721461,W006,40.000387,-105.000715
2026-07-15 13:45:25.721461,W001,40.000111,-105.001032
2026-07-15 13:55:25.721461,W002,40.000457,-105.001672
2026-07-15 14:05:25.721461,W003,40.000768,-105.001365
2026-07-15 07:00:00.000000,W004,40.000537,-105.000312
2026-07-15 07:10:00.000000,W005,39.999664,-104.999798
2026-07-15 07:20:00.000000,W006,39.999898,-105.000866
2026-07-15 07:30:00.000000,W001,40.00001,-104.999792
2026-07-15 08:01:46.012154,W005,40.0006,-105.000269
2026-07-15 08:11:46.012154,W006,40.000131,-105.000356
2026-07-15 08:21:46.012154,W001,39.999538,-104.999903
2026-07-15 08:31:46.012154,W002,39.999944,-104.999957
2026-07-15 08:56:48.171259,W006,40.000077,-104.99999
2026-07-15 09:06:48.171259,W001,40.00025,-105.000463
2026-07-15 09:16:48.171259,W002,40.00009,-105.000015
2026-07-15 09:26:48.171259,W003,40.000234,-104.999972
2026-07-15 09:36:48.171259,W004,39.999965,-105.000018
2026-07-15 09:46:48.171259,W005,40.000214,-104.999209
2026-07-15 09:56:48.171259,W006,39.99997,-105.000223
2026-07-15 10:06:48.171259,W001,40.000081,-104.99957
2026-07-15 10:16:48.171259,W002,39.999891,-105.000289
2026-07-15 10:43:14.445442,W001,39.999178,-104.999681
2026-07-15 10:53:14.445442,W002,39.999374,-105.000592
2026-07-15 11:03:14.445442,W003,40.00027,-105.000021
2026-07-15 11:23:43.008907,W002,39.999525,-104.999792
2026-07-15 11:33:43.008907,W003,39.999661,-104.999595
2026-07-15 11:43:43.008907,W004,40.00013,-105.000035
2026-07-15 07:00:00.000000,W003,40.000841,-104.999753
2026-07-15 07:10:00.000000,W004,40.000571,-104.999318
2026-07-15 07:20:00.000000,W005,40.001048,-104.99979
2026-07-15 07:30:00.000000,W006,40.000703,-104.999947
2026-07-15 07:40:00.000000,W001,40.001037,-104.999874
2026-07-15 07:50:00.000000,W002,40.000659,-104.999237
2026-07-15 08:17:06.410693,W004,40.001208,-104.999371
2026-07-15 08:27:06.410693,W005,40.001442,-104.99951
2026-07-15 08:37:06.410693,W006,40.000467,-104.999558
2026-07-15 08:47:06.410693,W001,40.000751,-104.999592
2026-07-15 08:57:06.410693,W002,40.00142,-104.999342
2026-07-15 09:07:06.410693,W003,40.00038,-104.999602
2026-07-15 09:34:38.957396,W005,40.000505,-104.999271
2026-07-15 09:44:38.957396,W006,40.001347,-104.999622
2026-07-15 09:54:38.957396,W001,40.000744,-104.999302
2026-07-15 10:04:38.957396,W002,40.001145,-104.998832
2026-07-15 10:14:38.957396,W003,40.000639,-104.999112
2026-07-15 10:24:38.957396,W004,40.001071,-104.999491
2026-07-15 10:34:38.957396,W005,40.001401,-104.999713
2026-07-15 10:44:38.957396,W006,40.000503,-104.999223
2026-07-15 10:54:38.957396,W001,40.00142,-104.999563
2026-07-15 11:25:14.092632,W006,40.001426,-104.999184
2026-07-15 11:35:14.092632,W001,40.001035,-104.998842
2026-07-15 11:45:14.092632,W002,40.000771,-104.999746
2026-07-15 11:55:14.092632,W003,40.000565,-104.999457
2026-07-15 12:05:14.092632,W004,40.001225,-104.99949
2026-07-15 12:15:14.092632,W005,40.000877,-104.999705
2026-07-15 12:25:14.092632,W006,40.001125,-104.999303
2026-07-15 12:35:14.092632,W001,40.00039,-104.999382
2026-07-15 12:45:14.092632,W002,40.001159,-104.998643
2026-07-15 07:00:00.000000,W001,39.999224,-104.999617
2026-07-15 07:10:00.000000,W002,40.000333,-104.999117
2026-07-15 07:20:00.000000,W003,39.998573,-104.999507
2026-07-15 07:30:00.000000,W004,39.999187,-104.997777
2026-07-15 07:40:00.000000,W005,39.998671,-104.99906
2026-07-15 07:50:00.000000,W006,39.999492,-104.998492
2026-07-15 08:00:00.000000,W001,39.99877,-104.998878
2026-07-15 08:22:27.826037,W002,39.999179,-104.998904
2026-07-15 08:32:27.826037,W003,40.000173,-104.999086
2026-07-15 08:42:27.826037,W004,39.999375,-104.999704
2026-07-15 08:52:27.826037,W005,39.998186,-104.999179
2026-07-15 09:13:23.570158,W003,39.999093,-104.99889
2026-07-15 09:23:23.570158,W004,39.999206,-104.999245
2026-07-15 09:33:23.570158,W005,39.999077,-104.999324
2026-07-15 09:43:23.570158,W006,39.999366,-104.99936
2026-07-15 09:53:23.570158,W001,39.998533,-104.999355
2026-07-15 10:03:23.570158,W002,39.999503,-104.999268
2026-07-15 10:29:56.947976,W004,40.000095,-104.99823
2026-07-15 10:39:56.947976,W005,39.999658,-104.998645
2026-07-15 10:49:56.947976,W006,39.999152,-104.998756
2026-07-15 10:59:56.947976,W001,39.999328,-104.998924
2026-07-15 11:09:56.947976,W002,39.999089,-104.998856
2026-07-15 11:19:56.947976,W003,39.998223,-104.9989
2026-07-15 11:29:56.947976,W004,39.999494,-104.999248
2026-07-15 07:00:00.000000,W005,40.000558,-105.001224
2026-07-15 07:10:00.000000,W006,40.000233,-105.001295
2026-07-15 07:20:00.000000,W001,40.000539,-105.00034
2026-07-15 07:49:29.244553,W006,40.000482,-105.000909
2026-07-15 07:59:29.244553,W001,40.000946,-105.001127
2026-07-15 08:09:29.244553,W002,39.999832,-105.001586
2026-07-15 08:40:26.776776,W001,40.001051,-105.000408
2026-07-15 08:50:26.776776,W002,39.999759,-105.001381
2026-07-15 09:00:26.776776,W003,40.000453,-105.001039
2026-07-15 09:10:26.776776,W004,39.999911,-105.001439
2026-07-15 09:20:26.776776,W005,40.000356,-105.000428
2026-07-15 09:30:26.776776,W006,40.00064,-105.00017
2026-07-15 09:40:26.776776,W001,40.001011,-105.000929
2026-07-15 09:50:26.776776,W002,40.000064,-105.000639
2026-07-15 10:14:21.571763,W002,40.000762,-105.00084
2026-07-15 10:24:21.571763,W003,40.000482,-105.001243
2026-07-15 10:34:21.571763,W004,40.000203,-105.000602
2026-07-15 10:44:21.571763,W005,40.000396,-105.001088
2026-07-15 10:54:21.571763,W006,40.001211,-105.001399
2026-07-15 11:04:21.571763,W001,40.000142,-105.001091
2026-07-15 11:31:15.598649,W003,39.999999,-105.001451
2026-07-15 11:41:15.598649,W004,40.000409,-105.000154
2026-07-15 11:51:15.598649,W005,40.000569,-105.001774
2026-07-15 12:14:24.678402,W004,40.00059,-105.000462
2026-07-15 12:24:24.678402,W005,40.000579,-105.001088
2026-07-15 12:34:24.678402,W006,40.000783,-105.000689
2026-07-15 12:44:24.678402,W001,40.000755,-105.001354
2026-07-15 12:54:24.678402,W002,40.000426,-105.001307
2026-07-15 13:04:24.678402,W003,40.000505,-105.000787
2026-07-15 13:14:24.678402,W004,40.000523,-105.000996
2026-07-15 13:24:24.678402,W005,40.000621,-105.000982
2026-07-15 13:34:24.678402,W006,40.001193,-105.001065
2026-07-15 13:44:24.678402,W001,39.999867,-105.000991
2026-07-15 13:54:24.678402,W002,40.000695,-105.000227
2026-07-16 07:00:00.000000,W005,40.000178,-105.000047
2026-07-16 07:10:00.000000,W006,39.99982,-105.000206
2026-07-16 07:20:00.000000,W001,39.999942,-105.000545
2026-07-16 07:30:00.000000,W002,40.000428,-104.999809
2026-07-16 07:40:00.000000,W003,40.000395,-104.999776
2026-07-16 07:50:00.000000,W004,39.999878,-104.999787
2026-07-16 08:18:56.311245,W006,39.999835,-104.999368
2026-07-16 08:28:56.311245,W001,39.999626,-104.99941
2026-07-16 08:38:56.311245,W002,40.000691,-105.000422
2026-07-16 08:48:56.311245,W003,40.000085,-105.000091
2026-07-16 09:17:40.039807,W001,39.999815,-104.999694
2026-07-16 09:27:40.039807,W002,39.999941,-104.999677
2026-07-16 09:37:40.039807,W003,39.999612,-105.000007
2026-07-16 09:47:40.039807,W004,40.000415,-105.000247
2026-07-16 09:57:40.039807,W005,40.000115,-105.000478
2026-07-16 10:07:40.039807,W006,39.999488,-104.999478
2026-07-16 10:17:40.039807,W001,40.00011,-104.99915
2026-07-16 10:27:40.039807,W002,40.000104,-105.000138
2026-07-16 10:57:10.171153,W002,40.000631,-105.00034
2026-07-16 11:07:10.171153,W003,39.999977,-105.000307
2026-07-16 11:17:10.171153,W004,40.000618,-105.00023
2026-07-16 11:27:10.171153,W005,40.000015,-104.999996
2026-07-16 11:37:10.171153,W006,39.999964,-104.999974
2026-07-16 11:58:57.728177,W003,39.999756,-105.000001
2026-07-16 12:08:57.728177,W004,39.999921,-104.999447
2026-07-16 12:18:57.728177,W005,39.999569,-105.000292
2026-07-16 12:28:57.728177,W006,39.999962,-104.999487
2026-07-16 12:38:57.728177,W001,39.999693,-105.000143
2026-07-16 12:48:57.728177,W002,40.000044,-104.999877
2026-07-16 13:14:29.731165,W004,39.999707,-105.000235
2026-07-16 13:24:29.731165,W005,40.000296,-105.000294
2026-07-16 13:34:29.731165,W006,40.000062,-104.999523
2026-07-16 13:44:29.731165,W001,39.999804,-105.000313
2026-07-16 07:00:00.000000,W005,40.00048,-104.999568
2026-07-16 07:10:00.000000,W006,40.000752,-104.999208
2026-07-16 07:20:00.000000,W001,40.001272,-104.998958
2026-07-16 07:30:00.000000,W002,40.001509,-104.999188
2026-07-16 07:40:00.000000,W003,40.000553,-104.999228
2026-07-16 07:50:00.000000,W004,40.001811,-104.9996
2026-07-16 08:00:00.000000,W005,40.000877,-104.999224
2026-07-16 08:10:00.000000,W006,40.000666,-104.999651
2026-07-16 08:20:00.000000,W001,40.000739,-104.999254
2026-07-16 08:30:00.000000,W002,40.000232,-104.999637
2026-07-16 08:40:00.000000,W003,40.000372,-104.999309
2026-07-16 08:50:00.000000,W004,40.000659,-105.000124
2026-07-16 09:00:00.000000,W005,40.001147,-105.000169
2026-07-16 09:21:20.254107,W006,40.001393,-104.998883
2026-07-16 09:31:20.254107,W001,40.000896,-104.999409
2026-07-16 09:41:20.254107,W002,40.000118,-104.999657
2026-07-16 09:51:20.254107,W003,40.000243,-104.999155
2026-07-16 10:01:20.254107,W004,40.001352,-104.999382
2026-07-16 10:11:20.254107,W005,40.000115,-104.999232
2026-07-16 10:21:20.254107,W006,40.000987,-104.99888
2026-07-16 10:31:20.254107,W001,40.0009,-104.999733
2026-07-16 10:41:20.254107,W002,40.000929,-104.998824
2026-07-16 10:51:20.254107,W003,40.00037,-104.999012
2026-07-16 11:11:00.276277,W001,40.000513,-105.000123
2026-07-16 11:21:00.276277,W002,40.001832,-104.999647
2026-07-16 11:31:00.276277,W003,40.001284,-104.999462
2026-07-16 11:41:00.276277,W004,40.000966,-104.999995
2026-07-16 11:51:00.276277,W005,40.000881,-104.999989
2026-07-16 12:01:00.276277,W006,40.000991,-104.999197
2026-07-16 12:11:00.276277,W001,40.001113,-104.999311
2026-07-16 12:21:00.276277,W002,40.000891,-104.999834
2026-07-16 12:31:00.276277,W003,40.001016,-104.999403
2026-07-16 12:41:00.276277,W004,40.000609,-104.998854
2026-07-16 12:51:00.276277,W005,40.000715,-104.998923
2026-07-16 13:01:00.276277,W006,40.000946,-105.000071
2026-07-16 13:11:00.276277,W001,40.00111,-105.000008
2026-07-16 13:38:45.766163,W002,40.001213,-104.999205
2026-07-16 13:48:45.766163,W003,40.001802,-104.999336
2026-07-16 13:58:45.766163,W004,40.001035,-104.999628
2026-07-16 14:08:45.766163,W005,40.001191,-104.998491
2026-07-16 14:18:45.766163,W006,40.001444,-104.999383
2026-07-16 14:28:45.766163,W001,40.000113,-104.999558
2026-07-16 14:38:45.766163,W002,40.001137,-104.999405
2026-07-16 14:48:45.766163,W003,40.00086,-104.999878
2026-07-16 15:15:53.220381,W003,40.000427,-104.99916
2026-07-16 15:25:53.220381,W004,40.00066,-104.999953
2026-07-16 15:35:53.220381,W005,40.000782,-104.999293
2026-07-16 15:45:53.220381,W006,40.000789,-104.999336
2026-07-16 15:55:53.220381,W001,40.000336,-104.999348
2026-07-16 16:05:53.220381,W002,40.000832,-104.999325
2026-07-16 16:15:53.220381,W003,40.000997,-104.999634
2026-07-16 16:25:53.220381,W004,40.001378,-105.000031
2026-07-16 16:35:53.220381,W005,40.001074,-104.999911
2026-07-16 16:45:53.220381,W006,40.001054,-104.999515
2026-07-16 16:55:53.220381,W001,40.001218,-104.999381
2026-07-16 17:05:53.220381,W002,40.000836,-104.999213
2026-07-16 07:00:00.000000,W004,39.998943,-104.99868
2026-07-16 07:10:00.000000,W005,39.998356,-104.998066
2026-07-16 07:20:00.000000,W006,39.998452,-104.999214
2026-07-16 07:30:00.000000,W001,39.999263,-104.998763
2026-07-16 07:40:00.000000,W002,39.998557,-104.998418
2026-07-16 07:50:00.000000,W003,39.999398,-104.998532
2026-07-16 08:00:00.000000,W004,39.999226,-104.998229
2026-07-16 08:10:00.000000,W005,39.999049,-104.998357
2026-07-16 08:20:00.000000,W006,39.9998,-104.998619
2026-07-16 08:30:00.000000,W001,39.999478,-104.998678
2026-07-16 08:40:00.000000,W002,39.99936,-104.998773
2026-07-16 09:00:33.844920,W005,39.999502,-104.99909
2026-07-16 09:10:33.844920,W006,39.999858,-104.998953
2026-07-16 09:20:33.844920,W001,39.999324,-104.999169
2026-07-16 09:30:33.844920,W002,39.99915,-104.998966
2026-07-16 09:52:41.160351,W006,39.999363,-104.999262
2026-07-16 10:02:41.160351,W001,39.9982,-104.998003
2026-07-16 10:12:41.160351,W002,39.99893,-104.998318
2026-07-16 10:22:41.160351,W003,39.999704,-104.999023
2026-07-16 10:32:41.160351,W004,39.999287,-104.999274
2026-07-16 11:01:00.111534,W001,39.99876,-104.998608
2026-07-16 11:11:00.111534,W002,39.999014,-104.998907
2026-07-16 11:21:00.111534,W003,39.999639,-104.999401
2026-07-16 11:31:00.111534,W004,39.999058,-104.998541
2026-07-16 11:41:00.111534,W005,39.998079,-104.998816
2026-07-16 07:00:00.000000,W002,39.999861,-105.000967
2026-07-16 07:10:00.000000,W003,39.999765,-105.001322
2026-07-16 07:20:00.000000,W004,40.000207,-105.000788
2026-07-16 07:30:00.000000,W005,40.000433,-105.000993
2026-07-16 07:54:27.193226,W003,40.000297,-105.001445
2026-07-16 08:04:27.193226,W004,40.000371,-105.000874
2026-07-16 08:14:27.193226,W005,40.000998,-105.001169
2026-07-16 08:24:27.193226,W006,40.000583,-105.001143
2026-07-16 08:34:27.193226,W001,40.000263,-105.001765
2026-07-16 08:58:44.595786,W004,40.000761,-105.001209
2026-07-16 09:08:44.595786,W005,40.000899,-105.000813
2026-07-16 09:18:44.595786,W006,40.000195,-105.001125
2026-07-16 09:28:44.595786,W001,40.000612,-105.000726
2026-07-16 09:38:44.595786,W002,40.001064,-105.001521
2026-07-16 09:48:44.595786,W003,40.000841,-105.000387
2026-07-16 09:58:44.595786,W004,40.000198,-105.000389
2026-07-16 10:08:44.595786,W005,40.000985,-105.001177
2026-07-16 10:34:41.015144,W005,40.000536,-105.001439
2026-07-16 10:44:41.015144,W006,40.00043,-105.000841
2026-07-16 10:54:41.015144,W001,40.000418,-105.000391
2026-07-16 11:04:41.015144,W002,40.001153,-105.000932
2026-07-16 11:14:41.015144,W003,40.00107,-105.001773
2026-07-16 11:44:47.268678,W006,40.000322,-104.99992
2026-07-16 11:54:47.268678,W001,40.000452,-105.000832
2026-07-16 12:04:47.268678,W002,40.000692,-105.001055
2026-07-16 12:14:47.268678,W003,40.00089,-105.001804
2026-07-16 12:24:47.268678,W004,40.000531,-105.000869
2026-07-16 12:34:47.268678,W005,40.000575,-105.000778
2026-07-16 12:44:47.268678,W006,39.999868,-105.001331
2026-07-16 12:54:47.268678,W001,40.000533,-105.000419
2026-07-16 13:11:30.245974,W001,40.001557,-105.000878
2026-07-16 13:21:30.245974,W002,40.000668,-105.00069
2026-07-16 13:31:30.245974,W003,40.000357,-105.000741
2026-07-16 13:41:30.245974,W004,40.000971,-105.000384
2026-07-16 13:51:30.245974,W005,40.000022,-105.001053
2026-07-16 14:01:30.245974,W006,40.000906,-105.000628
2026-07-16 14:11:30.245974,W001,40.000457,-105.000629
2026-07-16 14:31:54.207731,W002,40.001007,-105.000615
2026-07-16 14:41:54.207731,W003,40.000479,-105.000843
2026-07-16 14:51:54.207731,W004,39.999827,-105.001488
2026-07-16 15:01:54.207731,W005,40.00059,-105.000557
2026-07-16 15:11:54.207731,W006,40.000218,-105.000582
2026-07-16 15:35:39.721245,W003,40.000949,-105.000368
2026-07-16 15:45:39.721245,W004,39.999694,-105.000739
2026-07-16 15:55:39.721245,W005,40.000807,-105.001455
2026-07-16 07:00:00.000000,W004,39.999939,-104.99948
2026-07-16 07:10:00.000000,W005,39.999702,-105.000069
2026-07-16 07:20:00.000000,W006,40.000607,-105.000667
2026-07-16 07:30:00.000000,W001,40.00022,-105.000128
2026-07-16 07:40:00.000000,W002,40.000202,-104.99989
2026-07-16 07:50:00.000000,W003,40.000228,-104.999371
2026-07-16 08:00:00.000000,W004,39.999173,-104.999445
2026-07-16 08:10:00.000000,W005,39.999337,-105.000039
2026-07-16 08:20:00.000000,W006,39.999733,-104.999604
2026-07-16 08:30:00.000000,W001,39.999785,-105.000849
2026-07-16 08:40:00.000000,W002,39.99962,-105.000524
2026-07-16 09:02:38.552392,W005,40.000139,-104.99962
2026-07-16 09:12:38.552392,W006,40.000153,-105.000156
2026-07-16 09:22:38.552392,W001,40.000158,-104.999832
2026-07-16 09:32:38.552392,W002,40.000062,-105.000075
2026-07-16 09:42:38.552392,W003,40.000408,-104.999491
2026-07-16 09:52:38.552392,W004,39.999276,-105.000052
2026-07-16 10:21:07.712346,W006,39.999997,-105.00029
2026-07-16 10:31:07.712346,W001,39.99977,-104.999681
2026-07-16 10:41:07.712346,W002,40.000177,-104.999475
2026-07-16 10:51:07.712346,W003,40.000533,-104.999743
2026-07-16 11:09:16.665054,W001,39.999733,-105.000683
2026-07-16 11:19:16.665054,W002,39.999065,-104.99969
2026-07-16 11:29:16.665054,W003,40.000486,-104.999533
2026-07-16 11:39:16.665054,W004,39.999347,-104.998949
2026-07-16 12:01:09.055542,W002,40.00019,-105.000594
2026-07-16 12:11:09.055542,W003,40.000386,-104.999782
2026-07-16 12:21:09.055542,W004,39.999743,-105.000513
2026-07-16 12:31:09.055542,W005,39.99993,-105.000714
2026-07-16 07:00:00.000000,W003,40.001254,-105.000066
2026-07-16 07:10:00.000000,W004,40.001539,-104.999796
2026-07-16 07:20:00.000000,W005,40.001345,-104.998776
2026-07-16 07:30:00.000000,W006,40.000972,-105.000324
2026-07-16 07:40:00.000000,W001,40.001535,-104.999832
2026-07-16 07:50:00.000000,W002,40.000732,-104.999699
2026-07-16 08:00:00.000000,W003,40.001096,-105.00021
2026-07-16 08:24:19.289598,W004,40.001444,-105.000285
2026-07-16 08:34:19.289598,W005,40.000708,-104.999554
2026-07-16 08:44:19.289598,W006,40.000893,-105.0
2026-07-16 09:15:35.837177,W005,40.0007,-104.999376
2026-07-16 09:25:35.837177,W006,40.000835,-104.999687
2026-07-16 09:35:35.837177,W001,40.000759,-104.999886
2026-07-16 09:45:35.837177,W002,40.000492,-104.998812
2026-07-16 09:55:35.837177,W003,40.000502,-104.999375
2026-07-16 10:05:35.837177,W004,40.001456,-104.999458
2026-07-16 10:28:19.025915,W006,40.000315,-104.999221
2026-07-16 10:38:19.025915,W001,40.000485,-104.999534
2026-07-16 10:48:19.025915,W002,40.000667,-104.999244
2026-07-16 10:58:19.025915,W003,40.001033,-105.000098
2026-07-16 11:08:19.025915,W004,40.001132,-104.999906
2026-07-16 11:35:40.631635,W001,40.001364,-104.999591
2026-07-16 11:45:40.631635,W002,40.001378,-104.999531
2026-07-16 11:55:40.631635,W003,40.001928,-104.999556
2026-07-16 12:05:40.631635,W004,40.00044,-105.000213
2026-07-16 12:15:40.631635,W005,40.000695,-104.999539
2026-07-16 12:25:40.631635,W006,40.000971,-104.999988
2026-07-16 12:35:40.631635,W001,40.000756,-104.999885
2026-07-16 12:45:40.631635,W002,40.001462,-104.998528
2026-07-16 12:55:40.631635,W003,40.000516,-104.999543
2026-07-16 13:12:59.642105,W002,40.00074,-104.999025
2026-07-16 13:22:59.642105,W003,40.001542,-105.000196
2026-07-16 13:32:59.642105,W004,40.000814,-104.998907
2026-07-16 13:42:59.642105,W005,40.001556,-104.99938
2026-07-16 13:52:59.642105,W006,40.000932,-104.999351
2026-07-16 14:11:57.861598,W003,40.000897,-104.999391
2026-07-16 14:21:57.861598,W004,40.001174,-104.999288
2026-07-16 14:31:57.861598,W005,40.00129,-104.999698
2026-07-16 14:41:57.861598,W006,40.001039,-104.999162
2026-07-16 14:51:57.861598,W001,40.000926,-104.999764
2026-07-16 15:01:57.861598,W002,40.000896,-104.999231
2026-07-16 07:00:00.000000,W004,39.999059,-104.998489
2026-07-16 07:10:00.000000,W005,39.998819,-104.998841
2026-07-16 07:20:00.000000,W006,39.998765,-104.998706
2026-07-16 07:30:00.000000,W001,39.999212,-104.998654
2026-07-16 07:57:34.904525,W005,39.998866,-104.999098
2026-07-16 08:07:34.904525,W006,39.998551,-104.998772
2026-07-16 08:17:34.904525,W001,40.000059,-104.99868
2026-07-16 08:27:34.904525,W002,39.999202,-104.998759
2026-07-16 08:37:34.904525,W003,39.999945,-104.998477
2026-07-16 08:47:34.904525,W004,39.999791,-104.998417
2026-07-16 09:10:29.009049,W006,39.999473,-104.998444
2026-07-16 09:20:29.009049,W001,39.999121,-104.998998
2026-07-16 09:30:29.009049,W002,39.999609,-104.999138
2026-07-16 09:40:29.009049,W003,39.99957,-104.998122
2026-07-16 09:50:29.009049,W004,39.999582,-104.998747
2026-07-16 10:25:15.092922,W001,39.999637,-104.999296
2026-07-16 10:35:15.092922,W002,39.999714,-104.998185
2026-07-16 10:45:15.092922,W003,39.998934,-104.998756
2026-07-16 10:55:15.092922,W004,39.998951,-104.998788
2026-07-16 11:05:15.092922,W005,40.000057,-104.99879
2026-07-16 11:15:15.092922,W006,39.99955,-104.998559
2026-07-16 11:25:15.092922,W001,39.999024,-104.998852
2026-07-16 11:42:36.171622,W002,39.999411,-104.998828
2026-07-16 11:52:36.171622,W003,39.999094,-104.998795
2026-07-16 12:02:36.171622,W004,39.999258,-104.998692
2026-07-16 07:00:00.000000,W003,39.999728,-105.001107
2026-07-16 07:10:00.000000,W004,40.000089,-105.001629
2026-07-16 07:20:00.000000,W005,40.000128,-105.001008
2026-07-16 07:30:00.000000,W006,40.00034,-105.001516
2026-07-16 07:40:00.000000,W001,39.999954,-105.0009
2026-07-16 07:50:00.000000,W002,40.000507,-105.000995
2026-07-16 08:00:00.000000,W003,40.000631,-105.000779
2026-07-16 08:10:00.000000,W004,40.00015,-105.001028
2026-07-16 08:20:00.000000,W005,40.000567,-105.000931
2026-07-16 08:30:00.000000,W006,40.000575,-105.001035
2026-07-16 08:40:00.000000,W001,40.000757,-105.001194
2026-07-16 08:50:00.000000,W002,40.00024,-105.001093
2026-07-16 09:14:42.438914,W004,40.001032,-105.000525
2026-07-16 09:24:42.438914,W005,40.001025,-105.001512
2026-07-16 09:34:42.438914,W006,40.000541,-104.999899
2026-07-16 09:44:42.438914,W001,40.000091,-105.000893
2026-07-16 10:12:16.365971,W005,40.000356,-105.000869
2026-07-16 10:22:16.365971,W006,40.000901,-105.001168
2026-07-16 10:32:16.365971,W001,40.000715,-105.000817
2026-07-16 10:42:16.365971,W002,40.000361,-105.001369
2026-07-16 10:52:16.365971,W003,40.000443,-105.001589
2026-07-16 11:02:16.365971,W004,40.000077,-105.001264
2026-07-16 11:12:16.365971,W005,40.000869,-105.000554
2026-07-16 11:22:16.365971,W006,40.000859,-105.001578
2026-07-16 11:32:16.365971,W001,40.000456,-105.00086
2026-07-16 11:42:16.365971,W002,40.000375,-105.001047
2026-07-16 11:52:16.365971,W003,39.999742,-105.000801
2026-07-16 12:02:16.365971,W004,40.0011,-105.001674
2026-07-16 12:23:31.513359,W006,40.000635,-105.000373
2026-07-16 12:33:31.513359,W001,40.001003,-105.000773
2026-07-16 12:43:31.513359,W002,40.000988,-105.001132
2026-07-16 12:53:31.513359,W003,40.000801,-105.000757
2026-07-16 13:03:31.513359,W004,40.000464,-105.000187
2026-07-16 13:13:31.513359,W005,40.000169,-105.001549
2026-07-16 13:23:31.513359,W006,40.000449,-105.000907
2026-07-16 13:33:31.513359,W001,40.000889,-105.001469
2026-07-16 13:43:31.513359,W002,40.000418,-105.001153
2026-07-16 13:53:31.513359,W003,40.00115,-105.001343
2026-07-17 07:00:00.000000,W001,39.999377,-105.00029
2026-07-17 07:10:00.000000,W002,40.000009,-105.001104
2026-07-17 07:20:00.000000,W003,40.000029,-105.000484
2026-07-17 07:30:00.000000,W004,39.999821,-105.0002
2026-07-17 07:40:00.000000,W005,39.999577,-104.999691
2026-07-17 07:50:00.000000,W006,40.000433,-104.99977
2026-07-17 08:21:22.614115,W002,39.999981,-105.000283
2026-07-17 08:31:22.614115,W003,40.000091,-105.000766
2026-07-17 09:02:31.763213,W003,40.000011,-105.000008
2026-07-17 09:12:31.763213,W004,40.00015,-105.000031
2026-07-17 09:22:31.763213,W005,39.999876,-104.999401
2026-07-17 09:32:31.763213,W006,40.000056,-104.999993
2026-07-17 09:42:31.763213,W001,40.000513,-104.999782
2026-07-17 09:52:31.763213,W002,40.000305,-104.999427
2026-07-17 10:16:18.235310,W004,39.999543,-105.00014
2026-07-17 10:26:18.235310,W005,39.999921,-105.000617
2026-07-17 10:36:18.235310,W006,39.999802,-104.999819
2026-07-17 10:46:18.235310,W001,39.999907,-104.999579
2026-07-17 10:56:18.235310,W002,39.999733,-105.000332
2026-07-17 11:06:18.235310,W003,40.000309,-104.999568
2026-07-17 07:00:00.000000,W005,40.000986,-104.999533
2026-07-17 07:10:00.000000,W006,40.000366,-104.999872
2026-07-17 07:20:00.000000,W001,40.001029,-104.99922
2026-07-17 07:30:00.000000,W002,40.000878,-104.999501
2026-07-17 07:40:00.000000,W003,40.001134,-104.99903
2026-07-17 07:50:00.000000,W004,40.000897,-104.999522
2026-07-17 08:00:00.000000,W005,40.000957,-104.999036
2026-07-17 08:10:00.000000,W006,40.000888,-104.999643
2026-07-17 08:20:00.000000,W001,40.001468,-104.999307
2026-07-17 08:51:10.828764,W006,40.001198,-104.999555
2026-07-17 09:01:10.828764,W001,40.001105,-104.999222
2026-07-17 09:11:10.828764,W002,40.001444,-104.999429
2026-07-17 09:21:10.828764,W003,40.000892,-105.000005
2026-07-17 09:31:10.828764,W004,40.001081,-104.99991
2026-07-17 09:41:10.828764,W005,40.001406,-104.999332
2026-07-17 09:51:10.828764,W006,40.000844,-104.999994
2026-07-17 10:01:10.828764,W001,40.000946,-104.999693
2026-07-17 10:11:10.828764,W002,40.001356,-104.999299
2026-07-17 10:21:10.828764,W003,40.000642,-104.999165
2026-07-17 10:31:10.828764,W004,40.001093,-105.000108
2026-07-17 10:41:10.828764,W005,40.000797,-104.99997
2026-07-17 10:51:10.828764,W006,40.001022,-104.999503
2026-07-17 11:14:20.928720,W001,40.000592,-104.999435
2026-07-17 11:24:20.928720,W002,40.001184,-104.999542
2026-07-17 11:34:20.928720,W003,40.00014,-104.999424
2026-07-17 11:44:20.928720,W004,40.001329,-104.998607
2026-07-17 11:54:20.928720,W005,40.001064,-104.999387
2026-07-17 12:04:20.928720,W006,40.000847,-104.999208
2026-07-17 12:14:20.928720,W001,40.000348,-104.999006
2026-07-17 12:47:22.837367,W002,40.001468,-104.999758
2026-07-17 12:57:22.837367,W003,40.000075,-104.998865
2026-07-17 13:07:22.837367,W004,40.000375,-104.999156
2026-07-17 13:17:22.837367,W005,40.000763,-105.000175
2026-07-17 13:27:22.837367,W006,40.001048,-104.999359
2026-07-17 13:37:22.837367,W001,40.000817,-104.999991
2026-07-17 13:47:22.837367,W002,40.001208,-104.999976
2026-07-17 13:57:22.837367,W003,40.001205,-104.998945
2026-07-17 14:07:22.837367,W004,40.0017,-104.999568
2026-07-17 14:17:22.837367,W005,40.000818,-104.99951
2026-07-17 14:27:22.837367,W006,40.001067,-104.99888
2026-07-17 14:37:22.837367,W001,40.001526,-104.998728
2026-07-17 14:47:22.837367,W002,40.001332,-104.999245
2026-07-17 14:57:22.837367,W003,40.000492,-104.999549
2026-07-17 15:07:22.837367,W004,40.000359,-104.99943
2026-07-17 07:00:00.000000,W003,39.998839,-104.998925
2026-07-17 07:10:00.000000,W004,39.998502,-104.999395
2026-07-17 07:20:00.000000,W005,39.998943,-104.998564
2026-07-17 07:30:00.000000,W006,39.998229,-104.999174
2026-07-17 07:40:00.000000,W001,39.999037,-104.998486
2026-07-17 08:03:09.308631,W004,39.999403,-104.999436
2026-07-17 08:13:09.308631,W005,39.999272,-104.998608
2026-07-17 08:23:09.308631,W006,39.999295,-104.998929
2026-07-17 08:46:45.316271,W005,39.999351,-104.998648
2026-07-17 08:56:45.316271,W006,39.999471,-104.998923
2026-07-17 09:06:45.316271,W001,39.999109,-104.99819
2026-07-17 09:16:45.316271,W002,40.0002,-104.999185
2026-07-17 09:26:45.316271,W003,39.99916,-104.999139
2026-07-17 09:36:45.316271,W004,39.999269,-104.999413
2026-07-17 09:46:45.316271,W005,39.998462,-104.998833
2026-07-17 09:56:45.316271,W006,39.998837,-104.998424
2026-07-17 10:06:45.316271,W001,39.999776,-104.999414
2026-07-17 10:16:45.316271,W002,39.999437,-104.999192
2026-07-17 10:48:51.418001,W006,39.999406,-104.998555
2026-07-17 10:58:51.418001,W001,39.999288,-104.999288
2026-07-17 11:08:51.418001,W002,39.999387,-104.998069
2026-07-17 11:18:51.418001,W003,39.999072,-104.999042
2026-07-17 11:28:51.418001,W004,39.998573,-104.998944
2026-07-17 12:01:44.261483,W001,39.999197,-104.998601
2026-07-17 12:11:44.261483,W002,39.999289,-104.998795
2026-07-17 12:21:44.261483,W003,39.999841,-104.998595
2026-07-17 12:31:44.261483,W004,39.998378,-104.998998
2026-07-17 12:41:44.261483,W005,39.998828,-104.998835
2026-07-17 12:51:44.261483,W006,39.999414,-104.998944
2026-07-17 13:01:44.261483,W001,39.99863,-104.998514
2026-07-17 13:25:05.946476,W002,39.998773,-104.999356
2026-07-17 13:35:05.946476,W003,39.999501,-104.998478
2026-07-17 13:45:05.946476,W004,39.999119,-104.99957
2026-07-17 14:08:41.362586,W003,39.998814,-104.99881
2026-07-17 14:18:41.362586,W004,39.999057,-104.998678
2026-07-17 14:28:41.362586,W005,39.998375,-104.999162
2026-07-17 14:38:41.362586,W006,39.998867,-104.998282
2026-07-17 07:00:00.000000,W004,40.000155,-105.001343
2026-07-17 07:10:00.000000,W005,40.00021,-105.001024
2026-07-17 07:20:00.000000,W006,40.000021,-105.001971
2026-07-17 07:30:00.000000,W001,40.000149,-105.000478
2026-07-17 07:40:00.000000,W002,40.000385,-105.000807
2026-07-17 08:05:09.375250,W005,39.999929,-105.000139
2026-07-17 08:15:09.375250,W006,40.000898,-105.0004
2026-07-17 08:25:09.375250,W001,40.000712,-105.000618
2026-07-17 08:35:09.375250,W002,40.000606,-105.001585
2026-07-17 08:45:09.375250,W003,39.999775,-105.00041
2026-07-17 08:55:09.375250,W004,40.000337,-105.00132
2026-07-17 09:16:09.785639,W006,39.999933,-105.001075
2026-07-17 09:26:09.785639,W001,40.00036,-105.00065
2026-07-17 09:36:09.785639,W002,40.000611,-105.001485
2026-07-17 09:46:09.785639,W003,40.000661,-105.001174
2026-07-17 09:56:09.785639,W004,40.00083,-105.000415
2026-07-17 10:06:09.785639,W005,40.000245,-105.001235
2026-07-17 10:16:09.785639,W006,40.000272,-105.000685
2026-07-17 10:26:09.785639,W001,40.001188,-105.000924
2026-07-17 10:36:09.785639,W002,40.000788,-105.000676
2026-07-17 10:46:09.785639,W003,40.000365,-105.000627
2026-07-17 10:56:09.785639,W004,40.000804,-105.00092
2026-07-17 11:06:09.785639,W005,40.000648,-105.000854
2026-07-17 11:16:09.785639,W006,40.000493,-105.001029
2026-07-17 11:39:43.207853,W001,40.000605,-105.001086
2026-07-17 11:49:43.207853,W002,40.000805,-105.000997
2026-07-17 11:59:43.207853,W003,39.99955,-105.001292
2026-07-17 12:09:43.207853,W004,40.000539,-105.001601
2026-07-17 12:40:43.178906,W002,40.000397,-105.00127
2026-07-17 12:50:43.178906,W003,40.000857,-105.001029
2026-07-17 13:00:43.178906,W004,40.000567,-105.001392
2026-07-17 13:10:43.178906,W005,40.000508,-105.000102
2026-07-17 13:20:43.178906,W006,40.001188,-105.000292
2026-07-17 13:30:43.178906,W001,40.000251,-105.00052
2026-07-17 13:40:43.178906,W002,40.001446,-105.000979
2026-07-17 14:08:44.488893,W003,40.000679,-105.001509
2026-07-17 14:18:44.488893,W004,40.000592,-105.001662
2026-07-17 14:28:44.488893,W005,40.000619,-105.001634
2026-07-17 14:38:44.488893,W006,40.00035,-105.000134
2026-07-17 14:48:44.488893,W001,40.000127,-105.001197
2026-07-17 14:58:44.488893,W002,40.000418,-105.001417
2026-07-17 15:08:44.488893,W003,40.000492,-105.000914
2026-07-17 15:36:30.382147,W004,39.999916,-105.00145
2026-07-17 15:46:30.382147,W005,40.000836,-105.000956
2026-07-17 15:56:30.382147,W006,40.00113,-105.001543
2026-07-17 16:06:30.382147,W001,40.000855,-105.001464
2026-07-17 16:16:30.382147,W002,40.001315,-105.001087
2026-07-17 16:26:30.382147,W003,40.000694,-105.000854
2026-07-17 16:54:00.043748,W005,40.000493,-105.001903
2026-07-17 17:04:00.043748,W006,40.000486,-105.000655
2026-07-17 17:14:00.043748,W001,40.000628,-105.001409
2026-07-17 17:24:00.043748,W002,40.000656,-105.000932
2026-07-17 07:00:00.000000,W006,39.99992,-104.999841
2026-07-17 07:10:00.000000,W001,40.000482,-105.00043
2026-07-17 07:20:00.000000,W002,39.999854,-105.000235
2026-07-17 07:30:00.000000,W003,39.999098,-105.000561
2026-07-17 07:40:00.000000,W004,40.000365,-105.00033
2026-07-17 07:50:00.000000,W005,40.000042,-105.000303
2026-07-17 08:10:54.273807,W001,40.00065,-104.999891
2026-07-17 08:20:54.273807,W002,40.000051,-104.999878
2026-07-17 08:30:54.273807,W003,39.999922,-104.999893
2026-07-17 08:40:54.273807,W004,40.000086,-104.999253
2026-07-17 08:50:54.273807,W005,40.000015,-104.999978
2026-07-17 09:00:54.273807,W006,40.000009,-104.998961
2026-07-17 09:24:27.812444,W002,40.000185,-105.00034
2026-07-17 09:34:27.812444,W003,40.000327,-105.000529
2026-07-17 09:44:27.812444,W004,39.999959,-104.999987
2026-07-17 09:54:27.812444,W005,40.000695,-105.000463
2026-07-17 10:04:27.812444,W006,39.999692,-105.000156
2026-07-17 10:14:27.812444,W001,39.999703,-104.999884
2026-07-17 10:33:40.566674,W003,40.000197,-104.999906
2026-07-17 10:43:40.566674,W004,39.999522,-105.000488
2026-07-17 10:53:40.566674,W005,40.000265,-104.999873
2026-07-17 11:03:40.566674,W006,39.999829,-104.999595
2026-07-17 11:13:40.566674,W001,39.999836,-104.999975
2026-07-17 07:00:00.000000,W004,40.001506,-104.998936
2026-07-17 07:10:00.000000,W005,40.000994,-104.999001
2026-07-17 07:20:00.000000,W006,40.001031,-105.000829
2026-07-17 07:30:00.000000,W001,40.001111,-104.99893
2026-07-17 07:40:00.000000,W002,40.000449,-104.999616
2026-07-17 07:50:00.000000,W003,40.000588,-104.998398
2026-07-17 08:00:00.000000,W004,40.001212,-104.999444
2026-07-17 08:10:00.000000,W005,40.000902,-104.999326
2026-07-17 08:20:00.000000,W006,40.000983,-104.999531
2026-07-17 08:30:00.000000,W001,40.00089,-104.999756
2026-07-17 08:40:00.000000,W002,40.001318,-104.999582
2026-07-17 08:50:00.000000,W003,40.0006,-104.999855
2026-07-17 09:00:00.000000,W004,40.001028,-104.999257
2026-07-17 09:21:56.887389,W005,40.00096,-104.998816
2026-07-17 09:31:56.887389,W006,40.001438,-104.999362
2026-07-17 09:41:56.887389,W001,40.000818,-104.999752
2026-07-17 09:51:56.887389,W002,40.000353,-104.999584
2026-07-17 10:01:56.887389,W003,40.001276,-104.999336
2026-07-17 10:11:56.887389,W004,40.000642,-104.998726
2026-07-17 10:38:32.406420,W006,40.000602,-104.998887
2026-07-17 10:48:32.406420,W001,40.000824,-104.999458
2026-07-17 10:58:32.406420,W002,40.001103,-104.999625
2026-07-17 11:08:32.406420,W003,40.000426,-104.998701
2026-07-17 11:18:32.406420,W004,40.001181,-104.999311
2026-07-17 11:28:32.406420,W005,40.000892,-104.999863
2026-07-17 11:47:49.350043,W001,40.000996,-104.999488
2026-07-17 11:57:49.350043,W002,40.002044,-104.999747
2026-07-17 12:07:49.350043,W003,40.001051,-104.99949
2026-07-17 12:17:49.350043,W004,40.000597,-104.998667
2026-07-17 12:27:49.350043,W005,40.001062,-104.999211
2026-07-17 12:37:49.350043,W006,40.000159,-104.999057
2026-07-17 12:47:49.350043,W001,40.000944,-104.999936
2026-07-17 12:57:49.350043,W002,40.000673,-104.99918
2026-07-17 13:07:49.350043,W003,40.000787,-104.999302
2026-07-17 13:17:49.350043,W004,40.000742,-104.99889
2026-07-17 13:27:49.350043,W005,40.001683,-104.999251
2026-07-17 13:37:49.350043,W006,40.000563,-104.999728
2026-07-17 13:58:48.017986,W002,40.001059,-104.999028
2026-07-17 14:08:48.017986,W003,40.001459,-104.999998
2026-07-17 14:18:48.017986,W004,40.000554,-104.99919
2026-07-17 14:28:48.017986,W005,40.000597,-104.999154
2026-07-17 14:38:48.017986,W006,40.000532,-104.999848
2026-07-17 14:48:48.017986,W001,40.001518,-104.999748
2026-07-17 14:58:48.017986,W002,40.000694,-105.000579
2026-07-17 07:00:00.000000,W003,39.999302,-104.998611
2026-07-17 07:10:00.000000,W004,39.998638,-104.999107
2026-07-17 07:20:00.000000,W005,39.999503,-104.998874
2026-07-17 07:30:00.000000,W006,39.998771,-104.998394
2026-07-17 07:40:00.000000,W001,39.9992,-104.998777
2026-07-17 07:50:00.000000,W002,39.998223,-104.999416
2026-07-17 08:00:00.000000,W003,39.999692,-104.999063
2026-07-17 08:10:00.000000,W004,39.998914,-104.99873
2026-07-17 08:41:08.798735,W004,39.999259,-104.999217
2026-07-17 08:51:08.798735,W005,39.999344,-104.998951
2026-07-17 09:01:08.798735,W006,39.999889,-104.998626
2026-07-17 09:11:08.798735,W001,39.999861,-104.998933
2026-07-17 09:21:08.798735,W002,39.998639,-104.99863
2026-07-17 09:31:08.798735,W003,39.999466,-104.999045
2026-07-17 09:41:08.798735,W004,39.999935,-104.998392
2026-07-17 09:51:08.798735,W005,39.998866,-104.998661
2026-07-17 10:01:08.798735,W006,39.998908,-104.998729
2026-07-17 10:23:16.185726,W005,39.998624,-104.999473
2026-07-17 10:33:16.185726,W006,39.99881,-104.998402
2026-07-17 10:43:16.185726,W001,39.998674,-104.999137
2026-07-17 10:53:16.185726,W002,39.999376,-104.998492
2026-07-17 11:03:16.185726,W003,39.99956,-104.999377
2026-07-17 11:13:16.185726,W004,39.999747,-104.99858
2026-07-17 11:38:48.695837,W006,39.998291,-104.999048
2026-07-17 11:48:48.695837,W001,39.998976,-104.998955
2026-07-17 11:58:48.695837,W002,39.998308,-104.99882
2026-07-17 12:08:48.695837,W003,39.998607,-104.999337
2026-07-17 12:18:48.695837,W004,39.999111,-104.999479
2026-07-17 12:28:48.695837,W005,39.998958,-104.998637
2026-07-17 12:58:26.831263,W001,39.999375,-104.998659
2026-07-17 13:08:26.831263,W002,39.999827,-104.99843
2026-07-17 13:18:26.831263,W003,39.999304,-104.998827
2026-07-17 13:28:26.831263,W004,39.999714,-104.998582
2026-07-17 13:38:26.831263,W005,39.998528,-104.998978
2026-07-17 13:48:26.831263,W006,39.99911,-104.997644
2026-07-17 13:58:26.831263,W001,40.000114,-104.998636
2026-07-17 14:08:26.831263,W002,39.999461,-104.999281
2026-07-17 14:18:26.831263,W003,39.999187,-104.998748
2026-07-17 14:28:26.831263,W004,39.998855,-104.998618
2026-07-17 14:38:26.831263,W005,39.998958,-104.998868
2026-07-17 15:08:25.382892,W002,39.999457,-104.999348
2026-07-17 15:18:25.382892,W003,39.999459,-104.998388
2026-07-17 15:28:25.382892,W004,39.999562,-104.998749
2026-07-17 15:38:25.382892,W005,39.999582,-104.998578
2026-07-17 15:48:25.382892,W006,39.999517,-104.998639
2026-07-17 15:58:25.382892,W001,39.999271,-104.998572
2026-07-17 16:17:04.872465,W003,39.999039,-104.998216
2026-07-17 16:27:04.872465,W004,39.999848,-104.998525
2026-07-17 16:37:04.872465,W005,39.998836,-104.998645
2026-07-17 16:47:04.872465,W006,39.998994,-104.999305
2026-07-17 16:57:04.872465,W001,39.999498,-104.997885
2026-07-17 07:00:00.000000,W004,40.000443,-105.001523
2026-07-17 07:10:00.000000,W005,40.000217,-105.000977
2026-07-17 07:20:00.000000,W006,40.001141,-105.001107
2026-07-17 07:30:00.000000,W001,40.001033,-105.000679
2026-07-17 07:40:00.000000,W002,40.000257,-105.001121
2026-07-17 07:50:00.000000,W003,40.001617,-105.00096
2026-07-17 08:00:00.000000,W004,40.000172,-105.001306
2026-07-17 08:10:00.000000,W005,40.000241,-105.00072
2026-07-17 08:33:25.179377,W005,40.000808,-105.001304
2026-07-17 08:43:25.179377,W006,40.000252,-105.000254
2026-07-17 08:53:25.179377,W001,39.999829,-105.000917
2026-07-17 09:03:25.179377,W002,40.000516,-105.00028
2026-07-17 09:27:58.549840,W006,40.000182,-105.001449
2026-07-17 09:37:58.549840,W001,40.000143,-105.001151
2026-07-17 09:47:58.549840,W002,39.999758,-105.001308
2026-07-17 09:57:58.549840,W003,40.001339,-105.001022
2026-07-17 10:07:58.549840,W004,40.000145,-105.000944
2026-07-17 10:17:58.549840,W005,40.000433,-105.000528
2026-07-17 10:41:10.793644,W001,40.000569,-105.001259
2026-07-17 10:51:10.793644,W002,40.000514,-105.001315
2026-07-17 11:01:10.793644,W003,40.000265,-105.000057
2026-07-17 11:11:10.793644,W004,40.000664,-105.001059
2026-07-17 11:21:10.793644,W005,40.000509,-105.001009
2026-07-17 11:31:10.793644,W006,40.001005,-105.001014
2026-07-17 11:41:10.793644,W001,40.000723,-105.000649
2026-07-17 11:51:10.793644,W002,40.000621,-105.001112
2026-07-17 12:01:10.793644,W003,40.000469,-105.000601
2026-07-17 12:11:10.793644,W004,40.000729,-105.000607
2026-07-17 12:38:49.488935,W002,40.001096,-105.000777
2026-07-17 12:48:49.488935,W003,40.000611,-105.001733
2026-07-17 12:58:49.488935,W004,40.00071,-105.000524
2026-07-17 13:08:49.488935,W005,39.999954,-105.001228
2026-07-17 13:18:49.488935,W006,40.000821,-105.00078
2026-07-17 13:28:49.488935,W001,40.000767,-105.000825
2026-07-17 13:38:49.488935,W002,40.000259,-105.001431
2026-07-17 13:48:49.488935,W003,39.999976,-105.000691
2026-07-17 14:18:51.272836,W003,40.000791,-105.001264
2026-07-17 14:28:51.272836,W004,40.000723,-105.000932
2026-07-17 14:38:51.272836,W005,40.000286,-105.000882
2026-07-17 14:48:51.272836,W006,40.000621,-105.000832
2026-07-17 14:58:51.272836,W001,40.001443,-105.000692
2026-07-17 15:28:27.789148,W004,39.99972,-105.001433
2026-07-17 15:38:27.789148,W005,40.000762,-105.000811
2026-07-17 15:48:27.789148,W006,40.00079,-105.001455
2026-07-17 15:58:27.789148,W001,40.000446,-105.001106
2026-07-17 16:08:27.789148,W002,40.000378,-105.000877
2026-07-17 16:18:27.789148,W003,40.000166,-105.00085
2026-07-17 16:28:27.789148,W004,40.000481,-105.001006
2026-07-17 16:38:27.789148,W005,40.000462,-105.000593
2026-07-17 16:48:27.789148,W006,40.000558,-105.001099
2026-07-17 16:58:27.789148,W001,40.000099,-105.000677
2026-07-18 07:00:00.000000,W005,40.000037,-104.999614
2026-07-18 07:10:00.000000,W006,40.000031,-104.999856
2026-07-18 07:20:00.000000,W001,40.000289,-105.000425
2026-07-18 07:43:07.124677,W006,40.000437,-105.000763
2026-07-18 07:53:07.124677,W001,40.000431,-105.000337
2026-07-18 08:03:07.124677,W002,39.999905,-105.000164
2026-07-18 08:13:07.124677,W003,40.000265,-105.000007
2026-07-18 08:23:07.124677,W004,40.000166,-105.000206
2026-07-18 08:33:07.124677,W005,39.999869,-104.999371
2026-07-18 08:43:07.124677,W006,40.000134,-104.999816
2026-07-18 08:53:07.124677,W001,39.999836,-104.999555
2026-07-18 09:09:11.357081,W001,40.000117,-104.999312
2026-07-18 09:19:11.357081,W002,39.999856,-104.999688
2026-07-18 09:29:11.357081,W003,39.999869,-105.000414
2026-07-18 09:39:11.357081,W004,40.000115,-105.00015
2026-07-18 09:49:11.357081,W005,39.999562,-104.99983
2026-07-18 09:59:11.357081,W006,40.000209,-104.999703
2026-07-18 10:17:40.839994,W002,39.999313,-105.000229
2026-07-18 10:27:40.839994,W003,40.000194,-105.000114
2026-07-18 10:37:40.839994,W004,39.999843,-104.999796
2026-07-18 10:47:40.839994,W005,40.0,-104.999991
2026-07-18 10:57:40.839994,W006,39.999761,-104.999869
2026-07-18 11:07:40.839994,W001,40.000343,-104.999702
2026-07-18 11:17:40.839994,W002,39.999419,-105.000183
2026-07-18 11:44:18.010018,W003,39.999143,-104.999934
2026-07-18 11:54:18.010018,W004,39.999804,-104.999968
2026-07-18 12:04:18.010018,W005,40.00042,-104.999898
2026-07-18 12:14:18.010018,W006,40.000152,-104.999915
2026-07-18 12:24:18.010018,W001,40.000418,-105.000533
2026-07-18 12:34:18.010018,W002,39.999994,-104.999988
2026-07-18 12:44:18.010018,W003,40.000344,-104.999726
2026-07-18 13:16:28.217350,W004,40.000469,-105.00007
2026-07-18 13:26:28.217350,W005,39.999984,-105.000383
2026-07-18 13:36:28.217350,W006,39.999452,-104.999663
2026-07-18 13:46:28.217350,W001,39.999985,-105.000179
2026-07-18 07:00:00.000000,W005,40.001327,-104.999165
2026-07-18 07:10:00.000000,W006,40.00122,-105.000027
2026-07-18 07:20:00.000000,W001,40.001389,-104.999451
2026-07-18 07:30:00.000000,W002,40.001515,-104.998931
2026-07-18 07:40:00.000000,W003,40.001266,-104.999444
2026-07-18 07:50:00.000000,W004,40.000751,-104.999142
2026-07-18 08:00:00.000000,W005,40.000611,-104.999466
2026-07-18 08:10:00.000000,W006,40.000697,-104.99888
2026-07-18 08:20:00.000000,W001,40.001168,-104.999387
2026-07-18 08:30:00.000000,W002,40.001184,-104.999752
2026-07-18 08:40:00.000000,W003,40.000975,-104.998733
2026-07-18 08:50:00.000000,W004,40.000952,-104.999441
2026-07-18 09:00:00.000000,W005,40.00077,-104.999445
2026-07-18 09:10:00.000000,W006,40.001009,-105.000191
2026-07-18 09:39:36.993103,W006,40.000261,-104.999232
2026-07-18 09:49:36.993103,W001,40.001221,-104.999671
2026-07-18 09:59:36.993103,W002,40.00114,-104.999529
2026-07-18 10:09:36.993103,W003,40.000652,-105.000019
2026-07-18 10:19:36.993103,W004,40.000643,-104.999949
2026-07-18 10:29:36.993103,W005,40.001074,-104.999514
2026-07-18 10:39:36.993103,W006,40.000413,-104.999637
2026-07-18 10:49:36.993103,W001,40.000733,-104.999519
2026-07-18 10:59:36.993103,W002,40.000934,-104.999333
2026-07-18 11:09:36.993103,W003,40.000288,-104.998547
2026-07-18 11:19:36.993103,W004,40.001163,-104.999926
2026-07-18 11:46:19.134077,W001,40.000941,-104.999612
2026-07-18 11:56:19.134077,W002,40.000999,-104.999492
2026-07-18 12:06:19.134077,W003,40.001818,-104.998908
2026-07-18 12:16:19.134077,W004,40.000984,-104.999219
2026-07-18 12:26:19.134077,W005,40.001417,-105.00026
2026-07-18 12:36:19.134077,W006,40.000878,-104.999085
2026-07-18 12:46:19.134077,W001,40.000609,-105.000503
2026-07-18 12:56:19.134077,W002,40.000995,-104.99997
2026-07-18 13:06:19.134077,W003,40.000805,-104.999313
2026-07-18 13:16:19.134077,W004,40.000193,-104.999344
2026-07-18 13:26:19.134077,W005,40.00016,-104.999772
2026-07-18 13:36:19.134077,W006,40.000846,-104.999787
2026-07-18 13:46:19.134077,W001,40.001783,-104.999073
2026-07-18 13:56:19.134077,W002,40.001337,-105.000503
2026-07-18 14:06:19.134077,W003,40.000905,-104.999059
2026-07-18 14:16:19.134077,W004,40.001015,-104.999509
2026-07-18 14:42:37.041457,W002,40.001367,-104.999771
2026-07-18 14:52:37.041457,W003,40.001143,-104.999199
2026-07-18 15:02:37.041457,W004,40.00062,-104.999034
2026-07-18 15:12:37.041457,W005,40.001251,-104.999188
2026-07-18 15:22:37.041457,W006,40.000572,-104.999269
2026-07-18 15:32:37.041457,W001,40.001087,-104.99962
2026-07-18 15:42:37.041457,W002,40.000575,-104.999491
2026-07-18 15:52:37.041457,W003,40.001673,-104.999614
2026-07-18 16:02:37.041457,W004,40.000975,-105.000241
2026-07-18 16:12:37.041457,W005,40.001018,-104.999519
2026-07-18 16:22:37.041457,W006,40.001199,-105.000177
2026-07-18 16:32:37.041457,W001,40.00027,-104.998877
2026-07-18 16:42:37.041457,W002,40.000928,-104.999658
2026-07-18 16:52:37.041457,W003,40.001352,-104.999688
2026-07-18 17:02:37.041457,W004,40.000875,-104.999216
2026-07-18 07:00:00.000000,W003,39.999668,-104.999511
2026-07-18 07:10:00.000000,W004,39.999485,-104.998905
2026-07-18 07:20:00.000000,W005,39.999589,-104.998008
2026-07-18 07:30:00.000000,W006,39.999291,-104.999435
2026-07-18 07:40:00.000000,W001,39.999554,-104.998476
2026-07-18 07:50:00.000000,W002,39.998933,-104.998996
2026-07-18 08:00:00.000000,W003,39.999603,-104.9987
2026-07-18 08:22:58.557615,W004,39.998953,-104.998675
2026-07-18 08:32:58.557615,W005,39.998516,-104.998942
2026-07-18 08:42:58.557615,W006,39.999339,-104.998102
2026-07-18 08:52:58.557615,W001,39.998261,-104.997867
2026-07-18 09:02:58.557615,W002,39.998973,-104.999099
2026-07-18 09:27:17.395786,W005,39.998995,-104.998711
2026-07-18 09:37:17.395786,W006,39.999214,-104.998519
2026-07-18 09:47:17.395786,W001,39.999573,-104.999277
2026-07-18 09:57:17.395786,W002,39.998922,-104.998632
2026-07-18 10:07:17.395786,W003,39.999428,-104.99939
2026-07-18 10:31:36.820502,W006,39.999538,-104.998717
2026-07-18 10:41:36.820502,W001,39.999456,-104.998419
2026-07-18 10:51:36.820502,W002,39.998933,-104.998453
2026-07-18 11:01:36.820502,W003,39.998871,-104.999388
2026-07-18 11:11:36.820502,W004,39.998454,-104.998241
2026-07-18 11:21:36.820502,W005,39.998826,-104.998456
2026-07-18 11:31:36.820502,W006,39.999209,-104.998788
2026-07-18 11:53:10.014610,W001,39.998832,-104.999256
2026-07-18 12:03:10.014610,W002,39.999386,-104.998531
2026-07-18 12:13:10.014610,W003,39.999356,-104.998991
2026-07-18 12:23:10.014610,W004,39.999352,-104.998498
2026-07-18 12:33:10.014610,W005,39.999912,-104.99941
2026-07-18 12:43:10.014610,W006,39.998764,-104.999043
2026-07-18 13:10:25.865143,W002,39.998495,-104.999258
2026-07-18 13:20:25.865143,W003,39.99852,-104.998424
2026-07-18 13:30:25.865143,W004,39.99895,-104.998781
2026-07-18 13:40:25.865143,W005,39.999258,-104.998804
2026-07-18 14:03:39.368743,W003,39.999832,-104.999287
2026-07-18 14:13:39.368743,W004,39.998777,-104.99897
2026-07-18 14:23:39.368743,W005,39.999575,-104.999301
2026-07-18 14:33:39.368743,W006,39.999214,-104.999256
2026-07-18 14:43:39.368743,W001,39.999063,-104.99824
2026-07-18 14:53:39.368743,W002,39.998835,-104.99889
2026-07-18 15:03:39.368743,W003,39.998862,-104.998413
2026-07-18 15:30:27.696879,W004,40.000047,-104.999036
2026-07-18 15:40:27.696879,W005,39.99944,-104.997744
2026-07-18 15:50:27.696879,W006,39.999142,-104.999038
2026-07-18 16:00:27.696879,W001,39.998905,-104.998891
2026-07-18 16:10:27.696879,W002,39.999915,-104.998215
2026-07-18 07:00:00.000000,W005,40.000621,-105.000814
2026-07-18 07:10:00.000000,W006,40.000424,-105.000059
2026-07-18 07:20:00.000000,W001,40.000318,-105.001474
2026-07-18 07:30:00.000000,W002,40.000903,-105.001381
2026-07-18 07:40:00.000000,W003,40.000373,-105.000961
2026-07-18 07:50:00.000000,W004,40.000733,-105.001618
2026-07-18 08:07:30.128861,W006,39.99958,-105.000526
2026-07-18 08:17:30.128861,W001,40.000326,-105.000913
2026-07-18 08:27:30.128861,W002,40.000854,-105.00088
2026-07-18 08:37:30.128861,W003,40.000477,-105.001023
2026-07-18 08:47:30.128861,W004,40.000647,-105.001011
2026-07-18 09:18:20.233366,W001,40.000745,-105.00141
2026-07-18 09:28:20.233366,W002,40.001226,-105.001093
2026-07-18 09:38:20.233366,W003,40.001088,-105.001692
2026-07-18 09:48:20.233366,W004,40.000671,-105.000637
2026-07-18 10:18:50.965846,W002,40.000633,-105.000508
2026-07-18 10:28:50.965846,W003,40.000355,-105.001227
2026-07-18 10:38:50.965846,W004,40.000073,-105.001336
2026-07-18 10:48:50.965846,W005,40.000739,-105.00129
2026-07-18 10:58:50.965846,W006,40.001012,-105.000869
2026-07-18 11:26:05.902821,W003,40.000328,-105.001267
2026-07-18 11:36:05.902821,W004,40.000991,-105.000974
2026-07-18 11:46:05.902821,W005,40.000716,-105.000847
2026-07-18 11:56:05.902821,W006,40.000564,-105.001456
2026-07-18 12:06:05.902821,W001,40.000496,-105.000988
2026-07-18 12:16:05.902821,W002,40.000922,-105.001069
2026-07-18 12:26:05.902821,W003,40.000198,-105.00173
2026-07-18 12:36:05.902821,W004,40.000747,-105.000848
2026-07-18 12:46:05.902821,W005,40.000302,-105.000748
2026-07-18 12:56:05.902821,W006,40.000425,-105.001191
2026-07-18 13:23:01.561643,W004,40.00102,-105.000775
2026-07-18 13:33:01.561643,W005,40.000533,-105.001207
2026-07-18 13:43:01.561643,W006,40.00098,-105.001244
2026-07-18 13:53:01.561643,W001,40.000728,-105.000517
2026-07-18 07:00:00.000000,W005,39.999461,-105.000419
2026-07-18 07:10:00.000000,W006,40.000106,-104.999566
2026-07-18 07:20:00.000000,W001,39.999833,-104.999827
2026-07-18 07:49:34.571124,W006,39.999497,-104.999429
2026-07-18 07:59:34.571124,W001,40.000173,-104.999557
2026-07-18 08:09:34.571124,W002,39.999768,-104.999774
2026-07-18 08:19:34.571124,W003,39.999941,-104.999431
2026-07-18 08:29:34.571124,W004,39.999953,-105.000216
2026-07-18 08:39:34.571124,W005,40.000307,-105.000422
2026-07-18 08:49:34.571124,W006,40.000023,-104.999996
2026-07-18 08:59:34.571124,W001,39.999422,-104.999769
2026-07-18 09:30:17.195848,W001,40.000317,-104.999832
2026-07-18 09:40:17.195848,W002,40.000571,-104.99964
2026-07-18 09:50:17.195848,W003,40.000298,-105.000101
2026-07-18 10:00:17.195848,W004,40.000042,-105.000359
2026-07-18 10:10:17.195848,W005,40.000414,-105.000325
2026-07-18 10:20:17.195848,W006,39.999898,-105.00006
2026-07-18 10:44:48.970985,W002,39.999688,-105.00065
2026-07-18 10:54:48.970985,W003,39.99947,-104.99961
2026-07-18 11:04:48.970985,W004,40.000393,-105.000131
2026-07-18 11:30:35.707947,W003,39.999454,-105.000477
2026-07-18 11:40:35.707947,W004,40.000049,-105.000432
2026-07-18 11:50:35.707947,W005,39.999612,-105.000643
2026-07-18 12:00:35.707947,W006,39.999201,-104.999908
2026-07-18 12:10:35.707947,W001,39.99974,-105.000524
2026-07-18 12:20:35.707947,W002,39.999836,-105.000393
2026-07-18 12:30:35.707947,W003,40.000479,-104.999856
2026-07-18 12:40:35.707947,W004,40.000329,-104.999473
2026-07-18 13:01:38.519053,W004,39.99999,-104.999481
2026-07-18 13:11:38.519053,W005,39.999227,-105.000469
2026-07-18 13:21:38.519053,W006,40.000122,-104.999614
2026-07-18 13:31:38.519053,W001,40.000004,-104.999866
2026-07-18 13:41:38.519053,W002,40.000209,-105.00071
2026-07-18 13:51:38.519053,W003,39.999582,-105.000257
2026-07-18 14:01:38.519053,W004,39.999537,-104.999974
2026-07-18 14:22:15.089853,W005,39.999877,-104.999363
2026-07-18 14:32:15.089853,W006,40.000359,-105.000599
2026-07-18 14:42:15.089853,W001,39.999904,-105.000293
2026-07-18 07:00:00.000000,W006,40.001022,-104.9995
2026-07-18 07:10:00.000000,W001,40.000262,-104.999278
2026-07-18 07:20:00.000000,W002,40.000828,-105.00017
2026-07-18 07:30:00.000000,W003,40.000719,-105.000037
2026-07-18 07:40:00.000000,W004,40.00112,-104.99935
2026-07-18 07:50:00.000000,W005,40.00111,-104.998968
2026-07-18 08:14:16.837863,W001,39.999827,-104.999202
2026-07-18 08:24:16.837863,W002,40.001068,-104.999309
2026-07-18 08:34:16.837863,W003,40.000595,-104.999637
2026-07-18 08:44:16.837863,W004,40.000989,-104.999637
2026-07-18 09:14:54.712626,W002,40.000966,-104.999768
2026-07-18 09:24:54.712626,W003,40.000601,-104.998859
2026-07-18 09:34:54.712626,W004,40.001082,-104.999119
2026-07-18 09:44:54.712626,W005,40.001435,-104.999181
2026-07-18 09:54:54.712626,W006,40.001053,-104.99906
2026-07-18 10:04:54.712626,W001,40.000702,-104.999452
2026-07-18 10:14:54.712626,W002,40.001233,-104.998769
2026-07-18 10:24:54.712626,W003,40.000923,-104.999989
2026-07-18 10:34:54.712626,W004,40.000989,-104.999487
2026-07-18 10:44:54.712626,W005,40.001672,-104.999835
2026-07-18 10:54:54.712626,W006,40.001033,-104.999969
2026-07-18 11:23:58.153173,W003,40.000985,-104.999712
2026-07-18 11:33:58.153173,W004,40.001015,-104.999198
2026-07-18 11:43:58.153173,W005,40.000918,-105.000121
2026-07-18 11:53:58.153173,W006,40.000971,-104.99957
2026-07-18 12:03:58.153173,W001,40.000206,-104.999647
2026-07-18 12:27:23.094708,W004,40.000913,-104.999807
2026-07-18 12:37:23.094708,W005,40.000906,-104.999701
2026-07-18 12:47:23.094708,W006,40.00144,-104.99894
2026-07-18 12:57:23.094708,W001,40.001447,-104.999348
2026-07-18 13:07:23.094708,W002,40.001074,-104.999767
2026-07-18 13:17:23.094708,W003,40.001892,-104.999402
2026-07-18 13:48:54.970371,W005,40.000452,-104.999084
2026-07-18 13:58:54.970371,W006,40.001185,-105.000125
2026-07-18 14:08:54.970371,W001,40.001272,-104.999824
2026-07-18 14:18:54.970371,W002,40.001285,-104.999928
2026-07-18 14:28:54.970371,W003,40.000249,-104.999722
2026-07-18 14:38:54.970371,W004,40.000652,-104.9998
2026-07-18 14:48:54.970371,W005,40.001095,-104.999035
2026-07-18 07:00:00.000000,W006,39.999893,-104.999017
2026-07-18 07:10:00.000000,W001,39.999172,-104.999252
2026-07-18 07:20:00.000000,W002,39.999377,-104.998096
2026-07-18 07:30:00.000000,W003,39.999242,-104.998674
2026-07-18 07:40:00.000000,W004,39.998681,-104.998464
2026-07-18 07:50:00.000000,W005,39.999067,-104.999403
2026-07-18 08:17:22.477406,W001,39.999373,-104.998948
2026-07-18 08:27:22.477406,W002,39.999224,-104.998675
2026-07-18 08:37:22.477406,W003,39.999181,-104.99881
2026-07-18 08:47:22.477406,W004,39.999911,-104.999032
2026-07-18 08:57:22.477406,W005,40.000377,-104.998578
2026-07-18 09:07:22.477406,W006,39.999189,-104.998541
2026-07-18 09:32:58.064867,W002,39.99915,-104.999306
2026-07-18 09:42:58.064867,W003,39.998985,-105.000314
2026-07-18 09:52:58.064867,W004,39.999052,-104.998738
2026-07-18 10:02:58.064867,W005,39.999196,-104.99883
2026-07-18 10:12:58.064867,W006,39.999224,-104.999058
2026-07-18 10:39:19.435723,W003,39.99895,-104.998602
2026-07-18 10:49:19.435723,W004,39.999618,-104.998843
2026-07-18 10:59:19.435723,W005,39.999228,-104.998788
2026-07-18 11:09:19.435723,W006,39.998982,-104.998923
2026-07-18 11:19:19.435723,W001,39.999285,-104.999204
2026-07-18 11:29:19.435723,W002,39.999853,-104.99927
2026-07-18 11:39:19.435723,W003,39.998866,-104.99815
2026-07-18 11:49:19.435723,W004,39.999368,-104.998409
2026-07-18 12:21:13.247912,W004,39.999343,-104.998953
2026-07-18 12:31:13.247912,W005,39.998711,-104.998995
2026-07-18 12:41:13.247912,W006,39.999275,-104.999526
2026-07-18 12:51:13.247912,W001,39.999577,-104.999149
2026-07-18 13:01:13.247912,W002,39.999829,-104.999327
2026-07-18 13:11:13.247912,W003,39.999431,-104.998601
2026-07-18 13:43:54.663210,W005,39.999263,-104.998855
2026-07-18 13:53:54.663210,W006,39.999532,-104.998826
2026-07-18 14:03:54.663210,W001,39.999876,-104.999227
2026-07-18 14:13:54.663210,W002,40.000095,-104.998529
2026-07-18 14:23:54.663210,W003,39.998942,-104.999282
2026-07-18 14:33:54.663210,W004,39.998944,-104.998987
2026-07-18 07:00:00.000000,W006,40.000204,-105.001001
2026-07-18 07:10:00.000000,W001,39.999711,-105.001244
2026-07-18 07:20:00.000000,W002,40.00004,-105.000509
2026-07-18 07:30:00.000000,W003,40.001094,-105.000932
2026-07-18 07:40:00.000000,W004,40.000801,-105.000806
2026-07-18 07:50:00.000000,W005,40.000567,-105.001159
2026-07-18 08:00:00.000000,W006,39.999853,-105.000478
2026-07-18 08:24:06.803135,W001,40.000906,-105.000492
2026-07-18 08:34:06.803135,W002,39.999924,-105.001467
2026-07-18 08:44:06.803135,W003,40.000445,-105.001171
2026-07-18 08:54:06.803135,W004,40.001022,-105.001382
2026-07-18 09:20:19.131963,W002,40.000428,-105.00102
2026-07-18 09:30:19.131963,W003,40.000333,-105.00071
2026-07-18 09:40:19.131963,W004,40.000713,-105.001049
2026-07-18 09:50:19.131963,W005,40.000297,-105.000862
2026-07-18 10:00:19.131963,W006,39.999726,-105.000951
2026-07-18 10:10:19.131963,W001,40.000203,-105.000812
2026-07-18 10:35:58.515279,W003,40.001068,-105.000489
2026-07-18 10:45:58.515279,W004,40.000291,-105.000691
2026-07-18 10:55:58.515279,W005,39.999906,-105.001556
2026-07-18 11:05:58.515279,W006,40.00016,-105.001372
2026-07-18 11:29:41.543290,W004,40.000232,-105.001474
2026-07-18 11:39:41.543290,W005,40.000027,-105.000817
2026-07-18 11:49:41.543290,W006,40.000466,-105.001225
2026-07-18 11:59:41.543290,W001,40.000634,-105.000901
2026-07-18 12:09:41.543290,W002,40.000851,-105.000436
2026-07-19 07:00:00.000000,W005,39.999592,-105.000332
2026-07-19 07:10:00.000000,W006,40.00032,-105.00032
2026-07-19 07:20:00.000000,W001,39.999691,-104.999991
2026-07-19 07:30:00.000000,W002,40.000791,-104.999953
2026-07-19 07:40:00.000000,W003,40.000056,-104.999857
2026-07-19 07:50:00.000000,W004,39.999972,-104.999969
2026-07-19 08:00:00.000000,W005,39.999351,-104.99949
2026-07-19 08:10:00.000000,W006,40.000534,-105.000244
2026-07-19 08:20:00.000000,W001,39.999407,-104.999683
2026-07-19 08:30:00.000000,W002,39.999644,-104.999659
2026-07-19 08:58:08.097728,W006,39.999499,-104.998866
2026-07-19 09:08:08.097728,W001,39.999565,-105.000116
2026-07-19 09:18:08.097728,W002,39.999633,-104.999951
2026-07-19 09:51:07.299454,W001,40.000047,-104.999764
2026-07-19 10:01:07.299454,W002,40.00005,-105.000056
2026-07-19 10:11:07.299454,W003,39.999573,-105.000232
2026-07-19 10:21:07.299454,W004,40.000147,-104.99966
2026-07-19 10:31:07.299454,W005,39.999707,-105.000202
2026-07-19 11:01:49.048742,W002,40.000333,-105.00003
2026-07-19 11:11:49.048742,W003,40.000745,-104.999727
2026-07-19 11:21:49.048742,W004,40.000707,-105.000192
2026-07-19 11:31:49.048742,W005,39.999993,-105.000464
2026-07-19 11:41:49.048742,W006,39.999628,-104.999785
2026-07-19 11:51:49.048742,W001,39.999837,-104.999873
2026-07-19 12:01:49.048742,W002,39.99941,-104.999908
2026-07-19 07:00:00.000000,W003,40.000852,-104.99957
2026-07-19 07:10:00.000000,W004,40.002098,-104.999613
2026-07-19 07:20:00.000000,W005,40.001367,-104.9995
2026-07-19 07:30:00.000000,W006,40.00084,-104.999923
2026-07-19 07:40:00.000000,W001,40.000492,-104.999159
2026-07-19 07:50:00.000000,W002,40.000083,-104.999412
2026-07-19 08:00:00.000000,W003,40.001159,-104.999404
2026-07-19 08:10:00.000000,W004,40.001578,-104.999906
2026-07-19 08:20:00.000000,W005,40.000984,-104.999484
2026-07-19 08:30:00.000000,W006,40.001648,-104.998907
2026-07-19 08:40:00.000000,W001,40.001451,-104.998953
2026-07-19 09:09:31.990564,W004,40.00173,-104.998988
2026-07-19 09:19:31.990564,W005,40.000697,-104.99924
2026-07-19 09:29:31.990564,W006,40.001525,-105.000287
2026-07-19 09:39:31.990564,W001,40.00119,-104.999496
2026-07-19 09:49:31.990564,W002,40.000749,-105.000045
2026-07-19 09:59:31.990564,W003,40.001212,-104.999161
2026-07-19 10:09:31.990564,W004,40.001363,-104.999204
2026-07-19 10:19:31.990564,W005,40.001274,-104.999005
2026-07-19 10:29:31.990564,W006,40.000494,-105.000052
2026-07-19 10:39:31.990564,W001,40.001499,-104.999724
2026-07-19 10:49:31.990564,W002,40.001173,-104.999879
2026-07-19 10:59:31.990564,W003,40.000958,-105.000203
2026-07-19 11:19:00.314943,W005,40.001133,-104.999497
2026-07-19 11:29:00.314943,W006,40.000997,-104.999658
2026-07-19 11:39:00.314943,W001,40.00151,-104.999176
2026-07-19 11:49:00.314943,W002,40.000505,-104.999494
2026-07-19 11:59:00.314943,W003,40.000868,-104.999661
2026-07-19 12:09:00.314943,W004,40.000776,-104.999894
2026-07-19 12:19:00.314943,W005,40.002025,-104.99945
2026-07-19 12:29:00.314943,W006,40.001499,-104.999614
2026-07-19 12:39:00.314943,W001,40.00134,-104.999155
2026-07-19 12:49:00.314943,W002,40.00106,-104.999472
2026-07-19 12:59:00.314943,W003,40.001018,-105.000146
2026-07-19 13:09:00.314943,W004,40.00077,-104.999864
2026-07-19 13:19:00.314943,W005,40.001397,-104.999587
2026-07-19 13:29:00.314943,W006,40.000975,-104.998825
2026-07-19 13:39:00.314943,W001,40.000905,-105.00003
2026-07-19 13:49:00.314943,W002,40.001012,-104.999474
2026-07-19 13:59:00.314943,W003,40.000782,-104.999662
2026-07-19 14:09:00.314943,W004,40.001713,-104.999694
2026-07-19 14:19:00.314943,W005,40.000059,-104.999895
2026-07-19 14:29:00.314943,W006,40.000607,-104.99903
2026-07-19 14:39:00.314943,W001,40.001095,-104.999952
2026-07-19 14:49:00.314943,W002,40.001147,-104.999931
2026-07-19 15:13:44.253485,W006,40.001195,-104.999376
2026-07-19 15:23:44.253485,W001,40.001273,-105.000016
2026-07-19 15:33:44.253485,W002,40.002142,-104.999768
2026-07-19 15:43:44.253485,W003,40.001937,-104.999429
2026-07-19 15:53:44.253485,W004,40.001766,-104.999361
2026-07-19 16:03:44.253485,W005,40.001175,-104.999768
2026-07-19 16:13:44.253485,W006,40.0005,-104.998878
2026-07-19 16:45:34.608662,W001,40.001443,-104.999463
2026-07-19 16:55:34.608662,W002,40.000644,-104.999112
2026-07-19 17:05:34.608662,W003,40.001239,-104.999227
2026-07-19 17:15:34.608662,W004,40.00066,-104.99912
2026-07-19 17:25:34.608662,W005,40.0009,-104.999496
2026-07-19 17:35:34.608662,W006,40.001183,-104.999611
2026-07-19 17:45:34.608662,W001,40.001136,-104.999405
2026-07-19 17:55:34.608662,W002,40.001084,-104.999449
2026-07-19 18:05:34.608662,W003,40.000957,-105.000008
2026-07-19 18:15:34.608662,W004,40.001538,-105.000322
2026-07-19 18:25:34.608662,W005,40.000808,-104.999263
2026-07-19 18:35:34.608662,W006,40.001557,-105.00022
2026-07-19 18:45:34.608662,W001,40.001236,-104.999444
2026-07-19 18:55:34.608662,W002,40.001268,-104.999138
2026-07-19 19:05:34.608662,W003,40.000994,-104.999342
2026-07-19 19:15:34.608662,W004,40.000894,-104.998864
2026-07-19 19:25:34.608662,W005,40.001341,-104.999602
2026-07-19 07:00:00.000000,W002,40.000105,-104.998711
2026-07-19 07:10:00.000000,W003,39.999492,-104.999113
2026-07-19 07:20:00.000000,W004,39.999231,-104.998463
2026-07-19 07:30:00.000000,W005,39.998874,-104.998946
2026-07-19 07:55:31.944991,W003,39.999243,-104.99837
2026-07-19 08:05:31.944991,W004,39.999188,-104.998606
2026-07-19 08:15:31.944991,W005,39.998695,-104.999287
2026-07-19 08:25:31.944991,W006,39.999345,-104.99912
2026-07-19 08:50:00.250796,W004,39.999028,-104.998446
2026-07-19 09:00:00.250796,W005,39.998935,-104.998239
2026-07-19 09:10:00.250796,W006,39.998841,-104.997948
2026-07-19 09:20:00.250796,W001,39.998883,-104.998959
2026-07-19 09:30:00.250796,W002,39.998871,-104.998806
2026-07-19 09:40:00.250796,W003,39.999844,-104.998553
2026-07-19 09:50:00.250796,W004,39.999246,-104.99814
2026-07-19 10:00:00.250796,W005,39.99879,-104.998599
2026-07-19 10:23:45.282640,W005,39.998896,-104.998151
2026-07-19 10:33:45.282640,W006,39.9992,-104.998791
2026-07-19 10:43:45.282640,W001,40.000418,-104.998652
2026-07-19 10:53:45.282640,W002,39.998937,-104.998773
2026-07-19 11:03:45.282640,W003,39.99844,-104.998541
2026-07-19 11:25:14.336321,W006,39.99879,-104.998877
2026-07-19 11:35:14.336321,W001,39.999384,-104.999517
2026-07-19 11:45:14.336321,W002,39.999189,-104.998626
2026-07-19 11:55:14.336321,W003,39.999125,-104.999153
2026-07-19 12:05:14.336321,W004,39.998491,-104.998377
2026-07-19 07:00:00.000000,W001,40.000118,-105.001487
2026-07-19 07:10:00.000000,W002,40.000622,-105.000986
2026-07-19 07:20:00.000000,W003,40.000214,-105.001084
2026-07-19 07:30:00.000000,W004,40.000537,-105.001069
2026-07-19 07:40:00.000000,W005,39.999696,-105.000682
2026-07-19 07:50:00.000000,W006,40.000863,-105.000541
2026-07-19 08:15:41.723592,W002,40.000672,-105.001014
2026-07-19 08:25:41.723592,W003,40.00068,-105.000994
2026-07-19 08:35:41.723592,W004,40.000555,-105.000509
2026-07-19 09:08:35.261673,W003,39.999689,-105.000923
2026-07-19 09:18:35.261673,W004,40.000495,-105.001477
2026-07-19 09:28:35.261673,W005,40.000882,-105.000769
2026-07-19 09:38:35.261673,W006,40.000974,-105.001628
2026-07-19 09:48:35.261673,W001,40.001188,-105.000889
2026-07-19 09:58:35.261673,W002,40.000416,-105.000266
2026-07-19 10:08:35.261673,W003,40.000477,-105.00117
2026-07-19 10:33:39.706267,W004,40.000704,-105.000909
2026-07-19 10:43:39.706267,W005,40.00084,-105.000952
2026-07-19 10:53:39.706267,W006,40.000562,-105.001333
2026-07-19 11:03:39.706267,W001,40.000422,-105.000572
2026-07-19 11:13:39.706267,W002,40.000191,-105.001096
2026-07-19 11:23:39.706267,W003,40.000205,-105.001124
2026-07-19 11:33:39.706267,W004,40.000727,-105.000949
2026-07-19 11:43:39.706267,W005,40.000321,-105.001152
2026-07-19 11:53:39.706267,W006,40.000095,-105.000875
2026-07-19 12:03:39.706267,W001,40.000103,-105.00074
2026-07-19 12:30:22.262037,W005,40.000681,-105.000601
2026-07-19 12:40:22.262037,W006,40.000662,-105.001601
2026-07-19 12:50:22.262037,W001,40.000665,-105.001165
2026-07-19 13:00:22.262037,W002,40.000489,-105.001054
2026-07-19 07:00:00.000000,W006,40.000548,-105.0008
2026-07-19 07:10:00.000000,W001,39.999855,-104.999902
2026-07-19 07:20:00.000000,W002,39.999739,-105.000466
2026-07-19 07:30:00.000000,W003,39.999877,-105.000333
2026-07-19 07:40:00.000000,W004,40.000832,-104.99944
2026-07-19 07:50:00.000000,W005,39.999975,-104.999582
2026-07-19 08:00:00.000000,W006,39.999755,-105.000457
2026-07-19 08:10:00.000000,W001,39.999916,-104.999837
2026-07-19 08:28:48.024985,W001,39.999745,-105.000051
2026-07-19 08:38:48.024985,W002,39.999163,-104.999103
2026-07-19 08:48:48.024985,W003,39.999435,-104.9994
2026-07-19 08:58:48.024985,W004,39.999851,-105.000303
2026-07-19 09:08:48.024985,W005,39.999613,-105.00005
2026-07-19 09:18:48.024985,W006,40.000306,-104.999751
2026-07-19 09:28:48.024985,W001,40.000712,-104.99954
2026-07-19 09:50:37.685757,W002,40.000048,-105.000072
2026-07-19 10:00:37.685757,W003,40.000278,-104.999137
2026-07-19 10:10:37.685757,W004,40.000236,-104.999986
2026-07-19 10:20:37.685757,W005,40.000289,-104.999712
2026-07-19 10:39:12.573945,W003,40.000283,-105.000769
2026-07-19 10:49:12.573945,W004,40.000152,-105.00032
2026-07-19 10:59:12.573945,W005,39.999172,-104.999758
2026-07-19 11:09:12.573945,W006,39.999686,-105.000162
2026-07-19 11:19:12.573945,W001,40.000186,-105.00082
2026-07-19 07:00:00.000000,W004,40.000874,-104.999191
2026-07-19 07:10:00.000000,W005,40.001335,-104.99951
2026-07-19 07:20:00.000000,W006,40.000834,-104.999099
2026-07-19 07:30:00.000000,W001,40.001146,-104.999956
2026-07-19 07:40:00.000000,W002,40.000243,-104.999528
2026-07-19 07:50:00.000000,W003,40.001019,-104.999926
2026-07-19 08:00:00.000000,W004,40.000845,-104.999235
2026-07-19 08:10:00.000000,W005,40.000492,-104.999313
2026-07-19 08:30:13.709276,W005,40.001146,-104.999516
2026-07-19 08:40:13.709276,W006,40.001542,-104.998913
2026-07-19 08:50:13.709276,W001,40.001241,-104.999311
2026-07-19 09:00:13.709276,W002,40.001821,-104.999252
2026-07-19 09:10:13.709276,W003,40.00105,-105.000102
2026-07-19 09:20:13.709276,W004,40.001613,-105.000046
2026-07-19 09:30:13.709276,W005,40.001347,-104.999596
2026-07-19 09:40:13.709276,W006,40.000751,-104.999917
2026-07-19 09:50:13.709276,W001,40.001392,-104.999249
2026-07-19 10:00:13.709276,W002,40.000673,-104.999468
2026-07-19 10:10:13.709276,W003,40.001111,-104.999443
2026-07-19 10:20:13.709276,W004,40.001174,-105.000319
2026-07-19 10:30:13.709276,W005,40.000779,-104.999657
2026-07-19 10:40:13.709276,W006,40.001275,-104.998938
2026-07-19 10:50:13.709276,W001,40.001003,-104.999222
2026-07-19 11:00:13.709276,W002,40.001434,-104.999344
2026-07-19 11:22:53.161174,W006,40.000586,-104.999976
2026-07-19 11:32:53.161174,W001,40.001126,-104.999876
2026-07-19 11:42:53.161174,W002,40.000999,-104.999303
2026-07-19 11:52:53.161174,W003,40.000838,-105.000064
2026-07-19 12:02:53.161174,W004,40.001318,-104.9998
2026-07-19 12:12:53.161174,W005,40.001176,-104.999207
2026-07-19 12:22:53.161174,W006,40.000979,-104.999389
2026-07-19 12:32:53.161174,W001,40.001069,-104.999661
2026-07-19 12:42:53.161174,W002,40.000216,-104.999476
2026-07-19 13:04:47.872998,W001,40.001118,-105.000575
2026-07-19 13:14:47.872998,W002,40.001567,-104.998779
2026-07-19 13:24:47.872998,W003,40.000212,-104.999189
2026-07-19 13:34:47.872998,W004,40.001057,-104.999087
2026-07-19 13:44:47.872998,W005,40.00071,-104.999479
2026-07-19 13:54:47.872998,W006,40.001312,-104.999719
2026-07-19 14:04:47.872998,W001,40.001355,-104.999558
2026-07-19 14:14:47.872998,W002,40.000472,-104.999589
2026-07-19 14:45:14.974030,W002,40.000711,-104.999354
2026-07-19 14:55:14.974030,W003,40.000188,-104.998992
2026-07-19 15:05:14.974030,W004,40.000547,-104.999108
2026-07-19 15:15:14.974030,W005,40.000986,-104.999525
2026-07-19 15:25:14.974030,W006,40.00094,-104.99978
2026-07-19 15:51:06.975912,W003,40.001204,-104.998937
2026-07-19 16:01:06.975912,W004,40.001127,-104.999369
2026-07-19 16:11:06.975912,W005,40.000847,-105.000376
2026-07-19 16:21:06.975912,W006,40.00077,-104.999212
2026-07-19 16:31:06.975912,W001,40.001421,-104.999171
2026-07-19 16:41:06.975912,W002,40.000857,-104.99896
2026-07-19 16:51:06.975912,W003,40.001006,-104.999441
2026-07-19 17:01:06.975912,W004,40.000784,-104.999186
2026-07-19 07:00:00.000000,W004,39.998739,-104.998021
2026-07-19 07:10:00.000000,W005,39.999503,-104.998711
2026-07-19 07:20:00.000000,W006,39.999337,-104.997745
2026-07-19 07:30:00.000000,W001,39.999503,-104.998562
2026-07-19 07:40:00.000000,W002,39.999565,-104.99852
2026-07-19 07:50:00.000000,W003,39.998872,-104.998937
2026-07-19 08:00:00.000000,W004,39.999326,-104.997836
2026-07-19 08:10:00.000000,W005,39.999236,-104.99875
2026-07-19 08:29:11.751917,W005,39.998628,-104.999513
2026-07-19 08:39:11.751917,W006,39.999637,-104.998715
2026-07-19 08:49:11.751917,W001,39.999899,-104.998654
2026-07-19 08:59:11.751917,W002,39.99907,-104.998616
2026-07-19 09:09:11.751917,W003,39.99899,-104.998632
2026-07-19 09:19:11.751917,W004,39.998578,-104.998572
2026-07-19 09:42:49.985968,W006,39.999267,-104.999336
2026-07-19 09:52:49.985968,W001,39.998876,-104.998959
2026-07-19 10:02:49.985968,W002,39.999507,-104.99845
2026-07-19 10:12:49.985968,W003,39.999372,-104.998375
2026-07-19 10:22:49.985968,W004,39.998843,-104.9981
2026-07-19 10:32:49.985968,W005,39.999227,-104.998523
2026-07-19 11:01:44.529665,W001,39.999317,-104.998671
2026-07-19 11:11:44.529665,W002,39.99966,-104.998767
2026-07-19 11:21:44.529665,W003,39.999311,-104.999441
2026-07-19 11:31:44.529665,W004,39.999804,-104.998389
2026-07-19 11:41:44.529665,W005,39.999265,-104.998853
2026-07-19 11:51:44.529665,W006,39.999533,-104.998798
2026-07-19 12:01:44.529665,W001,39.999006,-104.998865
2026-07-19 12:11:44.529665,W002,39.998998,-104.998966
2026-07-19 12:36:32.092125,W002,39.999087,-104.998957
2026-07-19 12:46:32.092125,W003,39.999377,-104.999059
2026-07-19 12:56:32.092125,W004,39.999082,-104.998675
2026-07-19 13:06:32.092125,W005,39.998351,-104.998304
2026-07-19 13:16:32.092125,W006,39.999226,-104.998889
2026-07-19 13:26:32.092125,W001,39.999421,-104.999016
2026-07-19 07:00:00.000000,W003,40.000269,-105.000184
2026-07-19 07:10:00.000000,W004,40.000749,-105.001753
2026-07-19 07:20:00.000000,W005,40.000923,-105.00064
2026-07-19 07:30:00.000000,W006,40.000871,-105.001348
2026-07-19 07:40:00.000000,W001,40.00032,-105.002295
2026-07-19 08:09:01.267744,W004,40.000992,-105.00049
2026-07-19 08:19:01.267744,W005,39.999955,-105.000837
2026-07-19 08:29:01.267744,W006,40.000167,-105.001131
2026-07-19 08:39:01.267744,W001,40.000437,-105.000855
2026-07-19 08:49:01.267744,W002,40.001041,-105.001176
2026-07-19 08:59:01.267744,W003,40.000556,-105.001278
2026-07-19 09:09:01.267744,W004,39.999968,-105.000703
2026-07-19 09:37:32.616324,W005,40.000933,-105.001113
2026-07-19 09:47:32.616324,W006,40.001072,-105.001157
2026-07-19 09:57:32.616324,W001,40.000433,-105.001524
2026-07-19 10:07:32.616324,W002,40.000821,-105.000638
2026-07-19 10:17:32.616324,W003,40.000962,-105.000739
2026-07-19 10:27:32.616324,W004,40.000384,-105.001039
2026-07-19 10:37:32.616324,W005,40.000368,-105.000954
2026-07-19 11:01:46.781546,W006,40.00014,-105.000827
2026-07-19 11:11:46.781546,W001,39.999708,-105.00092
2026-07-19 11:21:46.781546,W002,40.001062,-105.001035
2026-07-19 11:31:46.781546,W003,40.001083,-105.000787
2026-07-19 11:41:46.781546,W004,40.001152,-105.001394
2026-07-19 11:51:46.781546,W005,40.000543,-105.000804
2026-07-19 12:18:32.531064,W001,40.000005,-105.000561
2026-07-19 12:28:32.531064,W002,40.001327,-105.000633
2026-07-19 12:38:32.531064,W003,39.999893,-105.000538
2026-07-19 12:48:32.531064,W004,40.000627,-105.000674
2026-07-19 12:58:32.531064,W005,40.000562,-105.00084
2026-07-19 13:08:32.531064,W006,40.000423,-105.001488
2026-07-19 13:34:49.483961,W002,40.000281,-105.001469
2026-07-19 13:44:49.483961,W003,40.000435,-105.000884
2026-07-19 13:54:49.483961,W004,39.99992,-105.000176
2026-07-19 14:04:49.483961,W005,40.000648,-105.000807
2026-07-19 14:14:49.483961,W006,40.00065,-105.000724
2026-07-19 14:24:49.483961,W001,40.000926,-105.000934
2026-07-19 14:51:20.828110,W003,40.001027,-105.001037
2026-07-19 15:01:20.828110,W004,40.000916,-105.001035
2026-07-19 15:11:20.828110,W005,39.999629,-105.001189
2026-07-19 15:21:20.828110,W006,40.000633,-105.00157
2026-07-19 15:31:20.828110,W001,39.999992,-105.00049
2026-07-19 15:41:20.828110,W002,40.000116,-105.001158
2026-07-19 15:51:20.828110,W003,40.000101,-105.001062
2026-07-19 16:19:13.725951,W004,40.000914,-105.001313
2026-07-19 16:29:13.725951,W005,40.001506,-105.001264
2026-07-19 16:39:13.725951,W006,40.000768,-105.000671
2026-07-19 16:49:13.725951,W001,40.000034,-105.001291
2026-07-19 16:59:13.725951,W002,40.000758,-105.001155
2026-07-20 07:00:00.000000,W005,40.000444,-104.999845
2026-07-20 07:10:00.000000,W006,39.999898,-105.000119
2026-07-20 07:20:00.000000,W001,39.999846,-105.000465
2026-07-20 07:30:00.000000,W002,40.000413,-105.000447
2026-07-20 07:40:00.000000,W003,40.000001,-104.999969
2026-07-20 07:50:00.000000,W004,39.999976,-104.999425
2026-07-20 08:07:10.411562,W006,40.000296,-104.999766
2026-07-20 08:17:10.411562,W001,40.00038,-105.000022
2026-07-20 08:27:10.411562,W002,39.999934,-104.999824
2026-07-20 08:37:10.411562,W003,40.000098,-105.000463
2026-07-20 09:01:15.355477,W001,39.999209,-104.999991
2026-07-20 09:11:15.355477,W002,39.999754,-104.999848
2026-07-20 09:21:15.355477,W003,40.000258,-105.000182
2026-07-20 09:31:15.355477,W004,39.999829,-105.000413
2026-07-20 09:41:15.355477,W005,39.999545,-105.000357
2026-07-20 09:51:15.355477,W006,40.000399,-105.000192
2026-07-20 10:13:48.599855,W002,40.000659,-104.999556
2026-07-20 10:23:48.599855,W003,39.999866,-105.000274
2026-07-20 10:33:48.599855,W004,39.999612,-105.000149
2026-07-20 11:00:43.746432,W003,39.999532,-105.000233
2026-07-20 11:10:43.746432,W004,40.000388,-104.999864
2026-07-20 11:20:43.746432,W005,40.000029,-104.999805
2026-07-20 11:30:43.746432,W006,39.999376,-105.000282
2026-07-20 11:40:43.746432,W001,39.999585,-105.000101
2026-07-20 11:50:43.746432,W002,39.999798,-105.000912
2026-07-20 12:00:43.746432,W003,39.999962,-105.000027
2026-07-20 12:17:07.758107,W004,40.000617,-104.99951
2026-07-20 12:27:07.758107,W005,39.999386,-105.000411
2026-07-20 12:37:07.758107,W006,40.000254,-104.999664
2026-07-20 12:47:07.758107,W001,40.000127,-105.000441
2026-07-20 12:57:07.758107,W002,40.000625,-104.999925
2026-07-20 13:07:07.758107,W003,39.999618,-104.999344
2026-07-20 13:29:45.112219,W005,39.999982,-105.000087
2026-07-20 13:39:45.112219,W006,39.999764,-105.000266
2026-07-20 13:49:45.112219,W001,39.999985,-105.000313
2026-07-20 13:59:45.112219,W002,40.000171,-104.999622
2026-07-20 14:23:37.819502,W006,39.999445,-105.000601
2026-07-20 14:33:37.819502,W001,40.000318,-104.999983
2026-07-20 14:43:37.819502,W002,40.000175,-104.999696
2026-07-20 14:53:37.819502,W003,39.999476,-105.000787
2026-07-20 15:03:37.819502,W004,40.000481,-105.00058
2026-07-20 07:00:00.000000,W001,40.001147,-104.999214
2026-07-20 07:10:00.000000,W002,40.001268,-104.99955
2026-07-20 07:20:00.000000,W003,40.001025,-104.999875
2026-07-20 07:30:00.000000,W004,40.00194,-104.998751
2026-07-20 07:40:00.000000,W005,40.001585,-104.999519
2026-07-20 07:50:00.000000,W006,40.000854,-104.999255
2026-07-20 08:00:00.000000,W001,40.001019,-104.999524
2026-07-20 08:10:00.000000,W002,40.000908,-104.998847
2026-07-20 08:30:08.642463,W002,40.000619,-104.999797
2026-07-20 08:40:08.642463,W003,40.000935,-104.999758
2026-07-20 08:50:08.642463,W004,40.000558,-104.99925
2026-07-20 09:00:08.642463,W005,40.001109,-104.99856
2026-07-20 09:10:08.642463,W006,40.000774,-104.998837
2026-07-20 09:20:08.642463,W001,40.001772,-105.000055
2026-07-20 09:30:08.642463,W002,40.001212,-104.999764
2026-07-20 09:40:08.642463,W003,40.000571,-104.999494
2026-07-20 10:05:55.094598,W003,40.001089,-104.999223
2026-07-20 10:15:55.094598,W004,40.001091,-104.999437
2026-07-20 10:25:55.094598,W005,40.001127,-104.999142
2026-07-20 10:35:55.094598,W006,40.000815,-104.99953
2026-07-20 10:45:55.094598,W001,40.000906,-105.000077
2026-07-20 10:55:55.094598,W002,40.001033,-105.00017
2026-07-20 11:05:55.094598,W003,40.001019,-105.00022
2026-07-20 11:15:55.094598,W004,40.001816,-104.999497
2026-07-20 11:25:55.094598,W005,40.00087,-104.999539
2026-07-20 11:35:55.094598,W006,40.000536,-104.999612
2026-07-20 11:45:55.094598,W001,40.001051,-104.998957
2026-07-20 12:11:09.188112,W004,40.001099,-104.999798
2026-07-20 12:21:09.188112,W005,40.000992,-104.999751
2026-07-20 12:31:09.188112,W006,40.000596,-104.99895
2026-07-20 12:41:09.188112,W001,40.00083,-104.999981
2026-07-20 12:51:09.188112,W002,40.001055,-104.999277
2026-07-20 13:01:09.188112,W003,40.001697,-104.999604
2026-07-20 13:11:09.188112,W004,40.001125,-104.999259
2026-07-20 13:21:09.188112,W005,40.001008,-104.999527
2026-07-20 13:31:09.188112,W006,40.001395,-104.999733
2026-07-20 13:41:09.188112,W001,40.000904,-104.999653
2026-07-20 13:51:09.188112,W002,40.00075,-104.999552
2026-07-20 14:01:09.188112,W003,40.001618,-104.999891
2026-07-20 07:00:00.000000,W005,39.999763,-104.998934
2026-07-20 07:10:00.000000,W006,39.99997,-104.999186
2026-07-20 07:20:00.000000,W001,39.999393,-104.998771
2026-07-20 07:30:00.000000,W002,39.999169,-104.998455
2026-07-20 07:40:00.000000,W003,39.999815,-104.999013
2026-07-20 08:07:07.422609,W006,39.998745,-104.998997
2026-07-20 08:17:07.422609,W001,39.998934,-104.99913
2026-07-20 08:27:07.422609,W002,39.999849,-104.99851
2026-07-20 08:37:07.422609,W003,39.999029,-104.999992
2026-07-20 08:58:59.439040,W001,39.99902,-104.998409
2026-07-20 09:08:59.439040,W002,39.9989,-104.998755
2026-07-20 09:18:59.439040,W003,39.999076,-104.99868
2026-07-20 09:28:59.439040,W004,39.999409,-104.998928
2026-07-20 09:38:59.439040,W005,39.999174,-104.998661
2026-07-20 09:59:19.560870,W002,39.999113,-104.99835
2026-07-20 10:09:19.560870,W003,39.99936,-104.998115
2026-07-20 10:19:19.560870,W004,39.998437,-104.999562
2026-07-20 10:29:19.560870,W005,39.999485,-104.999067
2026-07-20 10:39:19.560870,W006,39.99901,-104.997915
2026-07-20 10:49:19.560870,W001,39.999119,-104.99836
2026-07-20 10:59:19.560870,W002,39.999608,-104.999045
2026-07-20 11:30:04.167470,W003,39.999299,-104.999343
2026-07-20 11:40:04.167470,W004,39.998673,-104.998925
2026-07-20 11:50:04.167470,W005,39.999406,-104.998863
2026-07-20 12:00:04.167470,W006,39.999101,-104.9989
2026-07-20 12:10:04.167470,W001,39.999029,-104.998885
2026-07-20 12:20:04.167470,W002,39.999273,-104.998706
2026-07-20 12:48:58.624433,W004,39.999934,-104.999354
2026-07-20 12:58:58.624433,W005,39.99959,-104.998486
2026-07-20 13:08:58.624433,W006,39.999131,-104.998563
2026-07-20 13:18:58.624433,W001,39.999301,-104.99873
2026-07-20 07:00:00.000000,W005,40.001538,-105.000793
2026-07-20 07:10:00.000000,W006,40.001448,-105.001556
2026-07-20 07:20:00.000000,W001,40.00064,-105.000854
2026-07-20 07:30:00.000000,W002,40.000557,-105.000644
2026-07-20 07:58:05.172845,W006,39.999973,-105.000628
2026-07-20 08:08:05.172845,W001,40.000913,-105.000923
2026-07-20 08:18:05.172845,W002,40.000851,-105.000981
2026-07-20 08:28:05.172845,W003,40.000238,-105.001916
2026-07-20 08:53:48.690838,W001,40.000794,-105.001165
2026-07-20 09:03:48.690838,W002,40.000626,-105.000759
2026-07-20 09:13:48.690838,W003,40.000059,-105.00102
2026-07-20 09:23:48.690838,W004,40.000649,-105.001341
2026-07-20 09:33:48.690838,W005,40.000242,-105.000619
2026-07-20 09:43:48.690838,W006,40.000234,-105.000752
2026-07-20 09:53:48.690838,W001,40.00028,-105.000791
2026-07-20 10:03:48.690838,W002,39.999668,-105.000294
2026-07-20 10:27:27.248615,W002,40.000838,-105.001201
2026-07-20 10:37:27.248615,W003,40.000186,-105.000355
2026-07-20 10:47:27.248615,W004,40.000554,-105.000915
2026-07-20 10:57:27.248615,W005,40.000487,-105.00078
2026-07-20 07:00:00.000000,W003,39.999529,-104.999554
2026-07-20 07:10:00.000000,W004,39.999322,-105.000241
2026-07-20 07:20:00.000000,W005,40.000064,-104.999007
2026-07-20 07:30:00.000000,W006,39.999589,-105.000419
2026-07-20 07:40:00.000000,W001,39.999922,-105.000456
2026-07-20 07:50:00.000000,W002,40.000673,-105.000216
2026-07-20 08:10:32.156691,W004,39.999754,-105.000067
2026-07-20 08:20:32.156691,W005,39.999358,-105.000047
2026-07-20 08:30:32.156691,W006,40.000822,-105.000025
2026-07-20 08:40:32.156691,W001,39.999795,-104.999591
2026-07-20 08:50:32.156691,W002,40.000245,-105.001439
2026-07-20 09:00:32.156691,W003,39.999975,-104.99989
2026-07-20 09:29:30.886111,W005,40.000258,-104.999589
2026-07-20 09:39:30.886111,W006,40.00063,-104.999936
2026-07-20 09:49:30.886111,W001,40.000563,-105.000152
2026-07-20 09:59:30.886111,W002,40.000042,-104.999844
2026-07-20 10:32:23.486275,W006,40.000132,-104.999376
2026-07-20 10:42:23.486275,W001,40.000589,-105.000052
2026-07-20 10:52:23.486275,W002,39.999976,-105.000055
2026-07-20 11:02:23.486275,W003,40.000872,-104.999934
2026-07-20 11:26:57.995181,W001,39.999854,-104.999912
2026-07-20 11:36:57.995181,W002,39.999727,-105.000176
2026-07-20 11:46:57.995181,W003,40.000368,-104.999998
2026-07-20 11:56:57.995181,W004,40.000133,-105.000267
2026-07-20 12:06:57.995181,W005,40.000405,-105.000476
2026-07-20 12:16:57.995181,W006,39.999137,-105.000679
2026-07-20 12:26:57.995181,W001,40.000468,-104.999759
2026-07-20 12:50:31.053615,W002,40.000688,-105.000306
2026-07-20 13:00:31.053615,W003,40.000479,-104.99988
2026-07-20 13:10:31.053615,W004,39.999363,-105.000321
2026-07-20 13:20:31.053615,W005,39.999817,-105.000213
2026-07-20 07:00:00.000000,W003,40.000857,-104.99979
2026-07-20 07:10:00.000000,W004,40.00116,-104.999322
2026-07-20 07:20:00.000000,W005,40.001212,-104.998895
2026-07-20 07:30:00.000000,W006,40.000621,-104.999011
2026-07-20 07:40:00.000000,W001,40.000291,-104.999333
2026-07-20 07:59:18.349988,W004,40.000696,-104.999299
2026-07-20 08:09:18.349988,W005,40.00121,-104.999241
2026-07-20 08:19:18.349988,W006,40.001317,-104.999589
2026-07-20 08:29:18.349988,W001,40.000889,-105.000237
2026-07-20 08:39:18.349988,W002,40.000849,-105.000164
2026-07-20 08:49:18.349988,W003,40.000583,-105.000178
2026-07-20 08:59:18.349988,W004,40.000905,-104.999751
2026-07-20 09:24:57.881861,W005,40.001587,-104.999078
2026-07-20 09:34:57.881861,W006,40.001684,-105.000086
2026-07-20 09:44:57.881861,W001,40.001099,-104.99924
2026-07-20 09:54:57.881861,W002,40.001302,-104.999137
2026-07-20 10:04:57.881861,W003,40.000778,-104.999457
2026-07-20 10:14:57.881861,W004,40.001103,-105.000348
2026-07-20 10:24:57.881861,W005,40.000973,-104.998977
2026-07-20 10:34:57.881861,W006,40.001042,-104.99915
2026-07-20 10:44:57.881861,W001,40.001132,-104.99966
2026-07-20 10:54:57.881861,W002,40.000583,-104.998584
2026-07-20 11:11:54.662217,W006,40.000844,-105.000163
2026-07-20 11:21:54.662217,W001,40.001452,-104.999741
2026-07-20 11:31:54.662217,W002,40.001402,-104.999651
2026-07-20 11:41:54.662217,W003,40.001026,-104.999684
2026-07-20 11:51:54.662217,W004,40.001124,-104.999029
2026-07-20 12:01:54.662217,W005,40.001479,-104.999984
2026-07-20 12:32:12.936997,W001,40.000973,-104.998886
2026-07-20 12:42:12.936997,W002,40.002034,-104.999984
2026-07-20 12:52:12.936997,W003,40.000929,-104.999378
2026-07-20 13:02:12.936997,W004,40.001152,-104.999759
2026-07-20 13:12:12.936997,W005,40.001679,-104.999785
2026-07-20 13:22:12.936997,W006,40.000394,-104.999338
2026-07-20 13:49:08.298658,W002,40.001239,-104.999374
2026-07-20 13:59:08.298658,W003,40.000538,-104.999231
2026-07-20 14:09:08.298658,W004,40.001978,-104.99973
2026-07-20 14:19:08.298658,W005,40.001264,-104.999301
2026-07-20 14:29:08.298658,W006,40.001272,-104.999843
2026-07-20 14:39:08.298658,W001,40.000566,-104.998878
2026-07-20 15:08:24.945254,W003,40.000715,-104.999576
2026-07-20 15:18:24.945254,W004,40.001023,-104.999235
2026-07-20 15:28:24.945254,W005,40.001358,-104.999048
2026-07-20 15:38:24.945254,W006,40.000776,-104.999667
2026-07-20 15:48:24.945254,W001,40.000383,-104.999634
2026-07-20 15:58:24.945254,W002,40.001062,-104.999227
2026-07-20 07:00:00.000000,W004,39.998801,-104.998678
2026-07-20 07:10:00.000000,W005,39.999028,-104.999649
2026-07-20 07:20:00.000000,W006,39.998711,-104.998428
2026-07-20 07:30:00.000000,W001,39.998962,-104.99903
2026-07-20 07:40:00.000000,W002,39.999297,-104.999158
2026-07-20 07:59:43.647225,W005,40.000013,-104.999172
2026-07-20 08:09:43.647225,W006,39.999154,-104.99845
2026-07-20 08:19:43.647225,W001,39.999059,-104.999201
2026-07-20 08:29:43.647225,W002,39.999618,-104.998272
2026-07-20 08:39:43.647225,W003,39.999272,-104.998896
2026-07-20 08:49:43.647225,W004,39.999389,-104.998966
2026-07-20 08:59:43.647225,W005,39.999203,-104.998688
2026-07-20 09:09:43.647225,W006,39.999311,-104.998657
2026-07-20 09:31:37.585355,W006,39.9995,-104.99877
2026-07-20 09:41:37.585355,W001,39.998786,-104.998722
2026-07-20 09:51:37.585355,W002,39.998859,-104.998976
2026-07-20 10:01:37.585355,W003,39.999189,-104.998657
2026-07-20 10:11:37.585355,W004,39.998254,-104.998541
2026-07-20 10:21:37.585355,W005,39.99918,-104.998301
2026-07-20 10:44:25.977714,W001,39.998599,-104.99862
2026-07-20 10:54:25.977714,W002,39.998734,-104.999033
2026-07-20 11:04:25.977714,W003,39.998875,-104.998892
2026-07-20 11:14:25.977714,W004,39.999169,-104.999199
2026-07-20 11:24:25.977714,W005,39.999924,-104.998972
2026-07-20 11:34:25.977714,W006,39.999262,-104.999116
2026-07-20 11:44:25.977714,W001,39.999035,-104.998898
2026-07-20 11:54:25.977714,W002,39.998812,-104.998803
2026-07-20 12:19:28.339593,W002,39.999952,-104.998453
2026-07-20 12:29:28.339593,W003,39.999742,-104.999226
2026-07-20 12:39:28.339593,W004,39.998865,-104.998863
2026-07-20 12:49:28.339593,W005,39.999161,-104.999739
2026-07-20 13:15:46.166324,W003,39.999363,-104.998625
2026-07-20 13:25:46.166324,W004,40.000093,-104.998408
2026-07-20 13:35:46.166324,W005,40.0002,-104.99886
2026-07-20 13:45:46.166324,W006,39.99927,-104.998536
2026-07-20 14:11:44.035846,W004,39.999067,-104.998254
2026-07-20 14:21:44.035846,W005,39.999116,-104.999061
2026-07-20 14:31:44.035846,W006,39.998964,-104.99913
2026-07-20 14:41:44.035846,W001,39.999651,-104.998287
2026-07-20 14:51:44.035846,W002,39.999851,-104.999012
2026-07-20 15:01:44.035846,W003,39.998409,-104.999228
2026-07-20 15:11:44.035846,W004,39.999796,-104.998795
2026-07-20 15:21:44.035846,W005,39.998778,-104.999507
2026-07-20 15:31:44.035846,W006,39.999302,-104.9991
2026-07-20 15:41:44.035846,W001,39.999567,-104.99934
2026-07-20 15:51:44.035846,W002,39.99953,-104.999035
2026-07-20 16:01:44.035846,W003,39.999179,-104.999198
2026-07-20 16:11:44.035846,W004,39.998939,-104.998897
2026-07-20 07:00:00.000000,W005,40.000122,-105.000427
2026-07-20 07:10:00.000000,W006,40.000717,-105.000572
2026-07-20 07:20:00.000000,W001,40.000978,-105.001035
2026-07-20 07:30:00.000000,W002,40.000316,-105.001474
2026-07-20 07:40:00.000000,W003,39.999965,-105.000538
2026-07-20 07:50:00.000000,W004,40.000663,-105.001668
2026-07-20 08:00:00.000000,W005,40.000683,-105.001131
2026-07-20 08:19:20.171428,W006,40.001258,-105.001157
2026-07-20 08:29:20.171428,W001,39.999807,-105.00162
2026-07-20 08:39:20.171428,W002,40.001059,-105.000914
2026-07-20 08:49:20.171428,W003,39.999738,-105.00096
2026-07-20 09:11:37.135407,W001,40.000416,-105.000391
2026-07-20 09:21:37.135407,W002,40.000297,-105.000549
2026-07-20 09:31:37.135407,W003,40.000726,-105.001286
2026-07-20 09:41:37.135407,W004,40.000859,-105.001004
2026-07-20 09:51:37.135407,W005,39.999666,-105.001101
2026-07-20 10:01:37.135407,W006,40.000804,-105.001562
2026-07-20 10:11:37.135407,W001,40.001569,-105.001987
2026-07-20 10:21:37.135407,W002,40.000958,-105.001411
2026-07-20 10:31:37.135407,W003,40.000639,-105.000619
2026-07-20 10:41:37.135407,W004,40.000879,-105.001357
2026-07-20 11:01:55.964859,W002,40.000373,-105.00116
2026-07-20 11:11:55.964859,W003,40.000331,-105.00133
2026-07-20 11:21:55.964859,W004,40.000301,-105.00118
2026-07-20 11:31:55.964859,W005,40.000033,-105.001153
2026-07-20 11:41:55.964859,W006,39.999956,-105.001506
2026-07-20 12:09:55.316717,W003,40.000242,-105.001018
2026-07-20 12:19:55.316717,W004,39.999681,-105.000451
2026-07-20 12:29:55.316717,W005,40.000869,-105.001096
2026-07-20 12:39:55.316717,W006,40.001449,-105.001856
2026-07-20 12:49:55.316717,W001,40.00057,-105.001171
2026-07-20 12:59:55.316717,W002,40.001468,-105.001087
2026-07-20 13:09:55.316717,W003,39.999824,-105.000768
2026-07-20 13:19:55.316717,W004,40.000034,-105.000694
2026-07-20 13:29:55.316717,W005,40.000862,-105.001436
2026-07-20 13:39:55.316717,W006,40.001259,-105.000864
2026-07-20 13:49:55.316717,W001,40.000499,-105.001087
2026-07-20 14:16:25.392350,W004,40.000911,-105.000433
2026-07-20 14:26:25.392350,W005,40.000041,-105.001444
2026-07-20 14:36:25.392350,W006,39.999887,-105.00081
2026-07-20 14:46:25.392350,W001,40.000977,-105.001148
2026-07-20 14:56:25.392350,W002,40.00087,-105.000559
2026-07-20 15:06:25.392350,W003,40.000987,-104.9998
2026-07-21 07:00:00.000000,W005,39.999061,-105.000223
2026-07-21 07:10:00.000000,W006,39.999507,-105.000571
2026-07-21 07:20:00.000000,W001,40.000688,-104.999881
2026-07-21 07:30:00.000000,W002,39.999169,-105.000232
2026-07-21 07:40:00.000000,W003,40.000152,-105.000263
2026-07-21 07:50:00.000000,W004,40.00087,-105.000054
2026-07-21 08:00:00.000000,W005,39.999895,-104.999744
2026-07-21 08:23:31.675416,W006,39.999686,-105.000178
2026-07-21 08:33:31.675416,W001,40.000128,-105.000311
2026-07-21 08:43:31.675416,W002,40.00021,-105.000065
2026-07-21 08:53:31.675416,W003,39.999748,-104.999619
2026-07-21 09:03:31.675416,W004,39.999921,-105.000261
2026-07-21 09:13:31.675416,W005,39.999518,-104.999952
2026-07-21 09:23:31.675416,W006,39.999698,-105.000378
2026-07-21 09:33:31.675416,W001,39.999939,-104.999961
2026-07-21 09:43:31.675416,W002,39.999287,-105.000442
2026-07-21 10:03:15.890685,W001,39.999785,-105.00048
2026-07-21 10:13:15.890685,W002,39.999772,-105.000615
2026-07-21 10:23:15.890685,W003,39.999475,-105.000827
2026-07-21 10:33:15.890685,W004,40.000927,-105.0004
2026-07-21 10:43:15.890685,W005,39.999774,-104.999922
2026-07-21 10:53:15.890685,W006,40.00012,-104.999568
2026-07-21 11:03:15.890685,W001,40.000754,-105.000531
2026-07-21 11:13:15.890685,W002,40.000469,-105.000142
2026-07-21 11:23:15.890685,W003,39.999205,-104.999613
2026-07-21 11:49:38.383021,W002,40.000311,-105.000405
2026-07-21 11:59:38.383021,W003,39.999303,-104.999513
2026-07-21 12:09:38.383021,W004,39.999949,-105.000298
2026-07-21 12:19:38.383021,W005,39.999859,-104.999898
2026-07-21 12:29:38.383021,W006,40.000694,-104.999302
2026-07-21 12:39:38.383021,W001,40.000011,-104.999959
2026-07-21 12:49:38.383021,W002,40.000114,-105.000148
2026-07-21 12:59:38.383021,W003,40.000221,-104.999956
2026-07-21 13:09:38.383021,W004,39.999805,-105.00062
2026-07-21 13:19:38.383021,W005,40.000077,-104.999886
2026-07-21 13:35:52.487604,W003,39.999899,-104.999999
2026-07-21 13:45:52.487604,W004,40.000248,-104.999118
2026-07-21 13:55:52.487604,W005,40.000225,-104.999938
2026-07-21 14:05:52.487604,W006,39.999618,-105.000724
2026-07-21 14:15:52.487604,W001,39.999676,-104.999802
2026-07-21 14:25:52.487604,W002,39.999728,-104.999887
2026-07-21 07:00:00.000000,W004,40.001471,-104.999244
2026-07-21 07:10:00.000000,W005,40.00111,-104.999061
2026-07-21 07:20:00.000000,W006,40.000722,-105.000365
2026-07-21 07:30:00.000000,W001,40.000982,-104.999647
2026-07-21 07:40:00.000000,W002,40.001295,-104.999585
2026-07-21 07:50:00.000000,W003,40.000656,-104.998955
2026-07-21 08:00:00.000000,W004,40.000591,-104.999352
2026-07-21 08:10:00.000000,W005,40.000805,-104.999122
2026-07-21 08:20:00.000000,W006,40.001051,-104.99924
2026-07-21 08:30:00.000000,W001,40.001274,-104.999263
2026-07-21 08:40:00.000000,W002,40.000704,-104.999378
2026-07-21 08:50:00.000000,W003,40.000575,-104.999594
2026-07-21 09:09:14.308133,W005,40.000406,-104.999669
2026-07-21 09:19:14.308133,W006,40.00069,-104.999037
2026-07-21 09:29:14.308133,W001,40.000818,-104.999349
2026-07-21 09:39:14.308133,W002,40.000673,-105.00008
2026-07-21 09:49:14.308133,W003,40.000491,-104.999514
2026-07-21 09:59:14.308133,W004,40.001279,-105.00009
2026-07-21 10:09:14.308133,W005,40.000749,-105.000018
2026-07-21 10:19:14.308133,W006,40.00088,-104.999485
2026-07-21 10:29:14.308133,W001,40.000772,-104.999631
2026-07-21 10:39:14.308133,W002,40.00143,-104.999758
2026-07-21 10:49:14.308133,W003,40.00088,-104.999097
2026-07-21 11:14:04.069068,W006,40.001936,-104.99924
2026-07-21 11:24:04.069068,W001,40.001279,-104.99959
2026-07-21 11:34:04.069068,W002,40.000175,-105.000531
2026-07-21 11:44:04.069068,W003,40.001171,-104.999991
2026-07-21 11:54:04.069068,W004,40.00105,-104.999559
2026-07-21 12:04:04.069068,W005,40.000909,-104.999472
2026-07-21 12:14:04.069068,W006,40.000802,-104.999676
2026-07-21 12:24:04.069068,W001,40.001039,-105.000028
2026-07-21 12:34:04.069068,W002,40.000485,-104.999188
2026-07-21 12:59:43.330484,W001,40.001765,-104.999982
2026-07-21 13:09:43.330484,W002,40.001096,-104.999181
2026-07-21 13:19:43.330484,W003,40.000981,-104.999137
2026-07-21 13:29:43.330484,W004,40.000481,-104.999431
2026-07-21 13:39:43.330484,W005,40.001437,-104.999738
2026-07-21 13:49:43.330484,W006,40.000934,-104.999557
2026-07-21 13:59:43.330484,W001,40.001318,-104.99968
2026-07-21 14:09:43.330484,W002,40.000954,-104.998836
2026-07-21 14:19:43.330484,W003,40.00138,-104.999372
2026-07-21 14:29:43.330484,W004,40.000227,-104.998602
2026-07-21 14:39:43.330484,W005,40.001111,-104.999545
2026-07-21 14:49:43.330484,W006,40.001646,-104.999167
2026-07-21 14:59:43.330484,W001,40.001287,-104.999879
2026-07-21 15:09:43.330484,W002,40.001542,-104.999799
2026-07-21 15:19:43.330484,W003,40.001133,-104.999094
2026-07-21 15:29:43.330484,W004,40.001462,-104.999005
2026-07-21 15:39:43.330484,W005,40.001379,-104.999449
2026-07-21 15:49:43.330484,W006,40.000919,-105.000148
2026-07-21 16:08:13.965638,W002,40.000585,-104.998971
2026-07-21 16:18:13.965638,W003,40.00104,-104.999563
2026-07-21 16:28:13.965638,W004,40.001333,-104.999893
2026-07-21 16:38:13.965638,W005,40.001734,-105.000265
2026-07-21 16:48:13.965638,W006,40.001073,-104.999246
2026-07-21 16:58:13.965638,W001,40.001611,-104.9998
2026-07-21 17:08:13.965638,W002,40.001386,-104.999309
2026-07-21 17:18:13.965638,W003,40.000885,-104.998366
2026-07-21 17:28:13.965638,W004,40.000757,-104.999087
2026-07-21 17:38:13.965638,W005,40.001281,-104.999103
2026-07-21 17:48:13.965638,W006,40.001015,-104.9995
2026-07-21 17:58:13.965638,W001,40.000666,-104.999402
2026-07-21 18:08:13.965638,W002,40.001625,-104.999129
2026-07-21 18:18:13.965638,W003,40.001756,-104.999155
2026-07-21 18:28:13.965638,W004,40.000084,-104.999873
2026-07-21 18:38:13.965638,W005,40.000752,-104.999913
2026-07-21 18:48:13.965638,W006,40.000867,-104.999057
2026-07-21 18:58:13.965638,W001,40.00041,-104.99956
2026-07-21 19:08:13.965638,W002,40.00148,-104.99923
2026-07-21 07:00:00.000000,W003,39.999094,-104.998421
2026-07-21 07:10:00.000000,W004,39.99962,-104.999367
2026-07-21 07:20:00.000000,W005,39.999088,-104.998358
2026-07-21 07:30:00.000000,W006,39.999426,-104.998259
2026-07-21 07:49:24.165669,W004,39.99939,-104.998495
2026-07-21 07:59:24.165669,W005,39.999211,-104.999491
2026-07-21 08:09:24.165669,W006,39.998633,-104.998827
2026-07-21 08:37:05.296634,W005,39.999831,-104.998369
2026-07-21 08:47:05.296634,W006,39.999057,-104.998839
2026-07-21 08:57:05.296634,W001,39.999264,-104.998177
2026-07-21 09:07:05.296634,W002,39.999065,-104.997794
2026-07-21 09:17:05.296634,W003,40.000245,-104.999026
2026-07-21 09:27:05.296634,W004,39.99865,-104.999115
2026-07-21 09:37:05.296634,W005,39.998832,-104.999049
2026-07-21 09:47:05.296634,W006,39.999745,-104.99912
2026-07-21 10:04:39.775985,W006,39.998965,-104.998837
2026-07-21 10:14:39.775985,W001,39.999267,-104.999121
2026-07-21 10:24:39.775985,W002,39.999054,-104.998329
2026-07-21 10:34:39.775985,W003,39.999162,-104.998921
2026-07-21 10:44:39.775985,W004,39.998833,-104.998965
2026-07-21 10:54:39.775985,W005,39.999626,-104.998131
2026-07-21 11:04:39.775985,W006,40.000028,-104.999177
2026-07-21 11:14:39.775985,W001,39.999309,-104.998805
2026-07-21 07:00:00.000000,W001,40.000506,-105.000535
2026-07-21 07:10:00.000000,W002,40.000554,-105.000626
2026-07-21 07:20:00.000000,W003,40.000367,-105.001248
2026-07-21 07:30:00.000000,W004,40.000147,-105.000904
2026-07-21 07:40:00.000000,W005,40.000743,-105.000462
2026-07-21 07:50:00.000000,W006,40.000832,-105.00168
2026-07-21 08:18:12.861303,W002,40.000213,-105.001429
2026-07-21 08:28:12.861303,W003,40.001086,-105.000256
2026-07-21 08:38:12.861303,W004,40.001147,-105.001313
2026-07-21 08:48:12.861303,W005,40.000232,-105.000976
2026-07-21 08:58:12.861303,W006,40.000655,-105.001326
2026-07-21 09:08:12.861303,W001,40.00003,-105.000994
2026-07-21 09:26:38.404065,W003,40.001113,-105.00116
2026-07-21 09:36:38.404065,W004,39.999633,-105.000667
2026-07-21 09:46:38.404065,W005,40.000483,-105.00101
2026-07-21 09:56:38.404065,W006,40.000904,-105.000509
2026-07-21 10:06:38.404065,W001,40.000765,-105.001165
2026-07-21 10:29:01.451664,W004,40.000988,-105.001069
2026-07-21 10:39:01.451664,W005,40.000454,-105.000677
2026-07-21 10:49:01.451664,W006,40.0005,-105.00119
2026-07-21 10:59:01.451664,W001,40.000633,-105.00101
2026-07-21 11:30:15.734863,W005,40.000706,-105.001132
2026-07-21 11:40:15.734863,W006,40.0017,-105.001161
2026-07-21 11:50:15.734863,W001,40.000294,-105.001184
2026-07-21 12:00:15.734863,W002,40.000998,-105.000839
2026-07-21 12:10:15.734863,W003,39.999948,-105.000844
2026-07-21 12:20:15.734863,W004,40.000411,-105.000848
2026-07-21 12:50:02.882610,W006,40.000153,-105.000976
2026-07-21 13:00:02.882610,W001,40.000861,-104.999904
2026-07-21 13:10:02.882610,W002,40.000286,-105.001753
2026-07-21 13:20:02.882610,W003,40.000191,-105.000773
2026-07-21 13:30:02.882610,W004,40.000282,-105.001491
2026-07-21 13:40:02.882610,W005,40.000529,-105.001018
2026-07-21 13:50:02.882610,W006,40.000075,-105.001129
2026-07-21 14:00:02.882610,W001,40.000433,-105.00108
2026-07-21 14:10:02.882610,W002,40.000562,-105.000734
2026-07-21 14:20:02.882610,W003,40.000447,-105.000907
2026-07-21 14:30:02.882610,W004,40.000992,-105.001495
2026-07-21 14:40:02.882610,W005,40.000683,-105.001336
2026-07-21 14:50:02.882610,W006,40.000107,-105.001215
2026-07-21 15:20:47.636754,W001,40.000407,-105.001149
2026-07-21 15:30:47.636754,W002,40.000192,-105.001428
2026-07-21 15:40:47.636754,W003,40.001158,-105.000981
2026-07-21 15:50:47.636754,W004,40.000999,-105.000754
2026-07-21 16:00:47.636754,W005,40.000903,-105.000888
2026-07-21 07:00:00.000000,W002,39.999903,-104.999924
2026-07-21 07:10:00.000000,W003,39.999755,-104.999741
2026-07-21 07:20:00.000000,W004,40.0007,-105.000204
2026-07-21 07:30:00.000000,W005,39.999912,-104.999812
2026-07-21 07:40:00.000000,W006,40.000146,-104.999473
2026-07-21 07:50:00.000000,W001,39.999427,-104.999363
2026-07-21 08:18:56.244283,W003,40.000079,-105.00012
2026-07-21 08:28:56.244283,W004,40.000258,-104.999786
2026-07-21 08:38:56.244283,W005,40.000387,-104.999872
2026-07-21 08:48:56.244283,W006,39.999969,-104.999534
2026-07-21 09:17:30.337900,W004,40.000066,-105.000343
2026-07-21 09:27:30.337900,W005,39.999625,-105.000366
2026-07-21 09:37:30.337900,W006,39.999121,-105.000124
2026-07-21 09:55:16.719217,W005,40.000165,-105.000183
2026-07-21 10:05:16.719217,W006,39.999369,-104.999749
2026-07-21 10:15:16.719217,W001,39.999842,-104.999739
2026-07-21 10:25:16.719217,W002,39.999787,-104.999524
2026-07-21 10:35:16.719217,W003,40.000951,-105.000212
2026-07-21 11:00:43.282039,W006,39.99994,-104.999972
2026-07-21 11:10:43.282039,W001,40.000272,-105.000356
2026-07-21 11:20:43.282039,W002,40.000039,-105.000046
2026-07-21 11:30:43.282039,W003,39.99996,-104.999156
2026-07-21 07:00:00.000000,W001,40.001341,-104.99948
2026-07-21 07:10:00.000000,W002,40.000569,-104.999318
2026-07-21 07:20:00.000000,W003,40.000368,-104.99875
2026-07-21 07:30:00.000000,W004,40.000963,-104.999104
2026-07-21 07:40:00.000000,W005,40.000436,-104.998948
2026-07-21 07:50:00.000000,W006,40.000699,-104.999473
2026-07-21 08:00:00.000000,W001,40.001594,-104.99958
2026-07-21 08:10:00.000000,W002,40.000882,-104.99834
2026-07-21 08:20:00.000000,W003,40.000566,-104.999503
2026-07-21 08:30:00.000000,W004,40.000993,-104.999414
2026-07-21 08:47:03.104564,W002,40.000271,-104.999488
2026-07-21 08:57:03.104564,W003,40.001149,-105.000592
2026-07-21 09:07:03.104564,W004,40.000692,-104.999427
2026-07-21 09:17:03.104564,W005,40.000975,-104.999503
2026-07-21 09:27:03.104564,W006,40.001436,-105.000058
2026-07-21 09:37:03.104564,W001,40.000951,-104.99973
2026-07-21 09:47:03.104564,W002,40.000958,-104.999443
2026-07-21 09:57:03.104564,W003,40.001594,-104.999377
2026-07-21 10:07:03.104564,W004,40.001335,-104.999175
2026-07-21 10:17:03.104564,W005,40.001076,-105.000279
2026-07-21 10:38:26.980085,W003,40.000874,-104.999394
2026-07-21 10:48:26.980085,W004,40.001153,-105.000308
2026-07-21 10:58:26.980085,W005,40.001431,-104.99956
2026-07-21 11:08:26.980085,W006,40.000696,-104.999145
2026-07-21 11:18:26.980085,W001,40.000728,-105.000327
2026-07-21 11:28:26.980085,W002,40.000447,-104.999889
2026-07-21 11:38:26.980085,W003,40.000667,-104.998997
2026-07-21 11:58:31.491322,W004,40.000477,-105.000153
2026-07-21 12:08:31.491322,W005,40.000657,-104.999802
2026-07-21 12:18:31.491322,W006,40.000135,-104.999398
2026-07-21 12:28:31.491322,W001,40.001166,-105.000109
2026-07-21 12:38:31.491322,W002,40.000735,-104.999189
2026-07-21 12:48:31.491322,W003,40.001366,-104.999719
2026-07-21 12:58:31.491322,W004,40.001482,-104.999628
2026-07-21 13:08:31.491322,W005,40.000785,-104.999828
2026-07-21 13:18:31.491322,W006,40.001225,-104.999126
2026-07-21 07:00:00.000000,W005,39.999046,-104.99897
2026-07-21 07:10:00.000000,W006,39.999639,-104.998349
2026-07-21 07:20:00.000000,W001,39.999325,-104.998644
2026-07-21 07:30:00.000000,W002,39.999525,-104.998722
2026-07-21 07:57:17.931607,W006,39.999537,-104.998789
2026-07-21 08:07:17.931607,W001,39.998902,-104.998576
2026-07-21 08:17:17.931607,W002,39.998484,-104.999161
2026-07-21 08:27:17.931607,W003,39.998748,-104.998636
2026-07-21 08:37:17.931607,W004,39.999251,-104.999938
2026-07-21 09:00:05.184218,W001,39.998564,-104.999463
2026-07-21 09:10:05.184218,W002,39.999438,-104.998865
2026-07-21 09:20:05.184218,W003,39.998865,-104.998768
2026-07-21 09:30:05.184218,W004,39.999558,-104.99819
2026-07-21 10:01:59.843291,W002,39.999353,-104.998751
2026-07-21 10:11:59.843291,W003,39.998525,-104.999198
2026-07-21 10:21:59.843291,W004,39.998721,-104.998366
2026-07-21 10:31:59.843291,W005,39.99922,-104.998808
2026-07-21 10:41:59.843291,W006,39.999146,-104.999822
2026-07-21 10:51:59.843291,W001,39.998869,-104.999624
2026-07-21 11:01:59.843291,W002,39.998829,-104.998141
2026-07-21 11:11:59.843291,W003,39.999682,-104.99841
2026-07-21 11:41:14.673263,W003,39.999881,-104.999645
2026-07-21 11:51:14.673263,W004,39.999479,-104.999201
2026-07-21 12:01:14.673263,W005,39.998329,-104.99819
2026-07-21 07:00:00.000000,W004,40.000717,-105.001159
2026-07-21 07:10:00.000000,W005,40.001029,-105.001271
2026-07-21 07:20:00.000000,W006,39.99988,-105.001604
2026-07-21 07:30:00.000000,W001,40.00103,-105.001547
2026-07-21 07:40:00.000000,W002,40.00082,-105.000619
2026-07-21 08:09:37.033785,W005,40.000498,-105.000986
2026-07-21 08:19:37.033785,W006,40.000513,-105.000837
2026-07-21 08:29:37.033785,W001,40.00005,-105.001168
2026-07-21 08:39:37.033785,W002,39.99994,-105.001005
2026-07-21 08:49:37.033785,W003,40.000224,-105.000227
2026-07-21 08:59:37.033785,W004,40.000482,-105.000941
2026-07-21 09:23:02.066657,W006,40.000799,-105.001356
2026-07-21 09:33:02.066657,W001,40.000581,-105.000874
2026-07-21 09:43:02.066657,W002,40.0004,-105.001022
2026-07-21 10:08:40.516612,W001,40.000315,-105.000971
2026-07-21 10:18:40.516612,W002,39.999633,-105.000722
2026-07-21 10:28:40.516612,W003,40.000586,-105.000599
2026-07-21 10:38:40.516612,W004,40.000368,-105.000947
2026-07-21 10:48:40.516612,W005,40.001036,-105.000482
2026-07-21 10:58:40.516612,W006,39.999956,-105.000722
2026-07-21 11:21:42.604049,W002,40.000586,-105.001914
2026-07-21 11:31:42.604049,W003,39.999907,-105.000911
2026-07-21 11:41:42.604049,W004,40.000292,-105.001182
2026-07-21 11:51:42.604049,W005,40.000336,-105.001293
2026-07-21 12:01:42.604049,W006,40.000826,-105.000998
2026-07-21 12:11:42.604049,W001,40.000709,-105.000226
2026-07-21 12:21:42.604049,W002,40.000771,-105.001074
2026-07-21 12:47:50.877079,W003,40.000503,-105.000776
2026-07-21 12:57:50.877079,W004,40.000595,-105.00067
2026-07-21 13:07:50.877079,W005,40.000487,-105.001087
2026-07-21 13:17:50.877079,W006,40.001281,-105.001223
2026-07-21 13:42:50.978372,W004,39.999896,-105.001485
2026-07-21 13:52:50.978372,W005,40.000797,-105.000585
2026-07-21 14:02:50.978372,W006,40.000237,-105.000343
2026-07-21 14:12:50.978372,W001,40.000689,-105.001117
2026-07-21 14:22:50.978372,W002,40.000412,-105.001149
2026-07-21 14:32:50.978372,W003,40.000147,-105.000889
2026-07-21 14:58:05.577525,W005,40.000236,-105.000948
2026-07-21 15:08:05.577525,W006,40.000404,-105.000569
2026-07-21 15:18:05.577525,W001,40.000701,-105.001073
2026-07-21 15:28:05.577525,W002,39.999908,-105.001431
2026-07-21 15:38:05.577525,W003,39.999819,-105.001247
2026-07-21 15:48:05.577525,W004,40.000675,-105.001124
2026-07-22 07:00:00.000000,W006,39.999242,-105.000065
2026-07-22 07:10:00.000000,W001,40.000369,-104.999846
2026-07-22 07:20:00.000000,W002,40.000296,-104.999229
2026-07-22 07:30:00.000000,W003,40.000226,-105.000225
2026-07-22 07:40:00.000000,W004,40.000191,-104.999918
2026-07-22 08:13:58.364489,W001,40.00049,-104.999386
2026-07-22 08:23:58.364489,W002,39.999832,-105.001217
2026-07-22 08:33:58.364489,W003,40.000155,-105.000006
2026-07-22 08:43:58.364489,W004,40.000492,-105.000206
2026-07-22 08:53:58.364489,W005,39.999311,-105.000566
2026-07-22 09:03:58.364489,W006,39.999927,-105.00021
2026-07-22 09:13:58.364489,W001,40.000548,-104.999576
2026-07-22 09:23:58.364489,W002,40.000674,-105.000098
2026-07-22 09:47:45.042763,W002,39.999983,-104.998961
2026-07-22 09:57:45.042763,W003,39.998955,-104.99954
2026-07-22 10:07:45.042763,W004,40.00062,-105.000643
2026-07-22 10:17:45.042763,W005,40.000326,-104.999779
2026-07-22 10:27:45.042763,W006,39.999669,-105.000172
2026-07-22 10:37:45.042763,W001,39.999807,-104.999429
2026-07-22 10:55:36.903278,W003,40.000013,-104.999975
2026-07-22 11:05:36.903278,W004,39.999475,-104.999786
2026-07-22 11:15:36.903278,W005,40.000372,-104.99984
2026-07-22 11:25:36.903278,W006,40.000333,-105.000634
2026-07-22 11:35:36.903278,W001,39.999808,-104.999743
2026-07-22 11:55:36.758377,W004,40.000372,-104.999944
2026-07-22 12:05:36.758377,W005,40.00079,-105.000016
2026-07-22 12:15:36.758377,W006,39.999991,-105.00032
2026-07-22 12:25:36.758377,W001,40.00008,-105.000588
2026-07-22 12:53:19.276640,W005,40.000295,-104.999998
2026-07-22 13:03:19.276640,W006,39.999825,-104.99993
2026-07-22 13:13:19.276640,W001,39.99996,-105.000766
2026-07-22 13:23:19.276640,W002,40.000789,-105.000093
2026-07-22 13:33:19.276640,W003,40.000405,-105.000274
2026-07-22 13:43:19.276640,W004,39.999908,-104.999481
2026-07-22 14:04:12.804972,W006,40.000511,-105.000414
2026-07-22 14:14:12.804972,W001,40.000145,-105.000412
2026-07-22 14:24:12.804972,W002,40.000345,-104.999797
2026-07-22 14:34:12.804972,W003,40.000457,-105.00017
2026-07-22 14:44:12.804972,W004,40.000367,-105.000109
2026-07-22 14:54:12.804972,W005,40.000421,-104.99993
2026-07-22 15:04:12.804972,W006,39.99938,-104.999848
2026-07-22 15:14:12.804972,W001,40.000109,-104.99989
2026-07-22 15:24:12.804972,W002,39.999374,-104.999227
2026-07-22 07:00:00.000000,W001,40.001238,-104.999113
2026-07-22 07:10:00.000000,W002,40.001189,-104.998756
2026-07-22 07:20:00.000000,W003,40.001032,-104.999968
2026-07-22 07:30:00.000000,W004,40.001337,-104.999054
2026-07-22 07:40:00.000000,W005,40.001438,-105.000415
2026-07-22 07:50:00.000000,W006,40.001411,-104.99913
2026-07-22 08:00:00.000000,W001,40.001,-104.999779
2026-07-22 08:10:00.000000,W002,40.000849,-104.999481
2026-07-22 08:20:00.000000,W003,40.000833,-104.999107
2026-07-22 08:30:00.000000,W004,40.001131,-104.999938
2026-07-22 08:40:00.000000,W005,40.000968,-105.000494
2026-07-22 08:59:19.900362,W002,40.001362,-104.999008
2026-07-22 09:09:19.900362,W003,40.000299,-104.999803
2026-07-22 09:19:19.900362,W004,40.000767,-104.999804
2026-07-22 09:29:19.900362,W005,40.001274,-104.999924
2026-07-22 09:39:19.900362,W006,40.000318,-104.999542
2026-07-22 09:49:19.900362,W001,40.000566,-104.999356
2026-07-22 09:59:19.900362,W002,40.00165,-104.999097
2026-07-22 10:09:19.900362,W003,40.001007,-104.999455
2026-07-22 10:19:19.900362,W004,40.00066,-104.999206
2026-07-22 10:29:19.900362,W005,40.000853,-105.000575
2026-07-22 10:50:07.580028,W003,40.001194,-104.999309
2026-07-22 11:00:07.580028,W004,40.001026,-104.999464
2026-07-22 11:10:07.580028,W005,40.0006,-104.999482
2026-07-22 11:20:07.580028,W006,40.001452,-104.999646
2026-07-22 11:30:07.580028,W001,40.001426,-104.999383
2026-07-22 11:40:07.580028,W002,40.001353,-104.998872
2026-07-22 11:50:07.580028,W003,40.001088,-105.000293
2026-07-22 12:00:07.580028,W004,40.001378,-104.999171
2026-07-22 12:10:07.580028,W005,40.000023,-104.999081
2026-07-22 12:20:07.580028,W006,40.000616,-105.000492
2026-07-22 12:45:06.454320,W004,40.001421,-104.999881
2026-07-22 12:55:06.454320,W005,40.000762,-104.999323
2026-07-22 13:05:06.454320,W006,40.000622,-105.000048
2026-07-22 13:15:06.454320,W001,40.001068,-104.999622
2026-07-22 13:25:06.454320,W002,40.001091,-104.999679
2026-07-22 13:35:06.454320,W003,40.001123,-104.999507
2026-07-22 13:45:06.454320,W004,40.000667,-104.999463
2026-07-22 13:55:06.454320,W005,40.001116,-104.99836
2026-07-22 14:05:06.454320,W006,40.000617,-104.999115
2026-07-22 07:00:00.000000,W005,39.998559,-104.99851
2026-07-22 07:10:00.000000,W006,39.999272,-104.99849
2026-07-22 07:20:00.000000,W001,39.999738,-104.998789
2026-07-22 07:30:00.000000,W002,39.999219,-104.998749
2026-07-22 07:57:12.109761,W006,39.998743,-104.999214
2026-07-22 08:07:12.109761,W001,39.999485,-104.998457
2026-07-22 08:17:12.109761,W002,39.999875,-104.99883
2026-07-22 08:27:12.109761,W003,39.998877,-104.999263
2026-07-22 08:37:12.109761,W004,39.999249,-104.999267
2026-07-22 08:47:12.109761,W005,39.999671,-104.998834
2026-07-22 08:57:12.109761,W006,39.999415,-104.999059
2026-07-22 09:21:29.834838,W001,39.999007,-104.998993
2026-07-22 09:31:29.834838,W002,39.99883,-104.999453
2026-07-22 09:41:29.834838,W003,39.998542,-104.999226
2026-07-22 09:51:29.834838,W004,39.99809,-104.998677
2026-07-22 10:01:29.834838,W005,39.999793,-104.999288
2026-07-22 10:11:29.834838,W006,39.999102,-104.999116
2026-07-22 10:21:29.834838,W001,39.998923,-104.999838
2026-07-22 10:31:29.834838,W002,39.998576,-104.999114
2026-07-22 10:41:29.834838,W003,39.999048,-104.998493
2026-07-22 11:06:44.372069,W002,39.999376,-104.998255
2026-07-22 11:16:44.372069,W003,39.999695,-104.998753
2026-07-22 11:26:44.372069,W004,39.999158,-104.99886
2026-07-22 11:36:44.372069,W005,39.998796,-104.999269
2026-07-22 11:46:44.372069,W006,39.998979,-104.998585
2026-07-22 12:15:21.950246,W003,39.999469,-104.99896
2026-07-22 12:25:21.950246,W004,39.99873,-104.998529
2026-07-22 12:35:21.950246,W005,39.999313,-104.998959
2026-07-22 12:45:21.950246,W006,39.999026,-104.998436
2026-07-22 12:55:21.950246,W001,39.999279,-104.998191
2026-07-22 13:05:21.950246,W002,39.99866,-104.999116
2026-07-22 13:15:21.950246,W003,39.999591,-104.998714
2026-07-22 13:25:21.950246,W004,39.999546,-104.998791
2026-07-22 13:55:37.716238,W004,39.99963,-104.999599
2026-07-22 14:05:37.716238,W005,39.998965,-104.998763
2026-07-22 14:15:37.716238,W006,39.999347,-104.998808
2026-07-22 14:25:37.716238,W001,39.999752,-104.998875
2026-07-22 14:35:37.716238,W002,39.998795,-104.998841
2026-07-22 14:45:37.716238,W003,39.999519,-104.998506
2026-07-22 14:55:37.716238,W004,39.999429,-104.999173
2026-07-22 15:05:37.716238,W005,39.998983,-104.999128
2026-07-22 15:15:37.716238,W006,39.999089,-104.998829
2026-07-22 15:34:07.891743,W005,39.998252,-104.998978
2026-07-22 15:44:07.891743,W006,39.998907,-104.998873
2026-07-22 15:54:07.891743,W001,39.999279,-104.998738
2026-07-22 16:04:07.891743,W002,39.999257,-104.998868
2026-07-22 16:14:07.891743,W003,39.999497,-104.998307
2026-07-22 16:24:07.891743,W004,39.999682,-104.999045
2026-07-22 16:52:06.967308,W006,39.999475,-104.999145
2026-07-22 17:02:06.967308,W001,39.999866,-104.99887
2026-07-22 17:12:06.967308,W002,39.999178,-104.999847
2026-07-22 17:22:06.967308,W003,39.999292,-104.998857
2026-07-22 17:32:06.967308,W004,39.998763,-104.998478
2026-07-22 17:42:06.967308,W005,39.999569,-104.998738
2026-07-22 17:52:06.967308,W006,39.999758,-104.998467
2026-07-22 07:00:00.000000,W001,40.000613,-105.000768
2026-07-22 07:10:00.000000,W002,40.000161,-105.000826
2026-07-22 07:20:00.000000,W003,40.000546,-105.001309
2026-07-22 07:30:00.000000,W004,40.000664,-105.001023
2026-07-22 07:40:00.000000,W005,40.000474,-105.001284
2026-07-22 07:50:00.000000,W006,40.001083,-105.00049
2026-07-22 08:17:58.168482,W002,40.00075,-105.000583
2026-07-22 08:27:58.168482,W003,40.000535,-105.000762
2026-07-22 08:37:58.168482,W004,40.000724,-105.001185
2026-07-22 08:47:58.168482,W005,39.999797,-105.001372
2026-07-22 08:57:58.168482,W006,39.999966,-105.000701
2026-07-22 09:26:52.636799,W003,40.0003,-105.001412
2026-07-22 09:36:52.636799,W004,40.000998,-105.000896
2026-07-22 09:46:52.636799,W005,40.000002,-105.001645
2026-07-22 09:56:52.636799,W006,40.000288,-105.001132
2026-07-22 10:06:52.636799,W001,40.001038,-105.001154
2026-07-22 10:16:52.636799,W002,40.00046,-105.000758
2026-07-22 10:26:52.636799,W003,40.000855,-105.000525
2026-07-22 10:36:52.636799,W004,40.000467,-105.000822
2026-07-22 10:57:51.126628,W004,39.999976,-105.000762
2026-07-22 11:07:51.126628,W005,40.000555,-105.001826
2026-07-22 11:17:51.126628,W006,40.000939,-105.000958
2026-07-22 11:27:51.126628,W001,40.000482,-105.000902
2026-07-22 11:37:51.126628,W002,40.000474,-105.000938
2026-07-22 11:47:51.126628,W003,40.000539,-105.000747
2026-07-22 11:57:51.126628,W004,40.000354,-105.000501
2026-07-22 12:20:23.711557,W005,40.001107,-105.001481
2026-07-22 12:30:23.711557,W006,40.000366,-105.001008
2026-07-22 12:40:23.711557,W001,40.00037,-105.00096
2026-07-22 12:50:23.711557,W002,40.000434,-105.000873
2026-07-22 13:00:23.711557,W003,40.000126,-105.000706
2026-07-22 13:10:23.711557,W004,40.000413,-105.001423
2026-07-22 13:38:22.719866,W006,40.000642,-105.001007
2026-07-22 13:48:22.719866,W001,40.000638,-105.000806
2026-07-22 13:58:22.719866,W002,40.000358,-105.000501
2026-07-22 14:26:03.612571,W001,40.000156,-105.000451
2026-07-22 14:36:03.612571,W002,40.000588,-105.001804
2026-07-22 14:46:03.612571,W003,40.000291,-105.001112
2026-07-22 14:56:03.612571,W004,40.000696,-105.00136
2026-07-22 15:06:03.612571,W005,40.000543,-105.001152
2026-07-22 15:16:03.612571,W006,39.999693,-105.00133
2026-07-22 15:26:03.612571,W001,40.000564,-105.001713
2026-07-22 07:00:00.000000,W002,39.999227,-105.000415
2026-07-22 07:10:00.000000,W003,40.000556,-104.999855
2026-07-22 07:20:00.000000,W004,40.000535,-104.999867
2026-07-22 07:45:09.943481,W003,40.000955,-104.999796
2026-07-22 07:55:09.943481,W004,39.999923,-104.999447
2026-07-22 08:05:09.943481,W005,40.000098,-104.999538
2026-07-22 08:21:41.299398,W004,40.000162,-105.00009
2026-07-22 08:31:41.299398,W005,40.000556,-104.999425
2026-07-22 08:41:41.299398,W006,39.999684,-105.000385
2026-07-22 08:51:41.299398,W001,40.000119,-105.000032
2026-07-22 09:01:41.299398,W002,40.000095,-105.000479
2026-07-22 09:11:41.299398,W003,40.000013,-105.000328
2026-07-22 09:35:13.635312,W005,40.000041,-104.999582
2026-07-22 09:45:13.635312,W006,40.000077,-104.999752
2026-07-22 09:55:13.635312,W001,40.000352,-104.999645
2026-07-22 10:05:13.635312,W002,40.000535,-104.9993
2026-07-22 10:15:13.635312,W003,40.000465,-104.99931
2026-07-22 10:41:25.265581,W006,39.999876,-105.000188
2026-07-22 10:51:25.265581,W001,40.000142,-104.999755
2026-07-22 11:01:25.265581,W002,39.999254,-104.998805
2026-07-22 11:11:25.265581,W003,40.000282,-104.999744
2026-07-22 11:21:25.265581,W004,40.000257,-104.999827
2026-07-22 11:31:25.265581,W005,40.000835,-105.000354
2026-07-22 11:41:25.265581,W006,40.000272,-104.999703
2026-07-22 12:03:25.716656,W001,39.999614,-105.000005
2026-07-22 12:13:25.716656,W002,39.999855,-104.999586
2026-07-22 12:23:25.716656,W003,40.000224,-104.999994
2026-07-22 12:33:25.716656,W004,40.000235,-105.000496
2026-07-22 12:43:25.716656,W005,40.000114,-105.000135
2026-07-22 13:10:40.063099,W002,39.999678,-104.999128
2026-07-22 13:20:40.063099,W003,39.999949,-104.999248
2026-07-22 13:30:40.063099,W004,39.999985,-105.000144
2026-07-22 13:40:40.063099,W005,39.999729,-105.000558
2026-07-22 13:50:40.063099,W006,39.999491,-105.000007
2026-07-22 14:00:40.063099,W001,40.000415,-105.000132
2026-07-22 14:26:53.661961,W003,39.999939,-104.999773
2026-07-22 14:36:53.661961,W004,39.999795,-104.999551
2026-07-22 14:46:53.661961,W005,40.000281,-105.000282
2026-07-22 14:56:53.661961,W006,40.000361,-105.00025
2026-07-22 07:00:00.000000,W004,40.001198,-104.999357
2026-07-22 07:10:00.000000,W005,40.001178,-104.999148
2026-07-22 07:20:00.000000,W006,40.001044,-105.000123
2026-07-22 07:30:00.000000,W001,40.001158,-104.999134
2026-07-22 07:40:00.000000,W002,40.000205,-105.000267
2026-07-22 07:50:00.000000,W003,40.000887,-104.999704
2026-07-22 08:10:22.840700,W005,40.001044,-105.000125
2026-07-22 08:20:22.840700,W006,40.001293,-104.999316
2026-07-22 08:30:22.840700,W001,40.000634,-104.999793
2026-07-22 08:40:22.840700,W002,40.000154,-104.999515
2026-07-22 08:50:22.840700,W003,40.000317,-104.99943
2026-07-22 09:00:22.840700,W004,40.000954,-104.999439
2026-07-22 09:10:22.840700,W005,40.001129,-105.000333
2026-07-22 09:20:22.840700,W006,40.001112,-104.999233
2026-07-22 09:30:22.840700,W001,40.001088,-104.999062
2026-07-22 09:57:37.446610,W006,40.000861,-104.998801
2026-07-22 10:07:37.446610,W001,40.000555,-104.998546
2026-07-22 10:17:37.446610,W002,40.00073,-104.999815
2026-07-22 10:27:37.446610,W003,40.001122,-104.999471
2026-07-22 10:37:37.446610,W004,40.000605,-104.999373
2026-07-22 10:47:37.446610,W005,40.000665,-104.999406
2026-07-22 10:57:37.446610,W006,40.001365,-104.999997
2026-07-22 11:07:37.446610,W001,40.001388,-104.999022
2026-07-22 11:17:37.446610,W002,40.00085,-104.999447
2026-07-22 11:35:59.009912,W001,40.000515,-104.998971
2026-07-22 11:45:59.009912,W002,40.001059,-104.999373
2026-07-22 11:55:59.009912,W003,40.000419,-104.999472
2026-07-22 12:05:59.009912,W004,40.00104,-104.999172
2026-07-22 12:15:59.009912,W005,40.000942,-104.999941
2026-07-22 12:25:59.009912,W006,40.000828,-104.999528
2026-07-22 12:35:59.009912,W001,40.001339,-104.99944
2026-07-22 12:45:59.009912,W002,40.001712,-104.999491
2026-07-22 12:55:59.009912,W003,40.001795,-104.999352
2026-07-22 13:17:42.118059,W002,40.001136,-104.999522
2026-07-22 13:27:42.118059,W003,40.000787,-104.999978
2026-07-22 13:37:42.118059,W004,40.000953,-104.999931
2026-07-22 13:47:42.118059,W005,40.001752,-104.99939
2026-07-22 13:57:42.118059,W006,40.001428,-104.999505
2026-07-22 14:07:42.118059,W001,40.001031,-104.99969
2026-07-22 14:17:42.118059,W002,40.001187,-104.99919
2026-07-22 14:27:42.118059,W003,40.000635,-104.999379
2026-07-22 14:37:42.118059,W004,40.000965,-104.998779
2026-07-22 14:47:42.118059,W005,40.000874,-104.999455
2026-07-22 14:57:42.118059,W006,40.001316,-104.999593
2026-07-22 15:07:42.118059,W001,40.000737,-104.999821
2026-07-22 15:34:47.479176,W003,40.000578,-104.999694
2026-07-22 15:44:47.479176,W004,40.000555,-104.999947
2026-07-22 15:54:47.479176,W005,40.001271,-104.999485
2026-07-22 16:04:47.479176,W006,40.000792,-104.999227
2026-07-22 16:14:47.479176,W001,40.00109,-105.000048
2026-07-22 16:24:47.479176,W002,40.001212,-104.999638
2026-07-22 16:34:47.479176,W003,40.000704,-104.999488
2026-07-22 16:44:47.479176,W004,40.000522,-104.999613
2026-07-22 07:00:00.000000,W004,39.999629,-104.999236
2026-07-22 07:10:00.000000,W005,39.999446,-104.998344
2026-07-22 07:20:00.000000,W006,39.998607,-104.999181
2026-07-22 07:30:00.000000,W001,39.999717,-104.998295
2026-07-22 07:40:00.000000,W002,39.999111,-104.998832
2026-07-22 07:50:00.000000,W003,39.998474,-104.998783
2026-07-22 08:00:00.000000,W004,39.998547,-104.998587
2026-07-22 08:10:00.000000,W005,39.999588,-104.998326
2026-07-22 08:35:26.019800,W005,39.999549,-104.998809
2026-07-22 08:45:26.019800,W006,39.999798,-104.999439
2026-07-22 08:55:26.019800,W001,39.999212,-104.998289
2026-07-22 09:05:26.019800,W002,39.999597,-104.999723
2026-07-22 09:15:26.019800,W003,39.999573,-104.99863
2026-07-22 09:25:26.019800,W004,39.998871,-104.999108
2026-07-22 09:35:26.019800,W005,39.999625,-104.99937
2026-07-22 09:45:26.019800,W006,39.998377,-104.997967
2026-07-22 10:09:23.079199,W006,39.998449,-104.998534
2026-07-22 10:19:23.079199,W001,39.999067,-104.998843
2026-07-22 10:29:23.079199,W002,39.999433,-104.998881
2026-07-22 10:39:23.079199,W003,39.99941,-104.99808
2026-07-22 10:49:23.079199,W004,39.998696,-104.998532
2026-07-22 10:59:23.079199,W005,39.998921,-104.998045
2026-07-22 11:23:07.733579,W001,39.999294,-104.999069
2026-07-22 11:33:07.733579,W002,39.999441,-104.998893
2026-07-22 11:43:07.733579,W003,39.999023,-104.999165
2026-07-22 11:53:07.733579,W004,39.998304,-104.999169
2026-07-22 12:03:07.733579,W005,39.998776,-104.998209
2026-07-22 12:34:26.170706,W002,39.999359,-104.999182
2026-07-22 12:44:26.170706,W003,39.999757,-104.99769
2026-07-22 12:54:26.170706,W004,39.999898,-104.998948
2026-07-22 13:04:26.170706,W005,39.999036,-104.998788
2026-07-22 13:14:26.170706,W006,39.99827,-104.998685
2026-07-22 13:24:26.170706,W001,39.999304,-104.998514
2026-07-22 13:34:26.170706,W002,39.999053,-104.998804
2026-07-22 13:44:26.170706,W003,39.998642,-104.999011
2026-07-22 13:54:26.170706,W004,39.999535,-104.999115
2026-07-22 14:04:26.170706,W005,39.999336,-104.999001
2026-07-22 14:31:12.052770,W003,39.999201,-104.998873
2026-07-22 14:41:12.052770,W004,39.999211,-104.998913
2026-07-22 14:51:12.052770,W005,39.999317,-104.998952
2026-07-22 15:01:12.052770,W006,39.999443,-104.998075
2026-07-22 15:25:42.951614,W004,39.999495,-104.999011
2026-07-22 15:35:42.951614,W005,39.999,-104.998757
2026-07-22 15:45:42.951614,W006,39.999644,-104.998953
2026-07-22 15:55:42.951614,W001,39.999231,-104.998557
2026-07-22 16:05:42.951614,W002,39.998922,-104.999383
2026-07-22 16:15:42.951614,W003,39.999699,-104.997795
2026-07-22 16:25:42.951614,W004,39.999297,-104.998899
2026-07-22 16:35:42.951614,W005,39.999176,-104.999644
2026-07-22 16:59:07.296221,W005,39.999331,-104.998499
2026-07-22 17:09:07.296221,W006,39.999346,-104.999145
2026-07-22 17:19:07.296221,W001,39.998682,-104.998443
2026-07-22 17:29:07.296221,W002,39.999377,-104.997639
2026-07-22 17:39:07.296221,W003,39.999136,-104.998778
2026-07-22 17:49:07.296221,W004,39.999813,-104.998419
2026-07-22 17:59:07.296221,W005,39.999787,-104.999227
2026-07-22 07:00:00.000000,W006,40.000218,-105.000838
2026-07-22 07:10:00.000000,W001,39.999683,-105.000646
2026-07-22 07:20:00.000000,W002,40.000504,-105.001038
2026-07-22 07:30:00.000000,W003,40.000118,-105.001074
2026-07-22 07:40:00.000000,W004,39.999733,-105.001084
2026-07-22 07:50:00.000000,W005,39.99954,-105.001109
2026-07-22 08:00:00.000000,W006,39.999745,-105.000811
2026-07-22 08:23:54.853498,W001,40.000326,-105.000017
2026-07-22 08:33:54.853498,W002,40.000765,-105.001431
2026-07-22 08:43:54.853498,W003,40.000206,-105.000501
2026-07-22 08:53:54.853498,W004,40.000481,-105.000766
2026-07-22 09:03:54.853498,W005,40.000582,-105.000878
2026-07-22 09:13:54.853498,W006,40.000162,-105.000448
2026-07-22 09:23:54.853498,W001,40.000078,-105.000734
2026-07-22 09:50:46.972313,W002,40.000801,-105.001166
2026-07-22 10:00:46.972313,W003,40.000362,-105.001211
2026-07-22 10:10:46.972313,W004,40.000385,-105.000813
2026-07-22 10:20:46.972313,W005,40.000288,-105.00049
2026-07-22 10:30:46.972313,W006,40.00072,-105.001134
2026-07-22 10:40:46.972313,W001,40.000238,-105.00086
2026-07-22 10:50:46.972313,W002,40.000936,-105.000622
2026-07-22 11:00:46.972313,W003,40.000768,-105.001318
2026-07-22 11:10:46.972313,W004,40.000326,-105.000766
2026-07-22 11:20:46.972313,W005,40.000745,-105.001295
2026-07-22 11:30:46.972313,W006,40.000418,-105.001693
2026-07-22 11:40:46.972313,W001,40.000852,-105.000725
2026-07-22 12:12:45.270315,W003,40.000471,-105.001291
2026-07-22 12:22:45.270315,W004,39.999607,-105.001159
2026-07-22 12:32:45.270315,W005,39.999851,-105.000848
2026-07-22 12:42:45.270315,W006,40.000108,-105.001073
2026-07-22 13:06:28.038751,W004,40.00052,-105.001239
2026-07-22 13:16:28.038751,W005,39.99991,-105.000922
2026-07-22 13:26:28.038751,W006,40.001197,-105.000914
2026-07-22 13:36:28.038751,W001,40.000519,-105.000856
2026-07-22 14:08:49.288200,W005,40.000594,-105.000404
2026-07-22 14:18:49.288200,W006,40.00005,-105.000721
2026-07-22 14:28:49.288200,W001,40.000899,-105.000216
2026-07-22 14:38:49.288200,W002,39.999648,-105.000546
2026-07-22 14:48:49.288200,W003,40.000189,-105.000292
2026-07-22 15:04:55.222755,W006,39.999929,-105.00049
2026-07-22 15:14:55.222755,W001,40.000644,-105.000475
2026-07-22 15:24:55.222755,W002,40.000669,-105.001391
2026-07-22 15:34:55.222755,W003,39.999968,-105.000619
2026-07-22 15:44:55.222755,W004,40.000055,-105.001478
2026-07-22 15:54:55.222755,W005,40.000307,-105.000963
2026-07-22 16:04:55.222755,W006,40.000267,-105.000879
2026-07-22 16:14:55.222755,W001,40.000543,-105.000793
2026-07-22 16:41:02.622502,W001,40.000564,-105.000944
2026-07-22 16:51:02.622502,W002,40.000432,-105.000875
2026-07-22 17:01:02.622502,W003,40.001181,-105.000854
2026-07-22 17:11:02.622502,W004,39.999983,-105.001433
2026-07-22 17:21:02.622502,W005,40.000337,-105.000647
2026-07-22 17:31:02.622502,W006,40.000224,-105.001718
2026-07-22 17:41:02.622502,W001,40.000554,-105.001314
2026-07-22 17:51:02.622502,W002,40.000882,-105.00101
2026-07-23 07:00:00.000000,W002,40.000292,-104.999624
2026-07-23 07:10:00.000000,W003,39.999152,-104.999802
2026-07-23 07:20:00.000000,W004,40.000246,-104.999706
2026-07-23 07:30:00.000000,W005,40.000069,-105.000074
2026-07-23 07:55:39.953455,W003,39.999646,-104.999695
2026-07-23 08:05:39.953455,W004,39.999981,-105.00001
2026-07-23 08:15:39.953455,W005,39.9995,-104.999666
2026-07-23 08:25:39.953455,W006,40.000249,-105.000287
2026-07-23 08:35:39.953455,W001,40.000141,-104.99981
2026-07-23 08:45:39.953455,W002,40.00016,-104.999558
2026-07-23 09:19:51.206054,W004,40.000188,-105.000039
2026-07-23 09:29:51.206054,W005,40.000362,-105.000129
2026-07-23 09:59:41.476363,W005,39.999814,-105.000632
2026-07-23 10:09:41.476363,W006,39.999613,-104.999465
2026-07-23 10:19:41.476363,W001,40.000611,-104.999736
2026-07-23 10:29:41.476363,W002,39.999552,-104.999673
2026-07-23 10:39:41.476363,W003,40.000238,-104.999598
2026-07-23 10:49:41.476363,W004,40.000158,-105.000408
2026-07-23 10:59:41.476363,W005,39.999873,-104.999689
2026-07-23 11:18:44.990313,W006,40.000109,-105.000237
2026-07-23 11:28:44.990313,W001,40.00064,-105.00016
2026-07-23 11:38:44.990313,W002,39.999999,-104.999768
2026-07-23 11:48:44.990313,W003,39.999886,-105.000333
2026-07-23 11:58:44.990313,W004,40.000099,-105.000553
2026-07-23 12:08:44.990313,W005,39.999557,-104.999872
2026-07-23 12:33:10.668111,W001,40.000115,-105.000061
2026-07-23 12:43:10.668111,W002,39.999454,-105.000021
2026-07-23 12:53:10.668111,W003,40.000422,-104.999525
2026-07-23 13:03:10.668111,W004,40.000194,-104.999882
2026-07-23 07:00:00.000000,W002,40.00172,-104.999302
2026-07-23 07:10:00.000000,W003,40.000958,-105.000001
2026-07-23 07:20:00.000000,W004,40.000737,-104.999394
2026-07-23 07:30:00.000000,W005,40.001086,-104.999649
2026-07-23 07:40:00.000000,W006,40.001415,-104.999358
2026-07-23 07:50:00.000000,W001,40.000856,-104.999538
2026-07-23 08:00:00.000000,W002,40.000977,-104.999336
2026-07-23 08:10:00.000000,W003,40.001176,-105.000307
2026-07-23 08:20:00.000000,W004,40.000502,-104.999134
2026-07-23 08:30:00.000000,W005,40.000548,-104.999252
2026-07-23 08:54:56.417224,W003,40.000786,-104.999162
2026-07-23 09:04:56.417224,W004,40.000888,-105.000836
2026-07-23 09:14:56.417224,W005,40.001277,-104.999545
2026-07-23 09:24:56.417224,W006,40.001787,-105.000199
2026-07-23 09:34:56.417224,W001,40.001425,-104.999159
2026-07-23 09:44:56.417224,W002,40.001204,-104.99941
2026-07-23 09:54:56.417224,W003,40.000897,-104.999519
2026-07-23 10:04:56.417224,W004,40.001117,-104.999711
2026-07-23 10:14:56.417224,W005,40.000605,-104.999456
2026-07-23 10:24:56.417224,W006,40.00138,-104.99954
2026-07-23 10:34:56.417224,W001,40.000702,-104.999627
2026-07-23 10:44:56.417224,W002,40.000602,-104.999899
2026-07-23 10:54:56.417224,W003,40.000265,-104.999325
2026-07-23 11:04:56.417224,W004,40.001017,-104.99952
2026-07-23 11:14:56.417224,W005,40.000807,-104.999374
2026-07-23 11:24:56.417224,W006,40.00084,-104.999706
2026-07-23 11:34:56.417224,W001,40.00048,-105.000136
2026-07-23 11:44:56.417224,W002,40.00101,-104.999473
2026-07-23 11:54:56.417224,W003,40.001441,-104.999509
2026-07-23 12:04:56.417224,W004,40.000746,-104.999386
2026-07-23 12:14:56.417224,W005,40.000847,-105.000061
2026-07-23 12:41:09.354087,W004,40.000747,-104.999883
2026-07-23 12:51:09.354087,W005,40.001256,-104.999843
2026-07-23 13:01:09.354087,W006,40.000665,-104.999601
2026-07-23 13:11:09.354087,W001,40.000991,-104.998866
2026-07-23 13:21:09.354087,W002,40.001882,-104.999111
2026-07-23 13:31:09.354087,W003,40.001273,-105.000135
2026-07-23 13:41:09.354087,W004,40.001261,-104.999465
2026-07-23 13:51:09.354087,W005,40.001147,-104.999291
2026-07-23 14:01:09.354087,W006,40.000508,-104.999225
2026-07-23 14:11:09.354087,W001,40.001107,-105.000284
2026-07-23 14:21:09.354087,W002,40.001488,-105.000124
2026-07-23 14:31:09.354087,W003,40.001478,-104.999835
2026-07-23 14:41:09.354087,W004,40.001029,-104.999504
2026-07-23 14:51:09.354087,W005,40.001708,-104.999722
2026-07-23 15:11:23.378592,W005,40.001406,-104.999728
2026-07-23 15:21:23.378592,W006,40.000339,-104.99944
2026-07-23 15:31:23.378592,W001,40.001084,-104.999112
2026-07-23 15:41:23.378592,W002,40.000696,-105.000027
2026-07-23 15:51:23.378592,W003,40.001038,-104.999904
2026-07-23 16:01:23.378592,W004,40.001144,-104.999071
2026-07-23 16:11:23.378592,W005,40.00212,-104.999578
2026-07-23 16:21:23.378592,W006,40.000516,-104.999554
2026-07-23 16:31:23.378592,W001,40.001488,-104.999959
2026-07-23 16:41:23.378592,W002,40.00112,-104.999478
2026-07-23 16:51:23.378592,W003,40.001787,-104.999772
2026-07-23 17:01:23.378592,W004,40.000834,-104.999567
2026-07-23 17:11:23.378592,W005,40.001131,-104.999776
2026-07-23 17:21:23.378592,W006,40.001021,-104.999478
2026-07-23 07:00:00.000000,W006,39.998987,-104.999286
2026-07-23 07:10:00.000000,W001,39.999404,-104.999388
2026-07-23 07:20:00.000000,W002,39.998932,-104.998458
2026-07-23 07:30:00.000000,W003,39.998924,-104.998137
2026-07-23 07:40:00.000000,W004,39.998435,-104.998138
2026-07-23 07:50:00.000000,W005,39.998492,-104.998285
2026-07-23 08:00:00.000000,W006,39.998113,-104.997964
2026-07-23 08:27:00.083320,W001,39.999613,-104.998928
2026-07-23 08:37:00.083320,W002,39.998146,-104.998768
2026-07-23 08:47:00.083320,W003,39.999227,-104.99866
2026-07-23 08:57:00.083320,W004,39.999726,-104.999339
2026-07-23 09:07:00.083320,W005,40.000176,-104.998218
2026-07-23 09:32:30.136297,W002,39.999475,-104.999281
2026-07-23 09:42:30.136297,W003,39.9986,-104.999194
2026-07-23 09:52:30.136297,W004,39.999798,-104.998193
2026-07-23 10:02:30.136297,W005,39.999428,-104.999117
2026-07-23 10:12:30.136297,W006,39.999576,-104.998323
2026-07-23 10:37:12.893892,W003,39.999352,-104.999454
2026-07-23 10:47:12.893892,W004,39.999645,-104.999189
2026-07-23 10:57:12.893892,W005,39.999407,-104.999755
2026-07-23 11:07:12.893892,W006,39.998973,-104.999169
2026-07-23 11:17:12.893892,W001,39.998686,-104.99839
2026-07-23 11:43:00.439868,W004,39.999159,-104.998797
2026-07-23 11:53:00.439868,W005,39.999328,-104.998497
2026-07-23 12:03:00.439868,W006,39.999671,-104.998465
2026-07-23 12:13:00.439868,W001,40.000131,-104.998776
2026-07-23 12:23:00.439868,W002,39.999063,-104.998864
2026-07-23 12:49:14.051965,W005,39.998915,-104.998338
2026-07-23 12:59:14.051965,W006,39.999662,-104.998396
2026-07-23 13:09:14.051965,W001,39.999652,-104.999102
2026-07-23 13:19:14.051965,W002,39.999106,-104.998749
2026-07-23 13:29:14.051965,W003,39.999129,-104.998773
2026-07-23 13:39:14.051965,W004,39.998405,-104.998542
2026-07-23 13:49:14.051965,W005,39.999118,-104.999017
2026-07-23 14:17:02.883826,W006,39.99895,-104.998417
2026-07-23 14:27:02.883826,W001,39.999506,-104.998389
2026-07-23 14:37:02.883826,W002,39.99926,-104.999192
2026-07-23 15:07:21.756689,W001,39.999427,-104.998457
2026-07-23 15:17:21.756689,W002,39.999559,-104.99933
2026-07-23 15:27:21.756689,W003,39.999368,-104.998477
2026-07-23 15:37:21.756689,W004,39.99826,-104.999945
2026-07-23 15:47:21.756689,W005,39.998966,-104.998727
2026-07-23 15:57:21.756689,W006,39.999407,-104.999259
2026-07-23 16:07:21.756689,W001,39.999296,-104.999591
2026-07-23 07:00:00.000000,W002,40.000943,-105.001007
2026-07-23 07:10:00.000000,W003,40.000457,-105.001075
2026-07-23 07:20:00.000000,W004,40.001077,-105.000884
2026-07-23 07:30:00.000000,W005,40.001025,-105.001137
2026-07-23 07:40:00.000000,W006,40.000174,-105.000394
2026-07-23 07:50:00.000000,W001,40.001154,-105.001151
2026-07-23 08:00:00.000000,W002,40.000642,-105.001051
2026-07-23 08:10:00.000000,W003,40.000508,-105.000989
2026-07-23 08:20:00.000000,W004,40.000975,-105.001769
2026-07-23 08:30:00.000000,W005,40.001182,-105.000308
2026-07-23 08:54:29.948011,W003,40.000603,-105.001109
2026-07-23 09:04:29.948011,W004,39.999884,-105.001126
2026-07-23 09:14:29.948011,W005,39.999957,-105.000573
2026-07-23 09:24:29.948011,W006,40.000859,-105.002029
2026-07-23 09:34:29.948011,W001,40.000359,-105.001346
2026-07-23 09:44:29.948011,W002,40.000533,-105.001167
2026-07-23 09:54:29.948011,W003,39.999533,-105.001025
2026-07-23 10:04:29.948011,W004,40.001108,-105.000863
2026-07-23 10:25:26.516461,W004,39.999965,-105.000437
2026-07-23 10:35:26.516461,W005,40.001136,-105.000594
2026-07-23 10:45:26.516461,W006,40.000547,-105.001321
2026-07-23 10:55:26.516461,W001,39.999463,-105.000948
2026-07-23 11:05:26.516461,W002,40.00133,-105.000867
2026-07-23 11:24:26.564805,W005,40.00045,-105.001038
2026-07-23 11:34:26.564805,W006,40.000915,-105.000671
2026-07-23 11:44:26.564805,W001,40.000337,-105.001765
2026-07-23 11:54:26.564805,W002,39.999865,-105.000358
2026-07-23 12:04:26.564805,W003,40.000102,-105.00127
2026-07-23 12:14:26.564805,W004,40.000468,-105.001013
2026-07-23 12:24:26.564805,W005,40.000937,-105.00095
2026-07-23 12:46:47.973463,W006,40.000699,-105.000945
2026-07-23 12:56:47.973463,W001,40.000475,-105.001135
2026-07-23 13:06:47.973463,W002,39.999961,-105.001634
2026-07-23 13:16:47.973463,W003,40.000673,-105.001329
2026-07-23 13:26:47.973463,W004,40.000581,-105.000903
2026-07-23 13:56:15.488858,W001,40.001311,-105.000692
2026-07-23 14:06:15.488858,W002,40.000258,-105.000542
2026-07-23 14:16:15.488858,W003,40.000148,-105.000995
2026-07-23 14:26:15.488858,W004,40.000573,-105.00088
2026-07-23 14:36:15.488858,W005,40.000225,-105.001324
2026-07-23 14:46:15.488858,W006,40.000497,-105.001001
2026-07-23 14:56:15.488858,W001,40.00084,-105.001178
2026-07-23 15:06:15.488858,W002,40.000517,-105.001015
2026-07-23 15:31:46.018072,W002,40.000075,-105.001143
2026-07-23 15:41:46.018072,W003,40.000335,-105.00105
2026-07-23 15:51:46.018072,W004,40.000256,-105.000934
2026-07-23 16:01:46.018072,W005,40.000109,-105.000505
2026-07-23 07:00:00.000000,W003,40.000618,-104.999527
2026-07-23 07:10:00.000000,W004,40.000033,-105.000175
2026-07-23 07:20:00.000000,W005,40.000072,-105.000292
2026-07-23 07:30:00.000000,W006,39.999648,-105.00029
2026-07-23 07:40:00.000000,W001,40.000021,-104.999968
2026-07-23 07:50:00.000000,W002,40.000371,-105.00044
2026-07-23 08:00:00.000000,W003,40.000326,-105.000137
2026-07-23 08:10:00.000000,W004,40.000016,-104.999663
2026-07-23 08:20:00.000000,W005,40.000079,-105.000647
2026-07-23 08:30:00.000000,W006,39.999789,-104.999806
2026-07-23 08:56:01.421834,W004,39.99981,-104.999518
2026-07-23 09:06:01.421834,W005,40.00002,-104.99972
2026-07-23 09:16:01.421834,W006,39.999876,-104.999926
2026-07-23 09:26:01.421834,W001,40.000058,-105.000001
2026-07-23 09:51:36.136905,W005,40.000064,-105.00022
2026-07-23 10:01:36.136905,W006,40.000201,-104.999627
2026-07-23 10:11:36.136905,W001,40.000093,-104.999873
2026-07-23 10:21:36.136905,W002,39.999666,-104.999723
2026-07-23 10:31:36.136905,W003,40.000507,-105.000013
2026-07-23 10:41:36.136905,W004,39.99957,-105.000018
2026-07-23 10:51:36.136905,W005,40.00041,-104.999574
2026-07-23 11:18:37.917414,W006,39.999338,-104.999394
2026-07-23 11:28:37.917414,W001,39.999831,-105.000307
2026-07-23 11:38:37.917414,W002,39.999854,-104.999835
2026-07-23 12:00:20.815293,W001,39.999553,-104.999546
2026-07-23 12:10:20.815293,W002,40.000426,-104.999524
2026-07-23 12:20:20.815293,W003,39.999669,-104.999947
2026-07-23 12:30:20.815293,W004,39.999987,-104.999998
2026-07-23 12:40:20.815293,W005,40.000077,-104.999389
2026-07-23 12:50:20.815293,W006,39.999634,-104.999631
2026-07-23 13:00:20.815293,W001,40.000494,-104.999579
2026-07-23 13:10:20.815293,W002,39.999672,-104.999555
2026-07-23 07:00:00.000000,W002,40.001516,-104.99875
2026-07-23 07:10:00.000000,W003,40.000741,-104.999653
2026-07-23 07:20:00.000000,W004,40.000297,-104.99953
2026-07-23 07:30:00.000000,W005,40.001476,-104.999803
2026-07-23 07:40:00.000000,W006,40.001163,-104.999365
2026-07-23 07:50:00.000000,W001,40.000664,-104.998905
2026-07-23 08:00:00.000000,W002,40.000561,-104.999157
2026-07-23 08:10:00.000000,W003,40.001449,-104.999838
2026-07-23 08:37:41.726470,W003,40.000476,-104.999113
2026-07-23 08:47:41.726470,W004,40.001675,-105.000252
2026-07-23 08:57:41.726470,W005,40.000775,-104.999392
2026-07-23 09:07:41.726470,W006,40.001071,-104.999326
2026-07-23 09:17:41.726470,W001,40.000984,-104.999823
2026-07-23 09:27:41.726470,W002,40.001419,-104.999181
2026-07-23 09:37:41.726470,W003,40.001229,-104.999252
2026-07-23 09:57:55.705894,W004,40.00096,-105.000082
2026-07-23 10:07:55.705894,W005,40.00096,-104.999607
2026-07-23 10:17:55.705894,W006,40.000977,-104.999256
2026-07-23 10:27:55.705894,W001,40.001302,-104.998816
2026-07-23 10:37:55.705894,W002,40.001046,-104.999562
2026-07-23 10:47:55.705894,W003,40.001384,-104.999706
2026-07-23 10:57:55.705894,W004,40.000583,-105.000013
2026-07-23 11:07:55.705894,W005,40.00101,-104.99949
2026-07-23 11:35:31.049341,W005,40.000789,-104.999395
2026-07-23 11:45:31.049341,W006,40.000839,-104.999402
2026-07-23 11:55:31.049341,W001,40.000711,-104.999358
2026-07-23 07:00:00.000000,W006,39.998934,-104.998478
2026-07-23 07:10:00.000000,W001,39.999096,-104.99877
2026-07-23 07:20:00.000000,W002,39.999364,-104.998946
2026-07-23 07:46:11.127841,W001,39.998335,-104.998942
2026-07-23 07:56:11.127841,W002,39.999247,-104.998802
2026-07-23 08:06:11.127841,W003,39.998564,-104.998568
2026-07-23 08:16:11.127841,W004,39.999161,-104.998344
2026-07-23 08:26:11.127841,W005,39.99937,-104.99888
2026-07-23 08:45:32.000371,W002,39.999311,-104.999307
2026-07-23 08:55:32.000371,W003,39.999197,-104.998105
2026-07-23 09:05:32.000371,W004,39.998966,-104.998848
2026-07-23 09:15:32.000371,W005,39.999774,-104.997952
2026-07-23 09:25:32.000371,W006,39.999287,-104.999191
2026-07-23 09:35:32.000371,W001,39.998487,-104.998459
2026-07-23 10:05:15.866227,W003,39.999007,-104.999075
2026-07-23 10:15:15.866227,W004,39.99888,-104.99839
2026-07-23 10:25:15.866227,W005,39.999304,-104.998843
2026-07-23 10:52:40.045031,W004,39.998877,-104.999136
2026-07-23 11:02:40.045031,W005,39.998804,-104.999053
2026-07-23 11:12:40.045031,W006,39.999218,-104.998776
2026-07-23 11:22:40.045031,W001,39.999431,-104.999238
2026-07-23 11:32:40.045031,W002,39.999204,-104.998815
2026-07-23 07:00:00.000000,W005,40.000768,-105.001014
2026-07-23 07:10:00.000000,W006,40.000775,-105.000814
2026-07-23 07:20:00.000000,W001,40.000758,-105.000763
2026-07-23 07:30:00.000000,W002,40.000709,-105.001028
2026-07-23 07:58:04.142686,W006,40.001276,-105.001182
2026-07-23 08:08:04.142686,W001,40.001015,-105.000892
2026-07-23 08:18:04.142686,W002,40.000411,-105.000864
2026-07-23 08:47:19.426236,W001,40.000695,-105.0011
2026-07-23 08:57:19.426236,W002,40.000413,-105.000056
2026-07-23 09:07:19.426236,W003,40.000413,-105.000177
2026-07-23 09:17:19.426236,W004,40.000492,-105.001355
2026-07-23 09:46:21.535853,W002,39.999999,-105.000899
2026-07-23 09:56:21.535853,W003,40.000756,-105.000878
2026-07-23 10:06:21.535853,W004,40.000793,-105.001067
2026-07-23 10:16:21.535853,W005,40.000391,-105.000312
2026-07-24 07:00:00.000000,W003,39.999938,-105.000252
2026-07-24 07:10:00.000000,W004,40.000752,-104.999926
2026-07-24 07:20:00.000000,W005,39.999518,-105.000066
2026-07-24 07:30:00.000000,W006,40.00031,-104.99937
2026-07-24 07:40:00.000000,W001,39.999716,-105.00029
2026-07-24 07:50:00.000000,W002,40.000415,-105.000251
2026-07-24 08:16:00.095395,W004,40.000092,-104.99944
2026-07-24 08:26:00.095395,W005,39.999105,-105.000206
2026-07-24 08:36:00.095395,W006,40.00014,-104.99971
2026-07-24 09:05:59.485478,W005,40.000714,-105.00038
2026-07-24 09:15:59.485478,W006,40.000073,-104.999794
2026-07-24 09:25:59.485478,W001,40.000168,-105.000067
2026-07-24 09:35:59.485478,W002,39.999786,-104.999485
2026-07-24 09:45:59.485478,W003,39.999619,-104.999562
2026-07-24 09:55:59.485478,W004,39.999493,-105.000171
2026-07-24 10:25:52.321985,W006,39.999827,-105.000191
2026-07-24 10:35:52.321985,W001,40.000235,-104.9996
2026-07-24 10:45:52.321985,W002,40.000165,-104.999649
2026-07-24 10:55:52.321985,W003,39.99953,-104.999751
2026-07-24 11:05:52.321985,W004,39.999417,-105.000536
2026-07-24 11:15:52.321985,W005,39.999757,-104.999897
2026-07-24 11:38:31.348755,W001,39.999169,-105.000682
2026-07-24 11:48:31.348755,W002,40.000217,-105.000099
2026-07-24 11:58:31.348755,W003,39.999746,-105.000819
2026-07-24 12:08:31.348755,W004,39.99987,-105.000097
2026-07-24 12:34:05.730771,W002,40.000206,-104.999888
2026-07-24 12:44:05.730771,W003,40.000617,-104.999842
2026-07-24 12:54:05.730771,W004,39.999732,-104.999934
2026-07-24 13:04:05.730771,W005,40.000548,-105.000852
2026-07-24 13:14:05.730771,W006,39.999818,-105.000467
2026-07-24 13:34:42.766002,W003,40.000322,-104.999698
2026-07-24 13:44:42.766002,W004,39.999498,-104.999281
2026-07-24 13:54:42.766002,W005,40.000163,-104.999631
2026-07-24 14:04:42.766002,W006,39.999759,-105.000688
2026-07-24 14:14:42.766002,W001,39.999694,-104.999823
2026-07-24 14:45:34.193034,W004,39.999665,-105.001194
2026-07-24 14:55:34.193034,W005,40.000283,-104.999432
2026-07-24 15:05:34.193034,W006,40.00007,-104.999987
2026-07-24 15:15:34.193034,W001,39.999853,-104.999738
2026-07-24 15:25:34.193034,W002,40.000555,-104.999775
2026-07-24 07:00:00.000000,W005,40.001146,-104.998488
2026-07-24 07:10:00.000000,W006,40.000968,-104.999529
2026-07-24 07:20:00.000000,W001,40.001544,-104.999989
2026-07-24 07:30:00.000000,W002,40.000805,-105.000006
2026-07-24 07:40:00.000000,W003,40.001065,-104.999685
2026-07-24 07:50:00.000000,W004,40.000479,-104.999317
2026-07-24 08:00:00.000000,W005,40.00069,-104.999469
2026-07-24 08:10:00.000000,W006,40.000888,-104.998998
2026-07-24 08:20:00.000000,W001,40.00124,-105.000038
2026-07-24 08:30:00.000000,W002,40.001236,-104.999496
2026-07-24 08:40:00.000000,W003,40.00168,-104.999413
2026-07-24 08:50:00.000000,W004,40.001653,-104.999806
2026-07-24 09:00:00.000000,W005,40.001531,-104.99942
2026-07-24 09:10:00.000000,W006,40.001612,-104.999485
2026-07-24 09:20:00.000000,W001,40.00123,-104.999174
2026-07-24 09:30:00.000000,W002,40.001306,-104.999392
2026-07-24 09:40:00.000000,W003,40.00134,-104.998134
2026-07-24 09:50:00.000000,W004,40.000951,-104.999648
2026-07-24 10:00:00.000000,W005,40.000493,-104.999221
2026-07-24 10:10:00.000000,W006,40.001283,-105.000329
2026-07-24 10:20:00.000000,W001,40.000315,-104.99941
2026-07-24 10:30:00.000000,W002,40.001374,-104.999548
2026-07-24 10:40:00.000000,W003,40.000774,-104.999164
2026-07-24 11:08:02.735909,W006,40.000855,-105.000119
2026-07-24 11:18:02.735909,W001,40.001314,-104.999446
2026-07-24 11:28:02.735909,W002,40.001117,-104.999835
2026-07-24 11:38:02.735909,W003,40.001066,-105.000179
2026-07-24 11:48:02.735909,W004,40.000376,-105.000023
2026-07-24 11:58:02.735909,W005,40.001172,-104.99918
2026-07-24 12:08:02.735909,W006,40.001671,-105.000038
2026-07-24 12:18:02.735909,W001,40.00089,-104.999267
2026-07-24 12:28:02.735909,W002,40.000722,-104.99882
2026-07-24 12:38:02.735909,W003,40.000866,-104.998211
2026-07-24 12:48:02.735909,W004,40.001201,-104.998698
2026-07-24 12:58:02.735909,W005,40.00204,-104.999964
2026-07-24 13:08:02.735909,W006,40.001001,-104.999477
2026-07-24 13:18:02.735909,W001,40.000762,-104.999802
2026-07-24 13:28:02.735909,W002,40.001046,-104.99925
2026-07-24 13:38:02.735909,W003,40.001606,-104.999102
2026-07-24 13:48:02.735909,W004,40.000695,-104.998895
2026-07-24 13:58:02.735909,W005,40.00139,-105.000246
2026-07-24 14:08:02.735909,W006,40.001157,-104.999332
2026-07-24 14:27:34.404069,W001,40.001265,-104.999407
2026-07-24 14:37:34.404069,W002,40.00094,-104.999345
2026-07-24 14:47:34.404069,W003,40.000937,-104.999966
2026-07-24 14:57:34.404069,W004,40.00052,-104.999389
2026-07-24 15:07:34.404069,W005,40.001574,-104.999197
2026-07-24 15:17:34.404069,W006,40.001536,-104.998996
2026-07-24 15:27:34.404069,W001,40.001517,-104.999209
2026-07-24 15:37:34.404069,W002,40.000831,-104.998904
2026-07-24 15:59:04.544525,W002,40.000846,-105.000064
2026-07-24 16:09:04.544525,W003,40.000841,-104.999405
2026-07-24 16:19:04.544525,W004,40.001277,-104.999026
2026-07-24 16:29:04.544525,W005,40.000641,-104.999382
2026-07-24 16:39:04.544525,W006,40.00125,-105.000108
2026-07-24 16:49:04.544525,W001,40.000953,-104.999676
2026-07-24 16:59:04.544525,W002,40.000655,-104.999353
2026-07-24 17:09:04.544525,W003,40.000863,-104.999709
2026-07-24 17:19:04.544525,W004,40.000747,-105.000012
2026-07-24 17:29:04.544525,W005,40.000747,-104.999606
2026-07-24 17:39:04.544525,W006,40.000536,-104.998924
2026-07-24 07:00:00.000000,W003,39.999383,-104.998573
2026-07-24 07:10:00.000000,W004,39.999836,-104.999097
2026-07-24 07:20:00.000000,W005,39.999606,-104.99861
2026-07-24 07:30:00.000000,W006,39.999191,-104.998667
2026-07-24 07:57:54.634251,W004,39.998832,-104.99904
2026-07-24 08:07:54.634251,W005,39.998851,-104.99886
2026-07-24 08:17:54.634251,W006,39.999657,-104.998577
2026-07-24 08:27:54.634251,W001,39.998675,-104.99898
2026-07-24 08:37:54.634251,W002,39.999341,-104.998458
2026-07-24 08:47:54.634251,W003,39.999465,-104.997856
2026-07-24 09:07:23.414015,W005,39.998785,-104.998432
2026-07-24 09:17:23.414015,W006,39.998633,-104.998954
2026-07-24 09:27:23.414015,W001,39.998868,-104.999015
2026-07-24 09:37:23.414015,W002,39.999623,-104.999092
2026-07-24 09:59:08.414921,W006,39.999132,-104.998926
2026-07-24 10:09:08.414921,W001,39.999327,-104.998432
2026-07-24 10:19:08.414921,W002,39.998766,-104.999042
2026-07-24 10:29:08.414921,W003,39.999746,-104.99932
2026-07-24 10:55:26.663499,W001,39.999116,-104.999849
2026-07-24 11:05:26.663499,W002,39.999115,-104.998502
2026-07-24 11:15:26.663499,W003,39.998848,-104.998761
2026-07-24 11:25:26.663499,W004,39.998805,-104.998923
2026-07-24 11:35:26.663499,W005,39.999141,-104.999032
2026-07-24 12:02:21.630902,W002,39.998939,-104.99916
2026-07-24 12:12:21.630902,W003,39.999477,-104.999524
2026-07-24 12:22:21.630902,W004,39.999061,-104.997997
2026-07-24 12:32:21.630902,W005,39.99943,-104.999176
2026-07-24 12:42:21.630902,W006,39.998828,-104.999486
2026-07-24 12:52:21.630902,W001,39.999002,-104.998356
2026-07-24 13:02:21.630902,W002,39.999523,-104.998647
2026-07-24 07:00:00.000000,W003,40.000878,-105.001407
2026-07-24 07:10:00.000000,W004,40.001397,-105.001267
2026-07-24 07:20:00.000000,W005,40.000785,-105.001044
2026-07-24 07:30:00.000000,W006,40.000732,-105.000638
2026-07-24 07:40:00.000000,W001,40.000995,-105.000582
2026-07-24 07:50:00.000000,W002,40.000425,-105.001178
2026-07-24 08:00:00.000000,W003,40.000618,-105.00118
2026-07-24 08:27:59.744713,W004,40.000863,-105.001182
2026-07-24 08:37:59.744713,W005,40.00063,-105.000495
2026-07-24 08:47:59.744713,W006,40.000371,-105.000338
2026-07-24 08:57:59.744713,W001,40.001224,-105.001123
2026-07-24 09:07:59.744713,W002,40.000402,-105.000904
2026-07-24 09:17:59.744713,W003,40.000663,-105.000851
2026-07-24 09:45:15.506199,W005,40.001242,-105.000947
2026-07-24 09:55:15.506199,W006,40.000793,-105.000677
2026-07-24 10:05:15.506199,W001,40.000345,-105.001045
2026-07-24 10:15:15.506199,W002,40.000734,-105.000904
2026-07-24 10:25:15.506199,W003,40.000287,-105.000853
2026-07-24 10:35:15.506199,W004,40.000265,-105.000636
2026-07-24 11:03:22.533293,W006,40.001362,-105.001291
2026-07-24 11:13:22.533293,W001,40.000873,-105.001358
2026-07-24 11:23:22.533293,W002,40.000197,-105.000807
2026-07-24 11:33:22.533293,W003,40.000263,-105.000842
2026-07-24 11:43:22.533293,W004,40.000559,-105.000846
2026-07-24 11:53:22.533293,W005,40.000425,-105.000475
2026-07-24 12:03:22.533293,W006,40.000349,-105.001113
2026-07-24 12:34:05.746515,W001,40.000694,-105.000874
2026-07-24 12:44:05.746515,W002,39.999719,-105.000988
2026-07-24 12:54:05.746515,W003,40.000725,-105.001617
2026-07-24 13:04:05.746515,W004,40.001154,-105.00067
2026-07-24 13:14:05.746515,W005,40.000663,-105.001445
2026-07-24 07:00:00.000000,W002,40.000343,-104.999051
2026-07-24 07:10:00.000000,W003,39.999847,-105.000248
2026-07-24 07:20:00.000000,W004,39.999557,-104.999335
2026-07-24 07:30:00.000000,W005,40.000791,-104.999937
2026-07-24 07:40:00.000000,W006,39.999923,-105.000255
2026-07-24 07:50:00.000000,W001,40.000823,-105.000152
2026-07-24 08:00:00.000000,W002,39.999553,-104.999819
2026-07-24 08:20:32.670243,W003,40.000301,-104.999879
2026-07-24 08:30:32.670243,W004,40.001013,-104.99988
2026-07-24 08:40:32.670243,W005,39.999784,-105.000547
2026-07-24 08:50:32.670243,W006,39.999996,-104.998828
2026-07-24 09:00:32.670243,W001,40.000311,-104.999528
2026-07-24 09:32:38.968527,W004,39.999896,-105.000411
2026-07-24 09:42:38.968527,W005,39.99973,-105.000656
2026-07-24 09:52:38.968527,W006,39.999542,-105.000508
2026-07-24 10:02:38.968527,W001,39.999934,-104.99983
2026-07-24 10:12:38.968527,W002,39.99997,-104.999781
2026-07-24 10:22:38.968527,W003,39.999956,-104.999952
2026-07-24 10:44:25.106163,W005,40.000195,-104.999575
2026-07-24 10:54:25.106163,W006,39.999857,-104.999929
2026-07-24 11:04:25.106163,W001,40.000851,-104.999448
2026-07-24 11:14:25.106163,W002,39.999755,-104.999725
2026-07-24 11:24:25.106163,W003,39.999987,-104.999959
2026-07-24 11:34:25.106163,W004,39.999808,-104.999811
2026-07-24 11:44:25.106163,W005,40.000013,-104.999971
2026-07-24 12:05:49.109438,W006,40.000095,-104.999678
2026-07-24 12:15:49.109438,W001,40.00007,-104.999991
2026-07-24 12:25:49.109438,W002,39.999557,-105.000782
2026-07-24 12:35:49.109438,W003,39.999682,-104.999518
2026-07-24 12:45:49.109438,W004,39.999819,-104.999911
2026-07-24 12:55:49.109438,W005,39.999327,-105.000059
2026-07-24 13:05:49.109438,W006,39.999887,-105.000169
2026-07-24 13:15:49.109438,W001,39.99988,-105.000248
2026-07-24 13:25:49.109438,W002,40.000177,-104.999679
2026-07-24 07:00:00.000000,W001,40.001452,-104.999143
2026-07-24 07:10:00.000000,W002,40.000874,-104.999654
2026-07-24 07:20:00.000000,W003,40.001332,-104.999985
2026-07-24 07:30:00.000000,W004,40.001071,-104.99984
2026-07-24 07:40:00.000000,W005,40.001112,-104.999673
2026-07-24 07:50:00.000000,W006,40.001026,-104.999343
2026-07-24 08:00:00.000000,W001,40.001162,-104.999732
2026-07-24 08:10:00.000000,W002,40.001299,-104.999289
2026-07-24 08:35:03.555969,W002,40.001078,-104.999226
2026-07-24 08:45:03.555969,W003,40.001235,-104.999638
2026-07-24 08:55:03.555969,W004,40.001588,-104.999772
2026-07-24 09:05:03.555969,W005,40.001061,-104.999527
2026-07-24 09:15:03.555969,W006,40.001014,-104.999541
2026-07-24 09:25:03.555969,W001,40.001445,-104.999085
2026-07-24 09:35:03.555969,W002,40.000619,-104.9993
2026-07-24 09:45:03.555969,W003,40.000791,-104.999944
2026-07-24 09:55:03.555969,W004,40.001228,-104.999415
2026-07-24 10:05:03.555969,W005,40.000994,-104.999068
2026-07-24 10:15:03.555969,W006,40.001331,-104.999253
2026-07-24 10:25:03.555969,W001,40.000388,-104.999783
2026-07-24 10:35:03.555969,W002,40.000865,-104.999749
2026-07-24 10:45:03.555969,W003,40.000825,-104.99903
2026-07-24 11:11:59.394550,W003,40.001112,-104.999646
2026-07-24 11:21:59.394550,W004,40.000082,-104.999526
2026-07-24 11:31:59.394550,W005,40.001262,-104.999871
2026-07-24 11:41:59.394550,W006,40.001189,-105.000086
2026-07-24 11:51:59.394550,W001,40.000784,-104.999665
2026-07-24 12:01:59.394550,W002,40.000908,-105.000021
2026-07-24 12:22:28.153511,W004,40.001925,-104.999881
2026-07-24 12:32:28.153511,W005,40.0003,-105.000001
2026-07-24 12:42:28.153511,W006,40.000744,-104.999058
2026-07-24 12:52:28.153511,W001,40.001452,-104.999419
2026-07-24 13:02:28.153511,W002,40.00045,-104.999017
2026-07-24 13:12:28.153511,W003,40.001013,-105.000215
2026-07-24 13:35:48.787210,W005,40.00024,-104.999614
2026-07-24 13:45:48.787210,W006,40.000989,-104.999748
2026-07-24 13:55:48.787210,W001,40.00109,-105.000148
2026-07-24 14:05:48.787210,W002,40.000399,-105.00008
2026-07-24 14:26:45.586594,W006,40.001565,-104.999294
2026-07-24 14:36:45.586594,W001,40.000968,-104.999357
2026-07-24 14:46:45.586594,W002,40.000837,-104.999263
2026-07-24 14:56:45.586594,W003,40.000936,-104.998298
2026-07-24 15:06:45.586594,W004,40.000534,-104.999163
2026-07-24 15:16:45.586594,W005,40.00101,-104.999609
2026-07-24 15:26:45.586594,W006,40.001177,-105.000324
2026-07-24 15:36:45.586594,W001,40.001458,-104.999161
2026-07-24 16:01:11.721183,W001,40.001537,-104.999593
2026-07-24 16:11:11.721183,W002,40.001151,-104.999426
2026-07-24 16:21:11.721183,W003,40.000746,-104.999329
2026-07-24 16:31:11.721183,W004,40.000038,-104.999072
2026-07-24 16:41:11.721183,W005,40.001015,-104.999196
2026-07-24 07:00:00.000000,W002,39.999076,-104.998608
2026-07-24 07:10:00.000000,W003,39.998792,-104.999641
2026-07-24 07:20:00.000000,W004,39.999351,-104.998269
2026-07-24 07:30:00.000000,W005,39.999181,-104.998551
2026-07-24 07:40:00.000000,W006,39.999618,-104.998853
2026-07-24 07:50:00.000000,W001,39.999224,-104.998693
2026-07-24 08:00:00.000000,W002,39.998778,-104.998091
2026-07-24 08:32:50.860569,W003,39.99914,-104.999484
2026-07-24 08:42:50.860569,W004,39.998781,-104.999228
2026-07-24 08:52:50.860569,W005,39.99921,-104.99883
2026-07-24 09:02:50.860569,W006,39.998695,-104.998902
2026-07-24 09:12:50.860569,W001,39.999081,-104.998661
2026-07-24 09:22:50.860569,W002,39.999235,-104.998973
2026-07-24 09:46:17.647221,W004,39.999232,-104.998367
2026-07-24 09:56:17.647221,W005,39.999462,-104.999097
2026-07-24 10:06:17.647221,W006,39.998583,-104.999111
2026-07-24 10:16:17.647221,W001,39.999103,-104.999251
2026-07-24 10:26:17.647221,W002,39.999346,-104.998807
2026-07-24 10:36:17.647221,W003,39.998742,-104.999004
2026-07-24 10:46:17.647221,W004,39.998607,-104.998662
2026-07-24 11:06:59.791156,W005,39.99913,-104.999003
2026-07-24 11:16:59.791156,W006,39.999295,-104.999213
2026-07-24 11:26:59.791156,W001,39.998903,-104.999139
2026-07-24 11:36:59.791156,W002,39.998745,-104.9994
2026-07-24 11:46:59.791156,W003,39.998859,-104.999123
2026-07-24 11:56:59.791156,W004,39.999211,-104.998488
2026-07-24 12:06:59.791156,W005,39.999258,-104.998546
2026-07-24 12:30:03.201494,W006,39.998805,-104.999078
2026-07-24 12:40:03.201494,W001,39.999034,-104.999205
2026-07-24 12:50:03.201494,W002,39.999164,-104.998664
2026-07-24 13:00:03.201494,W003,39.999008,-104.998373
2026-07-24 13:24:59.291626,W001,39.998611,-104.99863
2026-07-24 13:34:59.291626,W002,39.999383,-104.998956
2026-07-24 13:44:59.291626,W003,39.998487,-104.999114
2026-07-24 13:54:59.291626,W004,39.999695,-104.999335
2026-07-24 14:04:59.291626,W005,39.998851,-104.998328
2026-07-24 14:14:59.291626,W006,39.999163,-104.998821
2026-07-24 14:24:59.291626,W001,39.999185,-104.999123
2026-07-24 14:34:59.291626,W002,39.999268,-104.998225
2026-07-24 14:44:59.291626,W003,39.999477,-104.998371
2026-07-24 15:13:37.231685,W002,39.998791,-104.998525
2026-07-24 15:23:37.231685,W003,39.998856,-104.999635
2026-07-24 15:33:37.231685,W004,39.9999,-104.998378
2026-07-24 15:43:37.231685,W005,39.999105,-104.99854
2026-07-24 15:53:37.231685,W006,39.999071,-104.998396
2026-07-24 16:03:37.231685,W001,39.998842,-104.998558
2026-07-24 16:13:37.231685,W002,39.999401,-104.99885
2026-07-24 16:23:37.231685,W003,39.99868,-104.998438
2026-07-24 16:33:37.231685,W004,39.998778,-104.998603
2026-07-24 16:59:41.103860,W003,39.998707,-104.998554
2026-07-24 17:09:41.103860,W004,39.998921,-104.99958
2026-07-24 17:19:41.103860,W005,39.999178,-104.998802
2026-07-24 17:29:41.103860,W006,39.998439,-104.998485
2026-07-24 17:39:41.103860,W001,39.998848,-104.999007
2026-07-24 17:49:41.103860,W002,39.99916,-104.999619
2026-07-24 07:00:00.000000,W004,40.000695,-105.000987
2026-07-24 07:10:00.000000,W005,40.000573,-105.000947
2026-07-24 07:20:00.000000,W006,40.000725,-105.001085
2026-07-24 07:30:00.000000,W001,40.000282,-105.001767
2026-07-24 07:40:00.000000,W002,40.000322,-105.001564
2026-07-24 08:02:20.633568,W005,40.000912,-105.001471
2026-07-24 08:12:20.633568,W006,40.000447,-105.001831
2026-07-24 08:22:20.633568,W001,40.000475,-105.000738
2026-07-24 08:32:20.633568,W002,40.000077,-105.000979
2026-07-24 08:42:20.633568,W003,40.000196,-105.001271
2026-07-24 08:52:20.633568,W004,40.000382,-105.000909
2026-07-24 09:16:01.807103,W006,40.000223,-105.000693
2026-07-24 09:26:01.807103,W001,40.000323,-105.000857
2026-07-24 09:36:01.807103,W002,40.001071,-105.001219
2026-07-24 09:46:01.807103,W003,40.000401,-105.001263
2026-07-24 09:56:01.807103,W004,40.000221,-105.000753
2026-07-24 10:06:01.807103,W005,40.000883,-105.000709
2026-07-24 10:16:01.807103,W006,40.000981,-105.000724
2026-07-24 10:40:17.333897,W001,40.000229,-105.001083
2026-07-24 10:50:17.333897,W002,40.000832,-105.001083
2026-07-24 11:00:17.333897,W003,40.000105,-105.000771
2026-07-24 11:10:17.333897,W004,40.000608,-105.000988
2026-07-24 11:20:17.333897,W005,40.00021,-105.001594
2026-07-24 11:30:17.333897,W006,40.000094,-105.00043
2026-07-24 11:54:37.907972,W002,40.000187,-105.001052
2026-07-24 12:04:37.907972,W003,40.000256,-105.000763
2026-07-24 12:14:37.907972,W004,40.000303,-105.001605
2026-07-24 12:24:37.907972,W005,40.000894,-105.000849
2026-07-24 12:48:43.769620,W003,40.000265,-105.001018
2026-07-24 12:58:43.769620,W004,40.000677,-105.000622
2026-07-24 13:08:43.769620,W005,40.000627,-105.001601
2026-07-24 13:18:43.769620,W006,40.001199,-105.000797
2026-07-24 13:42:47.758933,W004,40.000206,-105.001384
2026-07-24 13:52:47.758933,W005,40.000294,-105.000316
2026-07-24 14:02:47.758933,W006,40.000849,-105.001276
2026-07-25 07:00:00.000000,W005,40.000562,-105.000654
2026-07-25 07:10:00.000000,W006,40.000432,-105.000626
2026-07-25 07:20:00.000000,W001,40.000456,-105.000251
2026-07-25 07:30:00.000000,W002,40.000991,-104.999647
2026-07-25 07:40:00.000000,W003,39.999584,-105.000574
2026-07-25 07:50:00.000000,W004,40.000474,-105.000203
2026-07-25 08:20:17.200242,W006,40.000145,-104.999893
2026-07-25 08:30:17.200242,W001,39.999942,-104.999646
2026-07-25 08:40:17.200242,W002,40.000355,-105.000416
2026-07-25 08:50:17.200242,W003,39.999494,-105.000785
2026-07-25 09:00:17.200242,W004,39.999926,-104.999806
2026-07-25 09:10:17.200242,W005,40.000624,-105.000451
2026-07-25 09:44:04.784784,W001,40.000491,-105.000529
2026-07-25 09:54:04.784784,W002,40.000215,-104.999773
2026-07-25 10:04:04.784784,W003,40.000558,-105.000223
2026-07-25 10:14:04.784784,W004,40.00051,-104.998801
2026-07-25 10:24:04.784784,W005,39.999295,-105.000247
2026-07-25 10:34:04.784784,W006,40.000321,-104.999255
2026-07-25 10:50:37.424631,W002,40.000367,-105.000131
2026-07-25 11:00:37.424631,W003,39.999872,-104.999905
2026-07-25 11:10:37.424631,W004,39.999813,-104.99956
2026-07-25 11:37:09.882830,W003,39.999361,-105.000296
2026-07-25 11:47:09.882830,W004,40.00035,-105.000098
2026-07-25 11:57:09.882830,W005,40.000026,-104.999938
2026-07-25 12:07:09.882830,W006,39.999861,-105.000049
2026-07-25 12:17:09.882830,W001,40.000564,-104.999904
2026-07-25 12:27:09.882830,W002,40.000062,-105.000413
2026-07-25 12:37:09.882830,W003,39.999522,-105.000033
2026-07-25 12:47:09.882830,W004,39.999104,-104.999976
2026-07-25 12:57:09.882830,W005,39.999652,-105.000463
2026-07-25 13:19:48.356417,W004,40.000418,-105.000293
2026-07-25 13:29:48.356417,W005,40.000112,-105.000539
2026-07-25 13:39:48.356417,W006,40.000063,-104.999802
2026-07-25 14:08:42.129371,W005,40.000575,-105.00044
2026-07-25 14:18:42.129371,W006,39.999769,-105.000264
2026-07-25 14:28:42.129371,W001,39.999567,-104.999754
2026-07-25 07:00:00.000000,W006,40.00143,-104.999575
2026-07-25 07:10:00.000000,W001,40.000416,-104.999626
2026-07-25 07:20:00.000000,W002,40.001551,-105.000048
2026-07-25 07:30:00.000000,W003,40.000831,-104.999647
2026-07-25 07:40:00.000000,W004,40.001159,-105.000392
2026-07-25 07:50:00.000000,W005,40.000997,-104.999922
2026-07-25 08:00:00.000000,W006,40.00101,-104.999276
2026-07-25 08:10:00.000000,W001,40.001314,-104.999638
2026-07-25 08:20:00.000000,W002,40.001427,-104.999903
2026-07-25 08:30:00.000000,W003,40.000384,-104.999763
2026-07-25 08:40:00.000000,W004,40.001148,-104.999126
2026-07-25 09:11:38.265938,W001,40.001226,-104.999666
2026-07-25 09:21:38.265938,W002,40.000594,-104.999653
2026-07-25 09:31:38.265938,W003,40.001621,-104.999295
2026-07-25 09:41:38.265938,W004,40.000828,-104.999334
2026-07-25 09:51:38.265938,W005,40.000959,-104.999386
2026-07-25 10:01:38.265938,W006,40.001622,-104.999146
2026-07-25 10:11:38.265938,W001,40.000655,-104.999693
2026-07-25 10:38:28.514354,W002,40.001217,-104.999152
2026-07-25 10:48:28.514354,W003,40.000438,-104.999753
2026-07-25 10:58:28.514354,W004,40.000988,-104.99935
2026-07-25 11:08:28.514354,W005,40.000915,-104.999028
2026-07-25 11:18:28.514354,W006,40.001559,-104.999054
2026-07-25 11:28:28.514354,W001,40.001321,-104.99997
2026-07-25 11:38:28.514354,W002,40.000971,-104.999165
2026-07-25 11:48:28.514354,W003,40.000372,-104.998796
2026-07-25 11:58:28.514354,W004,40.001579,-104.999334
2026-07-25 12:08:28.514354,W005,40.00106,-104.99946
2026-07-25 12:18:28.514354,W006,40.000962,-104.999181
2026-07-25 12:28:28.514354,W001,40.000969,-104.999467
2026-07-25 12:38:28.514354,W002,40.000837,-104.999911
2026-07-25 12:48:28.514354,W003,40.000769,-104.999538
2026-07-25 13:12:47.632816,W003,40.001094,-104.999375
2026-07-25 13:22:47.632816,W004,40.001343,-104.999924
2026-07-25 13:32:47.632816,W005,40.000865,-104.999837
2026-07-25 13:42:47.632816,W006,40.001266,-104.999687
2026-07-25 13:52:47.632816,W001,40.001012,-104.999117
2026-07-25 14:02:47.632816,W002,40.00089,-104.999494
2026-07-25 14:12:47.632816,W003,39.999771,-104.999595
2026-07-25 14:22:47.632816,W004,40.001271,-104.999735
2026-07-25 14:32:47.632816,W005,40.001467,-104.999457
2026-07-25 14:55:26.909337,W004,40.000399,-104.999503
2026-07-25 15:05:26.909337,W005,40.000441,-105.000183
2026-07-25 15:15:26.909337,W006,40.000585,-104.999266
2026-07-25 15:25:26.909337,W001,40.001024,-104.999888
2026-07-25 15:35:26.909337,W002,40.000802,-104.99951
2026-07-25 15:45:26.909337,W003,40.001539,-104.999917
2026-07-25 15:55:26.909337,W004,40.001377,-104.998934
2026-07-25 16:05:26.909337,W005,40.000772,-104.999035
2026-07-25 16:15:26.909337,W006,40.000893,-104.998645
2026-07-25 16:25:26.909337,W001,40.001702,-104.999085
2026-07-25 16:35:26.909337,W002,40.001131,-104.999176
2026-07-25 16:45:26.909337,W003,39.999907,-104.999717
2026-07-25 16:55:26.909337,W004,40.001012,-104.99936
2026-07-25 17:05:26.909337,W005,40.001243,-104.999364
2026-07-25 17:15:26.909337,W006,40.00077,-104.999616
2026-07-25 17:25:26.909337,W001,40.001801,-104.999676
2026-07-25 17:35:26.909337,W002,40.000784,-104.999112
2026-07-25 07:00:00.000000,W005,39.998349,-104.999275
2026-07-25 07:10:00.000000,W006,39.999411,-104.999359
2026-07-25 07:20:00.000000,W001,39.999222,-104.998601
2026-07-25 07:30:00.000000,W002,39.999341,-104.998703
2026-07-25 07:59:40.445564,W006,39.998794,-104.998602
2026-07-25 08:09:40.445564,W001,39.999855,-104.998827
2026-07-25 08:19:40.445564,W002,39.999597,-104.998671
2026-07-25 08:29:40.445564,W003,39.998808,-104.99918
2026-07-25 08:39:40.445564,W004,39.999289,-104.998985
2026-07-25 09:03:05.110198,W001,39.999156,-104.9989
2026-07-25 09:13:05.110198,W002,39.998687,-104.998524
2026-07-25 09:23:05.110198,W003,39.999261,-104.998747
2026-07-25 09:33:05.110198,W004,39.999591,-104.99829
2026-07-25 09:43:05.110198,W005,39.999229,-104.99906
2026-07-25 10:11:27.865083,W002,39.998648,-104.998664
2026-07-25 10:21:27.865083,W003,39.999122,-104.998899
2026-07-25 10:31:27.865083,W004,39.999355,-104.999079
2026-07-25 07:00:00.000000,W003,40.000418,-105.001368
2026-07-25 07:10:00.000000,W004,40.00012,-105.000727
2026-07-25 07:20:00.000000,W005,40.000208,-105.001352
2026-07-25 07:45:55.238682,W004,40.00028,-105.000476
2026-07-25 07:55:55.238682,W005,40.000044,-105.000566
2026-07-25 08:05:55.238682,W006,40.000228,-105.000681
2026-07-25 08:15:55.238682,W001,40.000668,-105.001531
2026-07-25 08:25:55.238682,W002,40.000495,-105.000545
2026-07-25 08:52:23.610906,W005,40.000377,-105.001228
2026-07-25 09:02:23.610906,W006,40.000643,-105.001151
2026-07-25 09:12:23.610906,W001,40.000969,-105.001427
2026-07-25 09:22:23.610906,W002,40.000579,-105.000732
2026-07-25 09:32:23.610906,W003,40.000637,-105.00109
2026-07-25 09:42:23.610906,W004,40.000154,-105.001397
2026-07-25 09:52:23.610906,W005,40.000112,-105.001334
2026-07-25 10:02:23.610906,W006,40.000091,-105.001531
2026-07-25 10:26:43.494331,W006,40.000974,-105.000968
2026-07-25 10:36:43.494331,W001,39.999754,-105.000814
2026-07-25 10:46:43.494331,W002,40.000891,-105.000939
2026-07-25 10:56:43.494331,W003,40.000024,-105.0013
2026-07-25 11:06:43.494331,W004,40.000742,-105.000851
2026-07-25 11:16:43.494331,W005,40.001441,-105.001004
2026-07-25 11:26:43.494331,W006,40.00054,-105.000843
2026-07-25 11:36:43.494331,W001,39.999974,-105.000578
2026-07-25 12:01:07.543539,W001,40.000105,-105.001434
2026-07-25 12:11:07.543539,W002,40.0003,-105.001211
2026-07-25 12:21:07.543539,W003,40.000869,-105.001243
2026-07-25 12:31:07.543539,W004,40.000986,-105.001226
2026-07-25 12:41:07.543539,W005,40.001021,-105.000832
2026-07-25 12:51:07.543539,W006,40.000525,-105.001032
2026-07-25 13:01:07.543539,W001,40.000043,-105.000756
2026-07-25 13:30:30.235540,W002,40.000525,-105.001029
2026-07-25 13:40:30.235540,W003,40.000476,-105.00113
2026-07-25 13:50:30.235540,W004,40.000794,-105.000698
2026-07-25 14:00:30.235540,W005,40.000871,-105.001032
2026-07-25 14:10:30.235540,W006,40.000609,-105.000739
2026-07-25 14:20:30.235540,W001,40.000484,-105.001353
2026-07-25 14:30:30.235540,W002,40.000242,-105.000481
2026-07-25 14:40:30.235540,W003,40.000799,-105.000818
2026-07-25 07:00:00.000000,W003,40.000413,-104.999469
2026-07-25 07:10:00.000000,W004,40.000011,-104.999997
2026-07-25 07:20:00.000000,W005,40.000171,-104.999649
2026-07-25 07:30:00.000000,W006,40.000379,-105.000696
2026-07-25 07:40:00.000000,W001,40.000469,-104.999665
2026-07-25 07:50:00.000000,W002,40.000366,-105.000173
2026-07-25 08:00:00.000000,W003,40.000268,-105.000814
2026-07-25 08:10:00.000000,W004,39.999544,-105.000805
2026-07-25 08:36:44.455191,W004,40.000494,-105.000144
2026-07-25 08:46:44.455191,W005,39.999914,-105.000496
2026-07-25 08:56:44.455191,W006,40.000004,-105.000374
2026-07-25 09:06:44.455191,W001,40.000102,-105.00047
2026-07-25 09:16:44.455191,W002,40.000999,-105.000289
2026-07-25 09:44:51.209199,W005,39.999736,-105.000193
2026-07-25 09:54:51.209199,W006,40.000205,-104.999417
2026-07-25 10:04:51.209199,W001,40.000362,-104.999727
2026-07-25 10:14:51.209199,W002,40.000432,-105.000399
2026-07-25 10:24:51.209199,W003,39.999582,-105.000492
2026-07-25 10:34:51.209199,W004,39.999067,-104.999551
2026-07-25 11:00:28.135371,W006,40.000466,-105.000556
2026-07-25 11:10:28.135371,W001,40.000187,-104.999718
2026-07-25 11:20:28.135371,W002,40.000097,-105.00004
2026-07-25 11:30:28.135371,W003,40.000289,-105.000707
2026-07-25 11:40:28.135371,W004,39.999646,-104.999886
2026-07-25 11:50:28.135371,W005,39.999328,-104.999917
2026-07-25 12:23:44.430738,W001,40.00056,-105.000431
2026-07-25 12:33:44.430738,W002,40.000128,-105.000529
2026-07-25 12:43:44.430738,W003,39.999444,-104.999904
2026-07-25 12:53:44.430738,W004,39.999572,-105.000032
2026-07-25 13:03:44.430738,W005,39.999516,-105.000748
2026-07-25 13:13:44.430738,W006,39.99964,-105.000126
2026-07-25 13:23:44.430738,W001,40.000114,-105.000098
2026-07-25 13:33:44.430738,W002,39.999484,-105.000758
2026-07-25 07:00:00.000000,W002,40.001872,-104.99902
2026-07-25 07:10:00.000000,W003,40.000649,-104.998871
2026-07-25 07:20:00.000000,W004,40.001006,-104.999557
2026-07-25 07:49:25.307476,W003,40.001015,-104.999481
2026-07-25 07:59:25.307476,W004,40.000849,-104.999661
2026-07-25 08:09:25.307476,W005,40.000948,-104.999757
2026-07-25 08:19:25.307476,W006,40.000342,-104.999939
2026-07-25 08:29:25.307476,W001,40.001132,-104.999624
2026-07-25 08:39:25.307476,W002,40.001107,-104.999772
2026-07-25 09:08:55.970233,W004,40.000859,-104.999587
2026-07-25 09:18:55.970233,W005,40.001201,-104.999503
2026-07-25 09:28:55.970233,W006,40.000353,-104.999294
2026-07-25 09:38:55.970233,W001,40.001771,-105.000351
2026-07-25 09:48:55.970233,W002,40.001275,-105.000042
2026-07-25 09:58:55.970233,W003,40.000825,-104.999134
2026-07-25 10:31:15.944128,W005,40.001558,-104.999465
2026-07-25 10:41:15.944128,W006,40.001591,-104.999528
2026-07-25 10:51:15.944128,W001,40.000455,-104.999288
2026-07-25 11:01:15.944128,W002,40.001218,-104.999418
2026-07-25 11:11:15.944128,W003,40.000401,-104.999333
2026-07-25 11:40:04.367619,W006,40.000791,-104.999674
2026-07-25 11:50:04.367619,W001,40.001395,-105.00039
2026-07-25 12:00:04.367619,W002,40.001516,-104.999714
2026-07-25 12:10:04.367619,W003,40.001022,-104.999574
2026-07-25 12:20:04.367619,W004,40.001356,-104.999396
2026-07-25 12:30:04.367619,W005,40.001132,-105.000478
2026-07-25 12:40:04.367619,W006,40.000905,-105.000082
2026-07-25 12:50:04.367619,W001,40.000881,-105.000346
2026-07-25 13:00:04.367619,W002,40.000676,-104.999945
2026-07-25 07:00:00.000000,W001,39.999681,-104.998062
2026-07-25 07:10:00.000000,W002,39.998868,-104.999409
2026-07-25 07:20:00.000000,W003,39.9991,-104.998575
2026-07-25 07:30:00.000000,W004,39.999449,-104.999286
2026-07-25 07:48:05.005693,W002,39.99907,-104.998059
2026-07-25 07:58:05.005693,W003,39.999546,-104.99917
2026-07-25 08:08:05.005693,W004,39.999186,-104.998722
2026-07-25 08:18:05.005693,W005,39.998988,-104.998525
2026-07-25 08:28:05.005693,W006,39.99987,-104.998815
2026-07-25 08:38:05.005693,W001,39.998995,-104.998624
2026-07-25 08:48:05.005693,W002,39.998837,-104.997764
2026-07-25 09:17:09.092933,W003,39.999428,-104.998751
2026-07-25 09:27:09.092933,W004,39.999262,-104.998519
2026-07-25 09:37:09.092933,W005,39.998427,-104.999449
2026-07-25 09:47:09.092933,W006,39.999448,-104.999726
2026-07-25 09:57:09.092933,W001,39.998763,-104.998851
2026-07-25 10:07:09.092933,W002,39.998275,-104.999325
2026-07-25 10:17:09.092933,W003,39.999047,-104.999135
2026-07-25 10:27:09.092933,W004,39.998577,-104.998632
2026-07-25 10:37:09.092933,W005,39.999552,-104.998053
2026-07-25 10:47:09.092933,W006,39.99917,-104.99879
2026-07-25 10:57:09.092933,W001,39.999151,-104.99841
2026-07-25 11:25:55.962803,W004,39.99908,-104.99847
2026-07-25 11:35:55.962803,W005,39.999245,-104.999318
2026-07-25 11:45:55.962803,W006,39.999162,-104.998545
2026-07-25 12:10:19.987498,W005,39.998898,-104.998691
2026-07-25 12:20:19.987498,W006,39.99932,-104.997908
2026-07-25 12:30:19.987498,W001,39.999189,-104.999203
2026-07-25 12:40:19.987498,W002,39.999414,-104.999205
2026-07-25 12:50:19.987498,W003,39.999365,-104.998949
2026-07-25 13:00:19.987498,W004,39.999165,-104.998533
2026-07-25 13:10:19.987498,W005,39.998361,-104.998914
2026-07-25 13:20:19.987498,W006,39.999185,-104.998433
2026-07-25 13:30:19.987498,W001,39.999267,-104.998813
2026-07-25 13:40:19.987498,W002,40.000008,-104.999257
2026-07-25 14:04:52.757036,W006,39.998767,-104.998422
2026-07-25 14:14:52.757036,W001,39.9994,-104.998934
2026-07-25 14:24:52.757036,W002,39.99952,-104.999674
2026-07-25 14:34:52.757036,W003,39.999501,-104.998669
2026-07-25 14:44:52.757036,W004,39.999685,-104.998831
2026-07-25 14:54:52.757036,W005,39.998758,-104.998617
2026-07-25 15:04:52.757036,W006,39.999244,-104.998798
2026-07-25 15:14:52.757036,W001,39.999735,-104.999189
2026-07-25 15:24:52.757036,W002,39.998976,-104.998967
2026-07-25 15:34:52.757036,W003,39.999002,-104.998192
2026-07-25 15:55:58.328005,W001,39.99923,-104.998768
2026-07-25 16:05:58.328005,W002,39.999404,-104.998584
2026-07-25 16:15:58.328005,W003,39.999325,-104.997977
2026-07-25 16:25:58.328005,W004,39.99978,-104.998464
2026-07-25 16:35:58.328005,W005,39.999173,-104.998889
2026-07-25 16:45:58.328005,W006,39.998788,-104.998413
2026-07-25 16:55:58.328005,W001,39.999207,-104.998787
2026-07-25 17:05:58.328005,W002,39.999128,-104.999031
2026-07-25 07:00:00.000000,W002,40.001223,-105.001524
2026-07-25 07:10:00.000000,W003,40.000383,-105.001026
2026-07-25 07:20:00.000000,W004,40.000701,-105.000317
2026-07-25 07:30:00.000000,W005,40.00041,-105.000165
2026-07-25 07:40:00.000000,W006,40.000584,-105.001376
2026-07-25 07:50:00.000000,W001,40.001154,-105.000567
2026-07-25 08:15:37.658451,W003,40.00081,-105.001048
2026-07-25 08:25:37.658451,W004,40.000535,-105.000955
2026-07-25 08:35:37.658451,W005,40.000793,-105.00142
2026-07-25 08:45:37.658451,W006,40.000562,-105.00137
2026-07-25 08:55:37.658451,W001,39.999683,-105.001981
2026-07-25 09:05:37.658451,W002,40.000588,-105.001009
2026-07-25 09:15:37.658451,W003,40.000899,-105.000818
2026-07-25 09:25:37.658451,W004,40.001431,-105.001909
2026-07-25 09:35:37.658451,W005,40.001039,-105.000826
2026-07-25 09:45:37.658451,W006,40.00054,-105.000917
2026-07-25 10:10:41.113888,W004,40.000029,-105.000885
2026-07-25 10:20:41.113888,W005,40.000462,-105.000828
2026-07-25 10:30:41.113888,W006,40.000306,-105.00164
2026-07-25 10:40:41.113888,W001,40.000122,-105.002136
2026-07-25 10:50:41.113888,W002,40.000485,-105.001337
2026-07-25 11:22:12.976638,W005,39.999925,-105.000585
2026-07-25 11:32:12.976638,W006,40.001353,-105.001168
2026-07-25 11:42:12.976638,W001,40.000397,-105.001249
2026-07-25 11:52:12.976638,W002,40.00013,-105.000707
2026-07-25 12:02:12.976638,W003,40.001432,-105.000192
2026-07-25 12:12:12.976638,W004,39.999939,-105.00099
2026-07-25 12:22:12.976638,W005,40.001896,-105.001033
2026-07-25 12:44:19.001600,W006,40.001108,-105.000879
2026-07-25 12:54:19.001600,W001,40.000753,-105.000432
2026-07-25 13:04:19.001600,W002,40.000737,-105.001488
2026-07-25 13:14:19.001600,W003,40.00018,-105.00059
2026-07-25 13:24:19.001600,W004,40.000482,-105.000892
2026-07-25 13:34:19.001600,W005,39.999513,-105.001159
2026-07-25 13:44:19.001600,W006,39.999997,-105.000989
2026-07-25 13:54:19.001600,W001,40.000253,-105.001319
2026-07-25 14:04:19.001600,W002,39.999544,-105.00026
2026-07-25 14:14:19.001600,W003,40.000644,-104.999403
2026-07-25 14:24:19.001600,W004,40.000604,-105.001185
2026-07-25 14:45:59.001085,W001,40.000642,-105.000544
2026-07-25 14:55:59.001085,W002,40.000915,-105.001075
2026-07-25 15:05:59.001085,W003,40.000405,-105.000712
2026-07-25 15:15:59.001085,W004,40.000033,-105.00104
2026-07-25 15:36:07.340137,W002,40.000811,-105.001663
2026-07-25 15:46:07.340137,W003,40.000806,-105.000732
2026-07-25 15:56:07.340137,W004,40.00092,-105.00111
2026-07-25 16:06:07.340137,W005,40.000515,-105.000855
2026-07-25 16:16:07.340137,W006,40.001208,-105.001119
2026-07-25 16:26:07.340137,W001,40.00005,-105.00166
2026-07-25 16:53:18.230720,W003,40.000183,-105.001257
2026-07-25 17:03:18.230720,W004,40.000158,-105.000979
2026-07-25 17:13:18.230720,W005,40.000403,-105.00122
2026-07-25 17:23:18.230720,W006,40.001156,-105.0008
2026-07-25 17:33:18.230720,W001,40.000818,-105.001123
2026-07-25 17:43:18.230720,W002,40.001453,-105.000773
2026-07-26 07:00:00.000000,W004,39.999979,-105.00002
2026-07-26 07:10:00.000000,W005,39.99996,-105.000312
2026-07-26 07:20:00.000000,W006,40.000408,-104.999478
2026-07-26 07:30:00.000000,W001,39.999725,-105.000163
2026-07-26 07:40:00.000000,W002,40.00034,-104.999917
2026-07-26 08:04:11.252895,W005,39.999654,-104.99924
2026-07-26 08:14:11.252895,W006,40.000177,-104.999811
2026-07-26 08:24:11.252895,W001,39.998918,-105.000334
2026-07-26 08:34:11.252895,W002,39.999929,-105.001084
2026-07-26 08:44:11.252895,W003,39.999626,-105.000078
2026-07-26 08:54:11.252895,W004,39.999494,-105.0
2026-07-26 09:04:11.252895,W005,40.00012,-105.000271
2026-07-26 09:14:11.252895,W006,39.999809,-105.000683
2026-07-26 09:24:11.252895,W001,40.000894,-105.000233
2026-07-26 09:34:11.252895,W002,40.000017,-105.00027
2026-07-26 10:02:36.790194,W006,40.000179,-105.000782
2026-07-26 10:12:36.790194,W001,40.000295,-105.000453
2026-07-26 10:22:36.790194,W002,39.998967,-104.999805
2026-07-26 10:32:36.790194,W003,39.999966,-105.000409
2026-07-26 10:57:54.681476,W001,40.00031,-105.000152
2026-07-26 11:07:54.681476,W002,39.999691,-104.999982
2026-07-26 11:17:54.681476,W003,40.000179,-104.999168
2026-07-26 11:27:54.681476,W004,40.000015,-105.00075
2026-07-26 11:37:54.681476,W005,40.000894,-104.999476
2026-07-26 11:47:54.681476,W006,39.99994,-105.000859
2026-07-26 11:57:54.681476,W001,40.000307,-104.999277
2026-07-26 12:20:05.660754,W002,39.999369,-105.00026
2026-07-26 12:30:05.660754,W003,39.999776,-105.000462
2026-07-26 12:40:05.660754,W004,40.000042,-104.999141
2026-07-26 12:50:05.660754,W005,40.000883,-104.999317
2026-07-26 13:00:05.660754,W006,39.999562,-104.999894
2026-07-26 07:00:00.000000,W003,40.000009,-104.999693
2026-07-26 07:10:00.000000,W004,40.001273,-104.999644
2026-07-26 07:20:00.000000,W005,40.001615,-104.999357
2026-07-26 07:30:00.000000,W006,40.000824,-104.999282
2026-07-26 07:40:00.000000,W001,40.001073,-104.99907
2026-07-26 07:50:00.000000,W002,40.001092,-104.999224
2026-07-26 08:00:00.000000,W003,40.001138,-104.998541
2026-07-26 08:10:00.000000,W004,40.001107,-104.999622
2026-07-26 08:20:00.000000,W005,40.001127,-104.999911
2026-07-26 08:30:00.000000,W006,40.001201,-104.999306
2026-07-26 08:40:00.000000,W001,40.001452,-105.000129
2026-07-26 08:50:00.000000,W002,40.001246,-104.999468
2026-07-26 09:00:00.000000,W003,40.001181,-104.999793
2026-07-26 09:10:00.000000,W004,40.00102,-104.9998
2026-07-26 09:20:00.000000,W005,40.000765,-104.998811
2026-07-26 09:42:07.316503,W004,40.000997,-105.000247
2026-07-26 09:52:07.316503,W005,40.001357,-104.999016
2026-07-26 10:02:07.316503,W006,40.000762,-104.999145
2026-07-26 10:12:07.316503,W001,40.00114,-104.999372
2026-07-26 10:22:07.316503,W002,40.001222,-104.999461
2026-07-26 10:32:07.316503,W003,40.000961,-104.999519
2026-07-26 10:42:07.316503,W004,40.000572,-104.999435
2026-07-26 10:52:07.316503,W005,40.001176,-105.000129
2026-07-26 11:02:07.316503,W006,40.001015,-104.999355
2026-07-26 11:28:25.604142,W005,40.000718,-104.999105
2026-07-26 11:38:25.604142,W006,40.00166,-104.998995
2026-07-26 11:48:25.604142,W001,40.000851,-104.999475
2026-07-26 11:58:25.604142,W002,40.001353,-104.999505
2026-07-26 12:08:25.604142,W003,40.001344,-104.999302
2026-07-26 12:18:25.604142,W004,40.001484,-104.999401
2026-07-26 12:28:25.604142,W005,40.000381,-104.999283
2026-07-26 12:38:25.604142,W006,40.000827,-105.000133
2026-07-26 12:48:25.604142,W001,40.001253,-104.999296
2026-07-26 12:58:25.604142,W002,40.000691,-104.999351
2026-07-26 13:08:25.604142,W003,40.001,-104.999518
2026-07-26 13:18:25.604142,W004,40.001305,-104.999861
2026-07-26 13:47:40.948781,W006,40.001063,-104.99985
2026-07-26 13:57:40.948781,W001,40.001342,-104.999367
2026-07-26 14:07:40.948781,W002,40.000569,-104.999123
2026-07-26 14:17:40.948781,W003,40.000976,-104.998958
2026-07-26 14:27:40.948781,W004,40.000753,-104.998612
2026-07-26 14:37:40.948781,W005,40.001796,-104.999869
2026-07-26 14:47:40.948781,W006,40.001113,-104.998767
2026-07-26 14:57:40.948781,W001,40.001139,-104.999613
2026-07-26 15:07:40.948781,W002,40.0011,-104.999745
2026-07-26 15:35:03.215124,W001,40.001077,-104.999464
2026-07-26 15:45:03.215124,W002,40.000726,-105.000456
2026-07-26 15:55:03.215124,W003,40.001527,-104.999368
2026-07-26 16:05:03.215124,W004,40.000797,-104.999329
2026-07-26 16:15:03.215124,W005,40.000289,-104.999712
2026-07-26 16:25:03.215124,W006,40.001247,-104.999823
2026-07-26 16:35:03.215124,W001,40.000516,-104.999775
2026-07-26 16:45:03.215124,W002,40.001148,-104.999938
2026-07-26 16:55:03.215124,W003,40.000761,-104.998674
2026-07-26 07:00:00.000000,W002,39.998863,-104.998799
2026-07-26 07:10:00.000000,W003,39.998898,-104.99909
2026-07-26 07:20:00.000000,W004,39.998529,-104.999285
2026-07-26 07:43:54.134790,W003,39.999338,-104.99891
2026-07-26 07:53:54.134790,W004,39.999546,-104.999407
2026-07-26 08:03:54.134790,W005,39.99891,-104.998134
2026-07-26 08:34:38.038881,W004,39.999515,-104.999107
2026-07-26 08:44:38.038881,W005,39.999047,-104.998748
2026-07-26 08:54:38.038881,W006,39.999113,-104.998921
2026-07-26 09:04:38.038881,W001,39.999056,-104.998827
2026-07-26 09:14:38.038881,W002,39.999528,-104.99822
2026-07-26 09:24:38.038881,W003,39.999147,-104.998835
2026-07-26 09:34:38.038881,W004,39.998968,-104.998977
2026-07-26 09:44:38.038881,W005,39.999029,-104.998292
2026-07-26 10:09:23.227700,W005,39.998572,-104.998084
2026-07-26 10:19:23.227700,W006,39.999209,-104.998766
2026-07-26 10:29:23.227700,W001,39.998798,-104.998455
2026-07-26 10:39:23.227700,W002,39.999683,-104.998478
2026-07-26 10:49:23.227700,W003,39.999011,-104.999188
2026-07-26 10:59:23.227700,W004,39.998648,-104.999458
2026-07-26 11:26:35.150643,W006,39.999495,-104.999459
2026-07-26 11:36:35.150643,W001,39.99857,-104.999082
2026-07-26 11:46:35.150643,W002,39.999465,-104.998652
2026-07-26 11:56:35.150643,W003,39.998498,-104.998439
2026-07-26 12:21:53.514135,W001,39.999161,-104.998567
2026-07-26 12:31:53.514135,W002,39.999417,-104.998467
2026-07-26 12:41:53.514135,W003,39.999279,-104.998482
2026-07-26 12:51:53.514135,W004,39.999306,-104.998982
2026-07-26 13:01:53.514135,W005,39.999043,-104.998303
2026-07-26 13:11:53.514135,W006,39.999136,-104.999073
2026-07-26 13:39:33.390780,W002,39.999356,-104.998923
2026-07-26 13:49:33.390780,W003,39.999133,-104.998409
2026-07-26 13:59:33.390780,W004,39.998843,-104.998521
2026-07-26 14:09:33.390780,W005,39.999009,-104.99867
2026-07-26 14:19:33.390780,W006,39.999462,-104.998494
2026-07-26 07:00:00.000000,W003,40.00051,-105.001127
2026-07-26 07:10:00.000000,W004,40.001041,-105.000743
2026-07-26 07:20:00.000000,W005,40.00076,-105.001469
2026-07-26 07:30:00.000000,W006,40.00108,-105.001268
2026-07-26 07:40:00.000000,W001,40.000656,-105.000728
2026-07-26 07:50:00.000000,W002,40.000815,-105.000875
2026-07-26 08:00:00.000000,W003,40.000472,-105.001254
2026-07-26 08:10:00.000000,W004,39.999985,-105.001189
2026-07-26 08:20:00.000000,W005,40.001445,-105.001099
2026-07-26 08:30:00.000000,W006,40.001175,-105.001874
2026-07-26 08:51:54.801071,W004,40.00003,-105.001163
2026-07-26 09:01:54.801071,W005,40.000805,-105.002009
2026-07-26 09:11:54.801071,W006,40.000152,-105.000864
2026-07-26 09:21:54.801071,W001,40.000969,-105.000349
2026-07-26 09:31:54.801071,W002,40.000862,-105.000585
2026-07-26 09:41:54.801071,W003,40.00071,-105.00061
2026-07-26 09:51:54.801071,W004,40.000689,-105.000802
2026-07-26 10:01:54.801071,W005,40.001034,-105.000585
2026-07-26 10:28:09.589778,W005,40.000667,-105.000251
2026-07-26 10:38:09.589778,W006,39.999889,-105.000944
2026-07-26 10:48:09.589778,W001,40.000432,-105.000663
2026-07-26 10:58:09.589778,W002,40.001142,-105.000924
2026-07-26 11:08:09.589778,W003,40.000428,-105.0009
2026-07-26 11:18:09.589778,W004,40.000917,-105.000758
2026-07-26 11:28:09.589778,W005,40.000749,-105.001387
2026-07-26 11:52:06.388522,W006,40.000076,-105.00038
2026-07-26 12:02:06.388522,W001,40.001095,-105.000465
2026-07-26 12:12:06.388522,W002,39.999971,-105.000876
2026-07-26 12:22:06.388522,W003,40.000724,-105.000674
2026-07-26 07:00:00.000000,W001,39.999651,-105.000262
2026-07-26 07:10:00.000000,W002,39.999345,-104.999671
2026-07-26 07:20:00.000000,W003,40.000232,-104.999942
2026-07-26 07:30:00.000000,W004,39.999646,-104.999952
2026-07-26 07:40:00.000000,W005,40.00021,-105.000002
2026-07-26 07:50:00.000000,W006,39.999862,-105.000536
2026-07-26 08:00:00.000000,W001,39.999329,-104.999968
2026-07-26 08:10:00.000000,W002,39.999519,-105.001159
2026-07-26 08:20:00.000000,W003,39.999574,-105.000454
2026-07-26 08:30:00.000000,W004,39.999419,-105.000235
2026-07-26 08:56:18.266125,W002,40.000433,-104.999774
2026-07-26 09:06:18.266125,W003,40.000167,-104.999703
2026-07-26 09:16:18.266125,W004,40.000086,-104.999734
2026-07-26 09:26:18.266125,W005,40.000396,-105.000252
2026-07-26 09:36:18.266125,W006,40.000386,-105.000063
2026-07-26 09:46:18.266125,W001,39.999551,-105.000079
2026-07-26 09:56:18.266125,W002,40.000212,-104.999985
2026-07-26 10:06:18.266125,W003,40.000344,-105.000624
2026-07-26 10:16:18.266125,W004,39.999628,-104.999648
2026-07-26 10:35:08.768961,W003,40.000191,-104.999883
2026-07-26 10:45:08.768961,W004,39.999772,-105.000229
2026-07-26 10:55:08.768961,W005,39.999651,-104.999941
2026-07-26 11:05:08.768961,W006,39.999385,-105.000355
2026-07-26 11:15:08.768961,W001,39.999552,-104.999827
2026-07-26 11:25:08.768961,W002,39.999566,-105.000055
2026-07-26 11:35:08.768961,W003,40.000637,-105.000287
2026-07-26 11:45:08.768961,W004,39.999896,-104.999787
2026-07-26 11:55:08.768961,W005,39.999676,-104.999853
2026-07-26 12:05:08.768961,W006,40.000217,-104.999993
2026-07-26 12:15:08.768961,W001,39.999462,-105.000267
2026-07-26 12:25:08.768961,W002,39.99978,-104.999605
2026-07-26 12:35:08.768961,W003,39.999957,-105.000311
2026-07-26 12:45:08.768961,W004,39.999981,-105.00006
2026-07-26 13:09:47.389626,W004,40.000053,-104.999612
2026-07-26 13:19:47.389626,W005,39.999936,-104.999876
2026-07-26 13:29:47.389626,W006,39.999683,-104.999453
2026-07-26 13:39:47.389626,W001,39.999682,-105.000467
2026-07-26 13:49:47.389626,W002,40.000125,-105.000585
2026-07-26 07:00:00.000000,W005,40.000983,-104.999515
2026-07-26 07:10:00.000000,W006,40.00103,-104.999568
2026-07-26 07:20:00.000000,W001,40.001631,-104.999692
2026-07-26 07:30:00.000000,W002,40.00114,-104.999811
2026-07-26 07:40:00.000000,W003,40.000729,-104.999099
2026-07-26 08:03:02.233661,W006,40.000482,-104.999612
2026-07-26 08:13:02.233661,W001,40.000691,-105.000086
2026-07-26 08:23:02.233661,W002,40.001517,-104.99879
2026-07-26 08:33:02.233661,W003,40.001034,-104.999047
2026-07-26 08:43:02.233661,W004,40.001263,-104.999265
2026-07-26 08:53:02.233661,W005,40.001174,-104.999159
2026-07-26 09:03:02.233661,W006,40.001376,-104.998988
2026-07-26 09:13:02.233661,W001,40.000489,-104.998941
2026-07-26 09:23:02.233661,W002,40.001596,-104.999813
2026-07-26 09:33:02.233661,W003,40.00063,-104.999789
2026-07-26 09:56:56.503209,W001,40.001125,-104.999168
2026-07-26 10:06:56.503209,W002,40.001009,-104.999681
2026-07-26 10:16:56.503209,W003,40.000714,-104.999216
2026-07-26 10:26:56.503209,W004,40.001178,-104.99965
2026-07-26 10:36:56.503209,W005,40.001087,-104.999381
2026-07-26 10:46:56.503209,W006,40.000617,-104.999582
2026-07-26 10:56:56.503209,W001,40.000254,-104.998864
2026-07-26 11:29:18.506744,W002,40.000519,-104.999468
2026-07-26 11:39:18.506744,W003,40.00102,-104.999409
2026-07-26 11:49:18.506744,W004,40.001061,-104.99869
2026-07-26 11:59:18.506744,W005,40.000705,-104.999595
2026-07-26 12:09:18.506744,W006,40.000994,-104.999512
2026-07-26 12:19:18.506744,W001,40.000745,-104.99987
2026-07-26 12:46:26.358387,W003,40.001307,-104.999468
2026-07-26 12:56:26.358387,W004,40.001016,-104.998978
2026-07-26 13:06:26.358387,W005,40.001861,-104.999469
2026-07-26 13:16:26.358387,W006,40.001418,-104.999857
2026-07-26 13:26:26.358387,W001,40.000987,-104.999794
2026-07-26 13:36:26.358387,W002,40.000701,-104.999905
2026-07-26 13:46:26.358387,W003,40.001564,-104.99878
2026-07-26 13:56:26.358387,W004,40.001326,-104.999558
2026-07-26 14:06:26.358387,W005,40.000992,-104.99975
2026-07-26 14:16:26.358387,W006,40.000978,-104.999502
2026-07-26 14:40:57.665370,W004,40.00123,-105.000112
2026-07-26 14:50:57.665370,W005,40.000949,-104.99848
2026-07-26 15:00:57.665370,W006,40.001573,-104.999695
2026-07-26 15:10:57.665370,W001,40.000889,-104.999901
2026-07-26 07:00:00.000000,W005,39.998855,-104.998434
2026-07-26 07:10:00.000000,W006,39.998963,-104.999078
2026-07-26 07:20:00.000000,W001,39.999689,-104.998781
2026-07-26 07:52:00.164466,W006,39.998715,-104.998241
2026-07-26 08:02:00.164466,W001,39.999375,-104.998798
2026-07-26 08:12:00.164466,W002,39.998807,-104.998698
2026-07-26 08:22:00.164466,W003,39.999354,-104.999204
2026-07-26 08:32:00.164466,W004,39.999366,-104.999175
2026-07-26 08:42:00.164466,W005,39.999403,-104.999626
2026-07-26 09:06:12.149827,W001,39.998668,-104.999407
2026-07-26 09:16:12.149827,W002,40.000048,-104.998022
2026-07-26 09:26:12.149827,W003,39.99955,-104.998289
2026-07-26 09:36:12.149827,W004,39.998707,-104.999081
2026-07-26 09:46:12.149827,W005,39.999155,-104.998785
2026-07-26 09:56:12.149827,W006,39.999091,-104.998724
2026-07-26 10:25:21.325814,W002,39.998626,-104.998124
2026-07-26 10:35:21.325814,W003,39.999367,-104.999256
2026-07-26 10:45:21.325814,W004,39.999204,-104.999036
2026-07-26 10:55:21.325814,W005,39.999168,-104.998799
2026-07-26 11:05:21.325814,W006,39.998717,-104.99874
2026-07-26 11:15:21.325814,W001,39.999609,-104.998787
2026-07-26 11:45:04.154700,W003,39.999216,-104.998807
2026-07-26 11:55:04.154700,W004,39.999163,-104.998425
2026-07-26 12:05:04.154700,W005,39.998838,-104.998577
2026-07-26 12:15:04.154700,W006,39.999635,-104.998273
2026-07-26 12:25:04.154700,W001,39.998719,-104.998626
2026-07-26 12:35:04.154700,W002,39.999335,-104.999149
2026-07-26 12:45:04.154700,W003,39.999624,-104.998394
2026-07-26 07:00:00.000000,W004,40.000917,-105.001323
2026-07-26 07:10:00.000000,W005,40.000737,-105.000615
2026-07-26 07:20:00.000000,W006,40.000212,-105.001598
2026-07-26 07:30:00.000000,W001,40.000092,-105.001063
2026-07-26 07:40:00.000000,W002,40.000377,-105.000296
2026-07-26 07:50:00.000000,W003,40.001031,-105.000364
2026-07-26 08:00:00.000000,W004,40.000688,-105.001254
2026-07-26 08:24:04.107665,W005,40.000828,-105.000689
2026-07-26 08:34:04.107665,W006,40.00107,-105.001142
2026-07-26 08:44:04.107665,W001,40.000186,-105.000876
2026-07-26 08:54:04.107665,W002,40.001044,-105.001637
2026-07-26 09:04:04.107665,W003,40.000953,-105.00141
2026-07-26 09:14:04.107665,W004,40.000684,-105.000272
2026-07-26 09:24:04.107665,W005,40.000453,-105.001024
2026-07-26 09:34:04.107665,W006,40.000971,-105.001709
2026-07-26 09:56:47.108496,W006,40.000087,-105.000962
2026-07-26 10:06:47.108496,W001,40.000909,-105.000865
2026-07-26 10:16:47.108496,W002,40.000142,-105.00089
2026-07-26 10:26:47.108496,W003,39.999887,-105.000823
2026-07-26 10:36:47.108496,W004,40.000549,-105.001732
2026-07-26 10:46:47.108496,W005,40.000639,-105.001435
2026-07-26 10:56:47.108496,W006,39.999414,-105.001223
2026-07-26 11:06:47.108496,W001,40.00073,-105.000467
2026-07-26 11:35:42.859396,W001,40.000472,-105.001742
2026-07-26 11:45:42.859396,W002,40.001262,-105.001109
2026-07-26 11:55:42.859396,W003,40.000589,-105.001255
2026-07-26 12:05:42.859396,W004,40.000931,-105.000205
2026-07-26 12:15:42.859396,W005,40.000375,-105.001329
2026-07-26 12:42:25.003721,W002,40.000642,-105.00035
2026-07-26 12:52:25.003721,W003,40.000279,-105.001286
2026-07-26 13:02:25.003721,W004,40.000956,-105.001024
2026-07-26 13:12:25.003721,W005,40.000593,-105.000677
2026-07-26 13:22:25.003721,W006,40.000359,-105.000966
2026-07-26 13:32:25.003721,W001,40.000946,-105.001536
2026-07-26 13:42:25.003721,W002,40.000275,-104.999836
2026-07-26 13:52:25.003721,W003,40.001877,-105.000771
2026-07-27 07:00:00.000000,W003,39.999989,-105.000071
2026-07-27 07:10:00.000000,W004,39.99987,-104.99965
2026-07-27 07:20:00.000000,W005,39.999666,-105.000173
2026-07-27 07:30:00.000000,W006,40.000279,-104.999437
2026-07-27 07:40:00.000000,W001,40.000247,-105.000295
2026-07-27 07:50:00.000000,W002,39.999818,-104.999404
2026-07-27 08:18:33.694102,W004,40.000016,-104.999975
2026-07-27 08:28:33.694102,W005,39.999572,-105.000077
2026-07-27 08:38:33.694102,W006,39.999991,-104.999435
2026-07-27 08:54:48.198689,W005,40.000086,-105.000178
2026-07-27 09:04:48.198689,W006,40.000301,-105.000087
2026-07-27 09:14:48.198689,W001,39.999535,-104.999705
2026-07-27 09:24:48.198689,W002,40.000042,-104.999383
2026-07-27 09:34:48.198689,W003,39.99997,-105.000485
2026-07-27 09:44:48.198689,W004,39.999641,-105.001089
2026-07-27 09:54:48.198689,W005,40.000113,-104.999392
2026-07-27 10:18:52.540913,W006,40.000321,-104.999619
2026-07-27 10:28:52.540913,W001,39.99998,-104.999365
2026-07-27 10:38:52.540913,W002,39.99999,-104.999848
2026-07-27 10:48:52.540913,W003,39.999651,-105.00007
2026-07-27 10:58:52.540913,W004,40.000278,-104.998852
2026-07-27 11:08:52.540913,W005,40.000513,-105.000636
2026-07-27 11:18:52.540913,W006,39.999839,-105.000316
2026-07-27 11:28:52.540913,W001,39.999964,-105.000556
2026-07-27 11:50:50.678106,W001,39.999943,-104.999868
2026-07-27 12:00:50.678106,W002,40.000173,-104.999976
2026-07-27 12:10:50.678106,W003,40.000076,-105.000066
2026-07-27 12:20:50.678106,W004,40.000133,-105.000308
2026-07-27 12:30:50.678106,W005,39.999684,-105.000122
2026-07-27 12:40:50.678106,W006,39.999485,-104.998696
2026-07-27 13:04:48.635429,W002,40.000399,-104.999482
2026-07-27 13:14:48.635429,W003,39.999829,-105.000028
2026-07-27 13:24:48.635429,W004,39.999562,-105.000055
2026-07-27 13:34:48.635429,W005,39.999478,-104.999738
2026-07-27 13:44:48.635429,W006,39.999645,-104.999865
2026-07-27 13:54:48.635429,W001,40.00057,-105.000233
2026-07-27 14:04:48.635429,W002,39.999444,-104.999396
2026-07-27 14:14:48.635429,W003,39.999634,-105.000025
2026-07-27 14:24:48.635429,W004,40.000347,-105.000038
2026-07-27 14:34:48.635429,W005,40.000159,-105.000326
2026-07-27 07:00:00.000000,W003,40.000547,-104.999594
2026-07-27 07:10:00.000000,W004,40.000606,-104.999104
2026-07-27 07:20:00.000000,W005,40.000834,-104.998873
2026-07-27 07:30:00.000000,W006,40.000354,-104.998758
2026-07-27 07:40:00.000000,W001,40.000696,-104.99942
2026-07-27 07:50:00.000000,W002,40.000384,-104.999614
2026-07-27 08:00:00.000000,W003,40.000503,-104.999458
2026-07-27 08:10:00.000000,W004,40.001591,-104.999218
2026-07-27 08:20:00.000000,W005,40.001342,-104.998821
2026-07-27 08:30:00.000000,W006,40.001261,-104.999455
2026-07-27 08:40:00.000000,W001,40.000751,-104.999996
2026-07-27 08:50:00.000000,W002,40.001152,-104.999744
2026-07-27 09:00:00.000000,W003,40.000927,-104.9994
2026-07-27 09:10:00.000000,W004,40.000667,-104.999085
2026-07-27 09:20:00.000000,W005,40.000743,-104.999798
2026-07-27 09:30:00.000000,W006,40.000442,-104.999722
2026-07-27 09:40:00.000000,W001,40.00038,-104.998888
2026-07-27 09:50:00.000000,W002,40.001015,-104.999344
2026-07-27 10:00:00.000000,W003,40.001505,-104.999535
2026-07-27 10:10:00.000000,W004,40.000739,-104.999097
2026-07-27 10:20:00.000000,W005,40.00068,-104.999323
2026-07-27 10:42:57.081808,W004,40.000664,-104.99888
2026-07-27 10:52:57.081808,W005,40.001015,-105.000113
2026-07-27 11:02:57.081808,W006,40.000383,-104.999604
2026-07-27 11:12:57.081808,W001,40.001397,-104.999264
2026-07-27 11:22:57.081808,W002,40.00057,-104.999698
2026-07-27 11:32:57.081808,W003,40.000532,-104.999688
2026-07-27 11:42:57.081808,W004,40.00122,-104.999665
2026-07-27 11:52:57.081808,W005,40.000856,-104.999297
2026-07-27 12:02:57.081808,W006,40.000878,-105.00014
2026-07-27 12:12:57.081808,W001,40.001598,-104.999285
2026-07-27 12:22:57.081808,W002,40.000528,-104.999627
2026-07-27 12:32:57.081808,W003,40.000508,-104.999226
2026-07-27 12:42:57.081808,W004,40.001313,-104.999319
2026-07-27 12:52:57.081808,W005,40.001396,-104.998927
2026-07-27 13:02:57.081808,W006,40.001506,-104.999405
2026-07-27 13:12:57.081808,W001,40.001399,-104.999376
2026-07-27 13:22:57.081808,W002,40.00097,-105.000091
2026-07-27 13:32:57.081808,W003,40.000596,-104.998594
2026-07-27 13:42:57.081808,W004,40.001272,-105.000055
2026-07-27 13:52:57.081808,W005,40.001278,-104.999193
2026-07-27 14:02:57.081808,W006,40.001231,-105.000008
2026-07-27 14:12:57.081808,W001,40.000715,-104.998625
2026-07-27 14:22:57.081808,W002,40.001403,-104.999284
2026-07-27 14:32:57.081808,W003,40.001028,-104.99959
2026-07-27 14:48:04.194157,W005,40.000562,-104.999083
2026-07-27 14:58:04.194157,W006,40.001438,-104.999237
2026-07-27 15:08:04.194157,W001,40.001117,-104.9998
2026-07-27 15:18:04.194157,W002,40.001024,-104.999499
2026-07-27 15:28:04.194157,W003,40.001289,-104.999072
2026-07-27 15:38:04.194157,W004,40.000807,-104.999329
2026-07-27 15:48:04.194157,W005,40.000417,-104.999195
2026-07-27 15:58:04.194157,W006,40.000682,-104.998874
2026-07-27 16:28:10.220722,W006,40.000799,-104.999209
2026-07-27 16:38:10.220722,W001,40.000649,-104.999073
2026-07-27 16:48:10.220722,W002,40.000913,-104.999902
2026-07-27 16:58:10.220722,W003,40.001329,-104.999614
2026-07-27 17:08:10.220722,W004,40.000791,-105.000345
2026-07-27 17:18:10.220722,W005,40.001123,-104.999479
2026-07-27 17:28:10.220722,W006,40.000867,-104.999751
2026-07-27 07:00:00.000000,W001,39.998821,-104.998935
2026-07-27 07:10:00.000000,W002,39.999421,-104.998673
2026-07-27 07:20:00.000000,W003,39.998959,-104.9994
2026-07-27 07:30:00.000000,W004,39.999675,-104.998732
2026-07-27 07:40:00.000000,W005,39.999463,-104.998283
2026-07-27 07:50:00.000000,W006,39.999193,-104.998792
2026-07-27 08:16:09.866837,W002,39.999817,-104.998827
2026-07-27 08:26:09.866837,W003,40.000188,-104.999282
2026-07-27 08:36:09.866837,W004,39.999127,-104.999321
2026-07-27 08:57:31.514986,W003,39.999626,-104.999028
2026-07-27 09:07:31.514986,W004,39.999348,-104.998634
2026-07-27 09:17:31.514986,W005,39.999504,-104.999442
2026-07-27 09:27:31.514986,W006,39.998869,-104.998353
2026-07-27 09:51:05.531614,W004,39.999594,-104.998112
2026-07-27 10:01:05.531614,W005,39.999617,-104.9984
2026-07-27 10:11:05.531614,W006,39.999435,-104.998765
2026-07-27 10:21:05.531614,W001,39.999488,-104.99945
2026-07-27 10:31:05.531614,W002,39.99908,-104.998587
2026-07-27 10:41:05.531614,W003,39.999798,-104.999549
2026-07-27 10:51:05.531614,W004,40.000155,-104.999169
2026-07-27 11:12:57.725592,W005,39.999452,-104.998846
2026-07-27 11:22:57.725592,W006,39.998876,-104.998586
2026-07-27 11:32:57.725592,W001,39.999193,-104.998012
2026-07-27 11:42:57.725592,W002,39.999549,-104.99854
2026-07-27 11:52:57.725592,W003,39.999283,-104.998275
2026-07-27 12:02:57.725592,W004,39.999288,-104.999179
2026-07-27 12:12:57.725592,W005,39.999515,-104.998962
2026-07-27 12:39:57.625976,W006,39.999934,-104.998458
2026-07-27 12:49:57.625976,W001,39.998545,-104.999094
2026-07-27 12:59:57.625976,W002,39.999959,-104.999149
2026-07-27 13:09:57.625976,W003,39.999122,-104.999296
2026-07-27 13:35:07.315807,W001,39.999369,-104.998364
2026-07-27 13:45:07.315807,W002,39.998757,-104.998974
2026-07-27 13:55:07.315807,W003,39.998722,-104.998704
2026-07-27 14:05:07.315807,W004,39.998944,-104.998739
2026-07-27 14:15:07.315807,W005,39.999423,-104.998586
2026-07-27 14:25:07.315807,W006,39.999651,-104.998569
2026-07-27 14:35:07.315807,W001,39.999562,-104.998584
2026-07-27 15:04:20.396685,W002,39.999738,-104.998252
2026-07-27 15:14:20.396685,W003,39.999041,-104.998596
2026-07-27 15:24:20.396685,W004,39.998723,-104.998351
2026-07-27 15:34:20.396685,W005,39.999703,-104.998408
2026-07-27 15:44:20.396685,W006,39.999297,-104.999284
2026-07-27 15:54:20.396685,W001,39.998891,-104.999524
2026-07-27 16:04:20.396685,W002,39.998586,-104.99871
2026-07-27 16:14:20.396685,W003,39.99862,-104.998875
2026-07-27 16:24:20.396685,W004,39.998735,-104.998411
2026-07-27 07:00:00.000000,W003,40.000719,-105.001705
2026-07-27 07:10:00.000000,W004,40.000668,-105.001134
2026-07-27 07:20:00.000000,W005,40.000309,-105.001162
2026-07-27 07:30:00.000000,W006,40.000762,-105.001233
2026-07-27 07:40:00.000000,W001,39.999516,-105.001286
2026-07-27 07:50:00.000000,W002,40.001092,-105.000363
2026-07-27 08:12:00.451844,W004,39.999838,-105.000869
2026-07-27 08:22:00.451844,W005,40.000197,-105.000613
2026-07-27 08:32:00.451844,W006,40.000717,-105.001203
2026-07-27 08:42:00.451844,W001,40.000195,-105.000646
2026-07-27 08:52:00.451844,W002,40.000046,-105.000733
2026-07-27 09:21:52.359485,W005,40.000822,-105.001138
2026-07-27 09:31:52.359485,W006,40.000426,-105.000125
2026-07-27 09:41:52.359485,W001,39.999759,-105.000115
2026-07-27 09:51:52.359485,W002,40.000191,-105.000917
2026-07-27 10:01:52.359485,W003,39.999872,-105.001281
2026-07-27 10:11:52.359485,W004,39.999589,-105.001345
2026-07-27 10:37:20.912197,W006,40.000839,-105.000832
2026-07-27 10:47:20.912197,W001,39.999958,-105.000663
2026-07-27 10:57:20.912197,W002,40.00096,-105.001214
2026-07-27 11:07:20.912197,W003,40.001055,-105.000372
2026-07-27 07:00:00.000000,W001,39.999655,-105.000515
2026-07-27 07:10:00.000000,W002,40.000096,-105.000665
2026-07-27 07:20:00.000000,W003,39.999618,-104.999817
2026-07-27 07:30:00.000000,W004,39.999721,-104.999417
2026-07-27 07:47:20.966131,W002,39.999944,-104.998637
2026-07-27 07:57:20.966131,W003,40.000554,-105.000514
2026-07-27 08:07:20.966131,W004,40.000722,-105.00074
2026-07-27 08:17:20.966131,W005,40.000468,-105.000039
2026-07-27 08:41:07.862508,W003,39.999937,-105.000638
2026-07-27 08:51:07.862508,W004,40.000083,-104.999747
2026-07-27 09:01:07.862508,W005,40.000012,-104.99999
2026-07-27 09:11:07.862508,W006,40.00108,-104.999935
2026-07-27 09:21:07.862508,W001,40.000004,-105.00047
2026-07-27 09:31:07.862508,W002,39.999892,-105.000285
2026-07-27 09:41:07.862508,W003,40.000035,-104.999713
2026-07-27 10:02:28.170615,W004,40.000037,-104.999204
2026-07-27 10:12:28.170615,W005,40.00052,-104.999699
2026-07-27 10:22:28.170615,W006,40.000017,-105.000004
2026-07-27 10:32:28.170615,W001,39.999555,-104.999705
2026-07-27 10:42:28.170615,W002,39.999173,-105.000312
2026-07-27 10:52:28.170615,W003,40.000574,-104.999688
2026-07-27 11:02:28.170615,W004,40.000399,-105.000718
2026-07-27 11:12:28.170615,W005,39.999984,-105.000014
2026-07-27 11:22:28.170615,W006,39.999766,-105.00014
2026-07-27 11:32:28.170615,W001,40.000233,-105.000223
2026-07-27 12:00:41.586171,W005,40.000151,-105.000313
2026-07-27 12:10:41.586171,W006,39.999472,-104.999895
2026-07-27 07:00:00.000000,W006,40.001323,-104.998903
2026-07-27 07:10:00.000000,W001,40.001149,-104.999729
2026-07-27 07:20:00.000000,W002,40.000561,-104.999236
2026-07-27 07:30:00.000000,W003,40.001506,-105.00005
2026-07-27 07:40:00.000000,W004,40.000942,-104.999386
2026-07-27 07:50:00.000000,W005,40.000502,-104.999795
2026-07-27 08:00:00.000000,W006,40.001546,-104.999779
2026-07-27 08:20:07.060199,W001,40.00174,-104.998896
2026-07-27 08:30:07.060199,W002,40.001299,-105.000364
2026-07-27 08:40:07.060199,W003,40.001112,-104.999861
2026-07-27 08:50:07.060199,W004,40.001363,-104.999742
2026-07-27 09:00:07.060199,W005,40.002082,-104.998838
2026-07-27 09:23:04.604345,W002,40.00117,-105.000052
2026-07-27 09:33:04.604345,W003,40.001921,-104.998441
2026-07-27 09:43:04.604345,W004,40.00087,-104.999432
2026-07-27 09:53:04.604345,W005,40.001112,-105.000121
2026-07-27 10:03:04.604345,W006,40.00084,-104.999351
2026-07-27 10:13:04.604345,W001,40.00069,-104.998821
2026-07-27 10:31:17.075608,W003,40.001612,-104.999916
2026-07-27 10:41:17.075608,W004,40.00037,-104.999348
2026-07-27 10:51:17.075608,W005,40.001062,-104.999963
2026-07-27 11:01:17.075608,W006,40.001472,-105.000084
2026-07-27 11:11:17.075608,W001,40.001016,-104.998565
2026-07-27 11:21:17.075608,W002,40.001352,-104.999408
2026-07-27 11:31:17.075608,W003,40.000772,-104.999689
2026-07-27 11:41:17.075608,W004,40.000935,-104.999568
2026-07-27 11:51:17.075608,W005,40.001935,-104.999753
2026-07-27 12:01:17.075608,W006,40.001038,-104.99924
2026-07-27 12:11:17.075608,W001,40.000599,-104.999367
2026-07-27 12:28:26.050627,W004,40.000877,-105.000406
2026-07-27 12:38:26.050627,W005,40.000647,-104.999604
2026-07-27 12:48:26.050627,W006,40.000923,-104.999129
2026-07-27 12:58:26.050627,W001,40.000495,-105.00008
2026-07-27 13:08:26.050627,W002,40.000918,-104.999849
2026-07-27 13:33:32.816814,W005,40.001516,-104.99937
2026-07-27 13:43:32.816814,W006,40.000981,-104.999679
2026-07-27 13:53:32.816814,W001,40.001255,-104.999772
2026-07-27 14:03:32.816814,W002,40.000993,-104.999533
2026-07-27 14:13:32.816814,W003,40.000963,-104.999503
2026-07-27 14:23:32.816814,W004,40.001168,-104.998586
2026-07-27 14:33:32.816814,W005,40.001409,-104.999624
2026-07-27 14:43:32.816814,W006,40.000719,-105.000074
2026-07-27 14:53:32.816814,W001,40.001069,-104.999846
2026-07-27 15:03:32.816814,W002,40.001631,-104.999548
2026-07-27 15:30:56.516430,W006,40.000862,-104.999771
2026-07-27 15:40:56.516430,W001,40.00149,-105.000028
2026-07-27 15:50:56.516430,W002,40.000475,-104.999177
2026-07-27 16:00:56.516430,W003,40.000534,-104.99971
2026-07-27 16:10:56.516430,W004,40.000933,-104.999746
2026-07-27 16:20:56.516430,W005,40.000694,-104.999308
2026-07-27 16:49:54.277747,W001,40.001187,-104.999626
2026-07-27 16:59:54.277747,W002,40.000645,-104.999729
2026-07-27 17:09:54.277747,W003,40.001074,-104.999449
2026-07-27 17:19:54.277747,W004,40.001251,-104.999616
2026-07-27 17:29:54.277747,W005,40.001509,-104.999539
2026-07-27 17:39:54.277747,W006,40.001432,-104.998848
2026-07-27 17:49:54.277747,W001,40.001228,-104.999536
2026-07-27 17:59:54.277747,W002,40.001239,-105.000028
2026-07-27 07:00:00.000000,W002,39.998956,-104.99889
2026-07-27 07:10:00.000000,W003,39.999219,-104.999442
2026-07-27 07:20:00.000000,W004,40.000115,-104.999197
2026-07-27 07:30:00.000000,W005,39.999573,-104.998805
2026-07-27 07:40:00.000000,W006,39.99887,-104.998607
2026-07-27 08:05:25.490935,W003,39.999042,-104.999201
2026-07-27 08:15:25.490935,W004,39.998979,-104.998633
2026-07-27 08:25:25.490935,W005,39.999241,-104.998094
2026-07-27 08:35:25.490935,W006,39.998683,-104.998618
2026-07-27 08:45:25.490935,W001,39.999469,-104.998799
2026-07-27 08:55:25.490935,W002,39.999328,-104.998658
2026-07-27 09:05:25.490935,W003,39.998432,-104.998911
2026-07-27 09:27:47.719665,W004,39.998928,-104.998323
2026-07-27 09:37:47.719665,W005,39.99888,-104.998442
2026-07-27 09:47:47.719665,W006,39.999029,-104.999571
2026-07-27 09:57:47.719665,W001,39.999331,-104.998405
2026-07-27 10:07:47.719665,W002,39.998811,-104.99909
2026-07-27 10:17:47.719665,W003,39.999609,-104.998937
2026-07-27 10:41:40.228122,W005,39.999107,-104.998954
2026-07-27 10:51:40.228122,W006,39.999237,-104.998603
2026-07-27 11:01:40.228122,W001,39.999632,-104.998085
2026-07-27 11:11:40.228122,W002,39.999416,-104.998988
2026-07-27 11:37:10.663371,W006,39.999291,-104.999092
2026-07-27 11:47:10.663371,W001,39.998716,-104.998946
2026-07-27 11:57:10.663371,W002,39.999211,-104.999449
2026-07-27 12:25:38.625621,W001,39.999747,-104.998651
2026-07-27 12:35:38.625621,W002,39.999505,-104.998832
2026-07-27 12:45:38.625621,W003,39.998532,-104.998533
2026-07-27 12:55:38.625621,W004,39.999329,-104.998992
2026-07-27 13:21:13.103101,W002,39.99953,-104.998663
2026-07-27 13:31:13.103101,W003,39.999622,-104.999256
2026-07-27 13:41:13.103101,W004,39.998933,-104.99847
2026-07-27 13:51:13.103101,W005,40.000206,-104.998482
2026-07-27 14:01:13.103101,W006,39.998745,-104.998435
2026-07-27 14:29:19.641458,W003,39.9993,-104.999324
2026-07-27 14:39:19.641458,W004,39.999367,-104.999393
2026-07-27 14:49:19.641458,W005,39.999017,-104.99857
2026-07-27 14:59:19.641458,W006,39.998945,-104.999209
2026-07-27 15:09:19.641458,W001,39.999311,-104.998737
2026-07-27 15:19:19.641458,W002,39.99961,-104.997551
2026-07-27 07:00:00.000000,W004,40.00069,-105.001023
2026-07-27 07:10:00.000000,W005,40.000398,-105.000809
2026-07-27 07:20:00.000000,W006,40.000641,-105.001016
2026-07-27 07:30:00.000000,W001,40.000754,-105.000595
2026-07-27 07:40:00.000000,W002,40.000388,-105.000393
2026-07-27 08:11:11.387617,W005,40.000722,-105.001063
2026-07-27 08:21:11.387617,W006,40.000411,-105.000867
2026-07-27 08:31:11.387617,W001,40.00021,-105.000999
2026-07-27 08:41:11.387617,W002,40.000232,-105.000993
2026-07-27 08:51:11.387617,W003,40.000671,-105.000884
2026-07-27 09:01:11.387617,W004,40.000585,-105.001138
2026-07-27 09:11:11.387617,W005,39.999906,-105.000841
2026-07-27 09:44:42.385211,W006,40.000809,-105.00065
2026-07-27 09:54:42.385211,W001,40.000898,-105.000677
2026-07-27 10:04:42.385211,W002,40.000362,-105.001306
2026-07-27 10:14:42.385211,W003,40.000785,-105.001224
2026-07-27 10:24:42.385211,W004,40.000828,-105.001364
2026-07-27 10:34:42.385211,W005,40.000452,-105.001524
2026-07-27 10:44:42.385211,W006,40.001123,-105.000528
2026-07-27 11:09:52.498781,W001,40.000166,-105.000974
2026-07-27 11:19:52.498781,W002,40.000952,-105.001026
2026-07-27 11:29:52.498781,W003,40.000696,-105.000902
2026-07-27 11:39:52.498781,W004,40.00073,-105.000952
2026-07-27 11:49:52.498781,W005,40.000358,-105.001914
2026-07-27 12:09:16.599961,W002,40.000702,-105.001181
2026-07-27 12:19:16.599961,W003,40.000529,-105.001315
2026-07-27 12:29:16.599961,W004,39.999843,-105.001409
2026-07-27 12:47:09.571674,W003,40.000455,-105.000635
2026-07-27 12:57:09.571674,W004,40.00036,-105.000923
2026-07-27 13:07:09.571674,W005,39.999864,-105.00079
2026-07-27 13:17:09.571674,W006,40.000645,-105.000455
2026-07-27 13:27:09.571674,W001,40.001028,-105.001091
2026-07-27 13:37:09.571674,W002,40.000542,-105.001014
2026-07-27 13:47:09.571674,W003,40.000511,-105.001158
2026-07-27 13:57:09.571674,W004,40.000529,-105.000253
2026-07-27 14:25:59.283268,W004,40.00008,-105.000872
2026-07-27 14:35:59.283268,W005,40.000608,-105.000904
2026-07-27 14:45:59.283268,W006,40.000564,-105.000481
2026-07-27 14:55:59.283268,W001,40.000184,-105.00036
2026-07-27 15:05:59.283268,W002,40.000549,-105.000915
2026-07-28 07:00:00.000000,W005,39.999863,-105.000057
2026-07-28 07:10:00.000000,W006,40.000425,-105.000993
2026-07-28 07:20:00.000000,W001,39.999896,-104.999928
2026-07-28 07:30:00.000000,W002,39.999897,-104.999698
2026-07-28 07:40:00.000000,W003,40.000018,-105.000481
2026-07-28 07:50:00.000000,W004,40.00031,-104.999588
2026-07-28 08:13:39.800727,W006,40.000016,-105.000426
2026-07-28 08:23:39.800727,W001,40.000007,-104.999401
2026-07-28 08:33:39.800727,W002,39.999764,-105.000062
2026-07-28 08:43:39.800727,W003,39.999955,-105.000182
2026-07-28 08:53:39.800727,W004,39.999878,-104.999626
2026-07-28 09:03:39.800727,W005,39.999676,-105.001061
2026-07-28 09:13:39.800727,W006,40.000352,-104.999172
2026-07-28 09:23:39.800727,W001,39.999858,-104.999972
2026-07-28 09:33:39.800727,W002,39.999566,-104.999636
2026-07-28 09:56:16.231472,W001,39.999582,-105.000516
2026-07-28 10:06:16.231472,W002,39.999625,-105.000104
2026-07-28 10:16:16.231472,W003,39.999298,-105.000408
2026-07-28 10:26:16.231472,W004,39.99974,-105.000519
2026-07-28 10:36:16.231472,W005,39.999544,-105.00017
2026-07-28 10:46:16.231472,W006,40.000216,-104.999726
2026-07-28 10:56:16.231472,W001,40.000071,-105.000337
2026-07-28 11:06:16.231472,W002,40.000133,-105.000396
2026-07-28 11:32:31.157496,W002,40.000228,-105.00005
2026-07-28 11:42:31.157496,W003,40.000239,-104.99979
2026-07-28 11:52:31.157496,W004,39.999176,-105.000669
2026-07-28 12:02:31.157496,W005,39.999658,-104.999687
2026-07-28 12:12:31.157496,W006,40.000089,-105.000219
2026-07-28 12:22:31.157496,W001,40.000056,-104.999406
2026-07-28 12:51:11.778223,W003,40.000238,-104.999554
2026-07-28 13:01:11.778223,W004,40.000029,-105.00002
2026-07-28 13:11:11.778223,W005,40.000279,-105.000205
2026-07-28 13:21:11.778223,W006,40.00008,-104.999644
2026-07-28 13:31:11.778223,W001,40.000113,-104.999779
2026-07-28 13:41:11.778223,W002,40.000627,-104.999405
2026-07-28 13:51:11.778223,W003,40.000785,-105.001337
2026-07-28 14:01:11.778223,W004,40.000725,-105.000166
2026-07-28 14:11:11.778223,W005,40.000191,-104.999134
2026-07-28 14:33:40.075652,W004,39.999957,-105.000127
2026-07-28 14:43:40.075652,W005,39.999716,-104.999864
2026-07-28 14:53:40.075652,W006,39.999962,-105.000131
2026-07-28 15:03:40.075652,W001,39.999574,-104.999915
2026-07-28 15:13:40.075652,W002,40.000263,-104.999657
2026-07-28 15:23:40.075652,W003,40.000917,-105.000482
2026-07-28 15:33:40.075652,W004,40.000179,-105.000576
2026-07-28 15:43:40.075652,W005,40.00022,-104.999966
2026-07-28 15:53:40.075652,W006,40.000127,-105.000409
2026-07-28 16:03:40.075652,W001,40.000555,-105.000352
2026-07-28 16:32:58.597081,W005,40.000557,-105.000702
2026-07-28 16:42:58.597081,W006,40.000143,-105.00006
2026-07-28 16:52:58.597081,W001,39.999836,-104.999916
2026-07-28 17:02:58.597081,W002,39.999716,-105.000604
2026-07-28 17:12:58.597081,W003,40.000221,-104.999818
2026-07-28 17:22:58.597081,W004,40.000146,-104.998498
2026-07-28 17:32:58.597081,W005,40.000802,-105.000053
2026-07-28 17:42:58.597081,W006,40.000773,-105.000018
2026-07-28 07:00:00.000000,W006,40.000408,-104.998722
2026-07-28 07:10:00.000000,W001,40.000916,-104.999621
2026-07-28 07:20:00.000000,W002,40.000844,-104.998884
2026-07-28 07:30:00.000000,W003,40.001122,-104.999626
2026-07-28 07:40:00.000000,W004,40.001214,-104.9998
2026-07-28 07:50:00.000000,W005,40.00153,-104.999849
2026-07-28 08:00:00.000000,W006,40.000283,-104.998675
2026-07-28 08:10:00.000000,W001,40.000623,-104.999648
2026-07-28 08:20:00.000000,W002,40.001038,-104.999276
2026-07-28 08:30:00.000000,W003,40.001078,-104.999147
2026-07-28 09:01:29.432504,W001,40.001274,-104.999312
2026-07-28 09:11:29.432504,W002,40.001534,-104.999951
2026-07-28 09:21:29.432504,W003,40.001075,-105.000173
2026-07-28 09:31:29.432504,W004,40.000915,-104.999353
2026-07-28 09:41:29.432504,W005,40.001521,-104.999499
2026-07-28 09:51:29.432504,W006,40.001303,-104.999614
2026-07-28 10:01:29.432504,W001,40.001088,-104.999285
2026-07-28 10:11:29.432504,W002,40.000305,-104.998972
2026-07-28 10:21:29.432504,W003,40.001191,-105.000488
2026-07-28 10:31:29.432504,W004,40.000977,-105.000157
2026-07-28 10:41:29.432504,W005,40.001143,-104.999994
2026-07-28 11:01:56.673543,W002,40.000813,-104.999806
2026-07-28 11:11:56.673543,W003,40.001745,-104.999114
2026-07-28 11:21:56.673543,W004,40.001163,-104.999637
2026-07-28 11:31:56.673543,W005,40.001005,-104.999256
2026-07-28 11:41:56.673543,W006,40.001436,-104.999662
2026-07-28 11:51:56.673543,W001,40.001396,-104.999118
2026-07-28 12:01:56.673543,W002,40.000968,-104.999552
2026-07-28 12:11:56.673543,W003,40.00081,-104.999175
2026-07-28 12:21:56.673543,W004,40.000414,-105.000133
2026-07-28 12:31:56.673543,W005,40.001092,-104.999443
2026-07-28 12:41:56.673543,W006,40.001036,-104.999976
2026-07-28 12:51:56.673543,W001,40.002179,-104.998814
2026-07-28 13:01:56.673543,W002,40.001124,-104.999423
2026-07-28 13:11:56.673543,W003,40.001435,-104.99991
2026-07-28 13:21:56.673543,W004,40.001326,-104.999689
2026-07-28 13:31:56.673543,W005,40.000973,-104.999401
2026-07-28 13:41:56.673543,W006,40.000879,-104.999911
2026-07-28 13:51:56.673543,W001,40.000314,-104.99952
2026-07-28 14:01:56.673543,W002,40.001236,-104.999745
2026-07-28 14:11:56.673543,W003,40.00096,-104.999493
2026-07-28 14:35:07.055959,W003,40.00154,-104.999577
2026-07-28 14:45:07.055959,W004,40.0014,-104.998889
2026-07-28 14:55:07.055959,W005,40.000718,-104.999252
2026-07-28 15:05:07.055959,W006,40.000937,-104.999947
2026-07-28 15:15:07.055959,W001,40.001586,-104.999307
2026-07-28 15:25:07.055959,W002,40.000854,-104.999816
2026-07-28 15:35:07.055959,W003,40.000602,-104.998914
2026-07-28 15:45:07.055959,W004,40.000797,-104.999135
2026-07-28 15:55:07.055959,W005,40.000215,-104.999337
2026-07-28 16:05:07.055959,W006,40.00131,-104.999553
2026-07-28 16:15:07.055959,W001,40.001253,-104.999433
2026-07-28 16:25:07.055959,W002,40.001017,-104.999169
2026-07-28 16:35:07.055959,W003,40.000756,-104.998833
2026-07-28 16:45:07.055959,W004,40.000708,-104.999214
2026-07-28 16:55:07.055959,W005,40.001785,-104.999879
2026-07-28 17:05:07.055959,W006,40.001303,-104.999392
2026-07-28 17:15:07.055959,W001,40.000562,-104.999675
2026-07-28 17:25:07.055959,W002,40.001209,-104.999664
2026-07-28 07:00:00.000000,W004,39.999368,-104.998837
2026-07-28 07:10:00.000000,W005,39.999008,-104.998861
2026-07-28 07:20:00.000000,W006,39.999118,-104.999555
2026-07-28 07:30:00.000000,W001,39.998643,-104.99914
2026-07-28 07:40:00.000000,W002,39.999068,-104.998443
2026-07-28 08:13:16.071086,W005,39.998719,-105.000037
2026-07-28 08:23:16.071086,W006,39.999775,-104.998913
2026-07-28 08:33:16.071086,W001,39.999494,-104.998595
2026-07-28 08:43:16.071086,W002,39.999109,-104.99858
2026-07-28 09:02:47.832135,W006,39.999408,-104.998468
2026-07-28 09:12:47.832135,W001,39.999205,-104.998586
2026-07-28 09:22:47.832135,W002,39.999769,-104.998913
2026-07-28 09:32:47.832135,W003,39.999491,-104.998605
2026-07-28 09:42:47.832135,W004,39.999186,-104.998685
2026-07-28 10:07:23.132615,W001,39.99952,-104.999002
2026-07-28 10:17:23.132615,W002,39.998828,-104.998948
2026-07-28 10:27:23.132615,W003,39.999027,-104.998874
2026-07-28 10:37:23.132615,W004,39.998347,-104.99932
2026-07-28 11:00:27.086342,W002,39.9993,-104.998441
2026-07-28 11:10:27.086342,W003,39.998886,-104.999073
2026-07-28 11:20:27.086342,W004,39.999405,-104.998868
2026-07-28 11:30:27.086342,W005,39.998975,-104.999456
2026-07-28 11:40:27.086342,W006,39.999258,-104.998326
2026-07-28 11:50:27.086342,W001,39.99933,-104.999421
2026-07-28 12:00:27.086342,W002,39.998901,-104.998324
2026-07-28 12:10:27.086342,W003,39.999909,-104.999721
2026-07-28 12:20:27.086342,W004,39.999237,-104.998824
2026-07-28 12:30:27.086342,W005,39.998674,-104.998934
2026-07-28 12:58:45.303048,W003,39.999228,-104.998325
2026-07-28 13:08:45.303048,W004,39.998551,-104.998469
2026-07-28 13:18:45.303048,W005,39.999413,-104.998988
2026-07-28 13:28:45.303048,W006,39.999126,-104.998963
2026-07-28 13:38:45.303048,W001,39.999506,-104.998987
2026-07-28 13:48:45.303048,W002,39.999439,-104.998829
2026-07-28 14:14:38.534509,W004,39.999202,-104.999127
2026-07-28 14:24:38.534509,W005,39.998207,-104.999659
2026-07-28 14:34:38.534509,W006,39.998909,-104.999314
2026-07-28 14:44:38.534509,W001,39.999695,-104.999609
2026-07-28 14:54:38.534509,W002,39.998906,-104.998701
2026-07-28 15:04:38.534509,W003,39.999823,-104.999005
2026-07-28 15:29:31.216401,W005,39.999867,-104.998913
2026-07-28 15:39:31.216401,W006,39.999053,-104.998491
2026-07-28 15:49:31.216401,W001,39.999029,-104.99875
2026-07-28 15:59:31.216401,W002,39.999177,-104.998281
2026-07-28 16:09:31.216401,W003,39.998858,-104.99878
2026-07-28 16:19:31.216401,W004,39.998865,-104.998344
2026-07-28 07:00:00.000000,W006,40.000536,-105.001445
2026-07-28 07:10:00.000000,W001,39.999919,-105.000482
2026-07-28 07:20:00.000000,W002,40.000458,-105.001748
2026-07-28 07:51:09.934543,W001,40.000377,-105.000955
2026-07-28 08:01:09.934543,W002,40.000897,-105.000813
2026-07-28 08:11:09.934543,W003,40.000861,-105.001235
2026-07-28 08:21:09.934543,W004,39.999627,-104.999975
2026-07-28 08:43:38.429382,W002,40.000376,-105.000988
2026-07-28 08:53:38.429382,W003,40.000603,-105.000884
2026-07-28 09:03:38.429382,W004,40.001175,-105.000654
2026-07-28 09:13:38.429382,W005,39.999523,-105.000772
2026-07-28 09:23:38.429382,W006,39.999936,-105.001186
2026-07-28 09:33:38.429382,W001,40.000729,-105.000647
2026-07-28 09:43:38.429382,W002,39.999942,-105.00046
2026-07-28 09:53:38.429382,W003,40.000736,-105.000881
2026-07-28 10:21:21.512552,W003,40.000983,-105.00192
2026-07-28 10:31:21.512552,W004,40.001213,-105.000764
2026-07-28 10:41:21.512552,W005,40.000943,-105.001153
2026-07-28 10:51:21.512552,W006,40.000666,-105.000786
2026-07-28 11:01:21.512552,W001,40.000357,-105.001305
2026-07-28 11:11:21.512552,W002,40.000714,-105.001149
2026-07-28 11:21:21.512552,W003,39.999677,-105.001371
2026-07-28 11:31:21.512552,W004,40.000489,-105.001574
2026-07-28 11:41:21.512552,W005,40.000395,-105.00157
2026-07-28 11:51:21.512552,W006,40.000163,-105.000736
2026-07-28 12:01:21.512552,W001,40.0002,-105.001307
2026-07-28 12:11:21.512552,W002,40.001312,-105.00049
2026-07-28 12:21:21.512552,W003,40.000171,-105.000531
2026-07-28 12:31:21.512552,W004,40.000427,-105.000457
2026-07-28 12:51:19.667824,W004,40.000339,-105.000957
2026-07-28 13:01:19.667824,W005,40.000022,-105.000999
2026-07-28 13:11:19.667824,W006,40.000393,-105.001873
2026-07-28 13:21:19.667824,W001,40.000777,-105.001333
2026-07-28 13:31:19.667824,W002,39.999966,-105.000739
2026-07-28 13:41:19.667824,W003,39.999933,-105.001164
2026-07-28 13:51:19.667824,W004,40.000789,-105.0017
2026-07-28 14:08:10.932478,W005,40.000723,-105.001067
2026-07-28 14:18:10.932478,W006,40.001134,-105.001297
2026-07-28 14:28:10.932478,W001,40.000854,-105.00174
2026-07-28 14:38:10.932478,W002,40.000643,-105.000749
2026-07-28 14:48:10.932478,W003,40.000085,-105.00069
2026-07-28 15:11:44.574860,W006,40.000929,-105.001874
2026-07-28 15:21:44.574860,W001,40.001078,-105.0005
2026-07-28 15:31:44.574860,W002,40.001287,-105.001048
2026-07-28 15:41:44.574860,W003,40.000552,-105.000969
2026-07-28 07:00:00.000000,W001,39.999398,-105.000293
2026-07-28 07:10:00.000000,W002,39.99971,-105.00005
2026-07-28 07:20:00.000000,W003,40.000506,-105.000624
2026-07-28 07:30:00.000000,W004,39.99988,-105.0008
2026-07-28 07:40:00.000000,W005,39.999761,-104.999739
2026-07-28 07:50:00.000000,W006,40.000037,-104.999773
2026-07-28 08:00:00.000000,W001,40.000008,-105.000361
2026-07-28 08:10:00.000000,W002,39.999788,-105.000226
2026-07-28 08:34:05.645696,W002,40.0003,-105.000054
2026-07-28 08:44:05.645696,W003,39.999828,-104.999836
2026-07-28 08:54:05.645696,W004,40.000189,-104.999867
2026-07-28 09:04:05.645696,W005,40.000419,-105.000355
2026-07-28 09:14:05.645696,W006,39.999934,-104.999517
2026-07-28 09:24:05.645696,W001,40.000147,-105.000152
2026-07-28 09:53:26.709387,W003,40.000327,-105.000118
2026-07-28 10:03:26.709387,W004,40.000409,-105.000494
2026-07-28 10:13:26.709387,W005,39.999974,-104.999654
2026-07-28 10:23:26.709387,W006,40.000005,-104.999943
2026-07-28 10:33:26.709387,W001,39.999467,-104.999577
2026-07-28 10:43:26.709387,W002,39.999518,-104.998997
2026-07-28 11:08:27.853622,W004,39.9999,-105.000183
2026-07-28 11:18:27.853622,W005,39.999511,-105.0001
2026-07-28 11:28:27.853622,W006,39.999636,-105.000413
2026-07-28 11:38:27.853622,W001,39.999724,-104.999603
2026-07-28 11:48:27.853622,W002,39.999839,-105.000223
2026-07-28 11:58:27.853622,W003,40.000537,-104.999395
2026-07-28 12:08:27.853622,W004,40.000639,-104.999791
2026-07-28 12:18:27.853622,W005,40.000253,-104.999909
2026-07-28 12:28:27.853622,W006,39.999944,-105.000052
2026-07-28 12:38:27.853622,W001,40.000266,-105.00061
2026-07-28 12:48:27.853622,W002,39.999777,-105.000606
2026-07-28 12:58:27.853622,W003,40.000378,-104.999084
2026-07-28 13:19:06.373408,W005,40.000427,-105.000227
2026-07-28 13:29:06.373408,W006,40.000209,-105.000497
2026-07-28 13:39:06.373408,W001,40.000041,-105.000387
2026-07-28 13:49:06.373408,W002,39.999679,-105.00039
2026-07-28 13:59:06.373408,W003,40.000389,-105.000217
2026-07-28 14:09:06.373408,W004,40.000251,-104.999539
2026-07-28 14:29:01.096970,W006,40.000308,-104.999374
2026-07-28 14:39:01.096970,W001,40.000068,-105.000424
2026-07-28 14:49:01.096970,W002,39.999816,-105.000207
2026-07-28 14:59:01.096970,W003,39.999814,-105.000122
2026-07-28 15:09:01.096970,W004,39.999756,-104.999841
2026-07-28 15:30:38.906981,W001,40.000379,-105.000146
2026-07-28 15:40:38.906981,W002,39.999644,-104.999865
2026-07-28 15:50:38.906981,W003,40.000135,-104.999651
2026-07-28 16:00:38.906981,W004,40.000002,-105.000045
2026-07-28 16:10:38.906981,W005,39.999835,-104.999966
2026-07-28 16:20:38.906981,W006,40.000837,-105.000075
2026-07-28 16:30:38.906981,W001,39.999527,-105.000524
2026-07-28 16:40:38.906981,W002,39.999906,-104.999919
2026-07-28 16:50:38.906981,W003,39.999934,-104.999867
2026-07-28 17:00:38.906981,W004,40.00014,-105.000113
2026-07-28 17:10:38.906981,W005,40.000432,-104.999392
2026-07-28 07:00:00.000000,W002,40.000922,-105.000228
2026-07-28 07:10:00.000000,W003,40.001419,-104.999969
2026-07-28 07:20:00.000000,W004,40.001306,-104.999482
2026-07-28 07:30:00.000000,W005,40.001555,-104.999425
2026-07-28 07:40:00.000000,W006,40.00053,-104.999348
2026-07-28 07:50:00.000000,W001,40.000597,-104.999431
2026-07-28 08:00:00.000000,W002,40.001139,-104.999994
2026-07-28 08:20:03.448768,W003,40.001257,-105.000019
2026-07-28 08:30:03.448768,W004,40.000572,-104.999384
2026-07-28 08:40:03.448768,W005,40.001046,-104.999466
2026-07-28 08:50:03.448768,W006,40.000906,-104.998949
2026-07-28 09:00:03.448768,W001,40.001442,-104.998793
2026-07-28 09:26:43.732739,W004,40.001729,-104.99891
2026-07-28 09:36:43.732739,W005,40.000466,-104.999047
2026-07-28 09:46:43.732739,W006,40.000991,-104.999436
2026-07-28 09:56:43.732739,W001,40.000975,-104.999642
2026-07-28 10:06:43.732739,W002,40.000812,-104.99976
2026-07-28 10:16:43.732739,W003,40.001596,-104.99945
2026-07-28 10:44:27.035615,W005,40.0009,-104.999874
2026-07-28 10:54:27.035615,W006,40.000233,-104.999972
2026-07-28 11:04:27.035615,W001,40.001358,-104.999659
2026-07-28 11:14:27.035615,W002,40.000496,-104.999451
2026-07-28 11:24:27.035615,W003,40.00072,-104.999651
2026-07-28 11:34:27.035615,W004,40.000927,-104.999445
2026-07-28 12:07:29.560070,W006,40.000728,-104.999181
2026-07-28 12:17:29.560070,W001,40.000667,-105.000199
2026-07-28 12:27:29.560070,W002,40.000974,-104.999601
2026-07-28 12:37:29.560070,W003,40.00076,-105.000048
2026-07-28 12:47:29.560070,W004,40.000989,-104.999477
2026-07-28 12:57:29.560070,W005,40.000803,-104.999078
2026-07-28 13:07:29.560070,W006,40.000873,-104.999632
2026-07-28 13:17:29.560070,W001,40.001283,-104.999143
2026-07-28 13:27:29.560070,W002,40.001083,-104.999833
2026-07-28 13:53:16.383830,W001,40.000534,-104.999833
2026-07-28 14:03:16.383830,W002,40.000946,-104.999352
2026-07-28 14:13:16.383830,W003,40.001278,-104.999397
2026-07-28 14:23:16.383830,W004,40.002204,-104.99946
2026-07-28 14:33:16.383830,W005,40.000896,-104.999474
2026-07-28 14:43:16.383830,W006,40.0011,-104.999735
2026-07-28 14:53:16.383830,W001,40.000415,-104.998926
2026-07-28 15:21:35.221449,W002,40.000883,-104.998773
2026-07-28 15:31:35.221449,W003,40.000905,-104.998631
2026-07-28 15:41:35.221449,W004,40.001686,-104.999355
2026-07-28 15:51:35.221449,W005,40.000579,-104.99892
2026-07-28 16:01:35.221449,W006,40.000609,-104.999312
2026-07-28 16:11:35.221449,W001,40.001492,-104.999155
2026-07-28 16:21:35.221449,W002,40.00107,-104.999372
2026-07-28 16:31:35.221449,W003,40.001449,-104.99913
2026-07-28 16:41:35.221449,W004,40.000615,-104.99948
2026-07-28 16:51:35.221449,W005,40.000558,-105.000255
2026-07-28 17:01:35.221449,W006,40.001122,-104.999717
2026-07-28 07:00:00.000000,W003,39.999309,-104.999286
2026-07-28 07:10:00.000000,W004,39.99963,-104.998756
2026-07-28 07:20:00.000000,W005,39.998988,-104.999258
2026-07-28 07:30:00.000000,W006,39.998203,-104.998243
2026-07-28 07:40:00.000000,W001,39.998444,-104.998534
2026-07-28 07:50:00.000000,W002,39.998515,-104.998506
2026-07-28 08:18:29.421703,W004,39.999282,-104.998971
2026-07-28 08:28:29.421703,W005,39.998559,-104.999036
2026-07-28 08:38:29.421703,W006,39.998289,-104.999575
2026-07-28 08:48:29.421703,W001,39.998365,-104.999179
2026-07-28 08:58:29.421703,W002,39.999197,-104.998934
2026-07-28 09:08:29.421703,W003,39.99835,-104.998294
2026-07-28 09:18:29.421703,W004,39.999182,-104.998748
2026-07-28 09:28:29.421703,W005,39.999117,-104.998393
2026-07-28 09:52:38.461542,W005,39.999277,-104.998806
2026-07-28 10:02:38.461542,W006,39.99971,-104.998119
2026-07-28 10:12:38.461542,W001,39.999532,-104.99855
2026-07-28 10:22:38.461542,W002,39.998478,-104.999018
2026-07-28 10:32:38.461542,W003,39.998971,-104.998771
2026-07-28 10:42:38.461542,W004,39.99931,-104.999048
2026-07-28 11:10:39.913293,W006,39.999992,-104.998227
2026-07-28 11:20:39.913293,W001,39.998809,-104.998583
2026-07-28 11:30:39.913293,W002,39.999305,-104.999099
2026-07-28 11:40:39.913293,W003,39.999212,-104.99872
2026-07-28 11:50:39.913293,W004,39.999223,-104.998067
2026-07-28 12:00:39.913293,W005,39.998939,-104.998511
2026-07-28 12:26:36.565760,W001,39.999453,-104.99818
2026-07-28 12:36:36.565760,W002,39.999711,-104.998165
2026-07-28 12:46:36.565760,W003,39.999827,-104.998727
2026-07-28 12:56:36.565760,W004,39.998911,-104.998843
2026-07-28 07:00:00.000000,W002,40.000459,-105.001319
2026-07-28 07:10:00.000000,W003,40.001236,-105.000771
2026-07-28 07:20:00.000000,W004,40.000371,-105.001052
2026-07-28 07:30:00.000000,W005,40.000329,-105.001076
2026-07-28 07:56:59.321328,W003,40.000505,-105.000914
2026-07-28 08:06:59.321328,W004,40.000852,-105.00088
2026-07-28 08:16:59.321328,W005,40.000595,-105.000984
2026-07-28 08:26:59.321328,W006,40.000608,-105.001121
2026-07-28 08:36:59.321328,W001,40.001256,-105.000757
2026-07-28 08:46:59.321328,W002,40.000475,-105.000985
2026-07-28 08:56:59.321328,W003,40.000399,-105.000984
2026-07-28 09:06:59.321328,W004,39.999817,-105.00082
2026-07-28 09:16:59.321328,W005,40.001129,-105.001632
2026-07-28 09:26:59.321328,W006,40.000075,-105.000713
2026-07-28 09:36:59.321328,W001,40.000489,-105.001005
2026-07-28 09:46:59.321328,W002,40.001148,-105.00024
2026-07-28 09:56:59.321328,W003,40.001331,-105.000638
2026-07-28 10:23:00.145741,W004,40.000015,-105.001157
2026-07-28 10:33:00.145741,W005,40.00013,-105.001224
2026-07-28 10:43:00.145741,W006,40.00049,-105.000529
2026-07-28 11:13:57.058927,W005,40.000139,-105.001982
2026-07-28 11:23:57.058927,W006,40.000587,-105.00145
2026-07-28 11:33:57.058927,W001,40.001114,-105.000721
2026-07-28 11:43:57.058927,W002,40.001134,-105.001317
2026-07-28 11:53:57.058927,W003,39.999914,-105.000987
2026-07-28 12:03:57.058927,W004,40.000561,-105.001535
2026-07-28 12:13:57.058927,W005,40.000476,-105.001533
2026-07-28 12:23:57.058927,W006,40.000888,-105.000893
2026-07-28 12:33:57.058927,W001,40.000243,-105.001301
2026-07-28 12:43:57.058927,W002,40.000279,-105.000649
2026-07-29 07:00:00.000000,W006,40.000302,-104.99989
2026-07-29 07:10:00.000000,W001,40.000386,-104.99916
2026-07-29 07:20:00.000000,W002,39.998752,-104.999811
2026-07-29 07:30:00.000000,W003,39.999846,-105.000092
2026-07-29 07:56:48.260673,W001,40.000952,-105.000467
2026-07-29 08:06:48.260673,W002,40.000386,-105.000294
2026-07-29 08:16:48.260673,W003,39.999941,-105.000058
2026-07-29 08:26:48.260673,W004,40.000345,-105.000163
2026-07-29 08:36:48.260673,W005,40.000437,-105.000114
2026-07-29 08:46:48.260673,W006,40.000064,-104.99998
2026-07-29 08:56:48.260673,W001,39.999866,-105.000851
2026-07-29 09:06:48.260673,W002,39.999995,-105.00055
2026-07-29 09:35:06.374864,W002,39.999732,-105.000006
2026-07-29 09:45:06.374864,W003,39.999714,-104.999998
2026-07-29 09:55:06.374864,W004,40.000656,-104.999973
2026-07-29 10:05:06.374864,W005,39.99953,-104.999999
2026-07-29 10:15:06.374864,W006,40.000105,-104.999334
2026-07-29 10:25:06.374864,W001,40.000299,-105.000464
2026-07-29 10:35:06.374864,W002,40.000012,-104.99946
2026-07-29 10:45:06.374864,W003,40.00108,-104.99977
2026-07-29 11:13:30.127864,W003,39.999265,-104.999976
2026-07-29 11:23:30.127864,W004,39.99981,-105.000997
2026-07-29 11:33:30.127864,W005,40.000955,-104.999953
2026-07-29 11:43:30.127864,W006,39.999117,-105.000098
2026-07-29 11:53:30.127864,W001,40.000396,-104.999692
2026-07-29 12:03:30.127864,W002,40.000121,-105.000202
2026-07-29 12:13:30.127864,W003,40.001088,-104.999755
2026-07-29 12:23:30.127864,W004,39.999446,-105.000365
2026-07-29 12:33:30.127864,W005,40.000393,-104.999777
2026-07-29 13:05:30.170952,W004,39.999945,-105.00028
2026-07-29 13:15:30.170952,W005,40.000453,-105.00035
2026-07-29 13:25:30.170952,W006,40.000082,-104.999214
2026-07-29 13:35:30.170952,W001,39.999875,-105.000901
2026-07-29 13:45:30.170952,W002,40.000452,-105.000346
2026-07-29 13:55:30.170952,W003,40.000221,-104.999782
2026-07-29 14:05:30.170952,W004,40.000113,-105.000961
2026-07-29 14:15:30.170952,W005,39.999528,-105.000479
2026-07-29 14:43:15.762029,W005,39.999739,-104.999986
2026-07-29 14:53:15.762029,W006,39.999295,-104.999663
2026-07-29 15:03:15.762029,W001,40.000105,-105.000443
2026-07-29 15:27:09.481248,W006,39.999804,-105.000596
2026-07-29 15:37:09.481248,W001,39.998934,-104.999863
2026-07-29 15:47:09.481248,W002,40.000305,-104.99995
2026-07-29 15:57:09.481248,W003,39.999562,-105.000091
2026-07-29 16:07:09.481248,W004,39.999699,-104.999642
2026-07-29 16:32:25.115875,W001,39.999859,-104.999729
2026-07-29 16:42:25.115875,W002,39.999584,-104.999168
2026-07-29 16:52:25.115875,W003,40.000179,-104.999328
2026-07-29 17:02:25.115875,W004,39.999546,-105.000073
2026-07-29 17:12:25.115875,W005,39.999724,-105.000653
2026-07-29 17:22:25.115875,W006,40.000548,-104.999745
2026-07-29 17:32:25.115875,W001,39.999332,-105.000545
2026-07-29 17:42:25.115875,W002,40.000232,-104.999678
2026-07-29 07:00:00.000000,W002,40.000928,-104.999741
2026-07-29 07:10:00.000000,W003,40.001112,-105.000001
2026-07-29 07:20:00.000000,W004,40.000169,-104.999718
2026-07-29 07:30:00.000000,W005,40.001816,-104.999534
2026-07-29 07:40:00.000000,W006,40.001017,-104.998707
2026-07-29 07:50:00.000000,W001,40.000985,-104.999266
2026-07-29 08:00:00.000000,W002,40.000923,-104.999428
2026-07-29 08:10:00.000000,W003,40.001465,-104.99928
2026-07-29 08:20:00.000000,W004,40.001487,-105.000091
2026-07-29 08:30:00.000000,W005,40.0012,-105.000154
2026-07-29 08:40:00.000000,W006,40.000854,-104.999646
2026-07-29 08:50:00.000000,W001,40.000264,-104.99967
2026-07-29 09:00:00.000000,W002,40.000995,-104.999433
2026-07-29 09:10:00.000000,W003,40.000487,-104.99973
2026-07-29 09:20:00.000000,W004,40.000051,-104.999555
2026-07-29 09:30:00.000000,W005,40.001143,-104.998297
2026-07-29 09:40:00.000000,W006,40.002249,-104.99947
2026-07-29 09:50:00.000000,W001,40.000352,-104.998001
2026-07-29 10:00:00.000000,W002,40.000801,-104.999022
2026-07-29 10:10:00.000000,W003,40.001436,-104.999907
2026-07-29 10:20:00.000000,W004,40.000774,-104.999922
2026-07-29 10:30:00.000000,W005,40.001019,-104.99926
2026-07-29 10:58:40.809776,W003,40.000171,-104.999323
2026-07-29 11:08:40.809776,W004,40.00127,-104.999256
2026-07-29 11:18:40.809776,W005,40.000331,-104.999539
2026-07-29 11:28:40.809776,W006,40.001793,-104.998996
2026-07-29 11:38:40.809776,W001,40.000502,-104.999179
2026-07-29 11:48:40.809776,W002,40.001053,-104.999622
2026-07-29 11:58:40.809776,W003,40.001102,-105.000005
2026-07-29 12:08:40.809776,W004,40.001404,-104.999694
2026-07-29 12:18:40.809776,W005,40.000981,-104.999694
2026-07-29 12:28:40.809776,W006,40.000878,-104.999809
2026-07-29 12:57:49.369388,W004,40.000985,-104.999472
2026-07-29 13:07:49.369388,W005,40.000783,-104.999894
2026-07-29 13:17:49.369388,W006,40.001486,-104.999538
2026-07-29 13:27:49.369388,W001,40.001062,-104.999737
2026-07-29 13:37:49.369388,W002,40.000822,-105.000327
2026-07-29 13:47:49.369388,W003,39.999867,-104.999699
2026-07-29 13:57:49.369388,W004,40.000641,-104.99988
2026-07-29 14:07:49.369388,W005,40.00109,-104.999578
2026-07-29 14:17:49.369388,W006,40.000523,-104.998829
2026-07-29 14:27:49.369388,W001,40.000623,-104.999065
2026-07-29 14:37:49.369388,W002,40.000957,-104.999017
2026-07-29 14:47:49.369388,W003,40.000777,-104.999044
2026-07-29 14:57:49.369388,W004,40.001063,-105.000133
2026-07-29 15:07:49.369388,W005,40.000212,-104.999353
2026-07-29 15:31:39.963726,W005,40.001342,-104.999471
2026-07-29 15:41:39.963726,W006,40.001321,-104.999009
2026-07-29 15:51:39.963726,W001,40.001297,-104.998696
2026-07-29 16:01:39.963726,W002,40.000866,-104.999884
2026-07-29 16:11:39.963726,W003,40.00063,-104.999705
2026-07-29 16:21:39.963726,W004,40.00076,-104.999827
2026-07-29 16:31:39.963726,W005,40.000449,-104.99973
2026-07-29 16:41:39.963726,W006,40.000713,-104.999756
2026-07-29 16:51:39.963726,W001,40.000888,-104.999371
2026-07-29 17:01:39.963726,W002,40.000189,-104.999892
2026-07-29 07:00:00.000000,W006,39.999775,-104.998476
2026-07-29 07:10:00.000000,W001,40.000256,-104.999299
2026-07-29 07:20:00.000000,W002,39.998866,-104.999114
2026-07-29 07:30:00.000000,W003,39.998955,-104.999138
2026-07-29 07:40:00.000000,W004,39.999919,-104.998371
2026-07-29 07:50:00.000000,W005,39.999136,-104.998419
2026-07-29 08:00:00.000000,W006,39.999087,-104.999706
2026-07-29 08:10:00.000000,W001,39.999434,-104.999163
2026-07-29 08:39:21.629344,W001,39.99943,-104.998807
2026-07-29 08:49:21.629344,W002,39.99968,-104.999322
2026-07-29 09:17:39.404960,W002,39.999354,-104.998379
2026-07-29 09:27:39.404960,W003,39.998788,-104.998957
2026-07-29 09:37:39.404960,W004,39.998708,-104.998947
2026-07-29 09:47:39.404960,W005,39.999003,-104.99875
2026-07-29 09:57:39.404960,W006,39.999571,-104.998786
2026-07-29 10:21:17.248810,W003,39.998917,-104.99946
2026-07-29 10:31:17.248810,W004,40.000092,-104.99877
2026-07-29 10:41:17.248810,W005,39.998597,-104.998659
2026-07-29 10:51:17.248810,W006,39.999163,-104.998076
2026-07-29 11:01:17.248810,W001,39.999047,-104.998614
2026-07-29 11:11:17.248810,W002,39.999145,-104.999367
2026-07-29 07:00:00.000000,W004,40.000701,-105.000555
2026-07-29 07:10:00.000000,W005,40.000594,-105.000752
2026-07-29 07:20:00.000000,W006,40.000285,-105.001437
2026-07-29 07:30:00.000000,W001,40.000731,-105.000892
2026-07-29 07:40:00.000000,W002,40.000339,-105.000512
2026-07-29 07:50:00.000000,W003,40.000721,-105.000846
2026-07-29 08:11:19.353628,W005,40.000367,-105.001348
2026-07-29 08:21:19.353628,W006,40.000972,-105.000819
2026-07-29 08:31:19.353628,W001,40.0005,-105.00077
2026-07-29 08:41:19.353628,W002,40.000589,-105.000835
2026-07-29 08:51:19.353628,W003,40.000415,-105.001223
2026-07-29 09:17:07.425943,W006,40.000483,-105.001044
2026-07-29 09:27:07.425943,W001,40.000525,-105.000797
2026-07-29 09:37:07.425943,W002,40.000224,-105.001183
2026-07-29 09:47:07.425943,W003,40.00046,-105.001141
2026-07-29 09:57:07.425943,W004,40.000232,-105.001187
2026-07-29 10:07:07.425943,W005,40.000913,-105.001087
2026-07-29 10:17:07.425943,W006,40.000686,-105.000731
2026-07-29 10:27:07.425943,W001,40.000029,-105.000786
2026-07-29 10:52:56.321471,W001,40.000782,-105.00099
2026-07-29 11:02:56.321471,W002,40.000429,-105.000688
2026-07-29 11:12:56.321471,W003,39.999827,-105.001267
2026-07-29 11:22:56.321471,W004,40.0009,-105.000223
2026-07-29 11:32:56.321471,W005,39.999698,-105.001561
2026-07-29 11:42:56.321471,W006,40.000929,-105.001644
2026-07-29 12:10:24.320446,W002,40.00036,-105.00035
2026-07-29 12:20:24.320446,W003,40.001404,-105.000983
2026-07-29 12:30:24.320446,W004,40.001233,-105.001605
2026-07-29 12:40:24.320446,W005,40.000427,-105.001271
2026-07-29 12:50:24.320446,W006,40.000873,-105.001359
2026-07-29 13:00:24.320446,W001,39.999325,-105.000139
2026-07-29 13:10:24.320446,W002,40.000216,-105.001235
2026-07-29 13:20:24.320446,W003,40.000823,-105.001312
2026-07-29 13:30:24.320446,W004,40.000426,-105.00142
2026-07-29 13:53:02.372725,W003,40.00049,-105.001017
2026-07-29 14:03:02.372725,W004,40.000321,-105.001268
2026-07-29 14:13:02.372725,W005,40.000348,-105.000529
2026-07-29 14:23:02.372725,W006,40.000564,-105.001331
2026-07-29 14:33:02.372725,W001,39.999855,-105.001295
2026-07-29 14:43:02.372725,W002,40.00049,-105.002191
2026-07-29 14:53:02.372725,W003,40.000402,-105.000631
2026-07-29 15:03:02.372725,W004,40.000403,-105.000944
2026-07-29 07:00:00.000000,W004,39.999622,-105.000357
2026-07-29 07:10:00.000000,W005,39.99986,-104.999553
2026-07-29 07:20:00.000000,W006,39.99941,-104.999995
2026-07-29 07:30:00.000000,W001,39.999398,-105.000164
2026-07-29 07:40:00.000000,W002,39.999924,-105.000098
2026-07-29 07:50:00.000000,W003,39.999379,-104.999576
2026-07-29 08:00:00.000000,W004,40.000367,-104.999507
2026-07-29 08:10:00.000000,W005,40.000213,-105.000298
2026-07-29 08:30:00.951477,W005,39.999447,-105.00044
2026-07-29 08:40:00.951477,W006,39.999762,-105.000661
2026-07-29 08:50:00.951477,W001,39.999966,-105.00014
2026-07-29 09:14:46.756413,W006,39.999945,-105.000241
2026-07-29 09:24:46.756413,W001,39.99977,-105.000233
2026-07-29 09:34:46.756413,W002,40.000133,-105.000311
2026-07-29 09:44:46.756413,W003,39.999772,-105.000098
2026-07-29 09:54:46.756413,W004,39.999603,-105.000353
2026-07-29 10:04:46.756413,W005,40.000479,-105.0002
2026-07-29 10:14:46.756413,W006,40.000183,-105.000104
2026-07-29 10:24:46.756413,W001,39.999887,-104.999576
2026-07-29 10:34:46.756413,W002,39.999733,-104.99989
2026-07-29 10:59:32.542044,W001,39.999915,-105.000411
2026-07-29 11:09:32.542044,W002,39.999771,-105.000224
2026-07-29 11:19:32.542044,W003,39.999919,-105.000072
2026-07-29 11:29:32.542044,W004,39.999457,-104.999449
2026-07-29 11:56:42.745491,W002,40.000309,-104.999697
2026-07-29 12:06:42.745491,W003,40.000314,-105.000328
2026-07-29 12:16:42.745491,W004,39.999949,-104.999989
2026-07-29 12:26:42.745491,W005,40.000513,-104.998896
2026-07-29 12:36:42.745491,W006,40.000098,-104.999815
2026-07-29 13:02:46.776774,W003,40.000114,-105.000005
2026-07-29 13:12:46.776774,W004,40.000315,-104.999876
2026-07-29 13:22:46.776774,W005,40.000053,-105.000054
2026-07-29 13:50:26.482867,W004,39.999858,-105.000195
2026-07-29 14:00:26.482867,W005,40.000067,-105.000026
2026-07-29 14:10:26.482867,W006,39.999723,-105.000151
2026-07-29 14:20:26.482867,W001,39.999851,-104.999927
2026-07-29 14:30:26.482867,W002,40.000317,-104.999965
2026-07-29 14:40:26.482867,W003,40.000239,-105.000557
2026-07-29 15:09:10.214107,W005,39.999868,-105.000246
2026-07-29 15:19:10.214107,W006,40.000772,-104.999276
2026-07-29 15:29:10.214107,W001,39.99965,-105.000712
2026-07-29 15:39:10.214107,W002,40.000475,-105.000033
2026-07-29 15:49:10.214107,W003,39.999857,-104.999923
2026-07-29 15:59:10.214107,W004,40.000294,-104.99978
2026-07-29 07:00:00.000000,W006,40.000365,-104.99963
2026-07-29 07:10:00.000000,W001,40.001507,-104.999193
2026-07-29 07:20:00.000000,W002,40.000474,-104.998777
2026-07-29 07:30:00.000000,W003,40.001153,-104.999558
2026-07-29 07:40:00.000000,W004,40.001532,-104.999129
2026-07-29 07:50:00.000000,W005,40.001022,-104.999486
2026-07-29 08:15:21.280598,W001,40.000806,-104.999077
2026-07-29 08:25:21.280598,W002,40.001303,-104.999474
2026-07-29 08:35:21.280598,W003,40.001082,-104.999685
2026-07-29 08:45:21.280598,W004,40.001915,-104.999234
2026-07-29 08:55:21.280598,W005,40.001161,-104.999483
2026-07-29 09:05:21.280598,W006,40.000791,-104.999538
2026-07-29 09:15:21.280598,W001,40.000354,-104.99932
2026-07-29 09:25:21.280598,W002,40.001708,-104.998746
2026-07-29 09:35:21.280598,W003,40.001231,-104.999545
2026-07-29 09:45:21.280598,W004,40.000216,-104.998805
2026-07-29 09:55:21.280598,W005,40.000887,-104.999543
2026-07-29 10:05:21.280598,W006,40.000176,-104.999814
2026-07-29 10:31:02.862885,W002,40.00116,-104.998649
2026-07-29 10:41:02.862885,W003,40.000841,-104.999505
2026-07-29 10:51:02.862885,W004,40.000843,-104.99981
2026-07-29 11:01:02.862885,W005,40.001206,-104.999329
2026-07-29 11:27:44.024353,W003,40.000832,-104.99944
2026-07-29 11:37:44.024353,W004,40.000485,-104.999345
2026-07-29 11:47:44.024353,W005,40.000674,-104.999892
2026-07-29 11:57:44.024353,W006,40.000557,-104.999625
2026-07-29 12:07:44.024353,W001,40.000397,-104.998897
2026-07-29 12:17:44.024353,W002,40.001225,-104.999034
2026-07-29 12:27:44.024353,W003,40.001268,-104.999395
2026-07-29 12:37:44.024353,W004,40.000769,-105.000096
2026-07-29 13:02:59.766424,W004,40.001204,-104.99911
2026-07-29 13:12:59.766424,W005,40.000775,-104.999667
2026-07-29 13:22:59.766424,W006,40.00101,-104.999205
2026-07-29 13:32:59.766424,W001,40.001162,-104.999476
2026-07-29 13:42:59.766424,W002,40.00091,-104.999454
2026-07-29 13:52:59.766424,W003,40.00121,-104.999659
2026-07-29 14:02:59.766424,W004,40.000856,-104.999301
2026-07-29 14:12:59.766424,W005,40.000979,-104.999319
2026-07-29 07:00:00.000000,W005,39.998663,-104.998691
2026-07-29 07:10:00.000000,W006,39.998901,-104.998754
2026-07-29 07:20:00.000000,W001,39.999452,-104.998233
2026-07-29 07:30:00.000000,W002,39.999196,-104.998033
2026-07-29 07:40:00.000000,W003,39.998896,-104.998737
2026-07-29 07:50:00.000000,W004,39.999688,-104.999022
2026-07-29 08:00:00.000000,W005,39.999396,-104.998814
2026-07-29 08:20:50.131568,W006,39.999524,-104.9989
2026-07-29 08:30:50.131568,W001,39.998063,-104.998687
2026-07-29 08:40:50.131568,W002,39.998575,-104.9987
2026-07-29 08:50:50.131568,W003,40.000007,-104.998656
2026-07-29 09:00:50.131568,W004,39.998938,-104.998472
2026-07-29 09:10:50.131568,W005,39.999301,-104.999007
2026-07-29 09:20:50.131568,W006,39.999219,-104.998831
2026-07-29 09:41:46.065513,W001,39.999395,-104.999057
2026-07-29 09:51:46.065513,W002,39.999897,-104.998704
2026-07-29 10:01:46.065513,W003,39.999354,-104.998534
2026-07-29 10:11:46.065513,W004,39.999421,-104.998559
2026-07-29 10:21:46.065513,W005,39.999377,-104.998411
2026-07-29 10:31:46.065513,W006,39.999219,-104.998834
2026-07-29 10:53:49.768380,W002,39.99979,-104.998812
2026-07-29 11:03:49.768380,W003,39.998845,-104.998818
2026-07-29 11:13:49.768380,W004,39.99985,-104.998612
2026-07-29 11:23:49.768380,W005,39.999338,-104.998243
2026-07-29 11:33:49.768380,W006,39.998548,-104.999613
2026-07-29 11:43:49.768380,W001,39.999219,-104.99898
2026-07-29 11:53:49.768380,W002,39.99926,-104.998408
2026-07-29 12:03:49.768380,W003,39.998944,-104.998776
2026-07-29 07:00:00.000000,W003,40.000373,-105.001356
2026-07-29 07:10:00.000000,W004,40.000814,-105.0007
2026-07-29 07:20:00.000000,W005,40.000782,-105.000681
2026-07-29 07:30:00.000000,W006,40.000039,-105.001264
2026-07-29 07:40:00.000000,W001,40.000534,-105.000376
2026-07-29 07:50:00.000000,W002,39.999744,-105.000505
2026-07-29 08:13:38.412196,W004,40.000082,-105.000996
2026-07-29 08:23:38.412196,W005,40.000749,-105.000573
2026-07-29 08:33:38.412196,W006,39.99997,-105.00156
2026-07-29 08:43:38.412196,W001,40.001347,-105.001378
2026-07-29 09:02:35.437501,W005,40.000665,-105.000767
2026-07-29 09:12:35.437501,W006,40.000316,-105.000978
2026-07-29 09:22:35.437501,W001,40.000864,-105.001088
2026-07-29 09:32:35.437501,W002,40.001089,-105.00013
2026-07-29 09:56:30.533105,W006,40.000488,-105.000178
2026-07-29 10:06:30.533105,W001,40.000172,-105.000638
2026-07-29 10:16:30.533105,W002,40.000508,-105.001471
2026-07-29 10:26:30.533105,W003,40.000347,-105.001373
2026-07-29 10:36:30.533105,W004,40.000002,-105.000647
2026-07-29 10:46:30.533105,W005,40.000812,-105.000471
2026-07-29 10:56:30.533105,W006,40.000576,-105.001444
2026-07-29 11:06:30.533105,W001,40.00037,-105.00166
2026-07-29 11:38:36.197848,W001,39.999809,-105.001481
2026-07-29 11:48:36.197848,W002,39.999742,-105.000373
2026-07-29 11:58:36.197848,W003,40.000423,-105.001042
2026-07-29 12:08:36.197848,W004,39.999813,-105.000848
2026-07-29 12:18:36.197848,W005,40.001298,-105.000673
2026-07-29 12:28:36.197848,W006,40.000422,-105.001244
2026-07-30 07:00:00.000000,W002,40.000192,-104.999803
2026-07-30 07:10:00.000000,W003,39.999871,-105.000499
2026-07-30 07:20:00.000000,W004,40.00008,-105.0003
2026-07-30 07:30:00.000000,W005,39.9997,-104.999706
2026-07-30 07:40:00.000000,W006,39.999741,-104.9995
2026-07-30 07:50:00.000000,W001,40.000237,-105.000433
2026-07-30 08:00:00.000000,W002,39.999716,-105.000173
2026-07-30 08:27:38.115393,W003,39.999554,-104.999917
2026-07-30 08:37:38.115393,W004,40.000334,-104.998742
2026-07-30 08:47:38.115393,W005,40.000642,-104.999956
2026-07-30 08:57:38.115393,W006,39.999781,-104.999695
2026-07-30 09:17:33.283026,W004,40.000728,-104.999904
2026-07-30 09:27:33.283026,W005,39.999982,-105.000585
2026-07-30 09:37:33.283026,W006,39.99965,-104.999579
2026-07-30 09:47:33.283026,W001,40.000311,-105.000552
2026-07-30 10:12:17.588835,W005,40.000227,-105.000142
2026-07-30 10:22:17.588835,W006,40.000015,-105.000071
2026-07-30 10:32:17.588835,W001,40.000749,-104.999416
2026-07-30 10:42:17.588835,W002,39.999016,-105.000587
2026-07-30 10:52:17.588835,W003,40.000052,-104.999863
2026-07-30 11:02:17.588835,W004,40.000473,-104.999752
2026-07-30 07:00:00.000000,W006,40.000167,-104.999526
2026-07-30 07:10:00.000000,W001,40.000503,-104.999613
2026-07-30 07:20:00.000000,W002,40.001351,-104.999454
2026-07-30 07:30:00.000000,W003,40.001095,-104.999179
2026-07-30 07:40:00.000000,W004,40.001003,-104.999613
2026-07-30 07:50:00.000000,W005,40.000963,-105.000255
2026-07-30 08:20:26.552494,W001,40.001247,-105.000124
2026-07-30 08:30:26.552494,W002,40.000891,-104.999851
2026-07-30 08:40:26.552494,W003,40.001489,-104.99984
2026-07-30 08:50:26.552494,W004,40.001229,-104.999753
2026-07-30 09:00:26.552494,W005,40.001495,-104.998696
2026-07-30 09:10:26.552494,W006,40.000375,-104.999782
2026-07-30 09:20:26.552494,W001,40.000951,-104.999327
2026-07-30 09:30:26.552494,W002,40.000934,-105.000169
2026-07-30 09:40:26.552494,W003,40.001362,-104.999775
2026-07-30 09:50:26.552494,W004,40.000759,-104.999881
2026-07-30 10:00:26.552494,W005,40.001041,-104.999887
2026-07-30 10:10:26.552494,W006,40.001012,-104.999081
2026-07-30 10:20:26.552494,W001,40.00067,-104.999718
2026-07-30 10:30:26.552494,W002,40.001108,-104.999536
2026-07-30 10:59:55.004408,W002,40.001448,-104.999573
2026-07-30 11:09:55.004408,W003,40.001569,-104.999504
2026-07-30 11:19:55.004408,W004,40.000942,-104.998811
2026-07-30 11:29:55.004408,W005,40.000651,-104.999137
2026-07-30 11:39:55.004408,W006,40.000617,-104.999583
2026-07-30 11:49:55.004408,W001,40.000291,-104.999669
2026-07-30 11:59:55.004408,W002,40.001011,-104.999826
2026-07-30 12:09:55.004408,W003,40.001134,-104.998966
2026-07-30 12:30:54.146059,W003,40.001125,-104.999787
2026-07-30 12:40:54.146059,W004,40.000727,-104.999278
2026-07-30 12:50:54.146059,W005,40.000538,-105.00047
2026-07-30 13:00:54.146059,W006,40.001411,-104.999363
2026-07-30 13:10:54.146059,W001,40.001344,-104.999182
2026-07-30 13:20:54.146059,W002,40.000914,-104.999431
2026-07-30 13:30:54.146059,W003,40.00159,-104.999919
2026-07-30 13:40:54.146059,W004,40.00152,-104.998927
2026-07-30 13:50:54.146059,W005,40.001233,-104.999804
2026-07-30 14:00:54.146059,W006,40.000473,-104.999184
2026-07-30 07:00:00.000000,W004,39.998905,-104.998557
2026-07-30 07:10:00.000000,W005,39.998879,-104.998807
2026-07-30 07:20:00.000000,W006,39.998746,-104.998783
2026-07-30 07:30:00.000000,W001,39.999229,-104.999098
2026-07-30 07:40:00.000000,W002,39.998552,-104.998762
2026-07-30 07:50:00.000000,W003,39.998584,-104.999089
2026-07-30 08:15:11.498696,W005,39.999154,-104.9986
2026-07-30 08:25:11.498696,W006,39.999259,-104.998606
2026-07-30 08:35:11.498696,W001,39.999585,-104.998976
2026-07-30 08:45:11.498696,W002,39.998341,-104.999243
2026-07-30 09:05:27.554593,W006,39.998556,-104.998467
2026-07-30 09:15:27.554593,W001,39.998818,-104.998446
2026-07-30 09:25:27.554593,W002,39.998752,-104.998985
2026-07-30 09:35:27.554593,W003,39.999638,-104.998861
2026-07-30 09:45:27.554593,W004,39.99956,-104.998763
2026-07-30 09:55:27.554593,W005,39.999358,-104.998411
2026-07-30 10:20:32.367521,W001,39.998837,-104.998258
2026-07-30 10:30:32.367521,W002,39.998466,-104.999146
2026-07-30 10:40:32.367521,W003,39.999934,-104.998542
2026-07-30 10:50:32.367521,W004,39.998944,-104.998583
2026-07-30 11:00:32.367521,W005,39.999087,-104.999073
2026-07-30 11:29:16.632397,W002,39.999418,-104.998624
2026-07-30 11:39:16.632397,W003,39.998946,-104.998541
2026-07-30 11:49:16.632397,W004,39.999097,-104.998859
2026-07-30 11:59:16.632397,W005,39.999352,-104.998539
2026-07-30 12:20:47.311902,W003,39.999183,-104.998647
2026-07-30 12:30:47.311902,W004,40.000067,-104.999001
2026-07-30 12:40:47.311902,W005,39.999368,-104.998746
2026-07-30 12:50:47.311902,W006,39.999677,-104.998779
2026-07-30 13:00:47.311902,W001,39.998952,-104.998516
2026-07-30 13:10:47.311902,W002,39.999409,-104.998459
2026-07-30 13:41:17.011101,W004,39.999278,-104.999109
2026-07-30 13:51:17.011101,W005,39.999346,-104.99843
2026-07-30 14:01:17.011101,W006,39.99974,-104.997822
2026-07-30 14:11:17.011101,W001,39.999159,-104.998397
2026-07-30 14:21:17.011101,W002,39.998624,-104.998205
2026-07-30 14:31:17.011101,W003,39.998944,-104.999008
2026-07-30 14:53:37.798555,W005,39.99897,-104.998682
2026-07-30 15:03:37.798555,W006,39.999754,-104.998973
2026-07-30 15:13:37.798555,W001,39.998526,-104.998733
2026-07-30 15:23:37.798555,W002,39.998736,-104.998793
2026-07-30 15:33:37.798555,W003,39.999988,-104.999062
2026-07-30 15:43:37.798555,W004,40.000349,-104.997986
2026-07-30 15:53:37.798555,W005,39.999083,-104.998902
2026-07-30 16:03:37.798555,W006,39.999693,-104.998903
2026-07-30 16:13:37.798555,W001,39.999056,-104.998747
2026-07-30 07:00:00.000000,W006,40.000234,-105.000758
2026-07-30 07:10:00.000000,W001,40.001008,-105.000981
2026-07-30 07:20:00.000000,W002,40.000115,-105.001572
2026-07-30 07:30:00.000000,W003,40.000205,-105.000987
2026-07-30 07:40:00.000000,W004,40.000152,-105.001589
2026-07-30 07:50:00.000000,W005,40.000126,-105.000624
2026-07-30 08:00:00.000000,W006,40.001118,-105.000686
2026-07-30 08:10:00.000000,W001,40.000252,-105.001538
2026-07-30 08:34:37.693310,W001,40.00139,-105.001113
2026-07-30 08:44:37.693310,W002,40.000305,-105.000948
2026-07-30 08:54:37.693310,W003,40.000431,-105.001478
2026-07-30 09:04:37.693310,W004,40.001285,-105.000726
2026-07-30 09:14:37.693310,W005,39.999721,-105.000679
2026-07-30 09:42:54.860522,W002,40.00099,-105.001243
2026-07-30 09:52:54.860522,W003,40.000738,-105.000776
2026-07-30 10:02:54.860522,W004,40.000268,-105.001043
2026-07-30 10:12:54.860522,W005,40.000362,-105.001003
2026-07-30 10:22:54.860522,W006,40.00053,-105.00074
2026-07-30 10:32:54.860522,W001,40.000232,-105.001968
2026-07-30 10:55:58.974146,W003,40.001187,-105.001151
2026-07-30 11:05:58.974146,W004,40.000432,-105.000443
2026-07-30 11:15:58.974146,W005,40.000385,-105.0014
2026-07-30 11:25:58.974146,W006,40.00065,-105.001053
2026-07-30 11:35:58.974146,W001,40.000962,-105.001527
2026-07-30 11:45:58.974146,W002,40.000588,-105.000028
2026-07-30 11:55:58.974146,W003,40.000505,-105.001193
2026-07-30 12:13:37.974140,W004,40.000235,-105.000548
2026-07-30 12:23:37.974140,W005,40.000018,-105.001363
2026-07-30 12:33:37.974140,W006,40.000425,-105.001209
2026-07-30 12:43:37.974140,W001,40.000704,-105.001348
2026-07-30 13:12:37.231717,W005,40.000655,-105.001273
2026-07-30 13:22:37.231717,W006,40.00062,-105.001505
2026-07-30 13:32:37.231717,W001,40.000649,-105.000789
2026-07-30 13:42:37.231717,W002,40.00084,-105.001317
2026-07-30 13:52:37.231717,W003,40.000062,-105.001112
2026-07-30 14:02:37.231717,W004,40.000534,-105.000417
2026-07-30 14:12:37.231717,W005,40.000434,-105.000829
2026-07-30 14:22:37.231717,W006,40.000764,-105.000982
2026-07-30 14:32:37.231717,W001,40.000003,-105.001194
2026-07-30 07:00:00.000000,W006,39.999471,-105.00012
2026-07-30 07:10:00.000000,W001,40.001378,-105.00013
2026-07-30 07:20:00.000000,W002,39.99973,-104.99992
2026-07-30 07:30:00.000000,W003,40.000121,-105.000659
2026-07-30 07:40:00.000000,W004,39.999729,-105.00007
2026-07-30 07:50:00.000000,W005,39.999788,-104.999281
2026-07-30 08:00:00.000000,W006,39.999926,-105.00023
2026-07-30 08:10:00.000000,W001,39.999808,-105.000586
2026-07-30 08:32:36.251947,W001,40.000201,-105.000568
2026-07-30 08:42:36.251947,W002,40.000033,-105.000009
2026-07-30 08:52:36.251947,W003,39.999463,-105.000184
2026-07-30 09:02:36.251947,W004,39.999889,-104.999937
2026-07-30 09:12:36.251947,W005,40.000101,-105.000344
2026-07-30 09:22:36.251947,W006,40.000317,-104.999882
2026-07-30 09:32:36.251947,W001,40.000074,-105.001148
2026-07-30 09:55:08.708474,W002,40.000057,-105.000261
2026-07-30 10:05:08.708474,W003,39.999409,-104.999796
2026-07-30 10:15:08.708474,W004,39.999696,-105.000287
2026-07-30 10:25:08.708474,W005,40.000638,-105.000651
2026-07-30 10:35:08.708474,W006,40.000362,-104.999952
2026-07-30 10:45:08.708474,W001,40.00022,-105.000426
2026-07-30 11:15:40.695958,W003,40.00057,-105.00019
2026-07-30 11:25:40.695958,W004,40.00004,-104.999862
2026-07-30 11:35:40.695958,W005,40.000733,-105.000224
2026-07-30 11:45:40.695958,W006,39.999825,-104.99982
2026-07-30 11:55:40.695958,W001,40.000269,-105.000147
2026-07-30 12:05:40.695958,W002,40.000055,-105.000139
2026-07-30 12:22:44.695471,W004,39.999965,-104.999804
2026-07-30 12:32:44.695471,W005,40.000552,-105.000394
2026-07-30 12:42:44.695471,W006,39.999733,-104.999795
2026-07-30 12:52:44.695471,W001,40.000302,-104.999796
2026-07-30 13:02:44.695471,W002,39.999899,-105.000458
2026-07-30 13:31:46.863211,W005,39.999414,-105.000139
2026-07-30 13:41:46.863211,W006,39.999844,-105.000118
2026-07-30 13:51:46.863211,W001,40.00018,-104.999445
2026-07-30 14:01:46.863211,W002,39.999733,-105.000186
2026-07-30 14:11:46.863211,W003,39.999357,-105.000415
2026-07-30 14:21:46.863211,W004,39.999876,-104.999457
2026-07-30 14:31:46.863211,W005,40.000713,-105.000531
2026-07-30 14:41:46.863211,W006,40.000024,-104.999797
2026-07-30 14:51:46.863211,W001,40.000243,-105.000111
2026-07-30 15:13:31.962336,W006,39.999659,-105.00061
2026-07-30 15:23:31.962336,W001,40.000194,-105.000079
2026-07-30 15:33:31.962336,W002,39.999758,-104.999974
2026-07-30 07:00:00.000000,W001,40.001237,-105.000195
2026-07-30 07:10:00.000000,W002,40.000342,-104.999425
2026-07-30 07:20:00.000000,W003,40.001247,-104.99952
2026-07-30 07:30:00.000000,W004,40.001162,-104.999877
2026-07-30 07:40:00.000000,W005,40.000724,-104.999268
2026-07-30 07:50:00.000000,W006,40.00117,-104.999638
2026-07-30 08:00:00.000000,W001,40.000244,-104.999743
2026-07-30 08:10:00.000000,W002,40.000931,-104.999149
2026-07-30 08:20:00.000000,W003,40.001286,-104.99907
2026-07-30 08:30:00.000000,W004,40.000169,-104.999629
2026-07-30 08:48:33.460741,W002,40.001305,-104.998966
2026-07-30 08:58:33.460741,W003,40.001,-104.999468
2026-07-30 09:08:33.460741,W004,40.000805,-104.999852
2026-07-30 09:18:33.460741,W005,40.000778,-104.999457
2026-07-30 09:28:33.460741,W006,40.001516,-104.999346
2026-07-30 09:38:33.460741,W001,40.001591,-104.99975
2026-07-30 09:48:33.460741,W002,40.000908,-104.999319
2026-07-30 09:58:33.460741,W003,40.000744,-104.999715
2026-07-30 10:08:33.460741,W004,40.001355,-104.999378
2026-07-30 10:31:17.391262,W003,40.00113,-104.999463
2026-07-30 10:41:17.391262,W004,40.000277,-104.999561
2026-07-30 10:51:17.391262,W005,40.000567,-104.999596
2026-07-30 11:01:17.391262,W006,40.000883,-105.000438
2026-07-30 11:11:17.391262,W001,40.0004,-104.999518
2026-07-30 11:21:17.391262,W002,40.001383,-104.999776
2026-07-30 11:31:17.391262,W003,40.001702,-104.998722
2026-07-30 12:04:09.596806,W004,40.000743,-104.999111
2026-07-30 12:14:09.596806,W005,40.001788,-104.999463
2026-07-30 12:24:09.596806,W006,40.000681,-104.999367
2026-07-30 12:34:09.596806,W001,40.000545,-104.999957
2026-07-30 12:44:09.596806,W002,40.001162,-104.999801
2026-07-30 12:54:09.596806,W003,40.001012,-105.000062
2026-07-30 13:04:09.596806,W004,40.001098,-104.999148
2026-07-30 13:33:06.391163,W005,40.000769,-105.000222
2026-07-30 13:43:06.391163,W006,40.001186,-104.99988
2026-07-30 13:53:06.391163,W001,40.001147,-104.999446
2026-07-30 14:03:06.391163,W002,40.001738,-104.999335
2026-07-30 14:31:54.871168,W006,40.001008,-104.99939
2026-07-30 14:41:54.871168,W001,40.001099,-104.999739
2026-07-30 14:51:54.871168,W002,40.001527,-104.999652
2026-07-30 15:01:54.871168,W003,40.001008,-104.999589
2026-07-30 15:11:54.871168,W004,40.000931,-104.999212
2026-07-30 15:41:33.877902,W001,40.000671,-104.999859
2026-07-30 15:51:33.877902,W002,40.000876,-104.999684
2026-07-30 16:01:33.877902,W003,40.000993,-104.999382
2026-07-30 16:11:33.877902,W004,40.000287,-104.999574
2026-07-30 16:21:33.877902,W005,40.001334,-104.999413
2026-07-30 16:31:33.877902,W006,40.000969,-104.999491
2026-07-30 16:41:33.877902,W001,40.000999,-104.998812
2026-07-30 16:51:33.877902,W002,40.001477,-104.999477
2026-07-30 17:01:33.877902,W003,40.001668,-104.99969
2026-07-30 17:11:33.877902,W004,40.000075,-104.999179
2026-07-30 17:21:33.877902,W005,40.000692,-104.999871
2026-07-30 17:31:33.877902,W006,40.001343,-105.000517
2026-07-30 17:41:33.877902,W001,40.000654,-104.999551
2026-07-30 17:51:33.877902,W002,40.001032,-104.999046
2026-07-30 18:01:33.877902,W003,40.001535,-104.999658
2026-07-30 18:11:33.877902,W004,40.000894,-104.999321
2026-07-30 18:21:33.877902,W005,40.000891,-104.999866
2026-07-30 18:31:33.877902,W006,40.000466,-104.999879
2026-07-30 07:00:00.000000,W002,39.999751,-104.998952
2026-07-30 07:10:00.000000,W003,39.999436,-104.998697
2026-07-30 07:20:00.000000,W004,39.999,-104.99866
2026-07-30 07:30:00.000000,W005,39.999144,-104.998179
2026-07-30 07:40:00.000000,W006,39.998742,-104.998601
2026-07-30 08:06:03.368987,W003,39.999367,-104.999076
2026-07-30 08:16:03.368987,W004,39.999239,-104.998643
2026-07-30 08:26:03.368987,W005,39.999352,-104.999149
2026-07-30 08:36:03.368987,W006,39.999265,-104.998429
2026-07-30 08:46:03.368987,W001,39.998936,-104.99909
2026-07-30 08:56:03.368987,W002,39.999242,-104.998944
2026-07-30 09:06:03.368987,W003,39.999071,-104.999711
2026-07-30 09:16:03.368987,W004,39.999364,-104.999357
2026-07-30 09:26:03.368987,W005,39.998622,-104.998993
2026-07-30 09:52:35.060400,W004,39.999866,-104.998907
2026-07-30 10:02:35.060400,W005,39.999153,-104.999436
2026-07-30 10:12:35.060400,W006,39.998992,-104.998118
2026-07-30 10:22:35.060400,W001,39.998733,-104.999237
2026-07-30 10:48:52.696742,W005,39.998949,-104.999078
2026-07-30 10:58:52.696742,W006,39.999278,-104.998982
2026-07-30 11:08:52.696742,W001,39.999305,-104.999299
2026-07-30 11:18:52.696742,W002,39.998827,-104.999216
2026-07-30 11:28:52.696742,W003,39.998911,-104.998705
2026-07-30 11:38:52.696742,W004,39.998514,-104.998716
2026-07-30 11:48:52.696742,W005,39.99901,-104.998858
2026-07-30 12:10:46.338295,W006,39.999787,-104.998374
2026-07-30 12:20:46.338295,W001,39.999466,-104.999244
2026-07-30 12:30:46.338295,W002,39.999693,-104.998646
2026-07-30 12:53:49.073996,W001,39.999649,-104.998322
2026-07-30 13:03:49.073996,W002,39.999072,-104.997463
2026-07-30 13:13:49.073996,W003,39.999157,-104.99962
2026-07-30 13:23:49.073996,W004,39.999194,-104.998149
2026-07-30 13:33:49.073996,W005,39.999288,-104.998952
2026-07-30 13:43:49.073996,W006,39.999535,-104.99864
2026-07-30 13:53:49.073996,W001,39.999063,-104.999118
2026-07-30 14:26:21.703285,W002,39.998743,-104.998523
2026-07-30 14:36:21.703285,W003,39.999218,-104.998809
2026-07-30 14:46:21.703285,W004,39.998936,-104.998762
2026-07-30 14:56:21.703285,W005,39.999085,-104.998251
2026-07-30 15:06:21.703285,W006,39.999792,-104.998874
2026-07-30 15:16:21.703285,W001,39.998606,-104.998764
2026-07-30 15:26:21.703285,W002,39.999793,-104.997798
2026-07-30 15:36:21.703285,W003,39.99956,-104.998001
2026-07-30 15:46:21.703285,W004,39.998976,-104.998886
2026-07-30 07:00:00.000000,W003,40.00075,-105.00187
2026-07-30 07:10:00.000000,W004,40.000069,-105.0012
2026-07-30 07:20:00.000000,W005,40.000048,-105.001787
2026-07-30 07:30:00.000000,W006,39.999574,-105.000654
2026-07-30 07:40:00.000000,W001,40.000321,-105.000036
2026-07-30 07:59:10.605576,W004,40.000858,-105.000492
2026-07-30 08:09:10.605576,W005,40.000695,-105.001012
2026-07-30 08:19:10.605576,W006,40.000347,-105.000644
2026-07-30 08:29:10.605576,W001,39.999871,-105.001294
2026-07-30 08:39:10.605576,W002,40.000339,-105.001342
2026-07-30 08:49:10.605576,W003,39.99978,-105.001158
2026-07-30 09:08:37.495525,W005,39.999937,-105.001056
2026-07-30 09:18:37.495525,W006,40.000484,-105.000312
2026-07-30 09:28:37.495525,W001,40.001621,-105.0012
2026-07-30 09:38:37.495525,W002,40.0008,-105.001929
2026-07-30 09:48:37.495525,W003,40.000216,-105.001552
2026-07-30 09:58:37.495525,W004,40.00048,-105.001021
2026-07-30 10:08:37.495525,W005,40.000593,-105.001284
2026-07-30 10:18:37.495525,W006,40.001013,-105.001225
2026-07-30 10:28:37.495525,W001,40.000238,-105.000464
2026-07-30 10:38:37.495525,W002,40.000287,-105.001669
2026-07-30 11:01:46.454845,W006,39.999987,-105.000882
2026-07-30 11:11:46.454845,W001,40.000723,-105.001179
2026-07-30 11:21:46.454845,W002,40.000485,-105.001163
2026-07-30 11:31:46.454845,W003,40.000299,-105.000668
2026-07-30 11:41:46.454845,W004,40.00054,-105.000688
2026-07-30 11:51:46.454845,W005,40.000713,-105.000966
2026-07-30 12:01:46.454845,W006,40.000205,-105.000932
2026-07-30 12:11:46.454845,W001,40.001509,-105.001173
2026-07-30 12:21:46.454845,W002,40.000967,-105.000868
2026-07-30 12:45:50.201154,W001,40.000823,-105.001269
2026-07-30 12:55:50.201154,W002,40.000924,-105.00113
2026-07-30 13:05:50.201154,W003,39.999976,-105.001696
2026-07-30 13:15:50.201154,W004,40.000058,-105.0004
2026-07-30 13:25:50.201154,W005,40.000868,-105.000606
2026-07-30 13:46:11.831299,W002,40.000633,-105.00023
2026-07-30 13:56:11.831299,W003,40.000491,-105.001009
2026-07-30 14:06:11.831299,W004,40.000988,-105.000337
2026-07-30 14:16:11.831299,W005,40.000731,-105.001958
2026-07-30 14:26:11.831299,W006,40.000841,-105.000051
2026-07-30 14:36:11.831299,W001,40.000917,-105.000881
2026-07-30 14:46:11.831299,W002,40.001073,-105.000949
2026-07-30 14:56:11.831299,W003,40.001094,-105.0009
