task_id,is_afternoon_slowdown,is_legitimate_idle_dominant,is_degrading_machine_task,is_inefficient_operator_task,is_seatbelt_habit_operator_task,has_near_miss
T001,False,True,False,False,False,False
T002,False,True,False,False,False,False
T003,False,True,False,False,False,False
T004,False,True,False,False,False,False
T005,False,True,False,True,False,False
T006,False,True,True,False,False,False
T007,False,True,True,True,False,False
T008,False,True,True,True,False,False
T009,False,True,True,False,False,False
T010,False,True,False,False,False,False
T011,False,False,False,False,True,False
T012,False,True,False,False,False,False
T013,False,True,False,False,False,False
T014,False,True,False,True,False,False
T015,False,True,False,True,False,False
T016,False,True,False,False,False,False
T017,False,True,False,True,False,False
T018,False,True,False,False,False,False
T019,False,True,False,True,False,False
T020,False,True,False,False,False,False
T021,False,True,False,False,False,False
T022,False,True,False,False,False,False
T023,False,True,False,False,False,False
T024,False,True,False,True,False,False
T025,False,True,False,False,False,True
T026,False,False,False,False,False,False
T027,False,True,False,True,False,False
T028,False,True,False,False,False,False
T029,False,True,False,False,False,False
T030,False,False,False,False,True,False
T031,False,True,False,False,False,False
T032,False,True,False,False,False,False
T033,False,True,False,False,False,False
T034,False,True,False,False,False,False
T035,False,True,False,False,False,False
T036,False,True,False,False,False,False
T037,False,True,False,True,False,False
T038,False,True,False,False,False,False
T039,False,True,False,True,False,False
T040,False,True,False,False,False,False
T041,False,True,False,False,False,False
T042,False,True,False,False,False,False
T043,False,True,False,False,False,True
T044,False,True,False,False,False,False
T045,False,True,False,False,False,False
T046,False,True,False,False,False,False
T047,True,True,False,False,False,False
T048,False,True,False,False,False,False
T049,False,True,False,False,False,False
T050,False,True,False,False,False,False
T051,False,True,False,False,False,False
T052,False,True,False,False,False,False
T053,False,True,True,False,False,False
T054,False,True,True,False,False,False
T055,False,True,True,False,False,False
T056,False,True,True,False,False,False
T057,False,True,True,True,False,False
T058,False,True,True,False,False,False
T059,False,True,False,False,False,False
T060,False,True,False,False,False,False
T061,False,True,False,False,False,False
T062,False,True,False,False,False,False
T063,False,False,False,False,True,False
T064,False,True,False,False,False,False
T065,False,True,False,True,False,False
T066,False,True,False,False,False,False
T067,False,True,False,False,True,False
T068,False,True,False,False,False,False
T069,False,True,False,False,False,False
T070,True,True,False,False,False,False
T071,True,True,False,False,False,False
T072,False,True,False,False,False,False
T073,False,False,False,False,True,False
T074,False,False,False,False,False,False
T075,False,False,False,False,True,False
T076,False,True,False,False,False,False
T077,False,True,False,True,False,False
T078,False,True,False,False,False,False
T079,False,True,False,False,False,False
T080,False,True,False,False,False,False
T081,False,True,False,False,False,False
T082,False,True,False,False,False,False
T083,False,True,False,False,False,False
T084,False,True,False,False,False,False
T085,True,True,False,False,False,False
T086,True,True,False,False,False,False
T087,False,True,False,False,False,False
T088,False,True,False,False,False,False
T089,False,True,False,False,False,False
T090,False,True,False,False,False,False
T091,False,True,False,False,True,False
T092,False,True,False,False,False,False
T093,False,True,False,False,False,False
T094,True,True,False,False,False,False
T095,False,True,False,False,False,False
T096,False,False,False,False,True,False
T097,False,True,False,False,False,False
T098,False,True,False,False,False,True
T099,False,True,False,False,False,False
T100,False,True,False,False,False,False
T101,False,True,False,False,False,False
T102,False,True,False,False,False,False
T103,False,True,False,False,False,False
T104,False,True,False,False,False,False
T105,False,True,True,False,False,False
T106,False,True,True,False,False,False
T107,False,True,True,True,False,True
T108,False,True,True,False,False,False
T109,False,True,True,False,False,False
T110,False,True,True,False,False,False
T111,False,True,False,False,False,False
T112,False,True,False,False,False,False
T113,False,True,False,False,False,False
T114,False,True,False,False,False,False
T115,False,True,False,False,False,False
T116,False,True,False,False,False,False
T117,False,True,False,False,False,False
T118,False,True,False,False,False,False
T119,False,True,False,False,False,False
T120,False,True,False,False,False,False
T121,False,True,False,False,False,False
T122,False,True,False,False,False,False
T123,False,True,False,False,True,False
T124,False,True,False,False,True,False
T125,False,True,False,False,False,False
T126,False,True,False,False,False,False
T127,False,False,False,False,False,False
T128,False,True,False,True,False,False
T129,False,True,False,False,False,False
T130,False,True,False,False,False,False
T131,False,True,False,False,False,False
T132,False,True,False,False,False,True
T133,False,True,False,False,False,False
T134,False,True,False,True,False,False
T135,False,True,False,False,False,False
T136,False,True,False,False,False,False
T137,False,True,False,False,False,False
T138,False,True,False,True,False,False
T139,False,True,False,False,False,False
T140,True,True,False,False,False,False
T141,False,True,False,False,False,True
T142,False,True,False,False,False,False
T143,False,True,False,False,False,False
T144,False,True,False,False,False,False
T145,False,True,False,True,False,False
T146,False,True,False,False,False,False
T147,False,True,False,False,False,False
T148,False,True,False,False,False,False
T149,False,True,False,False,False,False
T150,False,True,False,False,False,False
T151,False,True,False,False,False,False
T152,True,True,False,False,False,False
T153,False,True,True,False,False,False
T154,False,True,True,False,False,False
T155,False,True,True,False,False,False
T156,False,True,True,False,False,False
T157,False,True,True,False,False,False
T158,False,True,False,False,False,False
T159,False,True,False,False,False,False
T160,False,True,False,False,False,False
T161,False,True,False,False,False,False
T162,False,True,False,False,False,True
T163,False,True,False,False,False,False
T164,False,True,False,False,False,False
T165,False,True,False,False,False,True
T166,False,True,False,False,False,False
T167,False,True,False,False,False,False
T168,False,True,False,False,False,False
T169,False,True,False,False,False,False
T170,False,True,False,False,False,False
T171,False,False,False,False,False,False
T172,False,True,False,False,False,False
T173,False,True,False,False,False,False
T174,False,True,False,False,False,False
T175,False,True,False,False,False,False
T176,False,True,False,False,False,False
T177,False,True,False,False,False,False
T178,False,False,False,False,False,False
T179,False,True,False,False,False,False
T180,False,True,False,False,False,False
T181,False,True,False,False,False,False
T182,False,True,False,False,True,False
T183,False,True,False,False,False,False
T184,False,True,False,False,False,False
T185,False,True,False,False,False,False
T186,False,False,False,False,False,False
T187,False,True,False,False,False,False
T188,False,True,False,False,False,False
T189,False,True,False,False,False,False
T190,False,True,False,False,False,False
T191,False,True,False,False,False,True
T192,False,True,False,False,False,False
T193,False,True,False,True,False,False
T194,False,True,False,False,False,False
T195,False,True,False,False,False,False
T196,False,True,False,False,False,False
T197,False,True,False,False,False,False
T198,False,True,True,False,False,False
T199,False,True,True,False,False,False
T200,False,True,True,False,False,False
T201,False,True,True,False,False,False
T202,False,True,True,True,False,False
T203,False,True,True,False,False,False
T204,False,True,True,False,False,False
T205,True,True,True,False,False,False
T206,False,True,False,False,False,False
T207,False,True,False,False,False,False
T208,False,True,False,False,False,False
T209,False,False,False,False,True,False
T210,False,True,False,False,False,False
T211,False,True,False,False,False,False
T212,False,True,False,False,False,False
T213,False,True,False,False,False,False
T214,False,False,False,False,True,False
T215,False,True,False,True,False,False
T216,False,True,False,False,False,False
T217,False,True,False,False,False,False
T218,False,True,False,False,False,True
T219,False,True,False,False,False,False
T220,False,False,False,False,False,False
T221,False,True,False,False,False,False
T222,False,True,False,False,False,False
T223,False,True,False,False,False,False
T224,False,True,False,False,False,True
T225,False,False,False,False,False,False
T226,False,False,False,False,True,False
T227,False,True,False,False,False,False
T228,True,True,False,False,False,False
T229,False,False,False,False,True,False
T230,False,True,False,False,True,False
T231,False,True,False,False,False,False
T232,False,True,False,False,False,False
T233,False,True,False,False,False,False
T234,False,True,False,False,False,False
T235,False,True,False,False,False,False
T236,False,True,False,False,False,False
T237,False,True,False,False,False,False
T238,False,True,False,False,False,False
T239,False,True,False,False,False,False
T240,False,True,False,False,False,False
T241,False,True,False,False,False,False
T242,False,True,False,False,False,False
T243,False,True,False,False,False,False
T244,False,True,False,False,False,False
T245,False,True,False,False,False,False
T246,False,True,False,False,False,False
T247,False,True,False,False,False,False
T248,True,True,False,False,False,False
T249,False,True,True,False,False,False
T250,False,True,True,False,False,False
T251,False,True,True,False,False,True
T252,False,True,True,False,False,False
T253,False,True,False,False,False,False
T254,False,False,False,False,False,False
T255,False,True,False,False,False,False
T256,False,True,False,False,False,False
T257,False,True,False,False,False,False
T258,False,True,False,False,False,False
T259,False,True,False,False,False,False
T260,False,True,False,False,False,False
T261,False,True,False,False,False,False
T262,False,True,False,False,False,False
T263,False,True,False,False,False,False
T264,False,True,False,True,False,False
T265,False,True,False,True,False,False
T266,False,True,False,False,False,False
T267,False,True,False,True,False,False
T268,False,True,False,False,False,False
T269,False,True,False,False,False,False
T270,False,True,False,False,False,False
T271,False,True,False,False,False,False
T272,False,True,False,False,False,False
T273,False,True,False,False,False,False
T274,True,False,False,False,False,False
T275,False,True,False,False,False,False
T276,False,True,False,False,False,False
T277,False,True,False,False,False,False
T278,False,True,False,False,False,False
T279,False,False,False,False,True,True
T280,False,True,False,False,True,False
T281,True,True,False,False,False,False
T282,True,False,False,False,False,False
T283,False,True,False,False,False,False
T284,False,True,False,False,False,False
T285,False,True,False,False,False,False
T286,False,True,False,False,False,False
T287,False,True,False,False,False,False
T288,False,True,False,False,False,False
T289,False,True,False,False,False,False
T290,False,True,False,False,False,False
T291,False,True,False,False,False,False
T292,False,True,False,False,False,False
T293,False,True,False,False,False,False
T294,False,True,False,False,False,False
T295,False,True,False,False,False,False
T296,False,True,False,False,False,False
T297,False,True,False,False,False,False
T298,False,True,False,False,False,True
T299,False,True,False,False,False,False
T300,False,True,False,False,False,False
T301,True,True,False,False,False,False
T302,False,True,True,False,False,False
T303,False,True,True,False,False,False
T304,False,True,True,False,False,False
T305,False,True,True,True,False,False
T306,False,True,True,False,False,False
T307,False,False,False,False,True,True
T308,False,False,False,False,False,False
T309,False,True,False,False,False,False
T310,False,True,False,False,False,False
T311,False,True,False,False,False,False
T312,False,True,False,False,False,False
T313,False,True,False,False,False,False
T314,False,True,False,False,False,True
T315,False,True,False,False,False,False
T316,False,True,False,False,False,False
T317,False,True,False,False,False,False
T318,False,True,False,False,False,False
T319,False,False,False,False,False,False
T320,False,True,False,False,False,False
T321,False,True,False,False,False,False
T322,True,True,False,False,False,False
T323,False,True,False,False,False,False
T324,False,True,False,False,False,False
T325,False,True,False,False,False,False
T326,False,True,False,False,False,False
T327,False,True,False,False,False,False
T328,False,True,False,False,False,False
T329,False,True,False,False,False,False
T330,False,True,False,False,False,False
T331,False,True,False,False,False,False
T332,False,True,False,False,False,True
T333,False,True,False,False,False,False
T334,False,True,False,False,False,False
T335,False,True,False,False,False,False
T336,False,True,False,False,False,False
T337,False,True,False,False,False,True
T338,False,True,False,False,False,False
T339,False,True,False,False,False,False
T340,False,True,False,False,False,False
T341,False,True,False,False,False,False
T342,False,False,False,False,True,False
T343,False,True,False,False,False,False
T344,False,True,False,False,False,False
T345,False,True,True,False,False,False
T346,False,False,True,False,True,False
T347,False,True,True,False,False,False
T348,False,True,True,False,False,False
T349,False,True,True,False,False,False
T350,False,True,True,False,False,False
T351,False,True,False,False,False,False
T352,False,True,False,False,False,False
T353,False,True,False,False,False,False
T354,False,True,False,False,False,True
T355,False,True,False,False,False,False
T356,False,True,False,False,False,False
T357,False,True,False,False,False,False
T358,False,False,False,False,True,False
T359,False,True,False,False,False,False
T360,False,True,False,True,False,False
T361,False,True,False,False,False,False
T362,False,True,False,False,False,False
T363,False,True,False,False,False,False
T364,True,True,False,False,False,False
T365,True,True,False,False,False,False
T366,False,True,False,False,False,False
T367,False,True,False,False,False,False
T368,False,True,False,True,False,False
T369,False,True,False,False,False,False
T370,False,True,False,False,False,False
T371,False,True,False,True,False,False
T372,False,True,False,False,False,False
T373,False,True,False,False,False,False
T374,False,True,False,False,False,False
T375,False,True,False,True,False,False
T376,False,True,False,False,False,False
T377,False,True,False,False,False,False
T378,False,True,False,False,False,True
T379,False,True,False,True,False,False
T380,False,True,False,False,False,False
T381,False,True,False,False,False,False
T382,False,True,False,False,False,False
T383,False,True,False,False,False,False
T384,False,True,False,False,False,False
T385,False,True,False,False,False,False
T386,False,True,False,False,False,False
T387,False,True,False,False,False,False
T388,False,True,False,False,False,False
T389,False,True,False,False,False,False
T390,False,True,False,False,False,False
T391,False,True,False,False,False,False
T392,False,True,False,False,False,False
T393,False,True,False,True,False,True
T394,False,True,False,False,False,False
T395,False,True,False,False,False,False
T396,False,True,False,False,False,False
T397,False,False,True,False,False,False
T398,False,True,True,False,False,False
T399,False,True,True,False,False,False
T400,False,True,True,False,False,False
T401,False,True,True,False,False,False
T402,False,True,True,False,False,False
T403,False,False,True,False,False,False
T404,False,True,True,False,False,False
T405,False,True,False,False,False,False
T406,False,True,False,False,False,False
T407,False,True,False,False,False,False
T408,False,True,False,False,False,False
T409,False,True,False,False,False,False
T410,False,True,False,False,False,False
T411,True,True,False,False,False,False
T412,False,True,False,False,False,False
T413,False,False,False,False,False,False
T414,False,True,False,False,False,False
T415,False,True,False,False,False,False
T416,False,True,False,False,False,False
T417,False,True,False,False,False,False
T418,False,True,False,True,False,False
T419,False,True,False,False,False,False
T420,False,True,False,False,False,False
T421,False,True,False,False,False,False
T422,False,True,False,False,False,False
T423,False,True,False,False,False,False
T424,False,True,False,False,False,False
T425,False,True,False,False,False,False
T426,False,False,False,False,False,False
T427,False,True,False,False,False,False
T428,False,False,False,False,True,False
T429,False,True,False,False,False,False
T430,False,True,False,False,False,False
T431,False,True,False,False,False,False
T432,False,True,False,False,False,False
T433,False,True,False,False,True,False
T434,False,True,False,False,False,False
T435,False,True,False,False,False,False
T436,False,True,False,True,False,False
T437,False,True,False,False,False,False
T438,False,True,False,False,False,False
T439,False,True,False,False,False,False
T440,False,True,True,False,False,True
T441,False,True,True,False,False,False
T442,False,True,True,True,False,False
T443,False,True,True,False,False,False
T444,False,True,True,False,False,False
T445,False,True,True,False,False,False
T446,False,True,True,False,False,False
T447,True,True,True,True,False,False
T448,False,True,False,False,False,False
T449,False,True,False,False,False,False
T450,False,True,False,False,False,False
T451,False,True,False,False,False,False
T452,False,True,False,True,False,False
T453,False,True,False,False,False,False
T454,False,True,False,False,False,False
T455,False,True,False,False,False,False
T456,False,True,False,False,False,False
T457,False,True,False,False,False,True
T458,False,True,False,False,False,False
T459,False,True,False,False,False,False
T460,False,False,False,False,True,False
T461,False,True,False,False,False,False
T462,False,True,False,False,False,False
T463,False,True,False,False,False,False
T464,True,True,False,False,False,False
T465,False,True,False,False,False,False
T466,False,True,False,False,False,False
T467,False,False,False,False,True,False
T468,False,True,False,False,False,False
T469,False,True,False,False,False,False
T470,False,True,False,False,False,False
T471,False,True,False,False,False,False
T472,False,True,False,False,False,False
T473,False,True,False,False,False,False
T474,False,True,False,False,False,False
T475,False,True,False,False,False,False
T476,False,False,False,False,False,False
T477,False,True,False,False,False,False
T478,False,True,False,False,False,False
T479,False,False,False,False,True,False
T480,False,True,False,False,False,False
T481,False,False,False,False,False,False
T482,False,True,False,False,False,False
T483,False,True,False,False,False,False
T484,False,True,False,False,False,False
T485,False,True,True,False,False,False
T486,False,True,True,True,False,False
T487,False,True,True,False,False,True
T488,False,True,True,False,False,False
T489,False,True,True,False,False,True
T490,False,True,False,False,False,False
T491,False,False,False,False,False,False
T492,False,True,False,False,False,False
T493,False,True,False,True,False,False
T494,False,True,False,False,False,False
T495,False,True,False,False,False,False
T496,True,True,False,False,False,False
T497,False,True,False,False,False,False
T498,False,True,False,False,False,False
T499,False,True,False,False,False,True
T500,False,True,False,False,False,False
T501,False,True,False,False,False,False
T502,False,True,False,False,False,False
T503,False,False,False,False,True,False
T504,False,True,False,False,False,False
T505,False,True,False,False,False,False
T506,False,True,False,False,False,False
T507,False,True,False,False,False,False
T508,True,True,False,False,False,False
T509,False,True,False,False,False,True
T510,False,True,False,False,False,False
T511,False,True,False,False,False,False
T512,False,True,False,False,False,False
T513,False,True,False,False,False,False
T514,False,True,False,False,False,False
T515,False,True,False,False,False,True
T516,False,True,False,False,False,False
T517,False,True,False,False,False,False
T518,False,True,False,False,False,False
T519,False,True,False,True,False,False
T520,False,True,False,False,False,False
T521,False,True,False,False,False,False
T522,False,True,False,False,False,False
T523,False,True,False,False,False,False
T524,False,True,False,False,False,False
T525,False,True,False,True,False,False
T526,False,True,False,False,False,False
T527,False,True,False,False,False,False
T528,False,True,False,False,False,False
T529,False,True,False,False,False,False
T530,False,True,False,False,False,False
T531,False,True,True,False,False,False
T532,False,True,True,False,False,False
T533,False,True,True,False,False,False
T534,False,True,True,False,False,False
T535,True,True,True,False,False,False
T536,True,False,True,False,False,False
T537,False,True,False,False,False,False
T538,False,True,False,False,False,False
T539,False,True,False,False,False,False
T540,False,True,False,False,False,False
T541,False,True,False,False,False,False
T542,False,False,False,False,True,True
T543,False,True,False,False,False,False
T544,False,True,False,False,False,False
T545,False,True,False,False,False,False
T546,False,True,False,False,False,False
T547,False,True,False,False,False,False
T548,False,True,False,True,False,False
T549,False,True,False,False,False,False
T550,False,True,False,False,False,False
T551,False,True,False,False,False,False
T552,False,True,False,False,False,False
T553,False,False,False,False,False,True
T554,False,True,False,False,False,False
T555,False,True,False,False,False,False
T556,False,True,False,False,False,False
T557,False,True,False,False,False,False
T558,False,False,False,False,False,False
T559,False,True,False,False,False,False
T560,False,True,False,False,False,False
T561,False,True,False,True,False,False
T562,False,True,False,False,False,False
T563,False,True,False,False,False,False
T564,False,True,False,False,False,False
T565,False,True,False,False,False,False
T566,False,True,False,False,False,False
T567,False,False,False,False,True,False
T568,False,True,False,False,False,False
T569,True,True,False,False,False,False
T570,False,True,False,False,False,False
T571,False,True,False,False,False,False
T572,False,False,False,False,False,False
T573,False,True,False,False,False,False
T574,False,True,False,False,False,True
T575,False,True,True,False,False,False
T576,False,True,True,False,False,True
T577,False,True,True,False,False,False
T578,False,True,True,False,False,False
T579,False,True,True,False,False,True
T580,False,True,True,False,False,False
T581,True,True,True,False,False,False
T582,False,True,False,False,False,False
T583,False,True,False,False,False,False
T584,False,True,False,False,False,True
T585,False,True,False,False,False,False
T586,False,True,False,False,False,False
T587,False,True,False,False,False,False
T588,False,True,False,False,False,False
T589,False,True,False,False,False,False
T590,False,True,False,False,False,False
T591,False,True,False,False,False,True
T592,False,True,False,False,False,False
T593,False,True,False,True,False,True
T594,False,True,False,False,False,False
T595,False,True,False,False,False,False
T596,False,True,False,False,False,False
T597,False,True,False,False,False,False
T598,False,True,False,False,False,False
T599,False,True,False,False,False,False
T600,False,True,False,False,False,False
T601,False,True,False,False,False,False
T602,False,True,False,False,False,False
T603,False,True,False,False,False,False
T604,False,True,False,True,False,False
T605,False,True,False,False,False,False
T606,False,True,False,False,False,False
T607,False,True,False,False,False,False
T608,False,True,False,False,False,False
T609,False,True,False,False,False,False
T610,False,True,False,False,False,False
T611,False,True,False,False,False,False
T612,False,True,False,False,False,False
T613,False,True,False,False,False,False
T614,False,True,False,False,False,False
T615,False,True,False,False,False,False
T616,False,True,False,False,False,False
T617,False,True,False,False,False,False
T618,False,True,True,False,False,False
T619,False,True,True,False,False,False
T620,False,True,True,False,False,False
T621,False,True,True,False,False,False
T622,False,True,False,False,False,False
T623,False,True,False,False,False,False
T624,False,True,False,True,False,True
T625,False,True,False,False,False,False
T626,False,True,False,False,False,False
T627,False,True,False,False,False,False
T628,True,True,False,False,False,False
T629,False,True,False,False,False,False
T630,False,True,False,False,False,False
T631,False,True,False,False,True,False
T632,False,True,False,True,False,False
T633,False,True,False,False,False,False
T634,True,True,False,False,False,False
T635,False,True,False,True,False,False
T636,False,True,False,False,False,False
T637,False,False,False,False,False,False
T638,False,False,False,False,False,False
T639,False,True,False,False,False,False
T640,False,True,False,False,False,False
T641,False,True,False,False,False,False
T642,False,True,False,False,False,False
T643,False,True,False,False,False,False
T644,False,True,False,True,False,False
T645,False,True,False,False,False,False
T646,False,True,False,False,False,True
T647,False,True,False,True,False,False
T648,False,True,False,False,False,False
T649,False,True,False,False,False,False
T650,False,False,False,False,True,False
T651,False,True,False,False,False,False
T652,False,True,False,False,False,False
T653,False,True,False,False,False,False
T654,False,True,False,False,False,False
T655,False,False,False,False,False,False
T656,False,True,False,False,False,False
T657,False,True,False,False,False,False
T658,False,True,False,False,False,False
T659,False,True,False,False,False,False
T660,False,True,False,False,False,False
T661,False,True,False,False,False,False
T662,False,True,False,False,False,False
T663,False,True,True,False,False,False
T664,False,True,True,False,False,True
T665,False,True,True,False,False,False
T666,False,True,True,False,False,False
T667,False,True,True,False,False,False
T668,False,True,False,False,False,False
T669,False,True,False,False,False,False
T670,False,True,False,False,False,False
T671,False,False,False,False,True,True
T672,False,True,False,False,False,False
T673,False,True,False,False,False,False
T674,False,True,False,False,True,False
T675,False,True,False,False,False,False
T676,False,True,False,False,False,False
T677,False,True,False,False,False,False
T678,True,True,False,False,False,False
T679,False,True,False,False,False,False
T680,False,True,False,False,False,False
T681,False,True,False,False,False,False
T682,False,True,False,False,False,False
T683,False,True,False,False,False,False
T684,False,True,False,False,False,False
T685,False,True,False,False,False,False
T686,False,True,False,False,False,True
T687,False,True,False,False,False,False
T688,False,True,False,False,False,True
T689,False,False,False,False,True,False
T690,False,True,False,False,False,False
T691,False,True,False,False,False,False
T692,False,True,False,False,False,False
T693,False,True,False,False,False,False
T694,False,False,False,False,True,False
T695,False,True,False,False,False,False
T696,False,True,False,False,False,False
T697,False,True,False,False,False,False
T698,False,True,False,False,False,False
T699,False,True,False,False,False,False
T700,False,True,False,False,False,False
T701,False,False,False,False,False,False
T702,False,True,False,False,False,True
T703,False,True,False,False,False,False
T704,False,True,False,False,False,True
T705,False,True,True,False,False,False
T706,False,True,True,False,False,False
T707,False,True,True,False,False,False
T708,False,True,True,False,False,False
T709,False,True,False,False,False,False
T710,False,True,False,False,False,False
T711,False,True,False,False,False,False
T712,False,True,False,False,False,False
T713,False,True,False,False,False,False
T714,False,True,False,False,False,False
T715,False,True,False,False,False,False
T716,False,False,False,False,True,False
T717,False,True,False,False,False,False
T718,False,True,False,False,False,False
T719,False,True,False,False,False,False
T720,False,True,False,False,False,False
T721,False,True,False,False,False,False
T722,False,True,False,False,False,False
T723,False,True,False,False,False,False
T724,False,True,False,False,False,False
T725,False,True,False,False,False,False
T726,False,True,False,False,False,False
T727,False,True,False,False,False,False
T728,False,True,False,False,False,False
T729,False,True,False,True,False,False
T730,False,True,False,False,False,False
T731,False,True,False,False,False,False
T732,False,True,False,False,False,False
T733,False,True,False,False,False,False
T734,False,True,False,False,False,False
T735,False,True,False,False,False,False
T736,False,True,False,False,False,False
T737,False,True,False,True,False,False
T738,False,True,False,False,False,False
T739,False,True,False,False,False,False
T740,False,True,False,False,False,False
T741,False,True,False,False,False,False
T742,False,True,False,False,False,False
T743,False,True,False,False,False,False
T744,False,True,False,False,False,False
T745,False,True,False,False,False,True
T746,False,True,False,False,False,False
T747,False,True,False,False,False,False
T748,False,True,False,False,False,True
T749,False,True,False,False,False,False
T750,False,True,False,False,False,False
T751,False,True,False,False,False,False
T752,False,True,True,False,False,False
T753,False,True,True,False,False,False
T754,False,True,True,False,False,False
T755,False,True,True,False,False,False
T756,False,True,False,False,False,False
T757,False,False,False,False,False,False
T758,False,True,False,False,False,False
T759,False,True,False,False,False,False
T760,False,True,False,False,False,False
T761,False,True,False,False,False,False
T762,False,True,False,False,False,False
T763,False,False,False,False,False,False
T764,False,True,False,False,False,False
T765,False,True,False,False,False,False
T766,False,True,False,False,False,False
T767,False,True,False,False,False,False
T768,False,True,False,False,False,False
T769,False,True,False,False,False,False
T770,False,True,False,False,False,False
T771,False,True,False,False,False,False
T772,False,True,False,False,False,False
T773,True,True,False,False,False,False
T774,False,True,False,False,False,False
T775,False,True,False,False,False,False
T776,False,True,False,False,False,False
T777,False,True,False,False,False,False
T778,False,False,False,True,False,False
T779,True,True,False,False,False,False
T780,True,True,False,False,False,False
T781,False,True,False,False,False,False
T782,False,True,False,False,False,False
T783,False,False,False,True,False,False
T784,False,True,False,False,False,False
T785,False,True,False,False,False,False
T786,False,True,False,False,False,False
T787,False,True,False,False,False,False
T788,False,True,False,False,False,False
T789,False,True,False,False,False,False
T790,False,True,False,False,False,False
T791,False,True,False,False,False,False
T792,False,True,False,False,False,False
T793,False,True,False,False,False,False
T794,False,True,False,False,False,False
T795,False,True,False,False,False,False
T796,False,True,False,True,False,False
T797,False,True,True,True,False,False
T798,False,True,True,False,False,False
T799,False,True,True,False,False,False
T800,False,True,True,False,False,False
T801,False,True,True,False,False,True
T802,True,True,True,False,False,False
T803,False,True,False,False,False,False
T804,False,True,False,False,False,False
T805,False,True,False,False,False,False
T806,False,True,False,False,False,False
T807,False,False,False,False,False,True
T808,False,True,False,False,False,False
T809,False,True,False,True,False,True
T810,False,True,False,False,False,True
T811,False,True,False,False,False,False
T812,False,True,False,False,False,False
T813,False,True,False,False,False,False
T814,False,True,False,False,False,True
T815,False,False,False,False,False,False
T816,False,True,False,True,False,False
T817,True,True,False,True,False,False
T818,False,True,False,False,False,False
T819,False,True,False,False,False,False
T820,False,True,False,False,False,False
T821,False,True,False,False,False,False
T822,False,True,False,False,False,False
T823,False,True,False,False,True,False
T824,False,False,False,False,False,False
T825,False,True,False,False,False,False
T826,False,True,False,False,False,False
T827,False,True,False,False,False,False
T828,False,True,False,False,False,False
T829,False,True,False,False,False,False
T830,False,True,False,False,False,False
T831,False,True,False,False,False,False
T832,False,True,False,False,False,False
T833,False,True,False,False,False,False
T834,True,True,False,False,False,True
T835,True,False,False,False,True,False
T836,False,True,False,False,False,False
T837,False,True,False,False,False,False
T838,False,True,False,False,False,False
T839,False,True,False,False,False,False
T840,False,True,False,False,False,False
T841,False,True,False,False,False,False
T842,False,True,False,False,False,False
T843,False,True,False,False,False,False
T844,False,True,False,False,False,True
T845,False,True,False,False,False,False
T846,False,True,False,False,False,True
T847,False,True,False,False,False,False
T848,False,True,True,False,False,False
T849,False,True,True,False,False,False
T850,False,True,True,False,False,True
T851,False,True,True,False,False,True
T852,False,True,False,False,False,True
T853,False,True,False,False,False,False
T854,False,True,False,False,False,False
T855,False,True,False,False,False,False
T856,False,True,False,False,False,False
T857,False,True,False,False,False,False
T858,False,True,False,False,False,False
T859,False,False,False,False,False,False
T860,False,True,False,False,False,False
T861,False,False,False,False,True,False
T862,False,False,False,False,True,False
T863,False,False,False,False,False,False
T864,False,True,False,False,False,False
T865,False,True,False,False,False,False
T866,False,True,False,False,False,False
T867,False,True,False,False,False,False
T868,False,True,False,False,False,False
T869,False,False,False,False,True,False
T870,False,True,False,False,False,False
T871,False,True,False,False,False,False
T872,False,True,False,False,False,False
T873,False,True,False,False,True,True
T874,False,True,False,False,False,False
T875,False,True,False,False,False,False
T876,False,True,False,False,False,False
T877,False,True,False,False,False,False
T878,False,True,False,False,False,False
T879,False,True,False,False,False,False
T880,False,True,False,False,False,False
T881,False,True,False,False,False,False
T882,False,True,False,False,False,False
T883,False,True,False,False,False,True
T884,False,True,False,False,False,False
T885,False,True,False,False,False,False
T886,False,True,False,False,False,False
T887,False,True,False,False,False,False
T888,False,True,False,False,False,False
T889,False,True,False,False,False,False
T890,False,True,False,True,False,True
T891,False,True,False,False,False,False
T892,False,True,False,False,True,False
T893,False,True,False,False,False,False
T894,False,True,False,False,False,False
T895,False,True,True,False,False,False
T896,False,True,True,False,False,False
T897,False,True,True,False,False,False
T898,False,False,True,False,False,False
T899,False,True,True,False,False,False
T900,False,True,True,False,False,False
T901,False,True,False,False,False,False
T902,False,True,False,False,False,False
T903,False,True,False,False,False,False
T904,False,True,False,False,False,False
T905,False,True,False,False,False,False
T906,False,True,False,False,False,False
T907,False,True,False,False,False,False
T908,False,True,False,False,False,False
T909,False,True,False,False,True,False
T910,False,True,False,False,False,True
T911,False,True,False,False,False,False
T912,False,True,False,False,False,False
T913,False,True,False,False,False,False
T914,False,True,False,False,False,False
T915,False,True,False,False,False,False
T916,False,True,False,False,False,False
T917,False,True,False,False,False,False
T918,False,True,False,False,False,False
T919,False,True,False,True,False,False
T920,False,True,False,False,False,False
T921,False,True,False,False,False,False
T922,False,True,False,True,False,False
T923,False,True,False,False,False,False
T924,False,True,False,False,False,False
T925,False,False,False,False,True,False
T926,False,True,False,False,False,False
T927,False,True,False,False,False,False
T928,False,True,False,False,False,False
T929,False,True,False,False,False,False
T930,False,True,False,False,False,False
T931,False,True,False,False,False,False
T932,False,True,False,False,False,False
T933,False,False,False,False,False,False
T934,False,True,False,False,False,False
T935,False,True,False,False,False,True
T936,False,True,False,False,False,False
T937,True,False,False,False,False,True
T938,True,True,False,True,False,False
T939,False,False,False,False,False,False
T940,False,True,False,False,False,False
T941,False,True,False,False,False,False
T942,False,True,False,False,False,False
T943,False,True,False,False,False,False
T944,False,True,True,False,False,False
T945,False,True,True,False,False,False
T946,False,True,True,False,False,False
T947,False,True,True,False,False,False
T948,False,False,False,False,False,False
T949,False,True,False,False,False,False
T950,False,True,False,False,False,False
T951,False,True,False,False,False,False
T952,False,True,False,False,False,False
T953,False,True,False,False,False,False
T954,True,True,False,False,False,False
T955,True,True,False,False,False,False
T956,False,True,False,False,False,False
T957,False,True,False,False,False,False
T958,False,True,False,False,False,False
T959,False,True,False,True,False,False
T960,False,True,False,False,False,False
T961,False,True,False,False,False,False
T962,True,True,False,False,False,False
T963,True,True,False,False,False,False
T964,False,True,False,False,False,False
T965,False,True,False,False,False,False
T966,False,True,False,False,False,False
T967,False,True,False,False,False,False
T968,False,True,False,False,False,False
T969,False,True,False,False,False,False
T970,False,True,False,False,False,False
T971,True,True,False,False,False,False
T972,False,True,False,False,False,False
T973,False,True,False,False,False,False
T974,False,True,False,False,False,False
T975,False,True,False,False,False,False
T976,False,True,False,False,False,False
T977,False,True,False,False,False,False
T978,False,True,False,False,False,False
T979,False,True,False,False,False,False
T980,False,True,False,False,False,False
T981,False,True,False,False,False,False
T982,False,True,False,False,False,False
T983,False,True,False,False,False,False
T984,False,True,False,True,False,False
T985,False,True,False,False,False,False
T986,False,True,False,True,False,False
T987,False,True,False,False,False,False
T988,False,True,False,False,True,False
T989,False,True,False,False,False,False
T990,False,True,False,False,False,False
T991,False,False,False,False,False,False
T992,False,True,False,False,False,False
T993,False,True,False,False,False,False
T994,False,True,False,False,False,False
T995,True,True,False,False,False,False
T996,False,True,True,False,False,False
T997,False,True,True,False,False,True
T998,False,True,True,False,False,False
T999,False,False,True,False,True,False
T1000,False,True,True,False,False,False
T1001,True,True,True,False,False,False
T1002,True,True,True,False,False,False
T1003,False,True,False,False,False,False
T1004,False,False,False,False,False,False
T1005,False,False,False,True,False,False
T1006,False,True,False,False,False,False
T1007,False,True,False,False,False,False
T1008,False,True,False,False,False,True
T1009,True,True,False,False,False,False
T1010,False,True,False,False,False,False
T1011,False,True,False,False,False,False
T1012,False,True,False,False,False,False
T1013,False,True,False,False,False,False
T1014,False,True,False,True,False,False
T1015,False,True,False,False,False,False
T1016,False,True,False,False,False,False
T1017,False,True,False,False,False,False
T1018,False,True,False,False,False,False
T1019,False,True,False,False,True,False
T1020,False,True,False,False,False,False
T1021,False,True,False,False,False,False
T1022,False,True,False,False,False,False
T1023,False,True,False,False,False,False
T1024,False,True,False,False,False,False
T1025,False,True,False,False,False,False
T1026,False,True,False,False,False,False
T1027,False,True,False,False,False,True
T1028,False,True,False,False,False,False
T1029,False,True,False,False,False,False
T1030,False,True,False,False,False,False
T1031,False,True,False,False,False,False
T1032,False,True,False,False,False,False
T1033,False,True,False,False,False,False
T1034,False,True,False,False,False,False
T1035,False,True,False,False,False,False
T1036,False,True,False,False,False,False
T1037,False,True,False,False,False,False
T1038,False,True,False,False,False,False
T1039,False,True,False,False,False,False
T1040,False,True,True,False,False,False
T1041,False,True,True,False,False,False
T1042,False,True,True,False,False,False
T1043,False,True,True,False,False,False
T1044,True,True,True,False,False,True
T1045,False,True,False,False,False,False
T1046,False,True,False,False,False,False
T1047,False,True,False,False,False,False
T1048,False,True,False,False,False,False
T1049,False,True,False,False,False,False
T1050,False,True,False,False,False,False
T1051,True,True,False,False,False,False
T1052,False,True,False,False,False,False
T1053,False,True,False,True,False,False
T1054,False,True,False,False,False,True
T1055,False,True,False,False,False,False
T1056,False,True,False,False,False,False
T1057,False,True,False,False,False,False
T1058,False,True,False,False,False,False
T1059,False,False,False,False,True,False
T1060,False,True,False,True,False,False
T1061,False,True,False,False,False,False
T1062,False,True,False,False,False,False
T1063,False,True,False,False,False,False
T1064,False,True,False,False,False,False
T1065,False,True,False,False,False,False
T1066,False,True,False,False,True,False
T1067,True,True,False,False,False,False
T1068,False,True,False,False,False,False
T1069,False,True,False,True,False,False
T1070,False,True,False,False,False,False
T1071,False,True,False,False,False,False
T1072,False,True,False,False,False,False
T1073,False,True,False,False,False,True
T1074,False,True,False,False,False,False
T1075,False,True,False,False,False,False
T1076,False,True,False,False,False,False
T1077,False,True,False,False,False,False
T1078,False,True,False,False,False,False
T1079,False,True,False,True,False,False
T1080,False,True,False,False,False,False
T1081,False,True,False,False,False,False
T1082,False,True,False,False,False,False
T1083,False,True,False,False,False,False
T1084,False,True,False,False,False,False
T1085,False,True,False,False,False,False
T1086,True,True,False,False,False,False
T1087,False,True,True,False,False,False
T1088,False,True,True,False,False,False
T1089,False,True,True,False,False,False
T1090,False,True,True,False,False,True
T1091,False,True,True,False,False,False
T1092,False,True,False,False,False,False
T1093,False,True,False,False,False,False
T1094,False,True,False,False,False,False
T1095,False,True,False,False,False,False
T1096,False,True,False,False,False,False
T1097,False,True,False,False,False,False
T1098,False,True,False,False,False,True
T1099,False,True,False,True,False,False
T1100,False,True,False,False,False,False
T1101,False,True,False,True,False,False
T1102,False,True,False,False,False,False
T1103,False,True,False,False,False,True
T1104,True,True,False,False,False,False
T1105,True,True,False,False,False,False
T1106,False,True,False,False,False,False
T1107,False,True,False,False,False,False
T1108,False,True,False,False,False,False
T1109,False,True,False,False,False,False
T1110,False,True,False,False,False,False
T1111,False,True,False,False,False,False
T1112,True,True,False,False,False,False
T1113,False,True,False,False,False,False
T1114,False,True,False,False,False,False
T1115,False,True,False,False,False,False
T1116,False,True,False,False,False,True
T1117,False,True,False,False,False,False
T1118,False,True,False,False,False,False
T1119,False,True,False,False,False,False
T1120,False,True,False,False,False,False
T1121,False,True,False,False,False,False
T1122,False,True,False,False,False,False
T1123,False,True,False,False,False,False
T1124,False,True,False,False,False,False
T1125,False,True,False,False,False,False
T1126,False,False,False,False,False,False
T1127,False,True,False,False,False,False
T1128,False,True,False,False,False,False
T1129,False,True,False,False,False,False
T1130,False,True,False,False,False,False
T1131,False,True,False,False,False,False
T1132,False,True,False,False,False,False
T1133,False,True,False,False,False,False
T1134,False,True,False,False,False,False
T1135,False,True,False,False,False,False
T1136,False,True,True,False,False,False
T1137,False,True,True,False,False,False
T1138,False,True,True,False,False,False
T1139,False,True,True,False,False,False
T1140,False,True,False,False,False,True
T1141,False,True,False,False,False,False
T1142,False,True,False,False,False,False
T1143,False,True,False,False,False,False
T1144,False,True,False,False,False,False
T1145,False,True,False,False,False,False
T1146,False,True,False,False,False,False
T1147,False,True,False,False,False,True
T1148,False,True,False,False,False,False
T1149,False,False,False,False,True,False
T1150,True,True,False,False,False,False
T1151,False,True,False,False,False,True
T1152,False,True,False,False,False,False
T1153,False,True,False,False,False,False
T1154,False,True,False,False,False,False
T1155,False,True,False,False,False,False
T1156,False,True,False,False,False,False
T1157,False,True,False,False,False,False
T1158,False,False,False,False,True,False
T1159,True,True,False,False,False,False
T1160,False,True,False,False,False,False
T1161,False,True,False,False,False,False
T1162,False,True,False,False,False,False
T1163,False,True,False,False,False,False
T1164,False,True,False,False,False,False
T1165,False,True,False,False,False,False
T1166,False,True,False,False,False,False
T1167,False,True,False,False,False,False
T1168,False,True,False,False,False,False
T1169,False,True,False,False,False,False
T1170,False,True,False,False,False,False
T1171,False,True,False,False,False,False
T1172,False,True,False,False,False,False
T1173,False,True,False,False,False,False
T1174,False,True,False,False,False,False
T1175,False,True,False,False,False,False
T1176,False,True,False,False,False,False
T1177,False,True,False,False,False,False
T1178,False,True,False,False,False,False
T1179,False,True,False,False,False,True
T1180,True,True,False,False,False,False
T1181,False,True,False,False,False,False
T1182,False,True,True,False,False,False
T1183,False,False,True,False,True,False
T1184,False,True,True,False,False,True
T1185,False,True,True,False,False,False
T1186,False,True,True,False,False,False
T1187,False,True,True,False,False,False
T1188,True,False,True,False,True,False
T1189,True,True,True,False,False,False
T1190,False,True,False,False,False,False
T1191,False,True,False,False,False,False
T1192,False,True,False,False,False,False
T1193,False,True,False,False,False,False
T1194,False,True,False,False,False,False
T1195,False,True,False,False,False,False
T1196,False,True,False,False,False,False
T1197,False,True,False,False,False,False
T1198,False,True,False,False,False,False
T1199,False,True,False,False,False,False
T1200,False,True,False,False,False,False
T1201,False,True,False,False,False,False
T1202,False,True,False,False,False,False
T1203,False,True,False,False,False,False
T1204,True,True,False,False,False,False
T1205,False,True,False,False,False,False
T1206,False,True,False,False,False,False
T1207,False,True,False,False,False,False
T1208,False,True,False,False,False,False
T1209,False,True,False,False,False,False
T1210,False,True,False,False,False,False
T1211,False,False,False,False,True,False
T1212,False,False,False,False,False,True
T1213,False,True,False,False,False,True
T1214,False,True,False,False,False,False
T1215,False,True,False,False,False,False
T1216,False,True,False,False,False,False
T1217,False,True,False,False,False,False
T1218,False,True,False,False,False,False
T1219,False,False,False,False,False,False
T1220,False,True,False,False,False,False
T1221,False,True,False,False,False,False
T1222,False,True,False,False,False,False
T1223,True,True,False,False,False,False
T1224,True,True,False,False,False,True
T1225,True,True,False,False,False,False
T1226,False,True,False,False,False,False
T1227,False,True,False,False,False,False
T1228,False,True,False,False,False,False
T1229,False,True,False,False,False,False
T1230,False,True,False,False,False,False
T1231,False,True,False,False,False,False
T1232,False,True,False,False,False,False
T1233,False,True,False,False,False,False
T1234,False,True,False,False,False,False
T1235,False,True,False,False,False,False
T1236,False,True,False,False,False,False
T1237,False,False,False,False,False,False
T1238,False,True,False,False,False,False
T1239,False,False,True,False,True,False
T1240,False,True,True,False,False,False
T1241,False,True,True,False,False,True
T1242,False,True,True,False,False,False
T1243,False,True,True,False,False,False
T1244,True,True,True,False,False,False
T1245,True,False,True,False,False,False
T1246,False,True,False,False,False,False
T1247,False,True,False,False,True,True
T1248,False,True,False,False,False,False
T1249,False,True,False,False,False,False
T1250,False,True,False,False,False,False
T1251,False,True,False,False,False,False
T1252,False,False,False,False,True,False
T1253,False,True,False,False,False,False
T1254,False,True,False,False,False,False
T1255,False,True,False,False,False,False
T1256,False,True,False,False,False,False
T1257,False,True,False,False,False,True
T1258,False,True,False,False,False,False
T1259,False,True,False,False,False,False
T1260,False,True,False,False,False,False
T1261,False,True,False,False,False,False
T1262,False,True,False,False,False,False
T1263,False,True,False,False,False,False
T1264,False,True,False,False,False,False
T1265,False,True,False,False,False,False
T1266,False,True,False,False,True,True
T1267,False,True,False,False,False,False
T1268,False,True,False,False,False,False
T1269,False,False,False,False,False,False
T1270,False,True,False,True,False,False
T1271,False,True,False,False,False,True
T1272,False,True,False,False,False,True
T1273,False,True,False,False,False,False
T1274,False,True,False,False,False,False
T1275,False,True,False,False,False,False
T1276,False,True,False,False,False,False
T1277,False,True,False,False,False,False
T1278,False,True,False,False,False,False
T1279,False,True,False,False,False,False
T1280,False,True,False,False,False,False
T1281,False,True,False,False,False,False
T1282,False,True,False,False,False,False
T1283,False,True,False,False,False,False
T1284,False,True,False,False,False,False
T1285,False,True,True,False,False,False
T1286,False,False,True,False,False,False
T1287,False,True,True,False,False,False
T1288,True,True,True,False,False,False
T1289,True,True,True,False,False,False
T1290,False,True,False,False,False,True
T1291,False,True,False,False,False,False
T1292,False,True,False,False,False,False
T1293,False,True,False,False,False,False
T1294,False,True,False,True,False,False
T1295,False,True,False,False,False,False
T1296,False,True,False,False,False,False
T1297,False,True,False,False,False,False
T1298,False,True,False,False,False,False
T1299,False,True,False,False,False,True
T1300,False,True,False,False,False,False
T1301,False,True,False,False,False,False
T1302,False,False,False,False,False,False
T1303,False,True,False,False,False,False
T1304,False,True,False,False,False,False
T1305,False,True,False,False,False,False
T1306,False,True,False,False,False,False
T1307,False,True,False,False,False,False
T1308,False,True,False,False,False,False
T1309,False,True,False,False,False,False
T1310,False,False,False,False,True,False
T1311,False,True,False,False,True,False
T1312,False,True,False,False,False,False
T1313,False,True,False,False,False,False
T1314,False,True,False,False,False,False
T1315,False,True,False,False,False,False
T1316,False,True,False,False,False,False
T1317,False,True,False,False,False,False
T1318,False,True,False,False,False,False
T1319,False,True,False,False,False,False
T1320,False,True,False,False,False,False
T1321,False,True,False,False,False,False
T1322,False,True,False,True,False,False
T1323,False,True,False,False,False,False
T1324,False,True,False,False,False,False
T1325,False,False,False,False,True,False
T1326,False,True,False,True,False,False
T1327,False,True,False,False,False,False
T1328,False,False,False,False,True,False
T1329,False,False,False,False,False,False
T1330,False,True,False,False,False,False
T1331,False,True,False,False,False,True
T1332,False,True,True,False,False,False
T1333,False,True,True,False,False,False
T1334,False,True,True,False,False,True
T1335,False,False,True,False,True,False
T1336,True,True,True,False,False,False
T1337,False,True,False,False,False,False
T1338,False,True,False,False,False,False
T1339,False,True,False,False,False,False
T1340,False,True,False,False,False,False
T1341,False,True,False,False,False,False
T1342,False,True,False,False,False,False
T1343,False,True,False,False,False,False
T1344,False,True,False,False,False,False
T1345,False,True,False,True,False,False
T1346,False,True,False,False,False,False
T1347,False,True,False,True,False,False
T1348,False,True,False,True,False,False
T1349,False,True,False,False,False,False
T1350,False,True,False,False,False,False
T1351,False,True,False,False,False,False
T1352,False,True,False,False,False,False
T1353,False,True,False,True,False,False
T1354,False,True,False,False,False,False
T1355,False,True,False,True,False,False
T1356,False,True,False,False,False,False
T1357,False,True,False,False,False,False
T1358,False,True,False,False,False,False
T1359,False,True,False,False,False,False
T1360,False,True,False,False,False,False
T1361,False,True,False,False,False,False
T1362,False,True,False,False,False,False
T1363,False,True,False,False,False,False
T1364,False,True,False,False,False,False
T1365,False,True,False,False,False,False
T1366,False,True,False,True,False,False
T1367,False,True,False,False,False,True
T1368,False,True,False,False,False,False
T1369,False,True,False,False,False,False
T1370,False,True,False,False,False,False
T1371,False,True,False,False,False,False
T1372,False,True,False,False,False,False
T1373,False,True,False,False,False,False
T1374,False,True,False,False,False,False
T1375,False,True,False,False,False,False
T1376,False,True,True,False,False,False
T1377,False,False,True,False,True,False
T1378,False,True,True,False,False,False
T1379,True,True,True,False,False,False
T1380,False,True,False,False,False,False
T1381,False,True,False,False,False,False
T1382,False,True,False,False,False,True
T1383,False,True,False,False,False,False
T1384,False,True,False,False,False,False
T1385,False,True,False,False,False,False
T1386,False,True,False,False,False,False
T1387,False,True,False,False,False,False
T1388,False,True,False,False,False,True
T1389,False,True,False,True,False,False
T1390,False,True,False,False,False,False
T1391,False,True,False,False,False,False
T1392,False,True,False,False,False,False
T1393,True,True,False,False,False,False
T1394,False,True,False,False,False,False
T1395,False,True,False,False,False,False
T1396,False,True,False,False,False,False
T1397,False,True,False,False,False,False
T1398,False,True,False,False,False,False
T1399,True,True,False,False,False,False
T1400,False,True,False,False,False,False
T1401,False,True,False,False,False,False
T1402,False,True,False,False,False,False
T1403,False,True,False,False,False,False
T1404,False,True,False,False,False,True
T1405,False,True,False,False,False,False
T1406,False,True,False,False,False,False
T1407,False,True,False,False,False,False
T1408,False,True,False,False,False,True
T1409,False,True,False,False,False,True
T1410,False,True,False,False,False,False
T1411,True,True,False,False,False,False
T1412,True,True,False,False,False,False
T1413,False,True,False,False,False,False
T1414,False,True,False,False,False,False
T1415,False,True,False,False,False,False
T1416,False,True,False,True,False,False
T1417,False,False,True,False,False,False
T1418,False,False,True,False,False,False
T1419,False,True,True,False,False,False
T1420,False,True,True,False,False,True
T1421,False,True,True,False,False,False
T1422,True,True,True,False,False,False
T1423,False,True,False,False,False,False
T1424,False,True,False,False,False,False
T1425,False,True,False,False,False,False
T1426,False,True,False,False,False,False
T1427,False,True,False,False,False,False
T1428,False,True,False,False,False,False
T1429,True,True,False,False,False,False
T1430,False,True,False,True,False,False
T1431,False,True,False,False,False,False
T1432,False,True,False,False,False,False
T1433,False,True,False,False,False,False
T1434,False,True,False,False,False,False
T1435,False,False,False,False,True,False
T1436,True,True,False,False,False,False
T1437,True,True,False,False,False,False
T1438,False,True,False,False,False,False
T1439,False,True,False,False,False,False
T1440,False,True,False,False,False,False
T1441,False,True,False,False,False,False
T1442,False,False,False,False,True,False
T1443,False,True,False,False,False,False
T1444,False,True,False,False,False,False
T1445,False,True,False,False,False,False
T1446,False,True,False,False,False,False
T1447,False,True,False,False,False,False
T1448,False,True,False,False,False,False
T1449,False,True,False,False,False,False
T1450,False,True,False,False,False,False
T1451,False,True,False,False,False,False
T1452,False,True,False,False,False,False
T1453,False,True,False,True,False,False
T1454,False,True,False,False,False,False
T1455,False,True,False,False,False,False
T1456,False,True,False,False,False,False
T1457,False,True,False,False,False,False
T1458,False,True,False,False,False,False
T1459,False,True,False,False,False,True
T1460,True,True,False,False,False,False
T1461,False,False,False,False,True,False
T1462,False,True,False,False,False,False
T1463,False,True,False,False,False,False
T1464,False,True,False,False,False,False
T1465,False,True,False,False,False,False
T1466,False,True,True,False,False,False
T1467,False,True,True,False,False,False
T1468,False,True,True,False,False,False
T1469,False,True,True,False,False,False
T1470,False,False,True,False,True,False
T1471,True,True,True,False,False,False
T1472,True,True,True,False,False,False
T1473,False,True,False,False,False,False
T1474,False,True,False,False,False,False
T1475,False,True,False,False,False,False
T1476,False,True,False,False,False,False
T1477,False,True,False,False,False,False
T1478,False,True,False,True,False,False
T1479,False,True,False,False,False,False
T1480,False,True,False,False,False,False
T1481,False,True,False,False,True,False
T1482,False,True,False,False,False,False
T1483,False,True,False,False,False,False
T1484,False,True,False,False,False,False
T1485,False,True,False,False,False,False
T1486,False,True,False,False,False,False
T1487,False,True,False,False,False,False
T1488,False,True,False,False,False,False
T1489,False,True,False,False,False,True
T1490,False,True,False,False,False,True
T1491,False,True,False,False,False,False
T1492,False,True,False,False,False,True
T1493,False,True,False,False,False,False
T1494,False,True,False,False,False,False
T1495,False,True,False,False,False,False
T1496,False,True,False,True,False,False
T1497,False,True,False,False,False,False
T1498,False,True,False,False,False,False
T1499,False,True,False,False,False,False
T1500,False,True,False,False,False,True
T1501,False,True,False,False,False,False
T1502,False,True,False,False,False,False
T1503,False,True,False,False,False,True
T1504,False,True,False,False,False,False
T1505,False,True,False,False,False,False
T1506,False,True,False,False,False,False
T1507,False,True,False,False,False,False
T1508,False,True,True,False,False,False
T1509,False,True,True,False,False,False
T1510,False,True,True,False,False,True
T1511,False,True,True,False,False,False
T1512,False,True,True,False,False,False
T1513,False,True,False,False,False,False
T1514,False,True,False,False,False,False
T1515,False,True,False,False,False,False
T1516,False,True,False,False,False,False
T1517,False,True,False,False,False,False
T1518,False,True,False,False,False,True
T1519,False,True,False,False,False,False
T1520,True,True,False,False,False,False
T1521,False,True,False,False,False,False
T1522,False,True,False,False,False,True
T1523,False,True,False,False,False,False
T1524,False,True,False,False,False,False
T1525,False,True,False,False,False,False
T1526,False,True,False,False,False,False
T1527,False,True,False,False,False,False
T1528,False,True,False,False,False,False
T1529,False,True,False,False,False,False
T1530,False,True,False,False,False,False
T1531,False,True,False,False,False,False
T1532,False,True,False,False,False,False
T1533,False,True,False,False,False,False
T1534,False,True,False,False,False,False
T1535,False,True,False,False,False,False
T1536,False,True,False,False,False,False
T1537,True,True,False,False,False,False
T1538,True,True,False,False,False,False
T1539,False,True,False,True,False,False
T1540,False,True,False,False,False,False
T1541,False,True,False,False,False,False
T1542,False,True,False,False,False,False
T1543,False,True,False,False,False,False
T1544,False,True,False,False,False,False
T1545,False,True,False,False,False,False
T1546,False,False,False,False,True,False
T1547,False,True,False,False,False,False
T1548,False,True,False,False,False,False
T1549,False,True,False,False,False,False
T1550,False,True,False,False,False,False
T1551,False,True,False,False,False,False
T1552,False,True,False,False,False,False
T1553,False,True,False,False,False,False
T1554,False,True,True,False,False,False
T1555,False,True,True,False,False,False
T1556,False,True,True,False,False,False
T1557,False,True,True,False,False,False
T1558,True,True,True,False,False,True
T1559,True,False,True,False,True,False
T1560,False,True,False,False,False,False
T1561,False,True,False,False,False,False
T1562,False,True,False,False,False,False
T1563,False,True,False,False,False,False
T1564,False,True,False,False,False,False
T1565,False,True,False,False,False,False
T1566,False,True,False,False,True,False
T1567,False,True,False,False,False,False
T1568,False,True,False,False,False,False
T1569,False,True,False,True,False,False
T1570,False,True,False,False,False,False
T1571,False,True,False,False,False,False
T1572,False,True,False,True,False,False
T1573,False,True,False,False,False,False
T1574,False,True,False,False,False,False
T1575,False,True,False,False,False,False
T1576,False,True,False,False,False,False
T1577,False,True,False,False,False,False
T1578,False,True,False,False,False,False
T1579,False,True,False,False,False,False
T1580,False,True,False,False,False,False
T1581,True,True,False,False,False,True
T1582,False,True,False,False,False,False
T1583,True,True,False,False,False,False
T1584,False,True,False,False,False,False
T1585,False,True,False,False,False,False
T1586,False,True,False,False,False,False
T1587,False,True,False,False,False,False
T1588,False,False,False,False,False,False
T1589,True,True,False,False,False,False
T1590,True,True,False,False,False,True
T1591,True,True,False,False,False,False
T1592,False,True,False,False,False,False
T1593,False,False,False,False,True,False
T1594,False,True,False,False,False,False
T1595,False,True,False,False,False,False
T1596,False,True,False,False,False,False
T1597,False,True,False,False,False,False
T1598,False,True,False,False,True,False
T1599,True,True,False,False,False,True
T1600,False,True,False,False,False,False
T1601,False,True,False,False,False,False
T1602,False,True,False,False,False,False
T1603,False,False,False,False,False,False
T1604,False,True,False,False,False,False
T1605,False,True,False,False,False,False
T1606,False,True,False,False,False,False
T1607,False,True,True,False,False,True
T1608,False,True,True,False,False,False
T1609,False,True,True,False,False,False
T1610,True,True,True,False,False,False
T1611,False,True,False,False,False,False
T1612,False,True,False,False,False,False
T1613,False,True,False,False,False,False
T1614,False,True,False,False,False,False
T1615,False,True,False,False,False,False
T1616,False,True,False,False,False,False
T1617,False,True,False,False,False,False
T1618,False,True,False,False,False,False
T1619,False,True,False,False,True,False
T1620,False,False,False,False,False,False
T1621,False,True,False,False,False,False
T1622,False,True,False,False,False,False
T1623,True,True,False,False,False,False
T1624,True,True,False,False,False,False
T1625,False,True,False,False,False,False
T1626,False,True,False,False,False,False
T1627,False,True,False,False,False,False
T1628,False,True,False,False,False,False
T1629,False,True,False,False,False,False
T1630,False,True,False,False,False,False
T1631,False,True,False,False,False,False
T1632,False,True,False,False,False,False
T1633,False,True,False,False,False,False
T1634,False,True,False,True,False,False
T1635,False,True,False,False,False,False
T1636,True,True,False,False,False,False
T1637,False,False,False,False,False,False
T1638,False,True,False,False,False,False
T1639,False,True,False,False,False,False
T1640,False,True,False,False,False,False
T1641,False,True,False,False,False,False
T1642,False,True,False,False,False,False
T1643,False,True,False,False,False,False
T1644,False,True,False,False,False,False
T1645,False,True,False,False,False,False
T1646,False,True,False,False,False,False
T1647,False,True,False,False,False,False
T1648,False,False,False,False,True,False
T1649,False,True,False,False,False,False
T1650,False,True,False,False,False,True
T1651,False,True,False,False,False,False
T1652,False,True,False,False,False,False
T1653,False,True,False,True,False,False
T1654,False,False,False,False,False,False
T1655,False,True,True,False,False,False
T1656,False,True,True,False,False,False
T1657,False,True,True,False,False,False
T1658,False,True,True,False,False,True
T1659,True,True,True,False,False,False
T1660,False,True,False,False,False,False
T1661,False,True,False,False,False,False
T1662,False,True,False,False,False,False
T1663,False,True,False,False,False,False
T1664,False,True,False,False,False,True
T1665,False,True,False,False,False,False
T1666,False,True,False,True,False,True
T1667,False,True,False,False,False,False
T1668,False,True,False,False,False,False
T1669,False,True,False,False,False,False
T1670,False,True,False,False,False,True
T1671,False,True,False,False,False,False
T1672,True,True,False,True,False,False
T1673,False,True,False,False,False,False
T1674,False,True,False,False,False,False
T1675,False,True,False,True,False,False
T1676,False,True,False,False,False,False
T1677,False,True,False,False,False,False
T1678,False,True,False,True,False,False
T1679,False,True,False,False,False,False
T1680,False,True,False,False,False,False
T1681,False,True,False,False,False,False
T1682,False,True,False,False,False,False
T1683,False,True,False,False,False,False
T1684,False,False,False,False,True,False
T1685,False,True,False,False,False,False
T1686,False,True,False,False,False,False
T1687,False,True,False,False,False,False
T1688,False,True,False,False,False,False
T1689,False,True,False,False,False,False
T1690,False,True,False,False,False,False
T1691,False,True,False,False,False,False
T1692,False,True,False,False,False,False
T1693,False,True,False,False,False,False
T1694,False,True,False,False,False,False
T1695,False,True,False,False,False,False
T1696,True,True,False,False,False,False
T1697,True,True,False,False,False,False
T1698,False,True,False,False,False,False
T1699,False,True,False,False,False,False
T1700,False,True,False,False,False,False
T1701,False,True,False,False,True,True
T1702,False,True,False,False,False,False
T1703,False,True,False,False,False,False
T1704,False,True,False,False,False,False
T1705,False,True,True,False,False,True
T1706,False,True,True,False,False,False
T1707,False,True,True,False,False,False
T1708,False,True,True,False,False,False
T1709,False,True,False,False,False,False
T1710,False,True,False,False,False,True
T1711,False,True,False,False,False,False
T1712,False,True,False,False,False,False
T1713,False,True,False,False,True,False
T1714,False,True,False,False,False,False
T1715,False,False,False,False,True,False
T1716,False,True,False,False,False,False
T1717,False,True,False,False,False,False
T1718,False,True,False,False,False,False
T1719,False,True,False,False,False,False
T1720,False,True,False,False,False,False
T1721,False,True,False,False,False,False
T1722,False,True,False,False,False,False
T1723,False,True,False,False,False,False
T1724,False,True,False,True,False,True
T1725,False,False,False,False,False,False
T1726,True,False,False,False,False,False
T1727,False,True,False,False,False,False
T1728,False,True,False,False,False,False
T1729,False,True,False,False,False,False
T1730,False,True,False,False,False,False
T1731,False,True,False,False,False,False
T1732,False,True,False,False,False,False
T1733,False,True,False,False,False,False
T1734,False,True,False,False,False,False
T1735,False,True,False,False,False,False
T1736,False,True,False,False,False,False
T1737,False,True,False,False,False,False
T1738,False,True,False,False,True,False
T1739,False,True,False,False,False,False
T1740,False,True,False,False,False,False
T1741,False,True,False,False,False,True
T1742,False,True,False,False,False,False
T1743,False,True,False,False,False,False
T1744,False,True,False,False,False,False
T1745,False,True,False,False,False,False
T1746,False,True,False,False,False,False
T1747,False,True,False,False,False,False
T1748,False,False,False,False,True,False
T1749,False,True,False,False,False,False
T1750,False,False,False,False,True,False
T1751,True,True,False,False,False,False
T1752,False,True,True,False,False,True
T1753,False,True,True,False,False,True
T1754,False,True,True,False,False,False
T1755,False,True,True,False,False,True
T1756,True,True,True,False,False,False
T1757,True,True,True,False,False,False
T1758,False,True,False,False,False,True
T1759,False,False,False,False,False,False
T1760,False,True,False,False,False,False
T1761,False,True,False,False,False,False
T1762,False,True,False,False,False,False
T1763,False,True,False,False,False,False
T1764,False,True,False,False,False,False
T1765,False,True,False,False,False,False
T1766,False,True,False,False,False,False
T1767,False,True,False,False,False,False
T1768,True,True,False,False,False,False
T1769,True,True,False,False,False,False
T1770,True,True,False,False,False,False
T1771,False,True,False,False,False,False
T1772,False,True,False,False,False,False
T1773,False,True,False,False,False,False
T1774,False,True,False,False,False,False
T1775,False,True,False,False,False,False
T1776,False,True,False,False,False,False
T1777,True,True,False,False,False,False
T1778,False,True,False,False,False,False
T1779,False,True,False,False,False,False
T1780,False,True,False,False,False,False
T1781,False,False,False,False,True,False
T1782,True,True,False,False,False,False
T1783,True,True,False,False,False,True
T1784,True,True,False,False,False,False
T1785,False,True,False,False,False,False
T1786,False,False,False,False,False,False
T1787,False,True,False,False,False,True
T1788,False,True,False,False,False,False
T1789,False,False,False,False,True,False
T1790,False,True,False,False,False,False
T1791,False,True,False,False,False,False
T1792,False,True,False,False,False,False
T1793,False,True,False,False,False,False
T1794,False,True,False,False,False,False
T1795,False,True,False,False,False,False
T1796,False,True,False,False,False,False
T1797,False,True,False,False,False,False
T1798,False,True,False,False,False,True
T1799,False,True,False,False,False,False
T1800,False,True,True,False,False,False
T1801,False,True,True,False,False,False
T1802,False,True,True,True,False,False
T1803,False,True,True,False,False,False
T1804,True,True,True,False,False,False
T1805,False,True,False,False,False,False
T1806,False,True,False,False,False,False
T1807,False,True,False,False,False,True
T1808,False,True,False,False,False,True
T1809,False,True,False,False,False,False
T1810,False,True,False,False,False,False
T1811,False,True,False,False,False,True
T1812,False,True,False,False,False,False
T1813,False,True,False,False,False,False
T1814,False,True,False,False,False,False
T1815,False,True,False,False,False,True
T1816,False,True,False,False,False,False
T1817,True,True,False,False,True,False
T1818,False,True,False,False,False,False
T1819,False,False,False,False,False,True
T1820,False,True,False,False,False,False
T1821,False,True,False,False,False,False
T1822,False,True,False,False,False,False
T1823,False,True,False,False,False,False
T1824,True,True,False,False,False,False
T1825,True,True,False,False,False,False
T1826,False,True,False,False,False,False
T1827,False,True,False,False,False,False
T1828,False,True,False,False,False,False
T1829,False,True,False,False,False,False
T1830,False,True,False,False,True,False
T1831,True,True,False,False,False,False
T1832,False,True,False,False,False,False
T1833,False,True,False,False,False,False
T1834,False,True,False,False,False,False
T1835,False,True,False,False,False,False
T1836,False,True,False,False,False,False
T1837,False,True,False,False,False,False
T1838,False,True,False,False,False,False
T1839,False,True,False,False,False,False
T1840,False,True,False,False,False,False
T1841,False,True,False,False,False,False
T1842,False,True,False,False,False,False
T1843,False,True,False,False,False,False
T1844,False,True,False,False,False,False
T1845,False,True,False,False,False,False
T1846,False,True,False,False,False,False
T1847,False,True,False,False,False,False
T1848,False,True,False,False,False,False
T1849,True,True,False,False,False,False
T1850,False,True,True,False,False,False
T1851,False,True,True,False,False,False
T1852,False,True,True,False,False,True
T1853,False,True,True,False,False,False
T1854,True,True,True,False,False,False
T1855,False,True,False,False,False,False
T1856,False,True,False,False,False,False
T1857,False,True,False,False,False,False
T1858,False,True,False,False,False,False
T1859,False,True,False,False,False,False
T1860,False,True,False,False,False,False
T1861,False,True,False,False,False,False
T1862,False,True,False,False,False,False
T1863,False,True,False,False,False,True
T1864,False,True,False,False,False,False
T1865,False,True,False,False,False,False
T1866,False,True,False,False,False,False
T1867,False,True,False,False,False,False
T1868,False,True,False,False,False,False
T1869,False,True,False,False,False,False
T1870,False,True,False,False,False,True
T1871,False,True,False,False,False,False
T1872,False,True,False,False,False,False
T1873,False,True,False,False,False,False
T1874,False,True,False,False,False,False
T1875,False,True,False,False,False,False
T1876,False,True,False,False,False,False
T1877,False,True,False,False,False,False
T1878,False,True,False,False,False,False
T1879,True,True,False,False,False,False
T1880,True,True,False,False,False,False
T1881,False,True,False,False,False,False
T1882,False,True,False,False,False,True
T1883,False,True,False,False,True,False
T1884,False,True,False,False,False,True
T1885,False,True,False,False,False,False
T1886,True,True,False,False,False,False
T1887,True,True,False,False,False,False
T1888,True,True,False,False,False,False
T1889,False,True,False,True,False,False
T1890,False,False,False,False,True,False
T1891,False,True,False,False,False,False
T1892,False,True,False,False,False,False
T1893,False,True,False,False,False,False
T1894,False,True,False,False,False,False
T1895,False,True,False,False,False,False
T1896,False,False,False,False,True,True
T1897,False,True,False,False,False,False
T1898,False,True,False,False,False,False
T1899,False,True,False,False,False,False
T1900,True,True,False,False,False,False
T1901,False,True,True,False,False,False
T1902,False,False,True,False,False,False
T1903,False,True,True,False,False,False
T1904,True,True,True,False,False,False
T1905,False,True,False,False,False,False
T1906,False,True,False,False,False,False
T1907,False,True,False,False,True,False
T1908,False,True,False,False,False,False
T1909,False,True,False,True,False,False
T1910,False,True,False,False,False,False
T1911,False,False,False,False,False,False
T1912,False,True,False,False,False,False
T1913,False,True,False,False,False,False
T1914,False,True,False,False,False,False
T1915,False,True,False,False,False,False
T1916,False,True,False,False,False,False
T1917,True,True,False,False,False,False
T1918,True,True,False,False,False,False
T1919,False,True,False,False,False,True
T1920,False,False,False,False,True,False
T1921,False,True,False,False,False,True
T1922,False,True,False,False,False,False
T1923,False,True,False,False,False,False
T1924,False,True,False,False,False,False
T1925,True,True,False,False,False,False
T1926,True,True,False,False,False,False
T1927,False,True,False,False,False,False
T1928,False,True,False,False,False,False
T1929,False,True,False,False,False,False
T1930,False,True,False,False,False,False
T1931,False,True,False,False,False,False
T1932,False,True,False,False,False,False
T1933,False,True,False,False,False,False
T1934,False,True,False,False,False,False
T1935,False,True,False,False,False,False
T1936,False,True,False,False,False,False
T1937,False,True,False,False,False,True
T1938,False,True,False,False,False,False
T1939,True,True,False,False,False,False
T1940,True,True,False,False,False,False
T1941,False,True,False,False,False,True
T1942,False,True,False,False,False,True
T1943,False,True,False,False,False,False
T1944,False,False,False,False,False,True
T1945,False,True,False,False,False,False
T1946,False,True,False,False,False,False
T1947,True,True,False,False,False,False
T1948,False,True,False,False,False,False
T1949,False,True,False,False,False,False
T1950,False,False,False,False,False,False
T1951,False,True,False,False,False,False
T1952,False,True,False,False,False,False
T1953,False,True,True,False,False,False
T1954,False,True,True,False,False,True
T1955,False,True,True,False,False,False
T1956,False,True,True,False,False,False
T1957,False,True,True,False,False,False
T1958,False,True,False,False,False,True
T1959,False,False,False,False,True,True
T1960,False,True,False,False,False,True
T1961,False,False,False,False,False,False
T1962,True,True,False,False,False,False
T1963,False,True,False,False,False,True
T1964,False,True,False,False,False,True
T1965,False,False,False,False,True,False
T1966,False,True,False,False,False,False
T1967,False,True,False,False,False,False
T1968,False,True,False,False,False,False
T1969,False,True,False,False,False,False
T1970,False,True,False,False,False,False
T1971,False,True,False,False,False,False
T1972,False,True,False,False,False,False
T1973,False,True,False,False,False,False
T1974,False,True,False,False,False,False
T1975,True,True,False,False,False,False
T1976,False,True,False,False,False,False
T1977,False,True,False,False,False,True
T1978,False,True,False,False,False,False
T1979,False,True,False,False,False,False
T1980,False,True,False,False,False,False
T1981,False,True,False,False,False,False
T1982,False,True,False,False,False,False
T1983,False,True,False,False,False,False
T1984,False,True,False,False,False,False
T1985,False,True,False,False,False,False
T1986,False,True,False,False,False,False
T1987,False,True,False,False,False,False
T1988,False,True,False,False,False,False
T1989,False,True,False,False,False,False
T1990,False,True,False,True,False,False
T1991,True,True,False,False,False,False
T1992,False,True,False,False,False,False
T1993,False,True,False,False,False,True
T1994,False,True,False,False,False,False
T1995,False,True,False,False,False,False
T1996,False,True,False,True,False,False
T1997,False,True,False,False,False,False
T1998,True,True,False,False,False,False
T1999,True,True,False,False,False,False
T2000,False,True,True,False,False,False
T2001,False,True,True,False,False,False
T2002,False,True,True,False,False,False
T2003,False,True,True,False,False,False
T2004,True,True,True,False,False,False
T2005,False,True,False,False,False,False
T2006,False,True,False,False,False,False
T2007,False,True,False,False,False,False
T2008,False,True,False,False,False,False
T2009,False,False,False,False,False,False
T2010,False,False,False,False,True,False
T2011,False,True,False,False,False,True
T2012,False,True,False,False,False,False
T2013,False,True,False,False,False,False
T2014,False,False,False,False,False,False
T2015,False,True,False,False,False,True
T2016,False,True,False,False,False,False
T2017,False,True,False,False,False,False
T2018,False,True,False,False,False,False
T2019,False,False,False,True,False,False
T2020,False,True,False,False,False,False
T2021,False,True,False,False,False,False
T2022,False,True,False,False,False,False
T2023,False,True,False,False,False,False
T2024,False,True,False,False,False,False
T2025,False,True,False,False,False,False
T2026,False,True,False,False,False,False
T2027,False,True,False,False,False,False
T2028,True,True,False,False,False,False
T2029,True,True,False,False,False,False
T2030,False,True,False,False,False,False
T2031,False,True,False,False,False,False
T2032,False,False,False,False,True,False
T2033,False,True,False,False,False,False
T2034,False,True,False,False,False,True
T2035,False,True,False,False,False,False
T2036,False,True,False,False,False,False
T2037,False,True,False,False,False,False
T2038,False,True,False,False,False,False
T2039,False,True,False,False,False,False
T2040,False,True,False,False,False,True
T2041,False,True,False,False,False,False
T2042,False,True,False,False,False,False
T2043,False,True,False,False,False,False
T2044,False,True,True,False,False,False
T2045,False,True,True,False,False,False
T2046,False,True,True,False,False,False
T2047,False,True,True,False,False,False
T2048,False,True,False,False,False,False
T2049,False,True,False,False,False,True
T2050,False,True,False,False,False,False
T2051,False,False,False,False,True,False
T2052,False,True,False,False,False,False
T2053,False,True,False,False,False,True
T2054,False,True,False,False,False,False
T2055,False,True,False,False,False,False
T2056,False,True,False,False,False,False
T2057,False,True,False,False,False,True
T2058,False,False,False,False,True,False
T2059,False,True,False,False,False,False
T2060,False,True,False,False,False,False
T2061,False,True,False,False,False,False
T2062,False,True,False,False,True,False
T2063,False,True,False,False,False,False
T2064,False,True,False,False,False,False
T2065,False,True,False,False,False,False
T2066,False,True,False,False,False,False
T2067,False,True,False,True,False,False
T2068,False,True,False,False,True,True
T2069,False,True,False,False,False,False
T2070,False,True,False,False,False,False
T2071,False,True,False,False,False,False
T2072,False,True,False,False,False,False
T2073,False,True,False,False,False,False
T2074,False,True,False,False,False,False
T2075,False,True,False,False,False,False
T2076,False,False,False,False,True,False
T2077,False,True,False,False,False,False
T2078,False,True,False,False,False,True
T2079,True,True,False,False,False,False
T2080,False,True,False,False,False,True
T2081,False,True,False,False,False,False
T2082,False,True,False,False,False,False
T2083,False,True,False,True,False,False
T2084,False,True,False,False,False,False
T2085,False,True,False,False,False,False
T2086,False,True,False,False,False,False
T2087,False,True,True,False,False,False
T2088,False,True,True,False,False,False
T2089,False,False,True,False,True,True
T2090,False,True,True,False,False,False
T2091,False,True,False,False,False,False
T2092,False,True,False,False,False,False
T2093,False,True,False,False,False,False
T2094,False,True,False,False,False,False
T2095,False,True,False,False,False,False
T2096,False,True,False,False,False,False
T2097,False,True,False,False,False,False
T2098,False,True,False,False,False,False
T2099,False,True,False,False,False,True
T2100,False,True,False,False,False,False
T2101,False,True,False,False,False,False
T2102,False,True,False,False,False,False
T2103,True,True,False,False,False,True
T2104,False,True,False,False,False,False
T2105,False,True,False,False,False,False
T2106,False,True,False,False,False,True
T2107,False,True,False,False,False,False
T2108,False,True,False,False,False,False
T2109,False,True,False,False,False,False
T2110,False,True,False,False,False,False
T2111,False,True,False,False,False,False
T2112,False,True,False,True,False,False
T2113,False,True,False,False,False,False
T2114,False,True,False,True,False,False
T2115,False,True,False,False,False,False
T2116,False,True,False,False,False,True
T2117,False,True,False,False,False,False
T2118,False,True,False,False,False,False
T2119,False,True,False,False,False,False
T2120,False,True,False,False,False,False
T2121,False,True,False,False,False,False
T2122,False,False,False,False,True,True
T2123,False,True,False,False,False,False
T2124,False,True,False,False,False,False
T2125,False,True,False,False,True,False
T2126,False,True,False,False,False,True
T2127,False,True,False,False,False,False
T2128,False,True,False,False,False,False
T2129,False,True,True,False,False,False
T2130,False,True,True,False,False,False
T2131,False,True,True,False,False,False
T2132,False,True,True,False,False,False
T2133,True,True,True,False,False,True
T2134,False,False,False,False,False,False
T2135,False,True,False,False,False,False
T2136,False,True,False,False,False,False
T2137,False,True,False,False,False,False
T2138,False,True,False,False,False,False
T2139,False,True,False,False,False,False
T2140,False,True,False,False,False,False
T2141,False,True,False,False,False,False
T2142,False,True,False,False,False,False
T2143,False,True,False,False,False,False
T2144,False,True,False,False,False,False
T2145,True,False,False,False,False,False
T2146,False,True,False,False,False,False
T2147,False,True,False,False,False,False
T2148,False,True,False,False,False,False
T2149,False,True,False,False,False,False
T2150,False,True,False,False,False,False
T2151,False,True,False,False,False,False
T2152,False,True,False,False,False,False
T2153,False,True,False,False,False,False
T2154,False,True,False,False,False,False
T2155,False,True,False,True,False,False
T2156,False,True,False,False,False,False
T2157,True,True,False,False,False,False
T2158,False,True,False,False,False,False
T2159,False,True,False,False,False,False
T2160,False,True,False,False,False,False
T2161,False,True,False,False,False,False
T2162,False,True,False,False,False,False
T2163,False,True,False,False,False,True
T2164,False,True,False,False,False,False
T2165,False,True,False,False,False,False
T2166,False,True,False,False,True,False
T2167,False,True,False,False,False,False
T2168,False,True,False,False,False,False
T2169,False,True,False,False,False,True
T2170,False,True,False,False,False,False
T2171,False,True,True,False,False,False
T2172,False,True,True,False,False,True
T2173,False,True,True,False,False,False
T2174,False,True,True,False,False,False
T2175,False,True,False,False,False,False
T2176,False,True,False,False,False,False
T2177,False,True,False,False,False,False
T2178,False,True,False,False,False,False
T2179,False,True,False,False,False,False
T2180,False,True,False,False,False,False
T2181,True,False,False,False,False,False
T2182,False,True,False,True,False,False
T2183,False,True,False,False,False,False
T2184,False,False,False,False,True,False
T2185,False,True,False,False,False,False
T2186,False,True,False,False,False,False
T2187,False,True,False,False,False,False
T2188,True,True,False,False,False,False
T2189,True,True,False,False,False,False
T2190,False,True,False,False,False,False
T2191,False,True,False,False,False,True
T2192,False,True,False,False,False,True
T2193,False,True,False,False,False,False
T2194,False,True,False,False,False,False
T2195,False,True,False,False,False,False
T2196,False,True,False,False,False,False
T2197,False,True,False,False,False,True
T2198,False,True,False,False,False,False
T2199,False,True,False,False,False,True
T2200,False,False,False,False,False,False
T2201,False,True,False,False,False,False
T2202,False,True,False,False,False,False
T2203,False,True,False,False,True,False
T2204,True,True,False,False,False,False
T2205,True,True,False,False,False,False
T2206,False,True,False,False,False,False
T2207,False,True,False,False,False,False
T2208,False,True,False,False,False,False
T2209,False,True,False,True,False,True
T2210,False,True,False,False,False,False
T2211,True,True,False,False,False,False
T2212,True,True,False,False,False,True
T2213,False,True,False,False,False,False
T2214,False,True,False,False,False,False
T2215,False,True,False,False,False,False
T2216,False,True,False,False,False,True
T2217,False,True,False,False,False,False
T2218,False,True,False,False,False,False
T2219,False,True,True,False,False,False
T2220,False,True,True,False,False,False
T2221,False,False,True,False,False,True
T2222,False,True,True,True,False,False
T2223,False,True,False,False,False,False
T2224,False,True,False,False,False,False
T2225,False,True,False,True,False,False
T2226,False,False,False,False,True,True
T2227,False,True,False,False,False,False
T2228,False,True,False,False,False,False
T2229,True,True,False,False,False,False
T2230,True,True,False,False,False,False
T2231,False,True,False,False,False,False
T2232,False,False,False,False,False,True
T2233,False,True,False,False,False,False
T2234,False,True,False,False,False,False
T2235,False,True,False,False,False,False
T2236,False,True,False,False,False,False
T2237,False,True,False,False,False,False
T2238,False,True,False,False,False,False
T2239,False,True,False,False,False,False
T2240,False,True,False,False,False,False
T2241,False,True,False,False,False,False
T2242,False,True,False,False,False,False
T2243,True,True,False,False,False,False
T2244,False,True,False,True,False,True
T2245,False,True,False,False,False,False
T2246,False,True,False,True,False,True
T2247,False,True,False,False,False,False
T2248,False,True,False,False,False,False
T2249,False,True,False,False,False,False
T2250,False,True,False,False,False,False
T2251,False,True,False,False,False,True
T2252,False,False,False,False,False,False
T2253,False,True,False,True,False,True
T2254,False,True,False,False,False,False
T2255,True,True,False,False,False,False
T2256,False,True,False,False,False,False
T2257,False,True,False,False,False,False
T2258,False,True,False,False,False,False
T2259,False,True,False,False,False,False
T2260,False,True,False,False,False,False
T2261,False,True,False,False,False,True
T2262,False,True,False,False,False,False
T2263,False,True,False,False,False,False
T2264,False,False,False,False,False,False
T2265,False,True,True,False,False,True
T2266,False,True,True,True,False,False
T2267,False,True,True,False,False,True
T2268,True,True,True,False,False,False
T2269,True,True,True,False,False,False
T2270,False,False,False,False,False,False
T2271,False,True,False,False,False,False
T2272,False,True,False,False,False,False
T2273,False,True,False,False,False,False
T2274,False,True,False,False,False,False
T2275,False,True,False,False,False,False
T2276,False,True,False,False,False,False
T2277,False,True,False,False,False,False
T2278,False,True,False,True,False,False
T2279,False,False,False,False,False,False
T2280,False,True,False,False,False,False
T2281,False,True,False,False,False,False
T2282,False,True,False,False,False,False
T2283,False,True,False,False,False,False
T2284,False,True,False,False,False,False
T2285,False,False,False,False,True,False
T2286,False,True,False,False,False,False
T2287,False,True,False,False,False,False
T2288,True,True,False,False,False,True
T2289,True,True,False,False,False,False
T2290,False,True,False,False,False,False
T2291,False,True,False,False,False,False
T2292,False,True,False,False,False,False
T2293,False,True,False,False,False,False
T2294,False,False,False,False,False,False
T2295,False,True,False,False,False,False
T2296,False,True,False,False,False,False
T2297,False,True,False,False,False,False
T2298,False,True,False,False,False,False
T2299,False,True,False,False,False,False
T2300,False,True,False,False,False,False
T2301,False,True,False,False,False,False
T2302,True,True,False,False,False,False
T2303,False,True,False,False,False,True
T2304,False,True,False,False,False,False
T2305,False,True,False,False,False,False
T2306,False,True,False,False,False,False
T2307,False,False,False,False,True,False
T2308,False,True,False,False,False,False
T2309,True,True,False,False,False,False
T2310,False,True,False,False,False,False
T2311,False,True,True,False,False,False
T2312,False,True,True,False,False,False
T2313,False,False,True,False,False,False
T2314,False,True,True,False,False,True
T2315,False,True,False,False,False,False
T2316,False,False,False,False,False,False
T2317,False,True,False,False,False,False
T2318,False,True,False,False,False,False
T2319,False,True,False,False,False,False
T2320,False,True,False,False,False,False
T2321,False,True,False,False,False,False
T2322,False,True,False,False,False,False
T2323,False,True,False,False,False,False
T2324,False,True,False,False,False,False
T2325,False,True,False,False,False,False
T2326,False,True,False,False,False,False
T2327,False,True,False,False,False,False
T2328,False,True,False,False,False,False
T2329,False,True,False,False,False,False
T2330,False,True,False,False,False,False
T2331,False,True,False,False,False,False
T2332,False,True,False,False,False,False
T2333,False,False,False,False,True,False
T2334,False,True,False,False,False,False
T2335,False,True,False,False,False,False
T2336,True,True,False,False,False,False
T2337,True,True,False,False,False,False
T2338,False,True,False,False,False,False
T2339,False,True,False,False,False,False
T2340,False,False,False,False,True,False
T2341,False,True,False,True,False,False
T2342,False,True,False,False,False,False
T2343,False,True,False,False,False,False
T2344,False,True,False,False,False,False
T2345,False,True,False,False,False,False
T2346,False,True,False,False,False,False
T2347,False,False,False,False,True,False
T2348,False,False,False,False,False,False
T2349,False,True,False,False,False,False
T2350,True,True,False,False,False,False
T2351,False,True,False,False,False,False
T2352,False,True,False,False,False,False
T2353,False,True,False,False,False,False
T2354,False,False,False,False,True,False
T2355,False,True,False,False,False,False
T2356,False,True,True,False,False,False
T2357,False,True,True,False,False,False
T2358,False,True,True,False,False,False
T2359,False,True,True,False,False,False
T2360,True,True,True,False,False,False
T2361,False,True,False,False,False,False
T2362,False,True,False,False,False,False
T2363,False,True,False,False,False,False
T2364,False,True,False,False,False,False
T2365,False,True,False,False,False,False
T2366,False,True,False,True,False,False
T2367,False,True,False,True,False,False
T2368,False,True,False,False,False,False
T2369,False,True,False,False,False,False
T2370,False,True,False,False,False,False
T2371,True,True,False,False,False,False
T2372,False,True,False,False,False,False
T2373,False,True,False,False,False,False
T2374,False,True,False,False,False,False
T2375,False,True,False,False,False,False
T2376,False,True,False,False,False,False
T2377,False,True,False,False,False,False
T2378,False,False,False,False,False,True
T2379,False,True,False,False,False,False
T2380,False,True,False,False,False,False
T2381,False,True,False,False,False,False
T2382,False,True,False,False,False,False
T2383,False,True,False,False,False,False
T2384,False,True,False,False,False,True
T2385,False,True,False,False,False,False
T2386,False,True,False,False,False,False
T2387,False,True,False,False,False,True
T2388,False,True,False,False,False,False
T2389,False,True,False,False,False,False
T2390,False,True,False,False,False,False
T2391,False,True,False,False,False,False
T2392,False,True,False,False,False,False
T2393,True,True,False,False,False,False
T2394,False,True,False,False,False,False
T2395,False,True,False,False,False,False
T2396,False,True,False,False,False,False
T2397,False,False,False,False,False,True
T2398,False,True,False,False,False,False
T2399,False,True,False,False,False,False
T2400,True,True,False,False,False,False
T2401,False,True,True,False,False,False
T2402,False,True,True,False,False,False
T2403,False,True,True,False,False,False
T2404,False,True,True,False,False,False
T2405,False,True,False,False,False,False
T2406,False,True,False,False,False,False
T2407,False,True,False,True,False,False
T2408,False,True,False,False,False,False
T2409,False,True,False,False,False,False
T2410,True,True,False,False,False,False
T2411,True,True,False,False,False,False
T2412,True,True,False,False,False,False
T2413,False,True,False,False,False,False
T2414,False,True,False,False,False,False
T2415,False,True,False,True,False,False
T2416,False,True,False,False,False,False
T2417,False,True,False,False,False,False
T2418,True,True,False,False,False,False
T2419,False,True,False,False,False,False
T2420,False,True,False,False,False,False
T2421,False,True,False,False,False,False
T2422,False,True,False,True,False,False
T2423,False,True,False,False,False,False
T2424,False,True,False,False,False,False
T2425,False,True,False,False,False,False
T2426,False,True,False,False,False,False
T2427,False,True,False,False,False,False
T2428,False,True,False,False,False,False
T2429,False,True,False,False,False,False
T2430,False,True,False,False,False,False
T2431,False,True,False,False,False,False
T2432,False,True,False,True,False,False
T2433,True,True,False,False,False,False
T2434,False,True,False,False,False,False
T2435,False,True,False,False,False,False
T2436,False,True,False,True,False,False
T2437,False,True,False,False,False,False
T2438,False,True,False,False,False,False
T2439,True,True,False,False,False,False
T2440,True,True,False,True,False,False
T2441,True,True,False,True,False,False
T2442,False,True,False,False,False,True
T2443,False,True,False,False,False,False
T2444,False,True,False,False,False,False
T2445,False,True,False,False,False,False
T2446,True,True,False,False,False,False
T2447,False,True,False,False,False,False
T2448,True,False,False,False,False,False
T2449,True,True,False,False,False,False
T2450,False,True,False,False,False,False
T2451,False,True,False,False,False,True
T2452,False,True,False,False,False,False
T2453,False,True,False,False,False,False
T2454,False,False,False,False,True,False
T2455,False,True,False,False,False,False
T2456,False,False,True,False,False,False
T2457,False,True,True,False,False,True
T2458,False,True,True,False,False,True
T2459,True,True,True,False,False,False
T2460,False,True,False,False,False,False
T2461,False,True,False,False,False,False
T2462,False,True,False,False,False,False
T2463,False,True,False,False,False,False
T2464,False,False,False,False,False,False
T2465,False,True,False,False,False,False
T2466,True,True,False,False,False,False
T2467,True,True,False,False,False,False
T2468,False,True,False,False,False,True
T2469,False,True,False,False,False,False
T2470,False,True,False,False,False,False
T2471,False,True,False,False,False,False
T2472,False,True,False,False,False,False
T2473,False,True,False,True,False,True
T2474,True,False,False,False,False,False
T2475,False,True,False,False,False,False
T2476,False,True,False,False,False,False
T2477,False,True,False,False,False,False
T2478,False,True,False,False,False,False
T2479,False,True,False,False,False,True
T2480,False,True,False,False,True,False
T2481,False,True,False,False,False,False
T2482,False,True,False,False,False,True
T2483,False,True,False,False,False,False
T2484,False,True,False,False,False,False
T2485,False,True,False,True,False,True
T2486,False,True,False,False,False,False
T2487,False,True,False,False,False,False
T2488,False,True,False,False,False,True
T2489,False,True,False,False,False,False
T2490,False,True,False,False,False,False
T2491,False,True,False,False,False,False
T2492,False,True,False,False,False,False
T2493,False,True,False,False,False,False
T2494,False,True,False,False,False,False
T2495,False,True,False,False,False,False
T2496,False,False,False,False,False,False
T2497,False,True,False,False,False,False
T2498,False,True,False,False,False,False
T2499,False,True,False,False,False,False
T2500,False,True,False,False,False,False
T2501,False,False,True,False,False,True
T2502,False,True,True,False,False,True
T2503,False,True,True,False,False,False
T2504,True,True,True,False,False,False
T2505,False,True,False,True,False,False
T2506,False,True,False,False,False,False
T2507,False,False,False,False,False,False
T2508,False,True,False,False,False,False
T2509,False,True,False,False,False,False
T2510,False,True,False,False,False,False
T2511,False,True,False,False,False,False
T2512,False,True,False,False,False,False
T2513,False,True,False,False,False,False
T2514,False,True,False,False,False,False
T2515,False,True,False,False,False,False
T2516,False,True,False,False,False,False
T2517,False,True,False,False,False,False
T2518,False,True,False,False,False,False
T2519,False,True,False,False,False,True
T2520,False,True,False,False,False,False
T2521,False,True,False,False,False,False
T2522,False,False,False,False,True,True
T2523,False,True,False,False,False,False
T2524,False,True,False,False,False,False
T2525,True,True,False,False,False,False
T2526,False,True,False,False,False,False
T2527,True,True,False,False,False,False
T2528,False,True,False,False,False,False
T2529,False,True,False,False,False,True
T2530,False,True,False,False,False,False
T2531,False,True,False,False,False,False
T2532,False,True,False,False,False,False
T2533,False,True,False,False,False,False
T2534,True,True,False,False,False,False
T2535,True,True,False,True,False,True
T2536,False,True,False,True,False,False
T2537,False,True,False,False,False,False
T2538,False,True,False,False,False,False
T2539,False,True,False,False,False,False
T2540,False,False,False,False,False,False
T2541,False,True,False,False,False,False
T2542,False,True,False,False,False,False
T2543,False,True,False,False,False,False
T2544,False,True,False,False,False,False
T2545,False,True,False,False,False,False
T2546,False,False,False,False,False,False
T2547,False,True,False,False,False,False
T2548,False,True,False,False,False,False
T2549,True,True,False,False,False,False
T2550,False,True,True,False,False,False
T2551,False,True,True,False,False,False
T2552,False,True,True,False,False,False
T2553,False,True,True,False,False,False
T2554,False,True,True,False,False,False
T2555,False,True,False,False,False,False
T2556,False,True,False,False,False,False
T2557,False,True,False,False,False,False
T2558,False,True,False,False,False,False
T2559,False,True,False,False,False,False
T2560,False,True,False,False,False,False
T2561,False,True,False,False,False,False
T2562,False,True,False,False,False,False
T2563,False,True,False,False,False,False
T2564,True,True,False,False,False,False
T2565,False,False,False,False,True,True
T2566,False,True,False,False,False,False
T2567,False,True,False,False,False,False
T2568,False,True,False,True,False,False
T2569,False,False,False,False,True,False
T2570,False,True,False,False,False,False
T2571,False,True,False,False,False,True
T2572,False,True,False,False,False,False
T2573,False,True,False,False,False,False
T2574,False,True,False,False,False,False
T2575,False,True,False,False,False,False
T2576,False,True,False,False,False,False
T2577,False,True,False,False,False,False
T2578,False,True,False,False,False,False
T2579,False,True,False,False,False,False
T2580,False,True,False,False,False,False
T2581,True,True,False,False,False,True
T2582,False,True,False,False,False,False
T2583,False,False,False,False,False,False
T2584,False,True,False,False,False,False
T2585,False,True,False,False,False,False
T2586,False,True,False,False,False,False
T2587,True,True,False,False,False,False
T2588,True,True,False,False,False,False
T2589,True,True,False,False,False,False
T2590,False,True,False,False,False,False
T2591,False,True,False,False,False,False
T2592,False,True,False,False,False,False
T2593,False,False,False,False,False,False
T2594,False,False,False,True,False,False
T2595,False,True,True,True,False,False
T2596,False,True,True,False,False,False
T2597,False,True,True,False,False,True
T2598,False,True,True,False,False,False
T2599,True,True,True,False,False,False
T2600,False,False,False,False,False,False
T2601,False,True,False,False,False,False
T2602,False,True,False,False,False,False
T2603,False,True,False,False,False,False
T2604,False,True,False,True,False,False
T2605,False,True,False,False,False,False
T2606,True,True,False,False,False,False
T2607,False,True,False,False,False,False
T2608,False,True,False,False,False,False
T2609,False,True,False,False,False,False
T2610,False,True,False,False,False,False
T2611,False,True,False,False,False,False
T2612,False,True,False,False,False,False
T2613,False,True,False,False,False,False
T2614,False,True,False,False,False,False
T2615,False,True,False,False,False,True
T2616,False,True,False,False,False,False
T2617,False,True,False,False,False,False
T2618,False,True,False,False,False,True
T2619,False,True,False,True,False,True
T2620,False,True,False,False,False,False
T2621,False,True,False,False,False,False
T2622,False,True,False,False,False,False
T2623,False,False,False,False,True,False
T2624,False,True,False,False,False,False
T2625,False,True,False,False,False,True
T2626,False,True,False,False,False,False
T2627,False,True,False,False,False,True
T2628,False,True,False,False,False,False
T2629,False,True,False,False,False,False
T2630,False,True,False,False,True,False
T2631,False,True,False,False,False,False
T2632,False,True,False,False,False,False
T2633,False,True,False,False,False,False
T2634,False,True,False,False,True,False
T2635,False,True,False,False,False,False
T2636,False,True,False,False,False,False
T2637,False,True,True,False,False,False
T2638,False,True,True,False,False,False
T2639,True,True,True,False,False,True
T2640,True,False,True,False,False,False
T2641,False,True,False,False,False,True
T2642,False,True,False,False,False,False
T2643,False,True,False,False,False,False
T2644,False,True,False,False,False,False
T2645,False,True,False,False,False,False
T2646,False,False,False,False,False,False
T2647,True,True,False,False,False,False
T2648,True,True,False,False,False,False
T2649,False,True,False,False,False,False
T2650,False,True,False,False,False,False
T2651,False,True,False,False,False,False
T2652,False,True,False,False,False,False
T2653,False,True,False,False,False,False
T2654,False,True,False,False,False,False
T2655,False,True,False,False,False,True
T2656,False,True,False,False,False,True
T2657,False,True,False,False,False,False
T2658,False,True,False,False,False,False
T2659,False,True,False,False,False,False
T2660,False,True,False,False,False,False
T2661,False,True,False,False,False,False
T2662,False,True,False,True,False,False
T2663,False,True,False,False,False,True
T2664,True,True,False,False,False,False
T2665,True,True,False,True,False,False
T2666,False,True,False,False,False,False
T2667,False,False,False,False,True,False
T2668,False,True,False,False,False,False
T2669,False,True,False,False,False,False
T2670,False,True,False,False,False,False
T2671,False,True,False,False,False,False
T2672,False,True,False,False,False,False
T2673,False,True,False,False,False,False
T2674,False,True,False,False,False,False
T2675,False,True,False,False,False,False
T2676,False,True,False,False,False,False
T2677,False,True,False,False,False,False
T2678,False,True,False,False,False,False
T2679,False,True,False,False,False,True
T2680,True,True,False,False,False,False
T2681,False,True,False,False,False,False
T2682,False,True,False,False,False,False
T2683,False,True,False,False,False,False
T2684,False,True,False,False,False,False
T2685,False,True,False,False,False,False
T2686,True,True,False,False,False,False
T2687,True,True,False,False,False,False
T2688,False,True,True,False,False,False
T2689,False,False,True,False,False,False
T2690,False,False,True,False,True,False
T2691,True,True,True,False,False,False
T2692,False,True,False,True,False,False
T2693,False,True,False,False,False,False
T2694,False,False,False,False,True,False
T2695,False,True,False,False,False,False
T2696,False,True,False,False,False,False
T2697,False,True,False,False,False,False
T2698,False,True,False,False,False,False
T2699,True,True,False,False,False,False
T2700,False,True,False,False,False,False
T2701,False,True,False,False,False,False
T2702,False,True,False,False,False,False
T2703,False,True,False,False,False,False
T2704,False,True,False,False,False,False
T2705,False,True,False,False,False,False
T2706,True,True,False,False,False,False
T2707,False,True,False,False,False,False
T2708,False,True,False,False,False,False
T2709,False,True,False,False,False,False
T2710,False,False,False,False,True,False
T2711,False,True,False,False,False,False
T2712,True,True,False,False,False,False
T2713,True,False,False,False,True,False
T2714,False,True,False,False,False,False
T2715,False,True,False,False,False,False
T2716,False,True,False,False,False,False
T2717,False,True,False,False,False,False
T2718,False,True,False,False,False,True
T2719,True,True,False,False,False,False
T2720,True,True,False,False,False,False
T2721,False,True,False,False,False,False
T2722,False,True,False,False,False,False
T2723,False,True,False,False,False,False
T2724,False,True,False,True,False,False
T2725,False,True,False,False,False,False
T2726,False,True,False,False,False,False
T2727,False,False,False,False,True,True
T2728,False,True,False,False,False,False
T2729,False,True,False,True,False,False
T2730,False,True,False,False,False,False
T2731,False,True,False,False,False,False
T2732,False,True,False,False,False,False
T2733,False,True,False,False,False,False
T2734,True,True,False,False,False,False
T2735,False,True,False,True,False,False
T2736,True,True,False,True,False,False
T2737,True,True,False,False,False,False
T2738,False,True,True,False,False,False
T2739,False,True,True,False,False,False
T2740,False,True,True,False,False,True
T2741,True,True,True,False,False,False
T2742,False,False,False,False,True,False
T2743,False,True,False,False,False,False
T2744,False,True,False,False,False,False
T2745,False,True,False,False,False,False
T2746,False,True,False,False,False,False
T2747,False,True,False,False,False,False
T2748,False,True,False,False,False,True
T2749,False,True,False,False,False,False
T2750,False,True,False,False,False,False
T2751,False,True,False,False,False,True
T2752,False,True,False,False,True,False
T2753,False,True,False,False,False,False
T2754,False,True,False,False,False,False
T2755,False,True,False,True,False,False
T2756,False,True,False,False,False,False
T2757,True,True,False,False,False,False
T2758,False,True,False,False,False,False
T2759,True,True,False,False,False,False
T2760,False,True,False,False,False,True
T2761,False,True,False,False,False,False
T2762,False,True,False,False,False,False
T2763,False,True,False,False,False,False
T2764,False,True,False,False,False,False
T2765,False,False,False,False,False,False
T2766,False,True,False,False,False,False
T2767,False,True,False,False,False,True
T2768,False,True,False,False,False,False
T2769,False,True,False,False,False,False
T2770,False,True,False,False,False,False
T2771,False,True,False,False,False,False
T2772,False,True,False,False,False,False
T2773,False,True,False,False,False,False
T2774,False,True,False,False,False,False
T2775,False,True,False,False,False,False
T2776,False,True,False,False,False,False
T2777,False,True,False,False,False,False
T2778,False,True,True,False,False,False
T2779,False,True,True,False,False,False
T2780,False,True,True,False,False,False
T2781,False,True,True,False,False,False
T2782,False,True,False,False,False,False
T2783,False,True,False,False,False,False
T2784,False,True,False,False,False,False
T2785,False,True,False,False,False,False
T2786,False,True,False,False,False,False
T2787,False,True,False,False,False,False
T2788,False,True,False,False,False,False
T2789,True,True,False,False,True,False
T2790,False,True,False,False,False,False
T2791,False,True,False,False,False,False
T2792,False,True,False,False,False,False
T2793,False,True,False,False,False,False
T2794,False,True,False,False,False,False
T2795,False,True,False,False,False,False
T2796,False,True,False,False,False,False
T2797,False,True,False,False,True,True
T2798,False,True,False,False,False,False
T2799,False,True,False,False,False,False
T2800,False,True,False,False,False,False
T2801,True,True,False,False,False,False
T2802,True,True,False,False,False,False
T2803,False,True,False,False,False,False
T2804,False,True,False,False,False,True
T2805,False,True,False,False,False,False
T2806,False,True,False,False,False,False
T2807,False,True,False,False,False,False
T2808,False,True,False,False,False,False
T2809,True,True,False,False,False,True
T2810,False,True,False,False,False,False
T2811,False,True,False,False,False,False
T2812,False,True,False,False,False,False
T2813,False,True,False,False,False,False
T2814,False,True,False,True,False,False
T2815,False,True,False,True,False,False
T2816,True,True,False,False,False,True
T2817,False,True,False,False,False,False
T2818,False,True,False,False,False,False
T2819,False,True,False,False,True,False
T2820,False,True,False,False,False,False
T2821,False,True,False,False,False,False
T2822,False,False,False,False,True,True
